id,objectiveId,relation,targetFramework,targetCode,targetId,reviewStatus,sourceTopicId,sourceStandardKey
https://education.asfai.org/alignments/0010ed46-03f2-5b7a-8f03-9b3277948699,https://education.asfai.org/objectives/a44e791c-6347-5a35-b0c1-f5a7c15073aa,relatedTo,ccss-math,8.EE.3,https://education.asfai.org/frameworks/ccss-math/versions/2010/items/8.EE.3,unreviewed,mt_bO-njVOige,ccss-math:8.EE.3
https://education.asfai.org/alignments/002cf585-e3cc-5008-9f12-734b77b85b51,https://education.asfai.org/objectives/6acb92b1-ea3d-5b75-9250-27624ecf8e00,relatedTo,ccss-ela,RI.K.10,https://education.asfai.org/frameworks/ccss-ela/versions/2010/items/RI.K.10,unreviewed,mt_thsY1ZesaU,ccss-ela:RI.K.10
https://education.asfai.org/alignments/003bc1ac-423e-5ec9-9292-87100deb0d66,https://education.asfai.org/objectives/aba45b38-bea2-507c-87e4-524921e1e372,relatedTo,uk-nc-2013,Eng.App2.Y3.Text.3,https://education.asfai.org/frameworks/uk-nc-2013/versions/september-2013/items/Eng.App2.Y3.Text.3,unreviewed,mt_7D-vlii8F-,uk-nc-2013:Eng.App2.Y3.Text.3
https://education.asfai.org/alignments/004042bc-1833-56b8-a074-faa928c2dd36,https://education.asfai.org/objectives/828d7668-ce97-5667-87e9-0f2908739705,relatedTo,ccss-math,8.SP.1,https://education.asfai.org/frameworks/ccss-math/versions/2010/items/8.SP.1,unreviewed,mt_8atyuvPUZc,ccss-math:8.SP.1
https://education.asfai.org/alignments/0042e808-3d68-551a-9aa3-783175549216,https://education.asfai.org/objectives/2bd978d2-1525-5799-8faf-92e75f3b312d,relatedTo,ccss-ela,RL.8.5,https://education.asfai.org/frameworks/ccss-ela/versions/2010/items/RL.8.5,unreviewed,mt_II6iw4BmJI,ccss-ela:RL.8.5
https://education.asfai.org/alignments/0068bbe3-f035-5fb3-97f8-ad90364e100c,https://education.asfai.org/objectives/3b21722e-5257-5992-a9a0-3319a93c2651,relatedTo,uk-nc-2013,Eng/KS1/Y2/C/1c,https://education.asfai.org/frameworks/uk-nc-2013/versions/september-2013/items/Eng%2FKS1%2FY2%2FC%2F1c,unreviewed,mt_VEwM7ClYYE,uk-nc-2013:Eng/KS1/Y2/C/1c
https://education.asfai.org/alignments/008ed2c4-4aef-53a0-88e7-29b14550ba8e,https://education.asfai.org/objectives/b6f10347-32b1-51bf-83af-0e8262e5a6cc,relatedTo,ccss-ela,RI.5.3,https://education.asfai.org/frameworks/ccss-ela/versions/2010/items/RI.5.3,unreviewed,mt_iv-BJS9W60,ccss-ela:RI.5.3
https://education.asfai.org/alignments/00917e43-3ea5-5284-b349-b2245eea75fc,https://education.asfai.org/objectives/754ae04a-0907-532c-81af-cff93c32f3a2,relatedTo,ccss-ela,RI.3.1,https://education.asfai.org/frameworks/ccss-ela/versions/2010/items/RI.3.1,unreviewed,mt_E5KC4AnRLW,ccss-ela:RI.3.1
https://education.asfai.org/alignments/00a5f1f5-088d-5c67-9d3f-525327f3589f,https://education.asfai.org/objectives/bea3e325-7363-587f-b217-db8e6b9e810d,relatedTo,ngss-ms,MS-LS2-4,https://education.asfai.org/frameworks/ngss-ms/versions/2013/items/MS-LS2-4,unreviewed,mt_xSs0xAd6i1,ngss-ms:MS-LS2-4
https://education.asfai.org/alignments/00d35060-8bd0-5aa3-90db-e45072246b97,https://education.asfai.org/objectives/7d2feff8-2372-5363-9be0-651dd1e3c5d5,relatedTo,uk-nc-2013,Y5.Sci.ES.3,https://education.asfai.org/frameworks/uk-nc-2013/versions/september-2013/items/Y5.Sci.ES.3,unreviewed,mt_5l7iGkf1Tp,uk-nc-2013:Y5.Sci.ES.3
https://education.asfai.org/alignments/00d64952-f453-52a2-9622-7bba054727df,https://education.asfai.org/objectives/48d08ff5-21fe-500d-93cb-d0ac8ab97aaf,relatedTo,uk-nc-2013,KS2L.Sci.WS.3,https://education.asfai.org/frameworks/uk-nc-2013/versions/september-2013/items/KS2L.Sci.WS.3,unreviewed,mt_nUnowllzaN,uk-nc-2013:KS2L.Sci.WS.3
https://education.asfai.org/alignments/012e22e2-27f8-541b-ac0d-be98d0c28b5c,https://education.asfai.org/objectives/6ba657e8-9c6c-564a-bd0e-72caf475def3,relatedTo,ngss-k5,2-LS2-2,https://education.asfai.org/frameworks/ngss-k5/versions/2013/items/2-LS2-2,unreviewed,mt_WNBHZ1d94L,ngss-k5:2-LS2-2
https://education.asfai.org/alignments/01677dcf-5707-507e-9295-d62b30925c96,https://education.asfai.org/objectives/609fae5f-3742-596d-9a60-d0bd4ee254c9,relatedTo,ccss-math,8.G.7,https://education.asfai.org/frameworks/ccss-math/versions/2010/items/8.G.7,unreviewed,mt_1VmTUxBrNd,ccss-math:8.G.7
https://education.asfai.org/alignments/017e941e-df6b-5924-8afe-b248271c8907,https://education.asfai.org/objectives/a6c90726-bd3d-582c-9413-20f6042f7fc2,relatedTo,uk-nc-2013,Maths/Y2/M/5,https://education.asfai.org/frameworks/uk-nc-2013/versions/september-2013/items/Maths%2FY2%2FM%2F5,unreviewed,mt_6J1wmCWf41,uk-nc-2013:Maths/Y2/M/5
https://education.asfai.org/alignments/0187c140-d25f-5fe1-8917-c6c32039f722,https://education.asfai.org/objectives/5e89b84c-0135-54fc-96c9-efdf1e6f7732,relatedTo,uk-nc-2013,Eng_App1_Y1_10,https://education.asfai.org/frameworks/uk-nc-2013/versions/september-2013/items/Eng_App1_Y1_10,unreviewed,mt_9-OHslmt1g,uk-nc-2013:Eng_App1_Y1_10
https://education.asfai.org/alignments/01a0498c-c597-5fdd-826f-211a3eaa4fde,https://education.asfai.org/objectives/92f1d423-998f-5f63-86d8-1ba4eee6d42e,relatedTo,ccss-ela,L.K.1d,https://education.asfai.org/frameworks/ccss-ela/versions/2010/items/L.K.1d,unreviewed,mt_6lHBTwQPrS,ccss-ela:L.K.1d
https://education.asfai.org/alignments/01ae9ef4-77e7-5620-901e-8bc19a7311cd,https://education.asfai.org/objectives/3f9d7beb-adad-540e-974d-cc1553e888d7,relatedTo,ccss-ela,L.3.1h,https://education.asfai.org/frameworks/ccss-ela/versions/2010/items/L.3.1h,unreviewed,mt_wq-1OJ_8s5,ccss-ela:L.3.1h
https://education.asfai.org/alignments/01e02e65-114f-5cf3-8ec7-66859dd26b8e,https://education.asfai.org/objectives/c2aec65b-9484-5772-b0bf-035119f54552,relatedTo,ccss-ela,W.3.1a,https://education.asfai.org/frameworks/ccss-ela/versions/2010/items/W.3.1a,unreviewed,mt_WKxX-b86Vr,ccss-ela:W.3.1a
https://education.asfai.org/alignments/01e03dc7-e499-5d04-98fb-d8dbb12c2177,https://education.asfai.org/objectives/e6460a44-1356-5018-8b4e-9f5fd29f6890,relatedTo,uk-nc-2013,Y2.Sci.A.2,https://education.asfai.org/frameworks/uk-nc-2013/versions/september-2013/items/Y2.Sci.A.2,unreviewed,mt_L1469gt34A,uk-nc-2013:Y2.Sci.A.2
https://education.asfai.org/alignments/01e344c4-6ee2-5a48-abea-09afcc26740c,https://education.asfai.org/objectives/89ca007a-763c-5960-9c5c-b8a96d8323a8,relatedTo,ccss-ela,RL.4.4,https://education.asfai.org/frameworks/ccss-ela/versions/2010/items/RL.4.4,unreviewed,mt_ZanQuV90qi,ccss-ela:RL.4.4
https://education.asfai.org/alignments/01f520c6-9a08-5c2a-8f2e-f971386f402c,https://education.asfai.org/objectives/35909676-789a-523c-8b28-7a83d0f8a7e7,relatedTo,uk-nc-2013,KS3-ENG-W-1b,https://education.asfai.org/frameworks/uk-nc-2013/versions/september-2013/items/KS3-ENG-W-1b,unreviewed,mt_Qcsl1Z1x0l,uk-nc-2013:KS3-ENG-W-1b
https://education.asfai.org/alignments/0201ac70-5f72-52eb-b45c-43ffe019ac8b,https://education.asfai.org/objectives/d4fdb3c9-35d5-53a0-ba8e-8f24e0eb1ec4,relatedTo,ccss-ela,RL.3.9,https://education.asfai.org/frameworks/ccss-ela/versions/2010/items/RL.3.9,unreviewed,mt_GLY3R3YSlf,ccss-ela:RL.3.9
https://education.asfai.org/alignments/024866ad-723b-5bdf-8d2b-41167b31097c,https://education.asfai.org/objectives/c2aec65b-9484-5772-b0bf-035119f54552,relatedTo,ccss-ela,W.4.1a,https://education.asfai.org/frameworks/ccss-ela/versions/2010/items/W.4.1a,unreviewed,mt_WKxX-b86Vr,ccss-ela:W.4.1a
https://education.asfai.org/alignments/02531685-2bb9-5145-bb4b-d86080c1cf38,https://education.asfai.org/objectives/5c6713f3-612a-5080-b4b2-84a1d235c7e5,relatedTo,ccss-ela,L.6.2a,https://education.asfai.org/frameworks/ccss-ela/versions/2010/items/L.6.2a,unreviewed,mt_lsO9O-_eZH,ccss-ela:L.6.2a
https://education.asfai.org/alignments/02921c27-4272-58f8-9eb7-8bec3910fe67,https://education.asfai.org/objectives/304466e5-b322-5022-a89f-d13926b3c2ac,relatedTo,ib-pyp-pspe,PSPE.INT.P4.LO.1,https://education.asfai.org/frameworks/ib-pyp-pspe/versions/2009/items/PSPE.INT.P4.LO.1,unreviewed,mt_z98J_Zg2L3,ib-pyp-pspe:PSPE.INT.P4.LO.1
https://education.asfai.org/alignments/029e0aa9-3c9a-5dc3-a5bb-c47e434424aa,https://education.asfai.org/objectives/f54bb153-43f2-54a4-8a57-835090d0f829,relatedTo,uk-nc-2013,KS3.Maths.Geo.4,https://education.asfai.org/frameworks/uk-nc-2013/versions/september-2013/items/KS3.Maths.Geo.4,unreviewed,mt_ZrsqGVG-Wt,uk-nc-2013:KS3.Maths.Geo.4
https://education.asfai.org/alignments/02b4f978-d5cf-5fbc-9421-081537eed649,https://education.asfai.org/objectives/c01cafbc-6c39-5008-af49-5fcc13ebfab0,relatedTo,ngss-ms,MS-PS1-4,https://education.asfai.org/frameworks/ngss-ms/versions/2013/items/MS-PS1-4,unreviewed,mt_UoqUPI_uNz,ngss-ms:MS-PS1-4
https://education.asfai.org/alignments/02bf567a-2c7f-5ee1-97bc-ec6aa9ce0f21,https://education.asfai.org/objectives/9feaba76-dcfd-5100-99c9-ba1cc187e973,relatedTo,uk-nc-2013,Y4.Sci.Snd.4,https://education.asfai.org/frameworks/uk-nc-2013/versions/september-2013/items/Y4.Sci.Snd.4,unreviewed,mt__00ZSLnB7p,uk-nc-2013:Y4.Sci.Snd.4
https://education.asfai.org/alignments/02cc4292-dc51-565d-9d75-3c3407a05c78,https://education.asfai.org/objectives/b7895115-d15a-5e36-806d-cdfe35cc5af6,relatedTo,ccss-ela,W.8.2.b,https://education.asfai.org/frameworks/ccss-ela/versions/2010/items/W.8.2.b,unreviewed,mt_zCUIJLdK_s,ccss-ela:W.8.2.b
https://education.asfai.org/alignments/02eac2dc-724b-55e3-849a-1422d2e80b9f,https://education.asfai.org/objectives/2c74f8a9-35c9-59e0-b108-2e2f9d988705,relatedTo,ccss-ela,L.K.5a,https://education.asfai.org/frameworks/ccss-ela/versions/2010/items/L.K.5a,unreviewed,mt_oL9s_bufDp,ccss-ela:L.K.5a
https://education.asfai.org/alignments/03013981-c8c0-58f1-a28e-34b36d981a25,https://education.asfai.org/objectives/efead71c-33f2-5de0-b926-e633ab95a746,relatedTo,uk-nc-2013,Eng.UKS2.Write.Comp.3c,https://education.asfai.org/frameworks/uk-nc-2013/versions/september-2013/items/Eng.UKS2.Write.Comp.3c,unreviewed,mt_pis4novXWQ,uk-nc-2013:Eng.UKS2.Write.Comp.3c
https://education.asfai.org/alignments/0313a965-ce01-534a-9e65-73c054b5517e,https://education.asfai.org/objectives/be4c1413-6687-585b-8808-d9fb6da7e7f9,relatedTo,uk-nc-2013,KS3.Sci.WS.VUSN.3,https://education.asfai.org/frameworks/uk-nc-2013/versions/september-2013/items/KS3.Sci.WS.VUSN.3,unreviewed,mt_ThTbUuNb3p,uk-nc-2013:KS3.Sci.WS.VUSN.3
https://education.asfai.org/alignments/031adfbd-b90f-5105-9db5-3493be87e509,https://education.asfai.org/objectives/08da9ec8-56cc-552e-a76f-f3bf8f0cd74f,relatedTo,ccss-math,6.NS.1,https://education.asfai.org/frameworks/ccss-math/versions/2010/items/6.NS.1,unreviewed,mt_9Y96vxG_LH,ccss-math:6.NS.1
https://education.asfai.org/alignments/0358bcb3-4500-581c-8ad8-d93ab099d1fa,https://education.asfai.org/objectives/b5e6a349-599b-5dd4-96ea-5c2eb19e9fae,relatedTo,ccss-math,7.NS.2,https://education.asfai.org/frameworks/ccss-math/versions/2010/items/7.NS.2,unreviewed,mt_rxInpOQ74w,ccss-math:7.NS.2
https://education.asfai.org/alignments/0398d5f7-95dc-522e-852c-6ff0f7aa4f2a,https://education.asfai.org/objectives/8e143c41-28e8-5039-a845-3ba358111ae9,relatedTo,ccss-math,K.CC.3,https://education.asfai.org/frameworks/ccss-math/versions/2010/items/K.CC.3,unreviewed,mt_fR0UtsSREU,ccss-math:K.CC.3
https://education.asfai.org/alignments/03b3759f-fbe3-51ae-9918-5c2eb994ae00,https://education.asfai.org/objectives/114c99ef-b43d-51ea-a419-de707f0c9e72,relatedTo,uk-nc-2013,Ma/KS2/Y3/F/1,https://education.asfai.org/frameworks/uk-nc-2013/versions/september-2013/items/Ma%2FKS2%2FY3%2FF%2F1,unreviewed,mt_YzM5goBctT,uk-nc-2013:Ma/KS2/Y3/F/1
https://education.asfai.org/alignments/03e11384-9f6c-52d8-94bb-c55214e6aee4,https://education.asfai.org/objectives/edcc1a87-790e-5fe2-998f-8d6455c4d829,relatedTo,ccss-math,K.CC.5,https://education.asfai.org/frameworks/ccss-math/versions/2010/items/K.CC.5,unreviewed,mt_yqAL6O5i_v,ccss-math:K.CC.5
https://education.asfai.org/alignments/03f04825-6548-58e2-92e9-6d323688afc4,https://education.asfai.org/objectives/8f1fd161-6d5c-58a5-be8f-669df8985c27,relatedTo,ccss-ela,L.3.2c,https://education.asfai.org/frameworks/ccss-ela/versions/2010/items/L.3.2c,unreviewed,mt_-mw3JeIjhU,ccss-ela:L.3.2c
https://education.asfai.org/alignments/03f7bc1d-e2e4-56f4-b570-17998ec607cb,https://education.asfai.org/objectives/41b2caaf-e764-5afc-b337-82a2aca5bae9,relatedTo,ngss-ms,MS-PS2-2,https://education.asfai.org/frameworks/ngss-ms/versions/2013/items/MS-PS2-2,unreviewed,mt_q-1a86ydgU,ngss-ms:MS-PS2-2
https://education.asfai.org/alignments/0403e9af-800b-5462-a7bd-6f2ebccdde8d,https://education.asfai.org/objectives/c57a2fa7-5179-5802-8303-34e7547c149f,relatedTo,ccss-math,1.NBT.2.b,https://education.asfai.org/frameworks/ccss-math/versions/2010/items/1.NBT.2.b,unreviewed,mt_xmmgAzxe5j,ccss-math:1.NBT.2.b
https://education.asfai.org/alignments/04262f8f-b7b8-59b9-b1f6-7b275c9fefc6,https://education.asfai.org/objectives/3775d2ef-0cee-5316-9b3c-4d074ba19bd0,relatedTo,ccss-ela,W.K.5,https://education.asfai.org/frameworks/ccss-ela/versions/2010/items/W.K.5,unreviewed,mt_OyOYHlZ2_T,ccss-ela:W.K.5
https://education.asfai.org/alignments/043821bc-1a0e-50dc-b42e-1023258ce9de,https://education.asfai.org/objectives/fc8c8503-e33c-5938-aa15-421feff56dd8,relatedTo,uk-nc-2013,Maths/Y1/M/6,https://education.asfai.org/frameworks/uk-nc-2013/versions/september-2013/items/Maths%2FY1%2FM%2F6,unreviewed,mt_zd0YkB3xNj,uk-nc-2013:Maths/Y1/M/6
https://education.asfai.org/alignments/04671d23-874a-52b2-818b-ddada4d64067,https://education.asfai.org/objectives/e520016b-2a3a-578f-a43d-7c0a52bfd42f,relatedTo,uk-nc-2013,Eng/KS1/Y2/H/4,https://education.asfai.org/frameworks/uk-nc-2013/versions/september-2013/items/Eng%2FKS1%2FY2%2FH%2F4,unreviewed,mt_02DH7sGXCi,uk-nc-2013:Eng/KS1/Y2/H/4
https://education.asfai.org/alignments/048a10b5-0be0-5f9c-96d5-8fd50d7a82e8,https://education.asfai.org/objectives/8aaad49c-6de4-519d-9ed7-fd10ce4b5ce2,relatedTo,uk-nc-2013,Y1.Sci.P.1,https://education.asfai.org/frameworks/uk-nc-2013/versions/september-2013/items/Y1.Sci.P.1,unreviewed,mt_j7cer_Nmor,uk-nc-2013:Y1.Sci.P.1
https://education.asfai.org/alignments/04917ea6-afd6-50ac-99fe-252a017ddcc2,https://education.asfai.org/objectives/e78bc0a3-7b91-567f-942b-f7a66172487d,relatedTo,uk-nc-2013,Eng.UKS2.Write.VGP.1d,https://education.asfai.org/frameworks/uk-nc-2013/versions/september-2013/items/Eng.UKS2.Write.VGP.1d,unreviewed,mt_EbiGRVK8uR,uk-nc-2013:Eng.UKS2.Write.VGP.1d
https://education.asfai.org/alignments/04afb652-64f0-5340-ba1e-49500dc79c82,https://education.asfai.org/objectives/cd89dfbc-aa0e-5b20-892c-da503365798f,relatedTo,uk-nc-2013,Y1.Sci.EM.2,https://education.asfai.org/frameworks/uk-nc-2013/versions/september-2013/items/Y1.Sci.EM.2,unreviewed,mt_ZAJvTcroFO,uk-nc-2013:Y1.Sci.EM.2
https://education.asfai.org/alignments/04b9eba2-1525-5229-8f75-a3394eda39f2,https://education.asfai.org/objectives/d32a0e96-d5c9-546b-ac55-cf5ea1f23b8e,relatedTo,uk-nc-2013,KS3.Sci.Phys.MotionAndForces.8,https://education.asfai.org/frameworks/uk-nc-2013/versions/september-2013/items/KS3.Sci.Phys.MotionAndForces.8,unreviewed,mt_56aspHjU19,uk-nc-2013:KS3.Sci.Phys.MotionAndForces.8
https://education.asfai.org/alignments/04f58e43-0581-59b1-9704-c0569606a9ff,https://education.asfai.org/objectives/4b2d6e97-24cb-5746-9b66-868cdca0d50f,relatedTo,uk-nc-2013,Y3.Sci.R.2,https://education.asfai.org/frameworks/uk-nc-2013/versions/september-2013/items/Y3.Sci.R.2,unreviewed,mt_mwirOvigWD,uk-nc-2013:Y3.Sci.R.2
https://education.asfai.org/alignments/05136826-7cee-5997-93d4-23724355730e,https://education.asfai.org/objectives/6cb10bc9-39ce-5989-8246-517b04e2a7c3,relatedTo,uk-nc-2013,Eng_App1_Y1_29,https://education.asfai.org/frameworks/uk-nc-2013/versions/september-2013/items/Eng_App1_Y1_29,unreviewed,mt_a6m7PqTuJN,uk-nc-2013:Eng_App1_Y1_29
https://education.asfai.org/alignments/051f9008-f165-5409-8a3d-0f1a5c72a400,https://education.asfai.org/objectives/9829409c-6d0c-558e-ada9-1c00aa3e1432,relatedTo,uk-nc-2013,Eng_App1_Y1_04,https://education.asfai.org/frameworks/uk-nc-2013/versions/september-2013/items/Eng_App1_Y1_04,unreviewed,mt_PvU3eoikev,uk-nc-2013:Eng_App1_Y1_04
https://education.asfai.org/alignments/052872b9-c00a-53c5-b84d-34ca64b04ad9,https://education.asfai.org/objectives/03e4e46b-0b1e-55ae-adda-5fc4ece50d62,relatedTo,uk-nc-2013,Y3.Sci.L.3,https://education.asfai.org/frameworks/uk-nc-2013/versions/september-2013/items/Y3.Sci.L.3,unreviewed,mt_3yuqKww2tU,uk-nc-2013:Y3.Sci.L.3
https://education.asfai.org/alignments/058da16a-2c27-5628-a092-db6b61dbe362,https://education.asfai.org/objectives/38d429e1-d760-5b27-b1a4-a908c43e77fb,relatedTo,ngss-ms,MS-PS2-4,https://education.asfai.org/frameworks/ngss-ms/versions/2013/items/MS-PS2-4,unreviewed,mt_sUVeVXzRuq,ngss-ms:MS-PS2-4
https://education.asfai.org/alignments/05aa76d5-99ed-59cd-ac62-d0657d6b746b,https://education.asfai.org/objectives/0a70711f-e42e-5a0d-aece-6d9bae185cc8,relatedTo,ccss-ela,W.8.5,https://education.asfai.org/frameworks/ccss-ela/versions/2010/items/W.8.5,unreviewed,mt_av-uRBrhwT,ccss-ela:W.8.5
https://education.asfai.org/alignments/05dd6c81-8760-5a96-b6e4-19f59f312d2a,https://education.asfai.org/objectives/bd1602ca-b011-5c38-a067-d7ad33fbe59e,relatedTo,ccss-ela,W.4.2b,https://education.asfai.org/frameworks/ccss-ela/versions/2010/items/W.4.2b,unreviewed,mt_hp2qJ-QRBn,ccss-ela:W.4.2b
https://education.asfai.org/alignments/05ecd306-0842-565f-b851-62f5b3f5d145,https://education.asfai.org/objectives/1c1508d7-d62a-5e3b-bac8-94dbded5384c,relatedTo,ccss-math,2.OA.4,https://education.asfai.org/frameworks/ccss-math/versions/2010/items/2.OA.4,unreviewed,mt_B1zj1RwQ3a,ccss-math:2.OA.4
https://education.asfai.org/alignments/0613dd22-8ea5-521d-8434-b3abd98774e1,https://education.asfai.org/objectives/23ffdd7e-e2ce-579b-bb86-f53313347a5a,relatedTo,ngss-k5,2-PS1-1,https://education.asfai.org/frameworks/ngss-k5/versions/2013/items/2-PS1-1,unreviewed,mt_zHnOGwHIEz,ngss-k5:2-PS1-1
https://education.asfai.org/alignments/06200460-1aba-53f1-982f-066174d1d94b,https://education.asfai.org/objectives/75f80d54-4e15-53a0-a73a-ab0d1c47d69a,relatedTo,ccss-ela,RF.K.3,https://education.asfai.org/frameworks/ccss-ela/versions/2010/items/RF.K.3,unreviewed,mt__KHQttMde3,ccss-ela:RF.K.3
https://education.asfai.org/alignments/06752855-c5ee-51e9-9ded-fa72c310498f,https://education.asfai.org/objectives/90d93d3e-2f40-5136-9d6d-6172e3912732,relatedTo,uk-nc-2013,Eng_Y1_WT_07,https://education.asfai.org/frameworks/uk-nc-2013/versions/september-2013/items/Eng_Y1_WT_07,unreviewed,mt_zBUcAPDRPM,uk-nc-2013:Eng_Y1_WT_07
https://education.asfai.org/alignments/06b6d0f8-ce97-5871-b6eb-a8832cc6f8e8,https://education.asfai.org/objectives/c951d042-beec-51bd-af73-d8d6cfd82a30,relatedTo,ccss-ela,SL.5.1.a,https://education.asfai.org/frameworks/ccss-ela/versions/2010/items/SL.5.1.a,unreviewed,mt_yrMniCJu_S,ccss-ela:SL.5.1.a
https://education.asfai.org/alignments/071f5043-aa6a-5f2f-9d56-e45142576f5b,https://education.asfai.org/objectives/e4883597-9d6a-5a48-a515-782e61fa2a1e,relatedTo,uk-nc-2013,Maths/Y1/M/7,https://education.asfai.org/frameworks/uk-nc-2013/versions/september-2013/items/Maths%2FY1%2FM%2F7,unreviewed,mt_4lp_b5Pzik,uk-nc-2013:Maths/Y1/M/7
https://education.asfai.org/alignments/0720497e-497b-58c8-bec3-e5966ec1715f,https://education.asfai.org/objectives/a09f51db-95cb-5312-9577-809b4874124d,relatedTo,uk-nc-2013,KS3.Sci.Bio.Adaptation.2,https://education.asfai.org/frameworks/uk-nc-2013/versions/september-2013/items/KS3.Sci.Bio.Adaptation.2,unreviewed,mt_-r3B4FQyX3,uk-nc-2013:KS3.Sci.Bio.Adaptation.2
https://education.asfai.org/alignments/0775a4ad-e75b-55f9-9fdf-37a6f2a7cd30,https://education.asfai.org/objectives/5f18a22b-ea72-51b0-84c4-af722117cf5f,relatedTo,ccss-math,K.OA.1,https://education.asfai.org/frameworks/ccss-math/versions/2010/items/K.OA.1,unreviewed,mt_OvyoRo47K-,ccss-math:K.OA.1
https://education.asfai.org/alignments/0788f27b-7bd5-5091-beb1-4294242b60e6,https://education.asfai.org/objectives/67dd3895-6ede-5c2d-80c9-f96b453110f5,relatedTo,ccss-ela,RF.3.4,https://education.asfai.org/frameworks/ccss-ela/versions/2010/items/RF.3.4,unreviewed,mt_V-ldQp56bF,ccss-ela:RF.3.4
https://education.asfai.org/alignments/07aae4dd-ca57-5d6e-b937-55b32018a79e,https://education.asfai.org/objectives/d922a10c-d0c9-559a-b697-f4a1371f2671,relatedTo,uk-nc-2013,Eng_App1_Sp_Y56_05,https://education.asfai.org/frameworks/uk-nc-2013/versions/september-2013/items/Eng_App1_Sp_Y56_05,unreviewed,mt_9hBs430cU4,uk-nc-2013:Eng_App1_Sp_Y56_05
https://education.asfai.org/alignments/07dc7b0d-ff46-55ce-9ec3-ae1369193c71,https://education.asfai.org/objectives/9437180b-76b3-587e-9f69-6d9a94186c0b,relatedTo,uk-nc-2013,Maths/Y2/AS/5,https://education.asfai.org/frameworks/uk-nc-2013/versions/september-2013/items/Maths%2FY2%2FAS%2F5,unreviewed,mt_I5j1ZWo2cn,uk-nc-2013:Maths/Y2/AS/5
https://education.asfai.org/alignments/08193a86-5d9f-5589-9fad-47efc66ca5d8,https://education.asfai.org/objectives/242ee901-6b99-5acc-b884-69ca270f3fc6,relatedTo,ccss-ela,L.1.1j,https://education.asfai.org/frameworks/ccss-ela/versions/2010/items/L.1.1j,unreviewed,mt_u1-UfD0rTH,ccss-ela:L.1.1j
https://education.asfai.org/alignments/081a621e-5167-5220-8485-dc01390cb717,https://education.asfai.org/objectives/94bbbd7c-596b-5e65-b557-36d59570ddf8,relatedTo,ib-pyp-pspe,PSPE-ID-LO-P2-3,https://education.asfai.org/frameworks/ib-pyp-pspe/versions/2009/items/PSPE-ID-LO-P2-3,unreviewed,mt_MOY_2Cqalz,ib-pyp-pspe:PSPE-ID-LO-P2-3
https://education.asfai.org/alignments/08364cae-d910-50f4-8bdf-c63b0109b9c3,https://education.asfai.org/objectives/34d92553-4922-59ec-8d67-f8a5d1bb77fa,relatedTo,ccss-ela,RI.5.7,https://education.asfai.org/frameworks/ccss-ela/versions/2010/items/RI.5.7,unreviewed,mt_JVVKT-_AD9,ccss-ela:RI.5.7
https://education.asfai.org/alignments/086997a4-dda2-56dd-9b8a-e2a7f709ac0a,https://education.asfai.org/objectives/cd81c595-4ee9-5754-9a58-482127c75151,relatedTo,ccss-math,6.EE.2b,https://education.asfai.org/frameworks/ccss-math/versions/2010/items/6.EE.2b,unreviewed,mt_KwdjWEmMNo,ccss-math:6.EE.2b
https://education.asfai.org/alignments/08885da2-83d3-56a9-9fd1-b26189516078,https://education.asfai.org/objectives/c2aec65b-9484-5772-b0bf-035119f54552,relatedTo,ccss-ela,W.5.1,https://education.asfai.org/frameworks/ccss-ela/versions/2010/items/W.5.1,unreviewed,mt_WKxX-b86Vr,ccss-ela:W.5.1
https://education.asfai.org/alignments/089c40f2-b9c7-5eaa-b74f-55569c248cb0,https://education.asfai.org/objectives/c3813ac5-21fb-5123-ad4d-0990f45dc044,relatedTo,ccss-ela,L.2.4a,https://education.asfai.org/frameworks/ccss-ela/versions/2010/items/L.2.4a,unreviewed,mt_6-MYToNZ39,ccss-ela:L.2.4a
https://education.asfai.org/alignments/08bb2cc3-d507-5baa-87b1-4501f1436ea5,https://education.asfai.org/objectives/d0aee177-53b1-518c-b621-3a72c6278696,relatedTo,ccss-ela,SL.5.5,https://education.asfai.org/frameworks/ccss-ela/versions/2010/items/SL.5.5,unreviewed,mt_VtqvUORa8K,ccss-ela:SL.5.5
https://education.asfai.org/alignments/08d110e3-3132-5b9c-8570-fda680aa82df,https://education.asfai.org/objectives/ba8a0925-d81b-55e6-9b70-15af416865e2,relatedTo,uk-nc-2013,Eng_LKS2_Write_Trans_Spell_6,https://education.asfai.org/frameworks/uk-nc-2013/versions/september-2013/items/Eng_LKS2_Write_Trans_Spell_6,unreviewed,mt_AhfyJoTQtY,uk-nc-2013:Eng_LKS2_Write_Trans_Spell_6
https://education.asfai.org/alignments/08d1447e-17ff-5958-b703-544c5d43175b,https://education.asfai.org/objectives/62834cf8-e720-5e7c-82ee-91f087c14632,relatedTo,ngss-k5,1-PS4-1,https://education.asfai.org/frameworks/ngss-k5/versions/2013/items/1-PS4-1,unreviewed,mt_VBl1T1sFCM,ngss-k5:1-PS4-1
https://education.asfai.org/alignments/08e72889-f817-5dc7-a624-8d61750c64db,https://education.asfai.org/objectives/3aa391f2-0311-5801-a193-aa1ecd09cd99,relatedTo,ib-pyp-pspe,PSPE.INT.P2.LO.11,https://education.asfai.org/frameworks/ib-pyp-pspe/versions/2009/items/PSPE.INT.P2.LO.11,unreviewed,mt_yCmYV9ruQu,ib-pyp-pspe:PSPE.INT.P2.LO.11
https://education.asfai.org/alignments/090a37fe-511e-5aef-8079-fa366daef1cc,https://education.asfai.org/objectives/0b1a40e2-69ab-5e89-885e-fff64167e0c8,relatedTo,ngss-ms,MS-ESS1-1,https://education.asfai.org/frameworks/ngss-ms/versions/2013/items/MS-ESS1-1,unreviewed,mt_lFiDFPkVmH,ngss-ms:MS-ESS1-1
https://education.asfai.org/alignments/093ef5c3-f164-59c8-b7bf-8a765b21aa12,https://education.asfai.org/objectives/2d920942-06f7-52fe-9720-5b27fd69d14a,relatedTo,uk-nc-2013,KS3.Sci.Phys.Waves.5,https://education.asfai.org/frameworks/uk-nc-2013/versions/september-2013/items/KS3.Sci.Phys.Waves.5,unreviewed,mt_FVERuBoCD1,uk-nc-2013:KS3.Sci.Phys.Waves.5
https://education.asfai.org/alignments/095562ee-5bfe-59eb-ad10-f5fcb78d029c,https://education.asfai.org/objectives/743b3c51-5c65-55fb-8109-fa1ef77fa6f5,relatedTo,ccss-ela,W.5.4,https://education.asfai.org/frameworks/ccss-ela/versions/2010/items/W.5.4,unreviewed,mt_cB7hV8sw7X,ccss-ela:W.5.4
https://education.asfai.org/alignments/095fe252-d9de-5b94-90a3-e7ca442ea00b,https://education.asfai.org/objectives/6d432c2f-af86-5030-808c-a5cca36d8238,relatedTo,ccss-ela,RI.1.8,https://education.asfai.org/frameworks/ccss-ela/versions/2010/items/RI.1.8,unreviewed,mt_4A4RpX-Go9,ccss-ela:RI.1.8
https://education.asfai.org/alignments/09cef246-2675-5f6d-b36e-169f64cfa495,https://education.asfai.org/objectives/f9ece574-e332-5f3e-8770-2044bca77272,relatedTo,uk-nc-2013,KS3.Sci.Chem.EA.3,https://education.asfai.org/frameworks/uk-nc-2013/versions/september-2013/items/KS3.Sci.Chem.EA.3,unreviewed,mt_mTpV-0rtkO,uk-nc-2013:KS3.Sci.Chem.EA.3
https://education.asfai.org/alignments/09dbb833-5cc6-5d96-b137-df0ab5850e1d,https://education.asfai.org/objectives/48c009b5-d788-558f-bc16-64a224c2d26d,relatedTo,uk-nc-2013,KS3.Maths.Stat.2,https://education.asfai.org/frameworks/uk-nc-2013/versions/september-2013/items/KS3.Maths.Stat.2,unreviewed,mt_eKJG-0eC6D,uk-nc-2013:KS3.Maths.Stat.2
https://education.asfai.org/alignments/0a12275b-2035-5b19-bf23-307d09a1b2f5,https://education.asfai.org/objectives/4d669376-cdef-51e6-b9fb-3a7832b79db1,relatedTo,uk-nc-2013,Eng.UKS2.Read.Comp.1g,https://education.asfai.org/frameworks/uk-nc-2013/versions/september-2013/items/Eng.UKS2.Read.Comp.1g,unreviewed,mt_gR5_n99Ntt,uk-nc-2013:Eng.UKS2.Read.Comp.1g
https://education.asfai.org/alignments/0a1f5104-b9fd-50ef-96bf-dbd050e3597c,https://education.asfai.org/objectives/c6b8c99b-3df4-5f0d-818a-325eb6af7713,relatedTo,uk-nc-2013,Eng_App1_Y2_16,https://education.asfai.org/frameworks/uk-nc-2013/versions/september-2013/items/Eng_App1_Y2_16,unreviewed,mt_p_jxNLdus4,uk-nc-2013:Eng_App1_Y2_16
https://education.asfai.org/alignments/0a91407e-a847-56dc-80dc-9fcfb7ce15d2,https://education.asfai.org/objectives/8aa9a0b5-e679-55fa-b9ac-18f1189578c6,relatedTo,uk-nc-2013,Eng_App1_Y2_26,https://education.asfai.org/frameworks/uk-nc-2013/versions/september-2013/items/Eng_App1_Y2_26,unreviewed,mt_Jq0MjURrRC,uk-nc-2013:Eng_App1_Y2_26
https://education.asfai.org/alignments/0aa16004-69ae-5264-8db8-5b14de119b7d,https://education.asfai.org/objectives/dc6a18aa-6e84-5b98-8223-b19055516c4d,relatedTo,ccss-math,K.OA.2,https://education.asfai.org/frameworks/ccss-math/versions/2010/items/K.OA.2,unreviewed,mt_yJmvUCCym7,ccss-math:K.OA.2
https://education.asfai.org/alignments/0adbe2ca-e3ff-588e-87a1-1a9759378388,https://education.asfai.org/objectives/581efc85-7037-5db1-bd24-e3449ec8137a,relatedTo,uk-nc-2013,Ma/KS2/Y4/AS/1,https://education.asfai.org/frameworks/uk-nc-2013/versions/september-2013/items/Ma%2FKS2%2FY4%2FAS%2F1,unreviewed,mt_mpS-JK_p_m,uk-nc-2013:Ma/KS2/Y4/AS/1
https://education.asfai.org/alignments/0ae26d63-cb5b-5369-9041-53bd02b6687e,https://education.asfai.org/objectives/4d669376-cdef-51e6-b9fb-3a7832b79db1,relatedTo,uk-nc-2013,Eng.UKS2.Read.Comp.1h,https://education.asfai.org/frameworks/uk-nc-2013/versions/september-2013/items/Eng.UKS2.Read.Comp.1h,unreviewed,mt_gR5_n99Ntt,uk-nc-2013:Eng.UKS2.Read.Comp.1h
https://education.asfai.org/alignments/0aec4705-0008-5390-a071-05b5527d5225,https://education.asfai.org/objectives/7bf3ae49-49d1-5ab5-ab84-cc2823f3fbef,relatedTo,ccss-ela,RI.8.2,https://education.asfai.org/frameworks/ccss-ela/versions/2010/items/RI.8.2,unreviewed,mt_wGxq92Na5g,ccss-ela:RI.8.2
https://education.asfai.org/alignments/0b0cf2dc-cb57-5f4d-abf5-8c66ba9d1b6f,https://education.asfai.org/objectives/be4c1413-6687-585b-8808-d9fb6da7e7f9,relatedTo,uk-nc-2013,KS3.Sci.WS.VUSN.4,https://education.asfai.org/frameworks/uk-nc-2013/versions/september-2013/items/KS3.Sci.WS.VUSN.4,unreviewed,mt_ThTbUuNb3p,uk-nc-2013:KS3.Sci.WS.VUSN.4
https://education.asfai.org/alignments/0b2761d4-fc64-52f7-b2ec-71f1d037ac78,https://education.asfai.org/objectives/bfbe944a-9fcc-5a8c-96ab-0929ad169c5f,relatedTo,ccss-ela,RL.4.7,https://education.asfai.org/frameworks/ccss-ela/versions/2010/items/RL.4.7,unreviewed,mt_t06dHX2ZYw,ccss-ela:RL.4.7
https://education.asfai.org/alignments/0b42c1fc-9541-55a7-b40b-84a7295fd199,https://education.asfai.org/objectives/e70f799b-8f4d-563b-8cd4-0d12a55d8a81,relatedTo,ccss-math,K.OA.1,https://education.asfai.org/frameworks/ccss-math/versions/2010/items/K.OA.1,unreviewed,mt_zuKAX6lcYR,ccss-math:K.OA.1
https://education.asfai.org/alignments/0b885f28-d11b-567a-a5ad-ed2c73b65f9f,https://education.asfai.org/objectives/30c07d60-74d2-5117-8340-ee36e2700400,relatedTo,ngss-ms,MS-PS1-3,https://education.asfai.org/frameworks/ngss-ms/versions/2013/items/MS-PS1-3,unreviewed,mt_w83U-_noVR,ngss-ms:MS-PS1-3
https://education.asfai.org/alignments/0ba3f735-eb29-5041-b7c2-2d3cdf56aa24,https://education.asfai.org/objectives/d4fdb3c9-35d5-53a0-ba8e-8f24e0eb1ec4,relatedTo,ccss-ela,RI.2.9,https://education.asfai.org/frameworks/ccss-ela/versions/2010/items/RI.2.9,unreviewed,mt_GLY3R3YSlf,ccss-ela:RI.2.9
https://education.asfai.org/alignments/0bebc942-a53f-5496-97b5-f1cf5dd56dc5,https://education.asfai.org/objectives/5045f263-b318-50c2-89b1-1cbbaaa9490d,relatedTo,uk-nc-2013,KS1.Sci.WS.6,https://education.asfai.org/frameworks/uk-nc-2013/versions/september-2013/items/KS1.Sci.WS.6,unreviewed,mt_ZFwPZaDJ0_,uk-nc-2013:KS1.Sci.WS.6
https://education.asfai.org/alignments/0becd579-9091-54f3-9e89-4376ea3fa5d3,https://education.asfai.org/objectives/b82d0ef4-14fc-5fb7-935f-9accdc003d99,relatedTo,uk-nc-2013,Eng_Y1_RC_03,https://education.asfai.org/frameworks/uk-nc-2013/versions/september-2013/items/Eng_Y1_RC_03,unreviewed,mt_sSQlLOnAow,uk-nc-2013:Eng_Y1_RC_03
https://education.asfai.org/alignments/0c0750b0-9432-5309-9648-a65fd87ac09c,https://education.asfai.org/objectives/2869149f-aa27-5576-8015-c17a341f1cd7,relatedTo,uk-nc-2013,KS3.Sci.Bio.GasExchange.7,https://education.asfai.org/frameworks/uk-nc-2013/versions/september-2013/items/KS3.Sci.Bio.GasExchange.7,unreviewed,mt_mquPi2IP-J,uk-nc-2013:KS3.Sci.Bio.GasExchange.7
https://education.asfai.org/alignments/0c23a752-42a2-588d-9434-c8523976b5c7,https://education.asfai.org/objectives/22680782-823e-5ede-8be6-93c982844259,relatedTo,ccss-ela,RL.5.6,https://education.asfai.org/frameworks/ccss-ela/versions/2010/items/RL.5.6,unreviewed,mt_LCJNRaRXtW,ccss-ela:RL.5.6
https://education.asfai.org/alignments/0c24b03e-8dc4-5af2-bdb7-d6e9d3b06f26,https://education.asfai.org/objectives/ed775c4a-622e-5b04-adf6-98c1c89a415d,relatedTo,ib-pyp-pspe,PSPE.INT.P2.CU.2,https://education.asfai.org/frameworks/ib-pyp-pspe/versions/2009/items/PSPE.INT.P2.CU.2,unreviewed,mt_mDp-1vlL3R,ib-pyp-pspe:PSPE.INT.P2.CU.2
https://education.asfai.org/alignments/0c614c35-e6e0-5888-8b25-ff1a370a8d45,https://education.asfai.org/objectives/5e89b84c-0135-54fc-96c9-efdf1e6f7732,relatedTo,ccss-ela,RF.1.3.a,https://education.asfai.org/frameworks/ccss-ela/versions/2010/items/RF.1.3.a,unreviewed,mt_9-OHslmt1g,ccss-ela:RF.1.3.a
https://education.asfai.org/alignments/0c6a5956-2c63-547e-9430-14374934a03b,https://education.asfai.org/objectives/4d48525f-c3fa-5303-a237-63d823a1d293,relatedTo,ccss-ela,W.6.3,https://education.asfai.org/frameworks/ccss-ela/versions/2010/items/W.6.3,unreviewed,mt_BLzNxSSdWu,ccss-ela:W.6.3
https://education.asfai.org/alignments/0c805030-c2d1-566e-9fc5-1cae270b00e7,https://education.asfai.org/objectives/5992bd7f-a661-5c4a-bfb5-7a5864e75f9e,relatedTo,uk-nc-2013,Ma/KS2/Y3/GPS/3,https://education.asfai.org/frameworks/uk-nc-2013/versions/september-2013/items/Ma%2FKS2%2FY3%2FGPS%2F3,unreviewed,mt_MFfYcnv6Tv,uk-nc-2013:Ma/KS2/Y3/GPS/3
https://education.asfai.org/alignments/0c8f520d-9c0b-5d8c-a47c-8719ed0c3748,https://education.asfai.org/objectives/dc6a18aa-6e84-5b98-8223-b19055516c4d,relatedTo,uk-nc-2013,Maths/Y1/AS/4,https://education.asfai.org/frameworks/uk-nc-2013/versions/september-2013/items/Maths%2FY1%2FAS%2F4,unreviewed,mt_yJmvUCCym7,uk-nc-2013:Maths/Y1/AS/4
https://education.asfai.org/alignments/0c9d37b9-5c45-59d2-8e86-b7f2b565c30d,https://education.asfai.org/objectives/79de5ea2-d9cc-50a5-95e3-1b8d7a266b2c,relatedTo,uk-nc-2013,Maths/Y1/GPD/1,https://education.asfai.org/frameworks/uk-nc-2013/versions/september-2013/items/Maths%2FY1%2FGPD%2F1,unreviewed,mt_Y9XKzLrUAZ,uk-nc-2013:Maths/Y1/GPD/1
https://education.asfai.org/alignments/0cc2b4ba-3c88-5519-9609-7eeefaa93241,https://education.asfai.org/objectives/a60a9bbe-f1a3-5e6a-a377-53a672b2e4db,relatedTo,uk-nc-2013,KS3.Sci.Phys.Waves.1,https://education.asfai.org/frameworks/uk-nc-2013/versions/september-2013/items/KS3.Sci.Phys.Waves.1,unreviewed,mt_PifbJOuXrG,uk-nc-2013:KS3.Sci.Phys.Waves.1
https://education.asfai.org/alignments/0cfe0007-5a4c-5f96-be7b-610423543537,https://education.asfai.org/objectives/4ae2a007-f408-537e-a5fa-c1a8237a1e42,relatedTo,ccss-ela,SL.2.6,https://education.asfai.org/frameworks/ccss-ela/versions/2010/items/SL.2.6,unreviewed,mt_ZBMcX2oRor,ccss-ela:SL.2.6
https://education.asfai.org/alignments/0d13dd66-3834-5edc-a365-9ff51b48c80a,https://education.asfai.org/objectives/15e11dc8-c472-5e98-9fa3-c4d18ebfb65e,relatedTo,ccss-math,2.NBT.1,https://education.asfai.org/frameworks/ccss-math/versions/2010/items/2.NBT.1,unreviewed,mt_aPBzD28_mT,ccss-math:2.NBT.1
https://education.asfai.org/alignments/0d15b244-206e-591d-9d7e-d855df316bd7,https://education.asfai.org/objectives/5def2be3-7178-54ff-9f5b-bf97f0b65285,relatedTo,uk-nc-2013,Eng_LKS2_Read_Comp_15,https://education.asfai.org/frameworks/uk-nc-2013/versions/september-2013/items/Eng_LKS2_Read_Comp_15,unreviewed,mt_sMAcZW6vWM,uk-nc-2013:Eng_LKS2_Read_Comp_15
https://education.asfai.org/alignments/0d232c09-82f8-5532-bef2-8c507a017f55,https://education.asfai.org/objectives/aa99c737-0674-5ad9-949e-a97ccb812f16,relatedTo,uk-nc-2013,Y3.Sci.P.3,https://education.asfai.org/frameworks/uk-nc-2013/versions/september-2013/items/Y3.Sci.P.3,unreviewed,mt_GF6L7J4MNN,uk-nc-2013:Y3.Sci.P.3
https://education.asfai.org/alignments/0d49bd46-54d1-5d69-8f02-36fdd1f71ce7,https://education.asfai.org/objectives/eb5e16a7-abe0-54f3-99cd-af50bace6c71,relatedTo,uk-nc-2013,Y1.Sci.SC.1,https://education.asfai.org/frameworks/uk-nc-2013/versions/september-2013/items/Y1.Sci.SC.1,unreviewed,mt_go5i87u2b9,uk-nc-2013:Y1.Sci.SC.1
https://education.asfai.org/alignments/0d52aede-05a0-5f3d-ab81-37268c4bab26,https://education.asfai.org/objectives/3fa0fe96-3001-526b-9c1c-17a3f0daceff,relatedTo,ccss-ela,L.1.4c,https://education.asfai.org/frameworks/ccss-ela/versions/2010/items/L.1.4c,unreviewed,mt_UEe3MC5RZc,ccss-ela:L.1.4c
https://education.asfai.org/alignments/0d8933bc-8e91-5ace-a49e-acbaf9267777,https://education.asfai.org/objectives/d677e283-0934-57cb-9d4c-6338c145e9be,relatedTo,uk-nc-2013,Eng_App1_Y1_46,https://education.asfai.org/frameworks/uk-nc-2013/versions/september-2013/items/Eng_App1_Y1_46,unreviewed,mt_roAgL1rQRF,uk-nc-2013:Eng_App1_Y1_46
https://education.asfai.org/alignments/0db79bb1-4af4-5efc-b3fa-23d3c060045d,https://education.asfai.org/objectives/4d78ecba-adbc-5d24-b144-ebc78ea5a2d6,relatedTo,ccss-ela,RL.5.7,https://education.asfai.org/frameworks/ccss-ela/versions/2010/items/RL.5.7,unreviewed,mt_xsk3iuNVVI,ccss-ela:RL.5.7
https://education.asfai.org/alignments/0db7db81-d7c3-5776-998f-8fdd1c6e663a,https://education.asfai.org/objectives/5a4cc094-32a1-5d88-afcb-50c09b3cc3e6,relatedTo,uk-nc-2013,Eng_App1_Sp_Y34_15,https://education.asfai.org/frameworks/uk-nc-2013/versions/september-2013/items/Eng_App1_Sp_Y34_15,unreviewed,mt_37QCuGOxFe,uk-nc-2013:Eng_App1_Sp_Y34_15
https://education.asfai.org/alignments/0dc1258c-5ece-509a-9afb-6439d31937a0,https://education.asfai.org/objectives/8675da09-3c4a-5510-a7ad-e2cdb5fc66ce,relatedTo,uk-nc-2013,KS3-ENG-R-3b,https://education.asfai.org/frameworks/uk-nc-2013/versions/september-2013/items/KS3-ENG-R-3b,unreviewed,mt_aClzPBiS9k,uk-nc-2013:KS3-ENG-R-3b
https://education.asfai.org/alignments/0dcbe0de-0719-5edf-8f5b-d4c8a8600bf6,https://education.asfai.org/objectives/512047d3-e974-5184-b993-ffe5683886bf,relatedTo,uk-nc-2013,Eng_LKS2_Write_VGP_10,https://education.asfai.org/frameworks/uk-nc-2013/versions/september-2013/items/Eng_LKS2_Write_VGP_10,unreviewed,mt_B8JOz79O6t,uk-nc-2013:Eng_LKS2_Write_VGP_10
https://education.asfai.org/alignments/0e68daef-2fe4-56df-baa4-7d3833586109,https://education.asfai.org/objectives/44f944bb-b30f-57fb-aa24-1e4c63ad34f3,relatedTo,ngss-k5,4-PS3-3,https://education.asfai.org/frameworks/ngss-k5/versions/2013/items/4-PS3-3,unreviewed,mt_1MLi55bPnt,ngss-k5:4-PS3-3
https://education.asfai.org/alignments/0e7f07d7-036c-5c3e-a2d0-8d7cf55a1be5,https://education.asfai.org/objectives/d74ae0b3-e624-574e-a1c0-ba0cc1c0bb83,relatedTo,uk-nc-2013,KS2U.Sci.WS.2,https://education.asfai.org/frameworks/uk-nc-2013/versions/september-2013/items/KS2U.Sci.WS.2,unreviewed,mt_Psun-u_lPf,uk-nc-2013:KS2U.Sci.WS.2
https://education.asfai.org/alignments/0ec9e35c-c0ba-55c4-8429-ffbb198b3cfb,https://education.asfai.org/objectives/00b565b3-4c9c-5f29-92c6-8baefe84a94c,relatedTo,ccss-ela,RL.5.2,https://education.asfai.org/frameworks/ccss-ela/versions/2010/items/RL.5.2,unreviewed,mt_A0htaNaK7b,ccss-ela:RL.5.2
https://education.asfai.org/alignments/0f887540-c1db-5570-b2e8-deac5dd24e7d,https://education.asfai.org/objectives/602e6de6-2ccc-5809-ae64-d39dbc8791bf,relatedTo,ib-pyp-pspe,PSPE.INT.P2.LO.3,https://education.asfai.org/frameworks/ib-pyp-pspe/versions/2009/items/PSPE.INT.P2.LO.3,unreviewed,mt_QxsoqVUt6u,ib-pyp-pspe:PSPE.INT.P2.LO.3
https://education.asfai.org/alignments/0fb16c59-3269-5a7c-aa7c-666a49c8053a,https://education.asfai.org/objectives/ec41b3b4-60fd-5bad-b4f8-50f898cb46ba,relatedTo,uk-nc-2013,KS3.Sci.Bio.Reproduction.1,https://education.asfai.org/frameworks/uk-nc-2013/versions/september-2013/items/KS3.Sci.Bio.Reproduction.1,unreviewed,mt_tQkCzRcWG7,uk-nc-2013:KS3.Sci.Bio.Reproduction.1
https://education.asfai.org/alignments/0fb68da4-9853-54a7-b47c-48ab90bc8469,https://education.asfai.org/objectives/e520016b-2a3a-578f-a43d-7c0a52bfd42f,relatedTo,uk-nc-2013,Eng.UKS2.Write.Trans.Hand.1a,https://education.asfai.org/frameworks/uk-nc-2013/versions/september-2013/items/Eng.UKS2.Write.Trans.Hand.1a,unreviewed,mt_02DH7sGXCi,uk-nc-2013:Eng.UKS2.Write.Trans.Hand.1a
https://education.asfai.org/alignments/0fc82814-67ad-53e0-9207-46f9ffb188ad,https://education.asfai.org/objectives/bd1602ca-b011-5c38-a067-d7ad33fbe59e,relatedTo,ccss-ela,W.5.2b,https://education.asfai.org/frameworks/ccss-ela/versions/2010/items/W.5.2b,unreviewed,mt_hp2qJ-QRBn,ccss-ela:W.5.2b
https://education.asfai.org/alignments/0fd8b7d0-2825-58b0-bdc2-621e0a2c56cd,https://education.asfai.org/objectives/4a462ae1-89a4-5a60-962c-587407c2cc45,relatedTo,ib-pyp-pspe,PSPE.INT.P4.LO.3,https://education.asfai.org/frameworks/ib-pyp-pspe/versions/2009/items/PSPE.INT.P4.LO.3,unreviewed,mt_AbnwmKD8oe,ib-pyp-pspe:PSPE.INT.P4.LO.3
https://education.asfai.org/alignments/0fe66dc6-9874-5a76-b8da-d0e2f167f8ef,https://education.asfai.org/objectives/2e9706f2-5d68-5625-95e6-e5da3a45ef2d,relatedTo,ccss-ela,L.K.1a,https://education.asfai.org/frameworks/ccss-ela/versions/2010/items/L.K.1a,unreviewed,mt_H7DquwQi_F,ccss-ela:L.K.1a
https://education.asfai.org/alignments/101e5727-d4e0-5a02-ac68-285121adf9c4,https://education.asfai.org/objectives/3896ccbe-bcd8-5e99-a9e7-8920a522e1f7,relatedTo,ccss-math,6.NS.6,https://education.asfai.org/frameworks/ccss-math/versions/2010/items/6.NS.6,unreviewed,mt_9QzSnn8m80,ccss-math:6.NS.6
https://education.asfai.org/alignments/101f543f-ecc6-5e77-b227-57a1ac68c8d9,https://education.asfai.org/objectives/c431be78-84ee-5e0d-8c04-72a507b9a2af,relatedTo,uk-nc-2013,Eng_App1_Y1_16,https://education.asfai.org/frameworks/uk-nc-2013/versions/september-2013/items/Eng_App1_Y1_16,unreviewed,mt_BtMbZibZUj,uk-nc-2013:Eng_App1_Y1_16
https://education.asfai.org/alignments/106f9cec-abdc-503a-99e0-206cc109c656,https://education.asfai.org/objectives/c431be78-84ee-5e0d-8c04-72a507b9a2af,relatedTo,uk-nc-2013,Eng_App1_Y1_03,https://education.asfai.org/frameworks/uk-nc-2013/versions/september-2013/items/Eng_App1_Y1_03,unreviewed,mt_BtMbZibZUj,uk-nc-2013:Eng_App1_Y1_03
https://education.asfai.org/alignments/108c9488-45cf-572e-b135-0e775576e0f7,https://education.asfai.org/objectives/1ed5a4be-6141-5e16-8b90-063649b55350,relatedTo,uk-nc-2013,Eng_Y1_RC_01,https://education.asfai.org/frameworks/uk-nc-2013/versions/september-2013/items/Eng_Y1_RC_01,unreviewed,mt_mLPEMpYb_R,uk-nc-2013:Eng_Y1_RC_01
https://education.asfai.org/alignments/108e062e-949e-50c0-afc5-ed2f2b9bc790,https://education.asfai.org/objectives/d5a55fa8-0218-5f1d-82c6-d5214e50f683,relatedTo,ccss-ela,W.5.6,https://education.asfai.org/frameworks/ccss-ela/versions/2010/items/W.5.6,unreviewed,mt_nYU6x2E2T8,ccss-ela:W.5.6
https://education.asfai.org/alignments/10a17819-59ba-52c6-a1b1-6069fb9e7f5c,https://education.asfai.org/objectives/6291cc4f-df29-5cf3-b0d7-19a4bfd839f4,relatedTo,ccss-math,7.EE.4a,https://education.asfai.org/frameworks/ccss-math/versions/2010/items/7.EE.4a,unreviewed,mt_QhFEDyIwSO,ccss-math:7.EE.4a
https://education.asfai.org/alignments/10b26583-756b-5dbf-b670-2c18b1a7aae2,https://education.asfai.org/objectives/f99c690d-1ee1-5926-b26b-0a91bb570745,relatedTo,uk-nc-2013,KS3.Sci.Bio.Nutrition.4,https://education.asfai.org/frameworks/uk-nc-2013/versions/september-2013/items/KS3.Sci.Bio.Nutrition.4,unreviewed,mt_0NlbulkB5P,uk-nc-2013:KS3.Sci.Bio.Nutrition.4
https://education.asfai.org/alignments/10c02977-2c5f-572c-a621-41b87296adf5,https://education.asfai.org/objectives/ffc6e82b-511f-51a4-ab28-398597491a5e,relatedTo,ccss-ela,L.7.6,https://education.asfai.org/frameworks/ccss-ela/versions/2010/items/L.7.6,unreviewed,mt_OLwNsTI6C7,ccss-ela:L.7.6
https://education.asfai.org/alignments/10c0e479-6955-572f-8127-1239ff29af6a,https://education.asfai.org/objectives/dace666c-2670-522e-af15-e237a03caa73,relatedTo,ccss-math,6.NS.4,https://education.asfai.org/frameworks/ccss-math/versions/2010/items/6.NS.4,unreviewed,mt_xhoOWnhtHq,ccss-math:6.NS.4
https://education.asfai.org/alignments/1191fc06-64cb-55ee-ad8a-0bc5e6084ef7,https://education.asfai.org/objectives/4e2296d0-f1e2-5f7b-b4c0-e94db204c2ee,relatedTo,uk-nc-2013,KS3.Sci.Bio.GasExchange.1,https://education.asfai.org/frameworks/uk-nc-2013/versions/september-2013/items/KS3.Sci.Bio.GasExchange.1,unreviewed,mt_V9SQS9gLFw,uk-nc-2013:KS3.Sci.Bio.GasExchange.1
https://education.asfai.org/alignments/119796d3-4ee4-5980-b7a4-4e041081beff,https://education.asfai.org/objectives/895bcc99-ad02-5265-9e5e-3979494ec55d,relatedTo,uk-nc-2013,Eng_App1_Sp_Y56_06,https://education.asfai.org/frameworks/uk-nc-2013/versions/september-2013/items/Eng_App1_Sp_Y56_06,unreviewed,mt_U_HQXCnAaG,uk-nc-2013:Eng_App1_Sp_Y56_06
https://education.asfai.org/alignments/11e54c2f-0cf0-559a-868b-74a221e036b1,https://education.asfai.org/objectives/aa6cb5f8-5cb1-5a7f-a732-39ced2c7698e,relatedTo,ccss-math,2.MD.5,https://education.asfai.org/frameworks/ccss-math/versions/2010/items/2.MD.5,unreviewed,mt_DLcEzmmj2r,ccss-math:2.MD.5
https://education.asfai.org/alignments/11ff4b91-77a1-5e39-9aca-23902b0037f7,https://education.asfai.org/objectives/12ebf4bd-8df8-5f5f-a044-7522bb5f2cd7,relatedTo,uk-nc-2013,Y6.Sci.EI.3,https://education.asfai.org/frameworks/uk-nc-2013/versions/september-2013/items/Y6.Sci.EI.3,unreviewed,mt_LRzjbo1Fn6,uk-nc-2013:Y6.Sci.EI.3
https://education.asfai.org/alignments/1220628c-0bb2-5eb5-9784-58bbdf132dff,https://education.asfai.org/objectives/4ee7adca-9720-5bd7-b80e-23da23d8b322,relatedTo,ccss-ela,RI.5.8,https://education.asfai.org/frameworks/ccss-ela/versions/2010/items/RI.5.8,unreviewed,mt_S3XMQOYt_D,ccss-ela:RI.5.8
https://education.asfai.org/alignments/122768e9-ba5b-535f-8950-ae8fbf45d114,https://education.asfai.org/objectives/e6fd5b7b-2bb4-5aa7-88a6-8eecc4c0da42,relatedTo,ccss-ela,W.5.3d,https://education.asfai.org/frameworks/ccss-ela/versions/2010/items/W.5.3d,unreviewed,mt_vauULTecMH,ccss-ela:W.5.3d
https://education.asfai.org/alignments/12347c67-6251-5873-8b9f-42dc10801f02,https://education.asfai.org/objectives/6362c0cf-2a02-5adc-945c-c8a08c6f37e0,relatedTo,ccss-ela,L.1.6,https://education.asfai.org/frameworks/ccss-ela/versions/2010/items/L.1.6,unreviewed,mt_NP101Zl-4g,ccss-ela:L.1.6
https://education.asfai.org/alignments/123662fc-6720-543f-aa89-040cc0fccd89,https://education.asfai.org/objectives/8e4aecc5-b7b1-5359-b926-c839d147a292,relatedTo,ccss-ela,RL.6.5,https://education.asfai.org/frameworks/ccss-ela/versions/2010/items/RL.6.5,unreviewed,mt_N5tiL3uIeq,ccss-ela:RL.6.5
https://education.asfai.org/alignments/12ccbb83-0cb4-50a3-8302-6697666b6787,https://education.asfai.org/objectives/81b86de3-e718-54e8-b919-9ee2ea0d0cf6,relatedTo,uk-nc-2013,Eng/KS1/Y2/VGP/3,https://education.asfai.org/frameworks/uk-nc-2013/versions/september-2013/items/Eng%2FKS1%2FY2%2FVGP%2F3,unreviewed,mt_qzwQAOfurw,uk-nc-2013:Eng/KS1/Y2/VGP/3
https://education.asfai.org/alignments/12eca54a-6e66-52ec-a72c-4c213bfa559f,https://education.asfai.org/objectives/e90a1f41-79a9-5d63-96c6-9bffea3edb57,relatedTo,uk-nc-2013,KS3.Sci.Chem.AEC.7,https://education.asfai.org/frameworks/uk-nc-2013/versions/september-2013/items/KS3.Sci.Chem.AEC.7,unreviewed,mt_wfEfQuHOG-,uk-nc-2013:KS3.Sci.Chem.AEC.7
https://education.asfai.org/alignments/13636685-0f43-57e0-bd0c-69461b5bcb36,https://education.asfai.org/objectives/1ed5a4be-6141-5e16-8b90-063649b55350,relatedTo,uk-nc-2013,Eng_LKS2_Read_Comp_1,https://education.asfai.org/frameworks/uk-nc-2013/versions/september-2013/items/Eng_LKS2_Read_Comp_1,unreviewed,mt_mLPEMpYb_R,uk-nc-2013:Eng_LKS2_Read_Comp_1
https://education.asfai.org/alignments/1367d2b1-07e0-5f0c-a851-928a167baad3,https://education.asfai.org/objectives/a139c539-9b48-5f93-8325-06d1cfce3a50,relatedTo,ccss-ela,RL.5.5,https://education.asfai.org/frameworks/ccss-ela/versions/2010/items/RL.5.5,unreviewed,mt_PetJM-AYz9,ccss-ela:RL.5.5
https://education.asfai.org/alignments/137ccec4-a2c7-5d88-8632-d5eb3f93f2e1,https://education.asfai.org/objectives/c3813ac5-21fb-5123-ad4d-0990f45dc044,relatedTo,ccss-ela,L.1.4,https://education.asfai.org/frameworks/ccss-ela/versions/2010/items/L.1.4,unreviewed,mt_6-MYToNZ39,ccss-ela:L.1.4
https://education.asfai.org/alignments/1393ed74-20fd-5f89-bde9-847bc80433ab,https://education.asfai.org/objectives/87754087-381a-55de-8389-646e1a435bba,relatedTo,uk-nc-2013,KS3.Maths.Geo.12,https://education.asfai.org/frameworks/uk-nc-2013/versions/september-2013/items/KS3.Maths.Geo.12,unreviewed,mt_J03RFlVdas,uk-nc-2013:KS3.Maths.Geo.12
https://education.asfai.org/alignments/139f8e0f-028b-50fb-a254-35a6397672ad,https://education.asfai.org/objectives/c6b8c99b-3df4-5f0d-818a-325eb6af7713,relatedTo,uk-nc-2013,Eng/KS1/Y2/S/1b,https://education.asfai.org/frameworks/uk-nc-2013/versions/september-2013/items/Eng%2FKS1%2FY2%2FS%2F1b,unreviewed,mt_p_jxNLdus4,uk-nc-2013:Eng/KS1/Y2/S/1b
https://education.asfai.org/alignments/13c1cc85-01e9-5d5b-9e48-37f9b00b5e05,https://education.asfai.org/objectives/ba8a0925-d81b-55e6-9b70-15af416865e2,relatedTo,uk-nc-2013,Eng_Y1_WT_10,https://education.asfai.org/frameworks/uk-nc-2013/versions/september-2013/items/Eng_Y1_WT_10,unreviewed,mt_AhfyJoTQtY,uk-nc-2013:Eng_Y1_WT_10
https://education.asfai.org/alignments/13f4d729-0fd3-59cf-bd3b-f7ab6a1777bf,https://education.asfai.org/objectives/d61cc819-07c6-5d1c-a286-f769a7b8d1c3,relatedTo,ngss-k5,1-ESS1-1,https://education.asfai.org/frameworks/ngss-k5/versions/2013/items/1-ESS1-1,unreviewed,mt_fk33IEGP-T,ngss-k5:1-ESS1-1
https://education.asfai.org/alignments/14012132-ab28-5f62-8315-a9830c61defc,https://education.asfai.org/objectives/c59fe41f-7669-5842-8dfd-cca10faad313,relatedTo,ccss-math,1.NBT.2.a,https://education.asfai.org/frameworks/ccss-math/versions/2010/items/1.NBT.2.a,unreviewed,mt_r0VXbfAmsH,ccss-math:1.NBT.2.a
https://education.asfai.org/alignments/1438ff64-6db1-55b7-93d5-c2f2b4a2a323,https://education.asfai.org/objectives/67dd3895-6ede-5c2d-80c9-f96b453110f5,relatedTo,ccss-ela,RF.3.4.b,https://education.asfai.org/frameworks/ccss-ela/versions/2010/items/RF.3.4.b,unreviewed,mt_V-ldQp56bF,ccss-ela:RF.3.4.b
https://education.asfai.org/alignments/143c18af-d00a-599a-ba50-7b547c61a050,https://education.asfai.org/objectives/d124cae8-2661-5041-867c-46c945c6422b,relatedTo,ccss-ela,L.3.2b,https://education.asfai.org/frameworks/ccss-ela/versions/2010/items/L.3.2b,unreviewed,mt_ntqNLHsj5n,ccss-ela:L.3.2b
https://education.asfai.org/alignments/146f89a6-3729-58a0-b4e9-a0b8336ac782,https://education.asfai.org/objectives/3a85ed7f-75a5-50d9-b3bf-30db3b522a71,relatedTo,ccss-math,8.F.4,https://education.asfai.org/frameworks/ccss-math/versions/2010/items/8.F.4,unreviewed,mt_-3udyo6VyB,ccss-math:8.F.4
https://education.asfai.org/alignments/14776565-dc42-5481-898c-576d1c5fb039,https://education.asfai.org/objectives/0a70711f-e42e-5a0d-aece-6d9bae185cc8,relatedTo,uk-nc-2013,KS3-ENG-W-2a,https://education.asfai.org/frameworks/uk-nc-2013/versions/september-2013/items/KS3-ENG-W-2a,unreviewed,mt_av-uRBrhwT,uk-nc-2013:KS3-ENG-W-2a
https://education.asfai.org/alignments/14df9bfc-3bd5-540d-bba1-37e2fb8526da,https://education.asfai.org/objectives/7bb2ad67-899c-5462-9b24-43ea997f857c,relatedTo,ccss-math,2.NBT.1.a,https://education.asfai.org/frameworks/ccss-math/versions/2010/items/2.NBT.1.a,unreviewed,mt_8gy7uxRlF6,ccss-math:2.NBT.1.a
https://education.asfai.org/alignments/14e07546-a29a-582a-af5c-7b23e957a806,https://education.asfai.org/objectives/920ebef9-547f-53b0-a236-2fd76f69b867,relatedTo,ccss-ela,RI.6.9,https://education.asfai.org/frameworks/ccss-ela/versions/2010/items/RI.6.9,unreviewed,mt_1GF5MeNZPA,ccss-ela:RI.6.9
https://education.asfai.org/alignments/14e09695-034f-519e-9f2b-e9fdb91bf6f9,https://education.asfai.org/objectives/5f18a22b-ea72-51b0-84c4-af722117cf5f,relatedTo,uk-nc-2013,Maths/Y1/AS/1,https://education.asfai.org/frameworks/uk-nc-2013/versions/september-2013/items/Maths%2FY1%2FAS%2F1,unreviewed,mt_OvyoRo47K-,uk-nc-2013:Maths/Y1/AS/1
https://education.asfai.org/alignments/14e4101c-d26b-52e7-96d2-2154bf76de4d,https://education.asfai.org/objectives/c2aec65b-9484-5772-b0bf-035119f54552,relatedTo,ccss-ela,W.4.1,https://education.asfai.org/frameworks/ccss-ela/versions/2010/items/W.4.1,unreviewed,mt_WKxX-b86Vr,ccss-ela:W.4.1
https://education.asfai.org/alignments/14e470c7-2a11-5df4-8bf2-4587ce82f3de,https://education.asfai.org/objectives/80663dc2-4a27-5abe-bf66-c28667f59649,relatedTo,uk-nc-2013,KS3.Sci.WS.SA.4,https://education.asfai.org/frameworks/uk-nc-2013/versions/september-2013/items/KS3.Sci.WS.SA.4,unreviewed,mt_lMLeNLDRO8,uk-nc-2013:KS3.Sci.WS.SA.4
https://education.asfai.org/alignments/153d15b5-2839-5a4e-b230-26214895d3ce,https://education.asfai.org/objectives/2bd978d2-1525-5799-8faf-92e75f3b312d,relatedTo,ccss-ela,RL.7.5,https://education.asfai.org/frameworks/ccss-ela/versions/2010/items/RL.7.5,unreviewed,mt_II6iw4BmJI,ccss-ela:RL.7.5
https://education.asfai.org/alignments/153e0c10-38aa-5744-8721-1e57762408bc,https://education.asfai.org/objectives/cd81c595-4ee9-5754-9a58-482127c75151,relatedTo,uk-nc-2013,KS3.Maths.Alg.1a,https://education.asfai.org/frameworks/uk-nc-2013/versions/september-2013/items/KS3.Maths.Alg.1a,unreviewed,mt_KwdjWEmMNo,uk-nc-2013:KS3.Maths.Alg.1a
https://education.asfai.org/alignments/1578e5d0-8e53-5b61-b0c8-32607ed62fad,https://education.asfai.org/objectives/4e9d49e6-3e81-5192-8da7-4dec4811a838,relatedTo,ccss-math,1.G.3,https://education.asfai.org/frameworks/ccss-math/versions/2010/items/1.G.3,unreviewed,mt_xACS3rWWDp,ccss-math:1.G.3
https://education.asfai.org/alignments/157c8275-6e08-53ce-abd8-ba62c5d431b3,https://education.asfai.org/objectives/cd84b80a-e780-547c-a0e0-62f494703a81,relatedTo,uk-nc-2013,KS3.Maths.Num.7,https://education.asfai.org/frameworks/uk-nc-2013/versions/september-2013/items/KS3.Maths.Num.7,unreviewed,mt_hCVPYlF-7Y,uk-nc-2013:KS3.Maths.Num.7
https://education.asfai.org/alignments/15838fae-7515-501a-9784-12e5358f8b4c,https://education.asfai.org/objectives/ed3060a3-9925-55f0-9e4f-dd795b5a247f,relatedTo,uk-nc-2013,KS3-ENG-W-1d,https://education.asfai.org/frameworks/uk-nc-2013/versions/september-2013/items/KS3-ENG-W-1d,unreviewed,mt_s6-6FYb5UQ,uk-nc-2013:KS3-ENG-W-1d
https://education.asfai.org/alignments/159fd8ad-a230-5a7f-8e9d-369b6ae42585,https://education.asfai.org/objectives/978f707a-1dd3-5b1d-92d0-1c26ee2cd1c4,relatedTo,ccss-math,6.RP.3d,https://education.asfai.org/frameworks/ccss-math/versions/2010/items/6.RP.3d,unreviewed,mt_tpT9brpI6D,ccss-math:6.RP.3d
https://education.asfai.org/alignments/15d96f74-d5c9-5184-9396-5822a75a40fe,https://education.asfai.org/objectives/dacb9895-6dae-5fed-bbff-b65c2407216b,relatedTo,ccss-ela,L.2.4b,https://education.asfai.org/frameworks/ccss-ela/versions/2010/items/L.2.4b,unreviewed,mt_T6nrrf2K43,ccss-ela:L.2.4b
https://education.asfai.org/alignments/1625c1f2-2481-59d6-871d-c6687daf31a0,https://education.asfai.org/objectives/c6b8c99b-3df4-5f0d-818a-325eb6af7713,relatedTo,uk-nc-2013,Eng_App1_Y2_15,https://education.asfai.org/frameworks/uk-nc-2013/versions/september-2013/items/Eng_App1_Y2_15,unreviewed,mt_p_jxNLdus4,uk-nc-2013:Eng_App1_Y2_15
https://education.asfai.org/alignments/164deedd-4618-5d21-a6c9-86f787532f43,https://education.asfai.org/objectives/609fae5f-3742-596d-9a60-d0bd4ee254c9,relatedTo,uk-nc-2013,KS3.Maths.Geo.13,https://education.asfai.org/frameworks/uk-nc-2013/versions/september-2013/items/KS3.Maths.Geo.13,unreviewed,mt_1VmTUxBrNd,uk-nc-2013:KS3.Maths.Geo.13
https://education.asfai.org/alignments/166a62ff-3114-5e09-b5bd-b2279bdfa31b,https://education.asfai.org/objectives/aaf4569d-73da-515b-ace2-cfabd5648fa0,relatedTo,ngss-ms,MS-LS3-1,https://education.asfai.org/frameworks/ngss-ms/versions/2013/items/MS-LS3-1,unreviewed,mt_6aJUzBYGNs,ngss-ms:MS-LS3-1
https://education.asfai.org/alignments/168288da-7571-5516-91c4-9a7737f750f5,https://education.asfai.org/objectives/67dd3895-6ede-5c2d-80c9-f96b453110f5,relatedTo,ccss-ela,RF.4.4.c,https://education.asfai.org/frameworks/ccss-ela/versions/2010/items/RF.4.4.c,unreviewed,mt_V-ldQp56bF,ccss-ela:RF.4.4.c
https://education.asfai.org/alignments/168e7511-ed20-569b-a826-3f3f39339dcf,https://education.asfai.org/objectives/f8033091-d092-5803-942b-9f34f0235626,relatedTo,ccss-math,3.NBT.1,https://education.asfai.org/frameworks/ccss-math/versions/2010/items/3.NBT.1,unreviewed,mt_NLSfvB9vUl,ccss-math:3.NBT.1
https://education.asfai.org/alignments/16b4ced1-3ff7-5ee2-bd94-5281799ecccd,https://education.asfai.org/objectives/5f4f88ca-013b-55ba-89c5-b64a31db7d94,relatedTo,ccss-ela,L.2.2a,https://education.asfai.org/frameworks/ccss-ela/versions/2010/items/L.2.2a,unreviewed,mt_QEr24lqzvH,ccss-ela:L.2.2a
https://education.asfai.org/alignments/16b4cf46-1fc0-537d-8d28-32d3fb3f941b,https://education.asfai.org/objectives/f4addb58-f10b-50dc-bc94-9a45636b38ab,relatedTo,ngss-k5,4-PS4-2,https://education.asfai.org/frameworks/ngss-k5/versions/2013/items/4-PS4-2,unreviewed,mt_6w2g7aoPgz,ngss-k5:4-PS4-2
https://education.asfai.org/alignments/16ea354a-0850-531b-8d1d-a4f7be535c9b,https://education.asfai.org/objectives/e9350411-5e71-5f70-8f9b-4a7ba3943e92,relatedTo,ccss-ela,RI.4.4,https://education.asfai.org/frameworks/ccss-ela/versions/2010/items/RI.4.4,unreviewed,mt_WzOyJFKDIu,ccss-ela:RI.4.4
https://education.asfai.org/alignments/173c2a81-b09b-5bbd-ba68-d6c371458b38,https://education.asfai.org/objectives/ad06a589-2aee-5025-815c-8224c66a6ab6,relatedTo,uk-nc-2013,Maths/Y2/AS/6,https://education.asfai.org/frameworks/uk-nc-2013/versions/september-2013/items/Maths%2FY2%2FAS%2F6,unreviewed,mt_UQnAFPs83F,uk-nc-2013:Maths/Y2/AS/6
https://education.asfai.org/alignments/17499865-5b54-5a16-9f5e-5bdc8cac68e6,https://education.asfai.org/objectives/e5f6ddd0-f9a8-56cb-99c5-c8f873752df1,relatedTo,ccss-math,K.OA.3,https://education.asfai.org/frameworks/ccss-math/versions/2010/items/K.OA.3,unreviewed,mt_7XcCG43ZZW,ccss-math:K.OA.3
https://education.asfai.org/alignments/174f8e13-8697-500b-baf8-1031ed961ed4,https://education.asfai.org/objectives/e6fd5b7b-2bb4-5aa7-88a6-8eecc4c0da42,relatedTo,ccss-ela,W.4.3d,https://education.asfai.org/frameworks/ccss-ela/versions/2010/items/W.4.3d,unreviewed,mt_vauULTecMH,ccss-ela:W.4.3d
https://education.asfai.org/alignments/177796b4-a9c8-5ae3-b9c2-3b47cddecd45,https://education.asfai.org/objectives/99ba1d1a-00bd-59d9-b874-4fb3efe2f0b7,relatedTo,uk-nc-2013,Eng.UKS2.Read.Comp.8,https://education.asfai.org/frameworks/uk-nc-2013/versions/september-2013/items/Eng.UKS2.Read.Comp.8,unreviewed,mt_IX37F4rNed,uk-nc-2013:Eng.UKS2.Read.Comp.8
https://education.asfai.org/alignments/1785058f-6e69-5815-a1f5-e815529f0673,https://education.asfai.org/objectives/d5a55fa8-0218-5f1d-82c6-d5214e50f683,relatedTo,ccss-ela,W.2.6,https://education.asfai.org/frameworks/ccss-ela/versions/2010/items/W.2.6,unreviewed,mt_nYU6x2E2T8,ccss-ela:W.2.6
https://education.asfai.org/alignments/1785a9a3-325f-597c-813a-95c5b16ea870,https://education.asfai.org/objectives/15ecb8e7-b084-5fe9-9ccb-ea8807f85a58,relatedTo,uk-nc-2013,Ma/KS2/Y4/MD/5,https://education.asfai.org/frameworks/uk-nc-2013/versions/september-2013/items/Ma%2FKS2%2FY4%2FMD%2F5,unreviewed,mt_AR-K72OIIO,uk-nc-2013:Ma/KS2/Y4/MD/5
https://education.asfai.org/alignments/17c287c4-4eef-5061-b53f-14247f58a9a9,https://education.asfai.org/objectives/e6fd5b7b-2bb4-5aa7-88a6-8eecc4c0da42,relatedTo,ccss-ela,W.5.3e,https://education.asfai.org/frameworks/ccss-ela/versions/2010/items/W.5.3e,unreviewed,mt_vauULTecMH,ccss-ela:W.5.3e
https://education.asfai.org/alignments/1810179d-b26a-5b1c-a55b-2248864242a3,https://education.asfai.org/objectives/025cbad8-ef18-5ce5-81f0-716f33e02017,relatedTo,uk-nc-2013,Ma/KS2/Y4/NPV/3,https://education.asfai.org/frameworks/uk-nc-2013/versions/september-2013/items/Ma%2FKS2%2FY4%2FNPV%2F3,unreviewed,mt_vXRzMbiPff,uk-nc-2013:Ma/KS2/Y4/NPV/3
https://education.asfai.org/alignments/1867348c-2805-539e-9c60-f5d77ccf78d4,https://education.asfai.org/objectives/24660dbf-dd7b-5ac5-9a72-786d4cd0975e,relatedTo,ccss-math,8.G.9,https://education.asfai.org/frameworks/ccss-math/versions/2010/items/8.G.9,unreviewed,mt_tAJH5BrpOx,ccss-math:8.G.9
https://education.asfai.org/alignments/186ee059-f1ef-56c1-8700-e6b6c9b6e3c9,https://education.asfai.org/objectives/b5e6a349-599b-5dd4-96ea-5c2eb19e9fae,relatedTo,ccss-math,7.NS.2b,https://education.asfai.org/frameworks/ccss-math/versions/2010/items/7.NS.2b,unreviewed,mt_rxInpOQ74w,ccss-math:7.NS.2b
https://education.asfai.org/alignments/18b1812d-c6a5-55ab-9cda-6d0174766451,https://education.asfai.org/objectives/16dd75e1-f0a4-51e5-b18b-43f6fb982725,relatedTo,uk-nc-2013,Eng_Y1_WH_04,https://education.asfai.org/frameworks/uk-nc-2013/versions/september-2013/items/Eng_Y1_WH_04,unreviewed,mt_oAK9GXSfqV,uk-nc-2013:Eng_Y1_WH_04
https://education.asfai.org/alignments/19000e5c-7310-56a2-8ec2-7c0ee255db79,https://education.asfai.org/objectives/020f829d-5a25-550c-b07f-ae6eba5de656,relatedTo,uk-nc-2013,Eng_App1_Y1_17,https://education.asfai.org/frameworks/uk-nc-2013/versions/september-2013/items/Eng_App1_Y1_17,unreviewed,mt_C7abt7pRr6,uk-nc-2013:Eng_App1_Y1_17
https://education.asfai.org/alignments/191b77ca-d6d6-528f-9ece-fb9020038243,https://education.asfai.org/objectives/3b3b5735-5f87-5ca9-8132-57bcfdf4e5bb,relatedTo,uk-nc-2013,Eng.App2.Y1.Word.1,https://education.asfai.org/frameworks/uk-nc-2013/versions/september-2013/items/Eng.App2.Y1.Word.1,unreviewed,mt_18qkgxr_-T,uk-nc-2013:Eng.App2.Y1.Word.1
https://education.asfai.org/alignments/191bf992-74b6-53dc-95fb-36ded0e0feae,https://education.asfai.org/objectives/640ceb7b-b1be-5f8b-af72-8338761d62c2,relatedTo,ccss-ela,W.7.4,https://education.asfai.org/frameworks/ccss-ela/versions/2010/items/W.7.4,unreviewed,mt_9lN0SpKlEH,ccss-ela:W.7.4
https://education.asfai.org/alignments/19345f7b-6ba1-5b6f-a6d0-4e8115715871,https://education.asfai.org/objectives/ae46d1a8-9e8c-5bf6-b9cc-661d315ab5c5,relatedTo,ngss-k5,2-ESS2-3,https://education.asfai.org/frameworks/ngss-k5/versions/2013/items/2-ESS2-3,unreviewed,mt_nRF_VRntrW,ngss-k5:2-ESS2-3
https://education.asfai.org/alignments/193521f9-79f8-53f6-975a-32a8ed61b9a6,https://education.asfai.org/objectives/fea3e625-6e90-5ccb-ab39-01c57ef89178,relatedTo,ngss-ms,MS-PS2-2,https://education.asfai.org/frameworks/ngss-ms/versions/2013/items/MS-PS2-2,unreviewed,mt_vuNjYx3qOy,ngss-ms:MS-PS2-2
https://education.asfai.org/alignments/1969347d-9742-5df8-a7c7-313433607fc8,https://education.asfai.org/objectives/3c2d8353-7fe8-543e-9e08-e8aece4784ab,relatedTo,uk-nc-2013,Eng_App1_Y2_07,https://education.asfai.org/frameworks/uk-nc-2013/versions/september-2013/items/Eng_App1_Y2_07,unreviewed,mt_OgJPbGkrYk,uk-nc-2013:Eng_App1_Y2_07
https://education.asfai.org/alignments/1976c1c4-1209-543c-9b34-876d0900f1db,https://education.asfai.org/objectives/0ff7fe6a-e92e-514b-b88f-b3a784dc51e8,relatedTo,ccss-ela,RI.7.6,https://education.asfai.org/frameworks/ccss-ela/versions/2010/items/RI.7.6,unreviewed,mt_jIcgbCmziD,ccss-ela:RI.7.6
https://education.asfai.org/alignments/197cda97-bb91-55e0-a818-ad2885065a20,https://education.asfai.org/objectives/afe0a8dc-4efa-561a-89ab-eb13483eedda,relatedTo,ccss-ela,RI.6.8,https://education.asfai.org/frameworks/ccss-ela/versions/2010/items/RI.6.8,unreviewed,mt_gMSFymQlrW,ccss-ela:RI.6.8
https://education.asfai.org/alignments/199935ce-03f6-5c02-afb6-d5b78516ac6b,https://education.asfai.org/objectives/8a1c3b95-4b9d-555a-8ed6-38c4c343b6ae,relatedTo,ccss-ela,RL.3.4,https://education.asfai.org/frameworks/ccss-ela/versions/2010/items/RL.3.4,unreviewed,mt_fL1Xz8ostr,ccss-ela:RL.3.4
https://education.asfai.org/alignments/199de129-df81-5ff5-b710-527e0f6a5168,https://education.asfai.org/objectives/3c2d8353-7fe8-543e-9e08-e8aece4784ab,relatedTo,uk-nc-2013,Eng_App1_Y2_20,https://education.asfai.org/frameworks/uk-nc-2013/versions/september-2013/items/Eng_App1_Y2_20,unreviewed,mt_OgJPbGkrYk,uk-nc-2013:Eng_App1_Y2_20
https://education.asfai.org/alignments/19a07c83-51e5-56b5-a792-6fda9074c47c,https://education.asfai.org/objectives/53ef8ff8-6fc8-57a4-862d-785be41e6b2f,relatedTo,uk-nc-2013,Eng_Y1_RC_07,https://education.asfai.org/frameworks/uk-nc-2013/versions/september-2013/items/Eng_Y1_RC_07,unreviewed,mt_5n-O41lUgn,uk-nc-2013:Eng_Y1_RC_07
https://education.asfai.org/alignments/1a26d11f-b75e-5760-9587-f99cb68fd6ac,https://education.asfai.org/objectives/4e23db5b-7c3c-5676-ac37-0e7a18ea54a9,relatedTo,ccss-math,6.EE.3,https://education.asfai.org/frameworks/ccss-math/versions/2010/items/6.EE.3,unreviewed,mt_FX4a2Q8XXN,ccss-math:6.EE.3
https://education.asfai.org/alignments/1a4f497f-97f3-5a1d-9aaa-acddb263ab18,https://education.asfai.org/objectives/48f9ccc6-610c-5a2d-9d10-c5389ae1fc16,relatedTo,ngss-ms,MS-PS2-1,https://education.asfai.org/frameworks/ngss-ms/versions/2013/items/MS-PS2-1,unreviewed,mt_fbYbe3YSVj,ngss-ms:MS-PS2-1
https://education.asfai.org/alignments/1a547659-970f-5960-964a-9a70da53759c,https://education.asfai.org/objectives/607f3ca9-2549-5251-a24b-d2034fecd309,relatedTo,ngss-ms,MS-ESS3-4,https://education.asfai.org/frameworks/ngss-ms/versions/2013/items/MS-ESS3-4,unreviewed,mt_0e5rZxbAeR,ngss-ms:MS-ESS3-4
https://education.asfai.org/alignments/1a792685-6c5b-515d-aed3-7ab947ae6a7f,https://education.asfai.org/objectives/698d0581-2115-5acc-9ced-b49e07323372,relatedTo,ccss-ela,L.5.3a,https://education.asfai.org/frameworks/ccss-ela/versions/2010/items/L.5.3a,unreviewed,mt_ZO2iP89cld,ccss-ela:L.5.3a
https://education.asfai.org/alignments/1a83af72-5a70-5cca-ac3b-a2b40d3b5268,https://education.asfai.org/objectives/67dd3895-6ede-5c2d-80c9-f96b453110f5,relatedTo,ccss-ela,RF.2.4.b,https://education.asfai.org/frameworks/ccss-ela/versions/2010/items/RF.2.4.b,unreviewed,mt_V-ldQp56bF,ccss-ela:RF.2.4.b
https://education.asfai.org/alignments/1aab6eda-efb4-5612-929a-e5bdccf19eb9,https://education.asfai.org/objectives/9fbc5b96-5351-563b-95d5-c160f22d32cf,relatedTo,ngss-ms,MS-PS1-5,https://education.asfai.org/frameworks/ngss-ms/versions/2013/items/MS-PS1-5,unreviewed,mt_1hgck6ucII,ngss-ms:MS-PS1-5
https://education.asfai.org/alignments/1ace8930-0ea1-5b0b-8169-75d2b17833c4,https://education.asfai.org/objectives/55a5f7be-8cda-5065-8cf2-4a25196600ee,relatedTo,uk-nc-2013,Y1.Sci.A.4,https://education.asfai.org/frameworks/uk-nc-2013/versions/september-2013/items/Y1.Sci.A.4,unreviewed,mt_83gRQ9OPkc,uk-nc-2013:Y1.Sci.A.4
https://education.asfai.org/alignments/1b433bc5-964c-5f1c-8f82-322ad719232d,https://education.asfai.org/objectives/4ae2a007-f408-537e-a5fa-c1a8237a1e42,relatedTo,ccss-ela,SL.4.5,https://education.asfai.org/frameworks/ccss-ela/versions/2010/items/SL.4.5,unreviewed,mt_ZBMcX2oRor,ccss-ela:SL.4.5
https://education.asfai.org/alignments/1b4c4eb1-1bc5-5799-a106-b2e492b3ba14,https://education.asfai.org/objectives/de7114a2-471e-5b82-95ab-7013ede1e207,relatedTo,ccss-math,8.EE.8a,https://education.asfai.org/frameworks/ccss-math/versions/2010/items/8.EE.8a,unreviewed,mt_mqgu72aCMz,ccss-math:8.EE.8a
https://education.asfai.org/alignments/1b64a7b9-419e-53ed-8642-9143cbb5135f,https://education.asfai.org/objectives/a88188bf-4339-59fc-8eca-817aecb45bea,relatedTo,uk-nc-2013,KS3.Sci.WS.SA.1,https://education.asfai.org/frameworks/uk-nc-2013/versions/september-2013/items/KS3.Sci.WS.SA.1,unreviewed,mt_Ae56umVlTT,uk-nc-2013:KS3.Sci.WS.SA.1
https://education.asfai.org/alignments/1b7b8f9a-9f97-5429-89dc-9281f6463179,https://education.asfai.org/objectives/163d7b1d-bc64-580e-8601-92edbf62b03e,relatedTo,ccss-ela,SL.5.1.c,https://education.asfai.org/frameworks/ccss-ela/versions/2010/items/SL.5.1.c,unreviewed,mt_LNYTNpJOGT,ccss-ela:SL.5.1.c
https://education.asfai.org/alignments/1babebbb-9f08-51aa-b71c-79057980f577,https://education.asfai.org/objectives/f9ece574-e332-5f3e-8770-2044bca77272,relatedTo,uk-nc-2013,KS3.Sci.Chem.EA.2,https://education.asfai.org/frameworks/uk-nc-2013/versions/september-2013/items/KS3.Sci.Chem.EA.2,unreviewed,mt_mTpV-0rtkO,uk-nc-2013:KS3.Sci.Chem.EA.2
https://education.asfai.org/alignments/1bc47d3d-7fa8-502a-81f2-e42ae7dbc24e,https://education.asfai.org/objectives/3c2d8353-7fe8-543e-9e08-e8aece4784ab,relatedTo,uk-nc-2013,Eng_App1_Y2_01,https://education.asfai.org/frameworks/uk-nc-2013/versions/september-2013/items/Eng_App1_Y2_01,unreviewed,mt_OgJPbGkrYk,uk-nc-2013:Eng_App1_Y2_01
https://education.asfai.org/alignments/1bd7894d-a5ff-54b3-993a-f8b54ec060eb,https://education.asfai.org/objectives/91ff7bac-b9b2-5bcc-99fd-a6dae8519382,relatedTo,ccss-ela,W.5.9b,https://education.asfai.org/frameworks/ccss-ela/versions/2010/items/W.5.9b,unreviewed,mt_ZxdfRbwkKM,ccss-ela:W.5.9b
https://education.asfai.org/alignments/1bfaaac0-aaa5-5be7-ae11-fce09214c990,https://education.asfai.org/objectives/a52dffcc-61cf-51ab-8f08-c7e3a1804558,relatedTo,uk-nc-2013,Y5.Sci.F.1,https://education.asfai.org/frameworks/uk-nc-2013/versions/september-2013/items/Y5.Sci.F.1,unreviewed,mt_AvrQauS_zX,uk-nc-2013:Y5.Sci.F.1
https://education.asfai.org/alignments/1bfc7e17-1fe7-5c5d-90da-ed6cdc6ce5e8,https://education.asfai.org/objectives/6131ce5a-590d-5eed-b53f-0014b1278992,relatedTo,ccss-ela,RL.7.7,https://education.asfai.org/frameworks/ccss-ela/versions/2010/items/RL.7.7,unreviewed,mt_tIi6L1n7kF,ccss-ela:RL.7.7
https://education.asfai.org/alignments/1c1310f4-c7e4-5000-ace4-9290aff88288,https://education.asfai.org/objectives/a875369f-8550-57fa-9be9-a6af76461d40,relatedTo,ib-pyp-pspe,PSPE-ID-LO-P1-7,https://education.asfai.org/frameworks/ib-pyp-pspe/versions/2009/items/PSPE-ID-LO-P1-7,unreviewed,mt_Iwg2diBSyW,ib-pyp-pspe:PSPE-ID-LO-P1-7
https://education.asfai.org/alignments/1c19f234-48aa-5682-acb5-41d5f14ba93c,https://education.asfai.org/objectives/8a1c3b95-4b9d-555a-8ed6-38c4c343b6ae,relatedTo,ccss-ela,RL.1.4,https://education.asfai.org/frameworks/ccss-ela/versions/2010/items/RL.1.4,unreviewed,mt_fL1Xz8ostr,ccss-ela:RL.1.4
https://education.asfai.org/alignments/1c24bef5-6820-57b6-a347-a5a08bd2752b,https://education.asfai.org/objectives/6acb92b1-ea3d-5b75-9250-27624ecf8e00,relatedTo,uk-nc-2013,Eng/KS1/Y2/C/4,https://education.asfai.org/frameworks/uk-nc-2013/versions/september-2013/items/Eng%2FKS1%2FY2%2FC%2F4,unreviewed,mt_thsY1ZesaU,uk-nc-2013:Eng/KS1/Y2/C/4
https://education.asfai.org/alignments/1c35d6c8-6128-5724-b9b3-8978d4c81f86,https://education.asfai.org/objectives/0fad8183-73ea-5fea-a0d9-85ecf45ec1e1,relatedTo,uk-nc-2013,Eng.App2.Y1.Term.1,https://education.asfai.org/frameworks/uk-nc-2013/versions/september-2013/items/Eng.App2.Y1.Term.1,unreviewed,mt_TfOiog-ALs,uk-nc-2013:Eng.App2.Y1.Term.1
https://education.asfai.org/alignments/1c3c8a9b-828e-542e-af2f-0a8a837482cb,https://education.asfai.org/objectives/45e86b35-1e28-5476-96ed-032bc8b54629,relatedTo,uk-nc-2013,KS3-ENG-R-2a,https://education.asfai.org/frameworks/uk-nc-2013/versions/september-2013/items/KS3-ENG-R-2a,unreviewed,mt_WZnwITSWr8,uk-nc-2013:KS3-ENG-R-2a
https://education.asfai.org/alignments/1c3e1f61-33d7-5444-9c8c-f156362b6d90,https://education.asfai.org/objectives/5e89b84c-0135-54fc-96c9-efdf1e6f7732,relatedTo,uk-nc-2013,Eng_App1_Y1_52,https://education.asfai.org/frameworks/uk-nc-2013/versions/september-2013/items/Eng_App1_Y1_52,unreviewed,mt_9-OHslmt1g,uk-nc-2013:Eng_App1_Y1_52
https://education.asfai.org/alignments/1c8436d9-704c-5243-b4a6-db62f5c42431,https://education.asfai.org/objectives/cdc40e1c-5fda-5d60-b0aa-cbd177189b00,relatedTo,uk-nc-2013,Eng_App1_Y1_08,https://education.asfai.org/frameworks/uk-nc-2013/versions/september-2013/items/Eng_App1_Y1_08,unreviewed,mt_F978c32kDr,uk-nc-2013:Eng_App1_Y1_08
https://education.asfai.org/alignments/1cd2f3ba-514f-5558-bbd2-5ac7270adbc9,https://education.asfai.org/objectives/efe02216-c3fe-5e73-ae58-bb68a18f1866,relatedTo,uk-nc-2013,Y2.Sci.LTH.3,https://education.asfai.org/frameworks/uk-nc-2013/versions/september-2013/items/Y2.Sci.LTH.3,unreviewed,mt_ppENoD8vf1,uk-nc-2013:Y2.Sci.LTH.3
https://education.asfai.org/alignments/1d2f446f-7915-587c-801d-4c77d309b840,https://education.asfai.org/objectives/410c1cde-ca55-5b9e-a2e6-f89b04d51b27,relatedTo,uk-nc-2013,KS3.Sci.Chem.PT.5,https://education.asfai.org/frameworks/uk-nc-2013/versions/september-2013/items/KS3.Sci.Chem.PT.5,unreviewed,mt_Sc_SorJhXW,uk-nc-2013:KS3.Sci.Chem.PT.5
https://education.asfai.org/alignments/1d405be9-209c-58fc-8d28-96e11b5e5d8f,https://education.asfai.org/objectives/802001ee-5acd-5c87-b8a7-e7640bceb8fa,relatedTo,ccss-math,6.EE.9,https://education.asfai.org/frameworks/ccss-math/versions/2010/items/6.EE.9,unreviewed,mt_z5iwdZyeDr,ccss-math:6.EE.9
https://education.asfai.org/alignments/1d427f44-d2c7-5a7e-bbee-ad8cde9d9cf0,https://education.asfai.org/objectives/37ba2255-708f-5ea4-97f0-40fe3bba9547,relatedTo,ccss-ela,L.1.5a,https://education.asfai.org/frameworks/ccss-ela/versions/2010/items/L.1.5a,unreviewed,mt_f_dMmvzxwo,ccss-ela:L.1.5a
https://education.asfai.org/alignments/1d6715f8-8b9b-5457-b142-36876e078173,https://education.asfai.org/objectives/a10be1e5-4bfe-586c-bfb5-2c7d32e62f97,relatedTo,ccss-ela,W.8.1.c,https://education.asfai.org/frameworks/ccss-ela/versions/2010/items/W.8.1.c,unreviewed,mt_Qxyikkkzam,ccss-ela:W.8.1.c
https://education.asfai.org/alignments/1d69eed8-342c-53a2-b01d-58c49c2d9720,https://education.asfai.org/objectives/b88e2f6c-2c97-59cb-b6e4-0ecab08463b1,relatedTo,ib-pyp-pspe,PSPE-ID-LO-P3-10,https://education.asfai.org/frameworks/ib-pyp-pspe/versions/2009/items/PSPE-ID-LO-P3-10,unreviewed,mt_35-DhMh_Yr,ib-pyp-pspe:PSPE-ID-LO-P3-10
https://education.asfai.org/alignments/1d990141-ef17-5ebe-90d0-953251b53f5b,https://education.asfai.org/objectives/05150e37-2615-5209-af28-3bd97083ea08,relatedTo,uk-nc-2013,KS3.Maths.Num.4,https://education.asfai.org/frameworks/uk-nc-2013/versions/september-2013/items/KS3.Maths.Num.4,unreviewed,mt_gNUE4B3vuk,uk-nc-2013:KS3.Maths.Num.4
https://education.asfai.org/alignments/1da99f54-6230-5279-a86f-1e1bd838aef3,https://education.asfai.org/objectives/a6c5156f-d523-53f0-9a76-119e75d53600,relatedTo,uk-nc-2013,Eng_LKS2_Read_Comp_11,https://education.asfai.org/frameworks/uk-nc-2013/versions/september-2013/items/Eng_LKS2_Read_Comp_11,unreviewed,mt_ukLvUD8DFA,uk-nc-2013:Eng_LKS2_Read_Comp_11
https://education.asfai.org/alignments/1dabc421-b703-52fa-8173-e7f4e4f47754,https://education.asfai.org/objectives/2a40157a-b447-54e2-a8aa-abeabf781e10,relatedTo,uk-nc-2013,KS3-ENG-GV-1c,https://education.asfai.org/frameworks/uk-nc-2013/versions/september-2013/items/KS3-ENG-GV-1c,unreviewed,mt_MlmIrLb_7x,uk-nc-2013:KS3-ENG-GV-1c
https://education.asfai.org/alignments/1db5cd8a-2ad0-575c-802e-ba1c944a61e4,https://education.asfai.org/objectives/6acb92b1-ea3d-5b75-9250-27624ecf8e00,relatedTo,uk-nc-2013,Eng_Y1_RC_13,https://education.asfai.org/frameworks/uk-nc-2013/versions/september-2013/items/Eng_Y1_RC_13,unreviewed,mt_thsY1ZesaU,uk-nc-2013:Eng_Y1_RC_13
https://education.asfai.org/alignments/1dd2b958-0c9d-5759-b66d-33565d1a2f65,https://education.asfai.org/objectives/75f80d54-4e15-53a0-a73a-ab0d1c47d69a,relatedTo,ccss-ela,RF.1.3.b,https://education.asfai.org/frameworks/ccss-ela/versions/2010/items/RF.1.3.b,unreviewed,mt__KHQttMde3,ccss-ela:RF.1.3.b
https://education.asfai.org/alignments/1dfb2bea-54bc-5438-8339-a5e94470a1a8,https://education.asfai.org/objectives/de7114a2-471e-5b82-95ab-7013ede1e207,relatedTo,ccss-math,8.EE.8b,https://education.asfai.org/frameworks/ccss-math/versions/2010/items/8.EE.8b,unreviewed,mt_mqgu72aCMz,ccss-math:8.EE.8b
https://education.asfai.org/alignments/1dff00b3-4a4c-5c52-833c-f09b8c392fa2,https://education.asfai.org/objectives/47b11293-2e21-53bd-99a2-b4cd6f436a1d,relatedTo,uk-nc-2013,Eng_Y1_WVGP_05,https://education.asfai.org/frameworks/uk-nc-2013/versions/september-2013/items/Eng_Y1_WVGP_05,unreviewed,mt_yBJyCfhtem,uk-nc-2013:Eng_Y1_WVGP_05
https://education.asfai.org/alignments/1e3e6a7a-b18a-564f-95e6-dfb62dc6797a,https://education.asfai.org/objectives/9c70f20b-c914-5f6f-abb8-1040e6abdf2d,relatedTo,uk-nc-2013,Eng_Y1_RC_05,https://education.asfai.org/frameworks/uk-nc-2013/versions/september-2013/items/Eng_Y1_RC_05,unreviewed,mt_4GiE83rJF_,uk-nc-2013:Eng_Y1_RC_05
https://education.asfai.org/alignments/1e40bb4c-1250-50d1-a0de-0b9e0680a1c2,https://education.asfai.org/objectives/2e9706f2-5d68-5625-95e6-e5da3a45ef2d,relatedTo,uk-nc-2013,Eng_Y1_WH_03,https://education.asfai.org/frameworks/uk-nc-2013/versions/september-2013/items/Eng_Y1_WH_03,unreviewed,mt_H7DquwQi_F,uk-nc-2013:Eng_Y1_WH_03
https://education.asfai.org/alignments/1e45f985-e4b8-541e-916f-bcc2f756dcff,https://education.asfai.org/objectives/ced3866b-71cd-5269-8a4a-2b78c4ca366b,relatedTo,ccss-math,8.G.1a,https://education.asfai.org/frameworks/ccss-math/versions/2010/items/8.G.1a,unreviewed,mt_K0Y15w48SY,ccss-math:8.G.1a
https://education.asfai.org/alignments/1e55e3cb-a486-5fc5-85c0-979ec7073be6,https://education.asfai.org/objectives/1bebfc4e-298e-56b8-ac2a-bc8f02aca01f,relatedTo,ccss-ela,L.K.5d,https://education.asfai.org/frameworks/ccss-ela/versions/2010/items/L.K.5d,unreviewed,mt_VLu59hpQ4T,ccss-ela:L.K.5d
https://education.asfai.org/alignments/1e8a1031-00c1-5381-ab65-6b2079d827ed,https://education.asfai.org/objectives/d844ee14-b683-5b40-b3d2-daf47ba09c81,relatedTo,uk-nc-2013,Maths/Y2/NPV/3,https://education.asfai.org/frameworks/uk-nc-2013/versions/september-2013/items/Maths%2FY2%2FNPV%2F3,unreviewed,mt_9L3NQqgqRd,uk-nc-2013:Maths/Y2/NPV/3
https://education.asfai.org/alignments/1eaf005a-ebd3-5c16-bf46-9cb6c7b93cd2,https://education.asfai.org/objectives/f005d214-3777-5009-a5c8-cfd537b7224b,relatedTo,ccss-ela,W.4.7,https://education.asfai.org/frameworks/ccss-ela/versions/2010/items/W.4.7,unreviewed,mt_FW9_8F52bw,ccss-ela:W.4.7
https://education.asfai.org/alignments/1ece99bf-4b2f-5cb8-81e9-1735904c0e57,https://education.asfai.org/objectives/0c3200a0-c62b-5db7-8d76-5120683fc046,relatedTo,ccss-math,K.MD.1,https://education.asfai.org/frameworks/ccss-math/versions/2010/items/K.MD.1,unreviewed,mt_-P1kdZhHbL,ccss-math:K.MD.1
https://education.asfai.org/alignments/1ed0825b-168b-5a44-90a7-be6a7180732e,https://education.asfai.org/objectives/647e3b36-1425-5b03-8756-336a4295b036,relatedTo,ngss-ms,MS-PS3-5,https://education.asfai.org/frameworks/ngss-ms/versions/2013/items/MS-PS3-5,unreviewed,mt_68pIoiiG4g,ngss-ms:MS-PS3-5
https://education.asfai.org/alignments/1ee0151e-a328-5d77-b32b-673af02b0431,https://education.asfai.org/objectives/4d48525f-c3fa-5303-a237-63d823a1d293,relatedTo,ccss-ela,W.7.3,https://education.asfai.org/frameworks/ccss-ela/versions/2010/items/W.7.3,unreviewed,mt_BLzNxSSdWu,ccss-ela:W.7.3
https://education.asfai.org/alignments/1ee2f22f-5931-5143-af63-dacb5cca9bde,https://education.asfai.org/objectives/6291cc4f-df29-5cf3-b0d7-19a4bfd839f4,relatedTo,uk-nc-2013,KS3.Maths.Alg.7,https://education.asfai.org/frameworks/uk-nc-2013/versions/september-2013/items/KS3.Maths.Alg.7,unreviewed,mt_QhFEDyIwSO,uk-nc-2013:KS3.Maths.Alg.7
https://education.asfai.org/alignments/1f28a24f-2d81-5311-83a4-1f76620bf317,https://education.asfai.org/objectives/c6b8c99b-3df4-5f0d-818a-325eb6af7713,relatedTo,uk-nc-2013,Eng_App1_Y2_14,https://education.asfai.org/frameworks/uk-nc-2013/versions/september-2013/items/Eng_App1_Y2_14,unreviewed,mt_p_jxNLdus4,uk-nc-2013:Eng_App1_Y2_14
https://education.asfai.org/alignments/1f519d17-2aea-5ccb-a5fc-af0c5c2e58a2,https://education.asfai.org/objectives/340033ef-dc71-5c8b-ae17-9669a6a902e5,relatedTo,ccss-math,K.CC.4,https://education.asfai.org/frameworks/ccss-math/versions/2010/items/K.CC.4,unreviewed,mt_dmNvjroCPT,ccss-math:K.CC.4
https://education.asfai.org/alignments/1fba5251-db6e-5db0-9a02-ba65716c0d80,https://education.asfai.org/objectives/4a462ae1-89a4-5a60-962c-587407c2cc45,relatedTo,ib-pyp-pspe,PSPE.INT.P3.LO.7,https://education.asfai.org/frameworks/ib-pyp-pspe/versions/2009/items/PSPE.INT.P3.LO.7,unreviewed,mt_AbnwmKD8oe,ib-pyp-pspe:PSPE.INT.P3.LO.7
https://education.asfai.org/alignments/1fbd1a8e-b213-5e82-9b29-008df8325101,https://education.asfai.org/objectives/920ebef9-547f-53b0-a236-2fd76f69b867,relatedTo,ccss-ela,RI.8.9,https://education.asfai.org/frameworks/ccss-ela/versions/2010/items/RI.8.9,unreviewed,mt_1GF5MeNZPA,ccss-ela:RI.8.9
https://education.asfai.org/alignments/1fcc5896-558b-53b8-842e-bd33f7a1889d,https://education.asfai.org/objectives/2a728732-4b2e-5031-9f4a-e910318491a9,relatedTo,ccss-ela,L.4.1b,https://education.asfai.org/frameworks/ccss-ela/versions/2010/items/L.4.1b,unreviewed,mt_mkDqmejLMw,ccss-ela:L.4.1b
https://education.asfai.org/alignments/1fdc9277-1fed-5918-bf3c-a3d862c9f205,https://education.asfai.org/objectives/20a5b622-00ac-51fa-9374-e4eb5bb29672,relatedTo,ccss-ela,L.7.1c,https://education.asfai.org/frameworks/ccss-ela/versions/2010/items/L.7.1c,unreviewed,mt_IdFxLz-UW9,ccss-ela:L.7.1c
https://education.asfai.org/alignments/20279e8b-efd7-5c15-a20c-67a1f910ae2f,https://education.asfai.org/objectives/107acafd-c11a-5451-954f-98e1369a4f06,relatedTo,ib-pyp-pspe,PSPE-ID-LO-P3-3,https://education.asfai.org/frameworks/ib-pyp-pspe/versions/2009/items/PSPE-ID-LO-P3-3,unreviewed,mt_KA5j5OeGvw,ib-pyp-pspe:PSPE-ID-LO-P3-3
https://education.asfai.org/alignments/20367734-597b-5bfb-a352-182459f00887,https://education.asfai.org/objectives/e90413bc-71fe-513c-9410-4dba124ed1b5,relatedTo,uk-nc-2013,KS3.Sci.Chem.EA.4,https://education.asfai.org/frameworks/uk-nc-2013/versions/september-2013/items/KS3.Sci.Chem.EA.4,unreviewed,mt_NckKLZ3uCE,uk-nc-2013:KS3.Sci.Chem.EA.4
https://education.asfai.org/alignments/2074cf39-46cd-5523-b886-028e2542e1d4,https://education.asfai.org/objectives/0f8011ed-ea20-5129-a3d0-763477f6ad80,relatedTo,ccss-math,K.G.1,https://education.asfai.org/frameworks/ccss-math/versions/2010/items/K.G.1,unreviewed,mt_qeZYF6HZ4o,ccss-math:K.G.1
https://education.asfai.org/alignments/207608ae-10dc-5928-afaa-acadd0ab371e,https://education.asfai.org/objectives/abd8e425-76eb-5b23-9e70-1133dceaa425,relatedTo,ngss-ms,MS-LS4-2,https://education.asfai.org/frameworks/ngss-ms/versions/2013/items/MS-LS4-2,unreviewed,mt_ohUnzoI_nx,ngss-ms:MS-LS4-2
https://education.asfai.org/alignments/20a206a8-cad3-531c-ba4f-8ae63a5156a5,https://education.asfai.org/objectives/59a4289e-ad6b-528f-b53d-09cc3b068205,relatedTo,ccss-math,2.MD.2,https://education.asfai.org/frameworks/ccss-math/versions/2010/items/2.MD.2,unreviewed,mt_jHv4BgRK8B,ccss-math:2.MD.2
https://education.asfai.org/alignments/20b111c3-afb9-587a-9c54-b4cae27ea720,https://education.asfai.org/objectives/84f8f8c1-79e3-5eef-ac51-90341b38c755,relatedTo,ccss-math,K.MD.3,https://education.asfai.org/frameworks/ccss-math/versions/2010/items/K.MD.3,unreviewed,mt_xppl18avyY,ccss-math:K.MD.3
https://education.asfai.org/alignments/20ce1902-eabc-57b4-8896-70cdafb405da,https://education.asfai.org/objectives/9d923432-ba53-5680-b2fe-060559190e59,relatedTo,uk-nc-2013,Y6.Sci.A.1,https://education.asfai.org/frameworks/uk-nc-2013/versions/september-2013/items/Y6.Sci.A.1,unreviewed,mt_BX4D8cCFtQ,uk-nc-2013:Y6.Sci.A.1
https://education.asfai.org/alignments/20d19285-48aa-5e68-b8e4-12d139bc1f5a,https://education.asfai.org/objectives/0e2ee271-4a6d-550e-ba9d-756de58c283a,relatedTo,ccss-ela,RI.K.8,https://education.asfai.org/frameworks/ccss-ela/versions/2010/items/RI.K.8,unreviewed,mt_XeMZdf2Y9W,ccss-ela:RI.K.8
https://education.asfai.org/alignments/21484152-90e5-5a78-b3a1-42c4431046f4,https://education.asfai.org/objectives/a37ad33e-ce25-5531-abc6-0de33a4dfce6,relatedTo,ngss-ms,MS-LS2-1,https://education.asfai.org/frameworks/ngss-ms/versions/2013/items/MS-LS2-1,unreviewed,mt_BOG5zRYtQz,ngss-ms:MS-LS2-1
https://education.asfai.org/alignments/21930aee-6c6b-5274-a5e1-c5f32e681174,https://education.asfai.org/objectives/802001ee-5acd-5c87-b8a7-e7640bceb8fa,relatedTo,uk-nc-2013,KS3.Maths.Alg.6,https://education.asfai.org/frameworks/uk-nc-2013/versions/september-2013/items/KS3.Maths.Alg.6,unreviewed,mt_z5iwdZyeDr,uk-nc-2013:KS3.Maths.Alg.6
https://education.asfai.org/alignments/21c98a9c-2071-5b3b-a570-3ea7ca1883de,https://education.asfai.org/objectives/90711dda-44fb-5d6f-ad9e-e0ab5c2c36d2,relatedTo,ccss-math,1.OA.6,https://education.asfai.org/frameworks/ccss-math/versions/2010/items/1.OA.6,unreviewed,mt__we2TDqnJx,ccss-math:1.OA.6
https://education.asfai.org/alignments/220c7e8e-b4b1-5a82-a941-6c4f54ef1ef6,https://education.asfai.org/objectives/5e89b84c-0135-54fc-96c9-efdf1e6f7732,relatedTo,uk-nc-2013,Eng_App1_Y1_05,https://education.asfai.org/frameworks/uk-nc-2013/versions/september-2013/items/Eng_App1_Y1_05,unreviewed,mt_9-OHslmt1g,uk-nc-2013:Eng_App1_Y1_05
https://education.asfai.org/alignments/220f6ad8-c85e-5ea0-b838-ac084b18a8bc,https://education.asfai.org/objectives/38188101-8ec9-50e6-ae59-9b4515ac93f3,relatedTo,uk-nc-2013,Y4.Sci.E.5,https://education.asfai.org/frameworks/uk-nc-2013/versions/september-2013/items/Y4.Sci.E.5,unreviewed,mt_d-EKO-pKkP,uk-nc-2013:Y4.Sci.E.5
https://education.asfai.org/alignments/226cd38a-5b20-5411-970f-0af46cb048ea,https://education.asfai.org/objectives/901cc841-8d4e-5785-8c3a-fa3ba6d92dff,relatedTo,uk-nc-2013,Y5.Sci.LTH.1,https://education.asfai.org/frameworks/uk-nc-2013/versions/september-2013/items/Y5.Sci.LTH.1,unreviewed,mt_A1Xfu5p5KT,uk-nc-2013:Y5.Sci.LTH.1
https://education.asfai.org/alignments/229a0b48-a062-5ae4-aa28-41c43fce3a83,https://education.asfai.org/objectives/3c2d8353-7fe8-543e-9e08-e8aece4784ab,relatedTo,uk-nc-2013,Eng_App1_Y2_05,https://education.asfai.org/frameworks/uk-nc-2013/versions/september-2013/items/Eng_App1_Y2_05,unreviewed,mt_OgJPbGkrYk,uk-nc-2013:Eng_App1_Y2_05
https://education.asfai.org/alignments/22a40f72-f009-520f-87bc-8603fc80d12f,https://education.asfai.org/objectives/99a7f4b9-231e-5940-b3d5-a2bb7c78d0c3,relatedTo,ib-pyp-pspe,PSPE.INT.P1.LO.3,https://education.asfai.org/frameworks/ib-pyp-pspe/versions/2009/items/PSPE.INT.P1.LO.3,unreviewed,mt_YbX3LD0Eca,ib-pyp-pspe:PSPE.INT.P1.LO.3
https://education.asfai.org/alignments/22cac59d-21a2-5b6e-ab23-0b301bd381dd,https://education.asfai.org/objectives/c6b8c99b-3df4-5f0d-818a-325eb6af7713,relatedTo,uk-nc-2013,Eng_LKS2_Write_Trans_Spell_2,https://education.asfai.org/frameworks/uk-nc-2013/versions/september-2013/items/Eng_LKS2_Write_Trans_Spell_2,unreviewed,mt_p_jxNLdus4,uk-nc-2013:Eng_LKS2_Write_Trans_Spell_2
https://education.asfai.org/alignments/22ef0f4a-7c90-56bc-ac13-e614cd50bb50,https://education.asfai.org/objectives/887d6927-2085-5f5b-a3c8-73f00a280e58,relatedTo,ccss-ela,L.3.2d,https://education.asfai.org/frameworks/ccss-ela/versions/2010/items/L.3.2d,unreviewed,mt_HdI1y5KsBl,ccss-ela:L.3.2d
https://education.asfai.org/alignments/22f7996a-0bce-509c-888d-8ea09c6a4043,https://education.asfai.org/objectives/e64eb39c-de67-5bfe-b8b2-3c5a4910fe60,relatedTo,ccss-ela,RL.7.3,https://education.asfai.org/frameworks/ccss-ela/versions/2010/items/RL.7.3,unreviewed,mt_Hqz5y_tWz2,ccss-ela:RL.7.3
https://education.asfai.org/alignments/22fc2f13-d9a6-565d-b868-970de97597bc,https://education.asfai.org/objectives/6117a017-e31e-5884-ae48-0cb38aad0e7d,relatedTo,uk-nc-2013,Eng_App1_Sp_Y56_01,https://education.asfai.org/frameworks/uk-nc-2013/versions/september-2013/items/Eng_App1_Sp_Y56_01,unreviewed,mt_2X9Cd38eSJ,uk-nc-2013:Eng_App1_Sp_Y56_01
https://education.asfai.org/alignments/231f2c5b-c988-5ace-a6b8-62994c266ce0,https://education.asfai.org/objectives/eb5e16a7-abe0-54f3-99cd-af50bace6c71,relatedTo,uk-nc-2013,Y1.Sci.SC.2,https://education.asfai.org/frameworks/uk-nc-2013/versions/september-2013/items/Y1.Sci.SC.2,unreviewed,mt_go5i87u2b9,uk-nc-2013:Y1.Sci.SC.2
https://education.asfai.org/alignments/234cd27f-deda-5fd3-8f55-0246ef2b3255,https://education.asfai.org/objectives/e7e492a6-3eae-5579-8b51-1d800ffb1202,relatedTo,uk-nc-2013,Y5.Sci.LTH.2,https://education.asfai.org/frameworks/uk-nc-2013/versions/september-2013/items/Y5.Sci.LTH.2,unreviewed,mt_yNWt3GQBNp,uk-nc-2013:Y5.Sci.LTH.2
https://education.asfai.org/alignments/23593c82-d01b-5c48-ac79-5b5405d3f02c,https://education.asfai.org/objectives/bd1602ca-b011-5c38-a067-d7ad33fbe59e,relatedTo,ccss-ela,W.4.2e,https://education.asfai.org/frameworks/ccss-ela/versions/2010/items/W.4.2e,unreviewed,mt_hp2qJ-QRBn,ccss-ela:W.4.2e
https://education.asfai.org/alignments/237e8a01-b2ff-5646-b66b-ced78fe62648,https://education.asfai.org/objectives/7715bc2a-55a9-516a-9542-ddec068424ef,relatedTo,ccss-ela,L.5.2b,https://education.asfai.org/frameworks/ccss-ela/versions/2010/items/L.5.2b,unreviewed,mt_0wUwxyBs5y,ccss-ela:L.5.2b
https://education.asfai.org/alignments/238d9963-8fa8-5bdc-a39e-7a960dd642c6,https://education.asfai.org/objectives/acb1f627-3dd0-5248-a43d-622768fc7fe4,relatedTo,uk-nc-2013,Eng.UKS2.Write.VGP.2c,https://education.asfai.org/frameworks/uk-nc-2013/versions/september-2013/items/Eng.UKS2.Write.VGP.2c,unreviewed,mt_m3-eXac3aP,uk-nc-2013:Eng.UKS2.Write.VGP.2c
https://education.asfai.org/alignments/2397b207-2614-5861-9db8-1d1fd461caba,https://education.asfai.org/objectives/f4addb58-f10b-50dc-bc94-9a45636b38ab,relatedTo,uk-nc-2013,Y6.Sci.L.2,https://education.asfai.org/frameworks/uk-nc-2013/versions/september-2013/items/Y6.Sci.L.2,unreviewed,mt_6w2g7aoPgz,uk-nc-2013:Y6.Sci.L.2
https://education.asfai.org/alignments/23c6b30d-b0bc-5611-8ceb-365950cf902c,https://education.asfai.org/objectives/cfcf4f2a-2ff1-575e-b2db-55933bc6009e,relatedTo,uk-nc-2013,Maths/Y1/NPV/3,https://education.asfai.org/frameworks/uk-nc-2013/versions/september-2013/items/Maths%2FY1%2FNPV%2F3,unreviewed,mt_sYpKWbq5ra,uk-nc-2013:Maths/Y1/NPV/3
https://education.asfai.org/alignments/23cdd3e9-fe9d-5ab6-ab1d-edb48b8dee2d,https://education.asfai.org/objectives/67dd3895-6ede-5c2d-80c9-f96b453110f5,relatedTo,ccss-ela,RF.2.4,https://education.asfai.org/frameworks/ccss-ela/versions/2010/items/RF.2.4,unreviewed,mt_V-ldQp56bF,ccss-ela:RF.2.4
https://education.asfai.org/alignments/23febb84-110b-5f6f-b2f2-214253ac6e5e,https://education.asfai.org/objectives/e90a1f41-79a9-5d63-96c6-9bffea3edb57,relatedTo,uk-nc-2013,KS3.Sci.Chem.PT.2,https://education.asfai.org/frameworks/uk-nc-2013/versions/september-2013/items/KS3.Sci.Chem.PT.2,unreviewed,mt_wfEfQuHOG-,uk-nc-2013:KS3.Sci.Chem.PT.2
https://education.asfai.org/alignments/24284e85-7417-554d-88b8-7c1a6779f749,https://education.asfai.org/objectives/98b725a6-809e-5d24-b473-f58854768362,relatedTo,ib-pyp-pspe,PSPE.INT.P1.LO.8,https://education.asfai.org/frameworks/ib-pyp-pspe/versions/2009/items/PSPE.INT.P1.LO.8,unreviewed,mt_UHQfb-n-w3,ib-pyp-pspe:PSPE.INT.P1.LO.8
https://education.asfai.org/alignments/24378a34-390f-5318-b01c-1522b3a16a68,https://education.asfai.org/objectives/8f1fd161-6d5c-58a5-be8f-669df8985c27,relatedTo,uk-nc-2013,Eng_LKS2_Write_VGP_9,https://education.asfai.org/frameworks/uk-nc-2013/versions/september-2013/items/Eng_LKS2_Write_VGP_9,unreviewed,mt_-mw3JeIjhU,uk-nc-2013:Eng_LKS2_Write_VGP_9
https://education.asfai.org/alignments/244a6866-fca5-505a-860e-12c0f1853645,https://education.asfai.org/objectives/4c6f5723-a34d-5cae-a19d-a24cc3b02375,relatedTo,uk-nc-2013,KS3-ENG-SE-1a,https://education.asfai.org/frameworks/uk-nc-2013/versions/september-2013/items/KS3-ENG-SE-1a,unreviewed,mt_z07UNAIsNc,uk-nc-2013:KS3-ENG-SE-1a
https://education.asfai.org/alignments/24520bbf-07df-5c3d-b73d-d8baf6dfba05,https://education.asfai.org/objectives/3b81d030-84e1-5b78-8ed2-9e70a05aa38f,relatedTo,ccss-ela,RL.1.5,https://education.asfai.org/frameworks/ccss-ela/versions/2010/items/RL.1.5,unreviewed,mt_gZIo5oiBMt,ccss-ela:RL.1.5
https://education.asfai.org/alignments/245d04d2-8838-55fd-8398-a9114d206e4c,https://education.asfai.org/objectives/acb1f627-3dd0-5248-a43d-622768fc7fe4,relatedTo,uk-nc-2013,Eng.App2.Y5.Punc.1,https://education.asfai.org/frameworks/uk-nc-2013/versions/september-2013/items/Eng.App2.Y5.Punc.1,unreviewed,mt_m3-eXac3aP,uk-nc-2013:Eng.App2.Y5.Punc.1
https://education.asfai.org/alignments/24636a88-6ba9-53f6-bbe2-323b7aceb84b,https://education.asfai.org/objectives/203b62a6-a0e7-53b3-89a2-a779d59030f3,relatedTo,uk-nc-2013,KS3.Sci.Phys.Waves.3,https://education.asfai.org/frameworks/uk-nc-2013/versions/september-2013/items/KS3.Sci.Phys.Waves.3,unreviewed,mt_DQk9oDE7gr,uk-nc-2013:KS3.Sci.Phys.Waves.3
https://education.asfai.org/alignments/2464975b-f455-56bc-96cf-b85c60d06c92,https://education.asfai.org/objectives/9fbc5b96-5351-563b-95d5-c160f22d32cf,relatedTo,uk-nc-2013,KS3.Sci.Chem.PIS.5,https://education.asfai.org/frameworks/uk-nc-2013/versions/september-2013/items/KS3.Sci.Chem.PIS.5,unreviewed,mt_1hgck6ucII,uk-nc-2013:KS3.Sci.Chem.PIS.5
https://education.asfai.org/alignments/246a52ef-33cf-53cc-8c68-ecc04ebf8484,https://education.asfai.org/objectives/17ebfeef-6ecf-5c36-901a-b7c6e841ba34,relatedTo,ccss-math,2.MD.3,https://education.asfai.org/frameworks/ccss-math/versions/2010/items/2.MD.3,unreviewed,mt_OzRZ89GrQW,ccss-math:2.MD.3
https://education.asfai.org/alignments/246be386-3fd9-5d4f-a519-de08564e6e28,https://education.asfai.org/objectives/a5d97566-09d2-5876-b648-0846459ebc06,relatedTo,uk-nc-2013,KS3.Sci.WS.AE.1,https://education.asfai.org/frameworks/uk-nc-2013/versions/september-2013/items/KS3.Sci.WS.AE.1,unreviewed,mt_DI1cyAyGyN,uk-nc-2013:KS3.Sci.WS.AE.1
https://education.asfai.org/alignments/249609dd-0da1-5e4f-b179-b81bd2ec9a8d,https://education.asfai.org/objectives/cdc40e1c-5fda-5d60-b0aa-cbd177189b00,relatedTo,uk-nc-2013,Eng_Y1_RWR_02,https://education.asfai.org/frameworks/uk-nc-2013/versions/september-2013/items/Eng_Y1_RWR_02,unreviewed,mt_F978c32kDr,uk-nc-2013:Eng_Y1_RWR_02
https://education.asfai.org/alignments/24b96dfe-6997-52d1-a175-77cd9446523f,https://education.asfai.org/objectives/6414a6e9-769d-56a5-8f56-b701364596ed,relatedTo,uk-nc-2013,KS3.Maths.Prob.3,https://education.asfai.org/frameworks/uk-nc-2013/versions/september-2013/items/KS3.Maths.Prob.3,unreviewed,mt_eSv_w46u6H,uk-nc-2013:KS3.Maths.Prob.3
https://education.asfai.org/alignments/24e01406-876a-5cdd-87f0-d7fc066b3e0f,https://education.asfai.org/objectives/6d432c2f-af86-5030-808c-a5cca36d8238,relatedTo,ccss-ela,W.K.7,https://education.asfai.org/frameworks/ccss-ela/versions/2010/items/W.K.7,unreviewed,mt_4A4RpX-Go9,ccss-ela:W.K.7
https://education.asfai.org/alignments/24f3a888-c764-52fa-9bb7-93dabe9d2ec9,https://education.asfai.org/objectives/7fd001ec-47ec-507f-9d75-e608ad26c2c4,relatedTo,ccss-ela,SL.4.3,https://education.asfai.org/frameworks/ccss-ela/versions/2010/items/SL.4.3,unreviewed,mt_iodbOOmEQs,ccss-ela:SL.4.3
https://education.asfai.org/alignments/24f859df-0ad3-5a83-88bb-8ec05716447d,https://education.asfai.org/objectives/c2aec65b-9484-5772-b0bf-035119f54552,relatedTo,ccss-ela,W.4.1d,https://education.asfai.org/frameworks/ccss-ela/versions/2010/items/W.4.1d,unreviewed,mt_WKxX-b86Vr,ccss-ela:W.4.1d
https://education.asfai.org/alignments/24ff07e1-2ab2-5ba8-b30d-400147925337,https://education.asfai.org/objectives/8aa9a0b5-e679-55fa-b9ac-18f1189578c6,relatedTo,uk-nc-2013,Eng_Y1_WT_02,https://education.asfai.org/frameworks/uk-nc-2013/versions/september-2013/items/Eng_Y1_WT_02,unreviewed,mt_Jq0MjURrRC,uk-nc-2013:Eng_Y1_WT_02
https://education.asfai.org/alignments/250a4b1b-1f4b-5dd4-b391-52de4c8771a0,https://education.asfai.org/objectives/326ac617-63e5-5e79-b1b2-9c13e2fb4d13,relatedTo,uk-nc-2013,KS3-ENG-GV-1a,https://education.asfai.org/frameworks/uk-nc-2013/versions/september-2013/items/KS3-ENG-GV-1a,unreviewed,mt_N5tciHU8cE,uk-nc-2013:KS3-ENG-GV-1a
https://education.asfai.org/alignments/253b5134-f712-5fda-bae8-0cc6bd1dccd2,https://education.asfai.org/objectives/045c8a28-386a-5aea-9105-7a7e6caaa5ab,relatedTo,ib-pyp-pspe,PSPE-ID-CU-P2-3,https://education.asfai.org/frameworks/ib-pyp-pspe/versions/2009/items/PSPE-ID-CU-P2-3,unreviewed,mt_Ytd8XC3eQr,ib-pyp-pspe:PSPE-ID-CU-P2-3
https://education.asfai.org/alignments/25522ae2-e9ed-56f7-a3d6-797e01466f50,https://education.asfai.org/objectives/785c46d6-5d39-56f7-adf9-23930b5bed80,relatedTo,uk-nc-2013,Eng_LKS2_Read_Comp_14,https://education.asfai.org/frameworks/uk-nc-2013/versions/september-2013/items/Eng_LKS2_Read_Comp_14,unreviewed,mt_aVZJhPbc_1,uk-nc-2013:Eng_LKS2_Read_Comp_14
https://education.asfai.org/alignments/2583e7d0-b4bb-561f-91b8-6734851b300d,https://education.asfai.org/objectives/dcaf0553-20eb-52aa-83f3-f36d09cda5dc,relatedTo,ccss-math,6.EE.3,https://education.asfai.org/frameworks/ccss-math/versions/2010/items/6.EE.3,unreviewed,mt_nNNVrLqPW3,ccss-math:6.EE.3
https://education.asfai.org/alignments/258a53e4-fdfa-5b71-b86a-e43b630a83a9,https://education.asfai.org/objectives/c951d042-beec-51bd-af73-d8d6cfd82a30,relatedTo,ccss-ela,SL.4.1.b,https://education.asfai.org/frameworks/ccss-ela/versions/2010/items/SL.4.1.b,unreviewed,mt_yrMniCJu_S,ccss-ela:SL.4.1.b
https://education.asfai.org/alignments/259961d1-5b27-5ded-ba63-82e35f869eff,https://education.asfai.org/objectives/e15efd1a-ba0a-5a70-ad94-d55389642620,relatedTo,ccss-ela,RI.5.6,https://education.asfai.org/frameworks/ccss-ela/versions/2010/items/RI.5.6,unreviewed,mt_5FREdVoS8s,ccss-ela:RI.5.6
https://education.asfai.org/alignments/25a92998-d141-50b3-b83b-5a65758efd03,https://education.asfai.org/objectives/dfbdef3c-dec8-51a4-b9cf-54e19820199d,relatedTo,ib-pyp-pspe,PSPE-ID-LO-P2-5,https://education.asfai.org/frameworks/ib-pyp-pspe/versions/2009/items/PSPE-ID-LO-P2-5,unreviewed,mt_cJjnPjuvCU,ib-pyp-pspe:PSPE-ID-LO-P2-5
https://education.asfai.org/alignments/25b80c98-5cf5-54e9-a3ee-7f4987b31865,https://education.asfai.org/objectives/887d6927-2085-5f5b-a3c8-73f00a280e58,relatedTo,uk-nc-2013,Eng_LKS2_Write_VGP_8,https://education.asfai.org/frameworks/uk-nc-2013/versions/september-2013/items/Eng_LKS2_Write_VGP_8,unreviewed,mt_HdI1y5KsBl,uk-nc-2013:Eng_LKS2_Write_VGP_8
https://education.asfai.org/alignments/25f1b44e-5a54-5958-91c0-75733f6476c5,https://education.asfai.org/objectives/c9776f6d-4d59-5fe3-b4f6-584ea52176d5,relatedTo,ib-pyp-pspe,PSPE-ID-CU-P1-5,https://education.asfai.org/frameworks/ib-pyp-pspe/versions/2009/items/PSPE-ID-CU-P1-5,unreviewed,mt_OJVkWvIaM_,ib-pyp-pspe:PSPE-ID-CU-P1-5
https://education.asfai.org/alignments/26156690-5214-5387-95ef-d3b142576c05,https://education.asfai.org/objectives/575f1901-d8a5-58cf-a74b-1477335278e3,relatedTo,ccss-math,2.MD.1,https://education.asfai.org/frameworks/ccss-math/versions/2010/items/2.MD.1,unreviewed,mt_e4x3l2JeLI,ccss-math:2.MD.1
https://education.asfai.org/alignments/2638930b-878d-5090-a146-88e9a1a9644d,https://education.asfai.org/objectives/335db539-434d-50e1-a0c9-bf9d6748e929,relatedTo,ccss-ela,L.2.2e,https://education.asfai.org/frameworks/ccss-ela/versions/2010/items/L.2.2e,unreviewed,mt_6W5zzDIGZH,ccss-ela:L.2.2e
https://education.asfai.org/alignments/267a7c33-2b33-5dbf-8ddf-bdb74e009627,https://education.asfai.org/objectives/21a64487-cc23-5698-aa33-1ef4e8470352,relatedTo,uk-nc-2013,KS3.Sci.Bio.Cells.2,https://education.asfai.org/frameworks/uk-nc-2013/versions/september-2013/items/KS3.Sci.Bio.Cells.2,unreviewed,mt_bABr-c2DfV,uk-nc-2013:KS3.Sci.Bio.Cells.2
https://education.asfai.org/alignments/26a0390d-7470-5e7e-9a35-bc6255681293,https://education.asfai.org/objectives/c01cafbc-6c39-5008-af49-5fcc13ebfab0,relatedTo,uk-nc-2013,KS3.Sci.Chem.ENG.2,https://education.asfai.org/frameworks/uk-nc-2013/versions/september-2013/items/KS3.Sci.Chem.ENG.2,unreviewed,mt_UoqUPI_uNz,uk-nc-2013:KS3.Sci.Chem.ENG.2
https://education.asfai.org/alignments/26cd925f-2941-5662-b087-cc1004fd12d9,https://education.asfai.org/objectives/abd8e425-76eb-5b23-9e70-1133dceaa425,relatedTo,uk-nc-2013,KS3.Sci.Bio.Adaptation.1,https://education.asfai.org/frameworks/uk-nc-2013/versions/september-2013/items/KS3.Sci.Bio.Adaptation.1,unreviewed,mt_ohUnzoI_nx,uk-nc-2013:KS3.Sci.Bio.Adaptation.1
https://education.asfai.org/alignments/26e0c1d3-835e-5994-aec7-e79d6e732894,https://education.asfai.org/objectives/0ef23c84-509c-54ba-bdbc-12609f31b992,relatedTo,uk-nc-2013,Maths/Y1/NPV/1,https://education.asfai.org/frameworks/uk-nc-2013/versions/september-2013/items/Maths%2FY1%2FNPV%2F1,unreviewed,mt_M5PPDJStGm,uk-nc-2013:Maths/Y1/NPV/1
https://education.asfai.org/alignments/26f15479-6941-54c4-9d37-1db766924864,https://education.asfai.org/objectives/5eb2a0dd-7c3a-5255-bc10-565ded7f0513,relatedTo,ccss-math,1.OA.3,https://education.asfai.org/frameworks/ccss-math/versions/2010/items/1.OA.3,unreviewed,mt_QCgbiVrwnp,ccss-math:1.OA.3
https://education.asfai.org/alignments/26fc7bf3-970c-5c3a-82ef-2693d07e1260,https://education.asfai.org/objectives/c3813ac5-21fb-5123-ad4d-0990f45dc044,relatedTo,ccss-ela,L.K.4a,https://education.asfai.org/frameworks/ccss-ela/versions/2010/items/L.K.4a,unreviewed,mt_6-MYToNZ39,ccss-ela:L.K.4a
https://education.asfai.org/alignments/270d5e47-98b6-5b58-a958-0c6cdd818cb6,https://education.asfai.org/objectives/26024e60-242f-5127-88ca-793f696835ba,relatedTo,ccss-math,7.SP.5,https://education.asfai.org/frameworks/ccss-math/versions/2010/items/7.SP.5,unreviewed,mt_XfyqXLqzpx,ccss-math:7.SP.5
https://education.asfai.org/alignments/273f1783-1428-5978-82fd-f4de7f8166d1,https://education.asfai.org/objectives/0ce49f41-95d1-50e9-96fe-4f61972ff8b3,relatedTo,uk-nc-2013,Eng.UKS2.Write.VGP.1g,https://education.asfai.org/frameworks/uk-nc-2013/versions/september-2013/items/Eng.UKS2.Write.VGP.1g,unreviewed,mt_-tcJeAhK5k,uk-nc-2013:Eng.UKS2.Write.VGP.1g
https://education.asfai.org/alignments/274d379c-84b7-5e39-99f5-f1f8e6c6e5b0,https://education.asfai.org/objectives/91ff7bac-b9b2-5bcc-99fd-a6dae8519382,relatedTo,ccss-ela,W.4.9b,https://education.asfai.org/frameworks/ccss-ela/versions/2010/items/W.4.9b,unreviewed,mt_ZxdfRbwkKM,ccss-ela:W.4.9b
https://education.asfai.org/alignments/275dbce5-5940-5d27-a7d0-df27f396f78d,https://education.asfai.org/objectives/3896ccbe-bcd8-5e99-a9e7-8920a522e1f7,relatedTo,ccss-math,7.NS.1,https://education.asfai.org/frameworks/ccss-math/versions/2010/items/7.NS.1,unreviewed,mt_9QzSnn8m80,ccss-math:7.NS.1
https://education.asfai.org/alignments/27647d6e-01df-5da0-9cc2-6adb81057dee,https://education.asfai.org/objectives/7ec14782-e4de-5ab1-bf31-0c47d6326784,relatedTo,uk-nc-2013,Eng_LKS2_Read_Comp_2,https://education.asfai.org/frameworks/uk-nc-2013/versions/september-2013/items/Eng_LKS2_Read_Comp_2,unreviewed,mt_ZhUuT__i2H,uk-nc-2013:Eng_LKS2_Read_Comp_2
https://education.asfai.org/alignments/276562d1-191c-5f92-87aa-b8b4973fce6b,https://education.asfai.org/objectives/26f778a1-3e06-569b-8fbe-7b88ab283332,relatedTo,ccss-math,7.G.2,https://education.asfai.org/frameworks/ccss-math/versions/2010/items/7.G.2,unreviewed,mt_WtIFJSCQIT,ccss-math:7.G.2
https://education.asfai.org/alignments/276b9375-01c7-5bda-ba61-6ce21390772d,https://education.asfai.org/objectives/39a6bb1c-605b-5291-91a2-410507c4c4d4,relatedTo,ccss-math,1.G.3,https://education.asfai.org/frameworks/ccss-math/versions/2010/items/1.G.3,unreviewed,mt_hyvHv2BCwb,ccss-math:1.G.3
https://education.asfai.org/alignments/27b3d29b-b52b-5ad2-8fb4-850bc9d2cd38,https://education.asfai.org/objectives/f4e7eee6-f86b-5254-851d-199cb9ecf0e8,relatedTo,uk-nc-2013,Eng_App1_Y2_11,https://education.asfai.org/frameworks/uk-nc-2013/versions/september-2013/items/Eng_App1_Y2_11,unreviewed,mt_FYK8m6eHQm,uk-nc-2013:Eng_App1_Y2_11
https://education.asfai.org/alignments/27b5063a-91a8-5ca1-b8db-b6832dd66233,https://education.asfai.org/objectives/84389dbc-932d-5890-b298-9bd42a96680e,relatedTo,uk-nc-2013,Ma/KS2/Y3/AS/2,https://education.asfai.org/frameworks/uk-nc-2013/versions/september-2013/items/Ma%2FKS2%2FY3%2FAS%2F2,unreviewed,mt_SrrsLiJkr3,uk-nc-2013:Ma/KS2/Y3/AS/2
https://education.asfai.org/alignments/27eaa0d1-bc01-58f7-a6f8-8dedcb6860fa,https://education.asfai.org/objectives/16118c96-75c7-5463-a4ee-2d3c40dc6261,relatedTo,uk-nc-2013,KS2L.Sci.WS.8,https://education.asfai.org/frameworks/uk-nc-2013/versions/september-2013/items/KS2L.Sci.WS.8,unreviewed,mt_CVywzrjT_c,uk-nc-2013:KS2L.Sci.WS.8
https://education.asfai.org/alignments/2877387f-6bfc-5c51-9adf-ca9984dff265,https://education.asfai.org/objectives/c557d675-49fe-502b-9434-85ffd36b6307,relatedTo,uk-nc-2013,Y6.Sci.E.1,https://education.asfai.org/frameworks/uk-nc-2013/versions/september-2013/items/Y6.Sci.E.1,unreviewed,mt_vFT_GbkP9m,uk-nc-2013:Y6.Sci.E.1
https://education.asfai.org/alignments/28c33440-1dfb-536d-b10c-5e842b8f8dbb,https://education.asfai.org/objectives/e0272412-787f-5d1f-8cb9-3e307e923207,relatedTo,uk-nc-2013,Eng_Y1_WVGP_02,https://education.asfai.org/frameworks/uk-nc-2013/versions/september-2013/items/Eng_Y1_WVGP_02,unreviewed,mt_YXVQaufkKO,uk-nc-2013:Eng_Y1_WVGP_02
https://education.asfai.org/alignments/28c8b1a1-c3eb-580a-bfe5-c9ae269b75e0,https://education.asfai.org/objectives/8e4aecc5-b7b1-5359-b926-c839d147a292,relatedTo,ccss-ela,RL.7.5,https://education.asfai.org/frameworks/ccss-ela/versions/2010/items/RL.7.5,unreviewed,mt_N5tiL3uIeq,ccss-ela:RL.7.5
https://education.asfai.org/alignments/28fd4513-2802-5f6e-9efa-2c3e608cb0f2,https://education.asfai.org/objectives/0858e8a0-84ce-599c-b948-ee49e13247e3,relatedTo,uk-nc-2013,Ma/KS2/Y3/GPS/4,https://education.asfai.org/frameworks/uk-nc-2013/versions/september-2013/items/Ma%2FKS2%2FY3%2FGPS%2F4,unreviewed,mt_u23IGDxOpk,uk-nc-2013:Ma/KS2/Y3/GPS/4
https://education.asfai.org/alignments/291d3b39-a45d-554d-9319-01e4cf8fb699,https://education.asfai.org/objectives/cf87e012-222e-5619-bc7a-990e2006e975,relatedTo,ccss-math,2.MD.10,https://education.asfai.org/frameworks/ccss-math/versions/2010/items/2.MD.10,unreviewed,mt_VhBH8wrFC6,ccss-math:2.MD.10
https://education.asfai.org/alignments/29210eee-68c3-5328-8237-ffffccd27b7e,https://education.asfai.org/objectives/6291cc4f-df29-5cf3-b0d7-19a4bfd839f4,relatedTo,ccss-math,8.EE.7a,https://education.asfai.org/frameworks/ccss-math/versions/2010/items/8.EE.7a,unreviewed,mt_QhFEDyIwSO,ccss-math:8.EE.7a
https://education.asfai.org/alignments/293571ad-f8bd-518e-a555-2b2557cecee8,https://education.asfai.org/objectives/34407653-cf88-5ebb-9e1c-dd5aa76ab1e8,relatedTo,ccss-ela,RI.6.4,https://education.asfai.org/frameworks/ccss-ela/versions/2010/items/RI.6.4,unreviewed,mt_DVSHx3YMkN,ccss-ela:RI.6.4
https://education.asfai.org/alignments/297a559c-6832-50dc-8b98-384bce710e9e,https://education.asfai.org/objectives/1a22e834-f596-5f0b-94f3-17bc2e8ffa73,relatedTo,ccss-math,7.EE.4b,https://education.asfai.org/frameworks/ccss-math/versions/2010/items/7.EE.4b,unreviewed,mt_i2F1nWxJjv,ccss-math:7.EE.4b
https://education.asfai.org/alignments/29881bac-bcc1-58b3-92b2-4b7e4e8fb7da,https://education.asfai.org/objectives/020f829d-5a25-550c-b07f-ae6eba5de656,relatedTo,uk-nc-2013,Eng_App1_Y1_18,https://education.asfai.org/frameworks/uk-nc-2013/versions/september-2013/items/Eng_App1_Y1_18,unreviewed,mt_C7abt7pRr6,uk-nc-2013:Eng_App1_Y1_18
https://education.asfai.org/alignments/2988d55c-0856-55c6-b332-5b1cfa18c29a,https://education.asfai.org/objectives/e0bbe232-b3b4-5f59-a6bd-a6538c2492a6,relatedTo,uk-nc-2013,Eng.App2.Y6.Sent.1,https://education.asfai.org/frameworks/uk-nc-2013/versions/september-2013/items/Eng.App2.Y6.Sent.1,unreviewed,mt_gbTyzvnWzr,uk-nc-2013:Eng.App2.Y6.Sent.1
https://education.asfai.org/alignments/29ac0db7-6fc1-502d-9f69-71dfa8b48027,https://education.asfai.org/objectives/e109461b-199b-5272-9c09-f75295f9071e,relatedTo,ccss-ela,L.1.4b,https://education.asfai.org/frameworks/ccss-ela/versions/2010/items/L.1.4b,unreviewed,mt_aw0PldeT_L,ccss-ela:L.1.4b
https://education.asfai.org/alignments/29c5e92d-a05f-5c17-b493-d5fd9cebb235,https://education.asfai.org/objectives/4c6f5723-a34d-5cae-a19d-a24cc3b02375,relatedTo,uk-nc-2013,KS3-ENG-SE-1b,https://education.asfai.org/frameworks/uk-nc-2013/versions/september-2013/items/KS3-ENG-SE-1b,unreviewed,mt_z07UNAIsNc,uk-nc-2013:KS3-ENG-SE-1b
https://education.asfai.org/alignments/2a048d58-4238-5629-bae0-c6cf0272c592,https://education.asfai.org/objectives/6cb10bc9-39ce-5989-8246-517b04e2a7c3,relatedTo,uk-nc-2013,Eng_App1_Y1_28,https://education.asfai.org/frameworks/uk-nc-2013/versions/september-2013/items/Eng_App1_Y1_28,unreviewed,mt_a6m7PqTuJN,uk-nc-2013:Eng_App1_Y1_28
https://education.asfai.org/alignments/2a2cc9aa-dbc7-5cf9-ae0a-654ed8065719,https://education.asfai.org/objectives/0188c348-dc30-5b85-9adc-1121a35a2ce3,relatedTo,uk-nc-2013,KS3.Maths.Alg.12,https://education.asfai.org/frameworks/uk-nc-2013/versions/september-2013/items/KS3.Maths.Alg.12,unreviewed,mt_Yw27nweoTj,uk-nc-2013:KS3.Maths.Alg.12
https://education.asfai.org/alignments/2a46637a-c3f6-5120-b980-103fc734c926,https://education.asfai.org/objectives/f7714ff5-8b94-5e7d-bcec-7b4aa92065ba,relatedTo,ccss-math,7.SP.8b,https://education.asfai.org/frameworks/ccss-math/versions/2010/items/7.SP.8b,unreviewed,mt_GDtFU5fyUv,ccss-math:7.SP.8b
https://education.asfai.org/alignments/2a56042b-6c6d-5b26-9a66-1ada0e88c4ee,https://education.asfai.org/objectives/71495540-907b-5216-a5d0-dd2205b0a0dc,relatedTo,ccss-ela,L.4.3c,https://education.asfai.org/frameworks/ccss-ela/versions/2010/items/L.4.3c,unreviewed,mt_86DyHo9zO3,ccss-ela:L.4.3c
https://education.asfai.org/alignments/2a5ffbe9-8eb7-5c54-bd07-59b202da1a6a,https://education.asfai.org/objectives/2c520c26-cb4e-5d9a-b14a-1cd8602a4f38,relatedTo,ccss-ela,RI.5.2,https://education.asfai.org/frameworks/ccss-ela/versions/2010/items/RI.5.2,unreviewed,mt_XnRhhEqJLJ,ccss-ela:RI.5.2
https://education.asfai.org/alignments/2a7b4ff5-3020-5a66-ba0f-8b6f180c5d74,https://education.asfai.org/objectives/6cb10bc9-39ce-5989-8246-517b04e2a7c3,relatedTo,uk-nc-2013,Eng_App1_Y1_22,https://education.asfai.org/frameworks/uk-nc-2013/versions/september-2013/items/Eng_App1_Y1_22,unreviewed,mt_a6m7PqTuJN,uk-nc-2013:Eng_App1_Y1_22
https://education.asfai.org/alignments/2acd0977-4c55-545e-bf23-8aff9ac582d7,https://education.asfai.org/objectives/0188c348-dc30-5b85-9adc-1121a35a2ce3,relatedTo,ccss-math,8.F.5,https://education.asfai.org/frameworks/ccss-math/versions/2010/items/8.F.5,unreviewed,mt_Yw27nweoTj,ccss-math:8.F.5
https://education.asfai.org/alignments/2b056e06-4b76-5812-a0e4-32726a5124ac,https://education.asfai.org/objectives/80663dc2-4a27-5abe-bf66-c28667f59649,relatedTo,ngss-ms,MS-LS1-1,https://education.asfai.org/frameworks/ngss-ms/versions/2013/items/MS-LS1-1,unreviewed,mt_lMLeNLDRO8,ngss-ms:MS-LS1-1
https://education.asfai.org/alignments/2b065719-8c94-5e61-aa9c-05149dc53910,https://education.asfai.org/objectives/c2aec65b-9484-5772-b0bf-035119f54552,relatedTo,ccss-ela,W.5.1a,https://education.asfai.org/frameworks/ccss-ela/versions/2010/items/W.5.1a,unreviewed,mt_WKxX-b86Vr,ccss-ela:W.5.1a
https://education.asfai.org/alignments/2b40581e-0334-5870-85aa-f1290ea6f1dc,https://education.asfai.org/objectives/2a40157a-b447-54e2-a8aa-abeabf781e10,relatedTo,ccss-ela,L.7.5,https://education.asfai.org/frameworks/ccss-ela/versions/2010/items/L.7.5,unreviewed,mt_MlmIrLb_7x,ccss-ela:L.7.5
https://education.asfai.org/alignments/2bdf6347-8a68-5f72-bc8d-bb2c2c122431,https://education.asfai.org/objectives/119ad0e1-cdf9-539c-90ec-7e036728bab2,relatedTo,ccss-ela,L.1.2d,https://education.asfai.org/frameworks/ccss-ela/versions/2010/items/L.1.2d,unreviewed,mt_BhYJZUsErp,ccss-ela:L.1.2d
https://education.asfai.org/alignments/2be576e5-ee05-5aae-9a5f-8ada15d6d315,https://education.asfai.org/objectives/bd1602ca-b011-5c38-a067-d7ad33fbe59e,relatedTo,ccss-ela,W.4.2d,https://education.asfai.org/frameworks/ccss-ela/versions/2010/items/W.4.2d,unreviewed,mt_hp2qJ-QRBn,ccss-ela:W.4.2d
https://education.asfai.org/alignments/2bf85f5e-fc90-5725-996e-8cf881530e48,https://education.asfai.org/objectives/cab7a163-bd42-5e5a-b239-37d569304deb,relatedTo,uk-nc-2013,Eng.App2.Y6.Text.1,https://education.asfai.org/frameworks/uk-nc-2013/versions/september-2013/items/Eng.App2.Y6.Text.1,unreviewed,mt_hjtbA3g-Nn,uk-nc-2013:Eng.App2.Y6.Text.1
https://education.asfai.org/alignments/2c14b098-70ed-5259-a2cd-ed1467cee858,https://education.asfai.org/objectives/242ee901-6b99-5acc-b884-69ca270f3fc6,relatedTo,uk-nc-2013,Eng/KS1/Y2/VGP/2a,https://education.asfai.org/frameworks/uk-nc-2013/versions/september-2013/items/Eng%2FKS1%2FY2%2FVGP%2F2a,unreviewed,mt_u1-UfD0rTH,uk-nc-2013:Eng/KS1/Y2/VGP/2a
https://education.asfai.org/alignments/2c38438e-5c11-5896-8489-f5a2becbcf92,https://education.asfai.org/objectives/6f41b9e6-406f-56ae-8ddc-33082de1be85,relatedTo,uk-nc-2013,Ma/KS2/Y3/MD/2,https://education.asfai.org/frameworks/uk-nc-2013/versions/september-2013/items/Ma%2FKS2%2FY3%2FMD%2F2,unreviewed,mt_DyGBW3ZHh3,uk-nc-2013:Ma/KS2/Y3/MD/2
https://education.asfai.org/alignments/2c3a276e-ee05-5b82-8ee8-4e5dc28a8de8,https://education.asfai.org/objectives/f2445640-a568-5d68-8423-9cd24817464f,relatedTo,ngss-k5,5-PS1-3,https://education.asfai.org/frameworks/ngss-k5/versions/2013/items/5-PS1-3,unreviewed,mt_Ge4Wtg6QMM,ngss-k5:5-PS1-3
https://education.asfai.org/alignments/2ccf8a83-a181-544d-9a91-f005c1b25972,https://education.asfai.org/objectives/b76dd77e-4dfe-5cc2-bad0-940fa40f6c26,relatedTo,ccss-math,6.NS.7b,https://education.asfai.org/frameworks/ccss-math/versions/2010/items/6.NS.7b,unreviewed,mt_uDJY0X0hgo,ccss-math:6.NS.7b
https://education.asfai.org/alignments/2ced60a9-1a9e-59c8-a1f8-f3fd603660e1,https://education.asfai.org/objectives/42ea09e7-9fee-540f-9e2e-f697cb5d3f0e,relatedTo,uk-nc-2013,Maths/Y2/F/1,https://education.asfai.org/frameworks/uk-nc-2013/versions/september-2013/items/Maths%2FY2%2FF%2F1,unreviewed,mt_cFltwUQi-d,uk-nc-2013:Maths/Y2/F/1
https://education.asfai.org/alignments/2d64a336-3e0b-58da-82b2-fef1ac1832ac,https://education.asfai.org/objectives/4e23db5b-7c3c-5676-ac37-0e7a18ea54a9,relatedTo,ccss-math,7.EE.1,https://education.asfai.org/frameworks/ccss-math/versions/2010/items/7.EE.1,unreviewed,mt_FX4a2Q8XXN,ccss-math:7.EE.1
https://education.asfai.org/alignments/2da01d9e-bb97-52ef-8f2c-7e46bbcdf696,https://education.asfai.org/objectives/4ae2a007-f408-537e-a5fa-c1a8237a1e42,relatedTo,ccss-ela,SL.1.4,https://education.asfai.org/frameworks/ccss-ela/versions/2010/items/SL.1.4,unreviewed,mt_ZBMcX2oRor,ccss-ela:SL.1.4
https://education.asfai.org/alignments/2da68383-1a68-5243-9a4b-ba7586683772,https://education.asfai.org/objectives/c9dcae22-cb94-5be8-b4a6-0f4cda8504ed,relatedTo,uk-nc-2013,Maths/Y1/M/11,https://education.asfai.org/frameworks/uk-nc-2013/versions/september-2013/items/Maths%2FY1%2FM%2F11,unreviewed,mt_bj1YCgNWUx,uk-nc-2013:Maths/Y1/M/11
https://education.asfai.org/alignments/2db19747-c511-555b-9cb6-41a56e4e16ca,https://education.asfai.org/objectives/7a2e2e2f-3662-5019-8313-fed166fce2f1,relatedTo,ccss-math,2.G.2,https://education.asfai.org/frameworks/ccss-math/versions/2010/items/2.G.2,unreviewed,mt_UTnDKQkVX5,ccss-math:2.G.2
https://education.asfai.org/alignments/2dbee704-8546-5ddb-8c8c-ed1d1de95b34,https://education.asfai.org/objectives/aaf4569d-73da-515b-ace2-cfabd5648fa0,relatedTo,uk-nc-2013,KS3.Sci.Bio.Adaptation.5,https://education.asfai.org/frameworks/uk-nc-2013/versions/september-2013/items/KS3.Sci.Bio.Adaptation.5,unreviewed,mt_6aJUzBYGNs,uk-nc-2013:KS3.Sci.Bio.Adaptation.5
https://education.asfai.org/alignments/2dea1659-ca16-5ddd-a6c2-eee21a2edb9b,https://education.asfai.org/objectives/3f9d7beb-adad-540e-974d-cc1553e888d7,relatedTo,uk-nc-2013,Eng/KS1/Y2/VGP/2d,https://education.asfai.org/frameworks/uk-nc-2013/versions/september-2013/items/Eng%2FKS1%2FY2%2FVGP%2F2d,unreviewed,mt_wq-1OJ_8s5,uk-nc-2013:Eng/KS1/Y2/VGP/2d
https://education.asfai.org/alignments/2df92162-0745-5350-bad2-21a34d25751d,https://education.asfai.org/objectives/d0c1d50a-83af-54ca-9171-2226e8c535bd,relatedTo,uk-nc-2013,Eng_LKS2_Write_Comp_6,https://education.asfai.org/frameworks/uk-nc-2013/versions/september-2013/items/Eng_LKS2_Write_Comp_6,unreviewed,mt_AvJMWQbDsr,uk-nc-2013:Eng_LKS2_Write_Comp_6
https://education.asfai.org/alignments/2e1de835-3ee6-5eb7-aea2-0947d175e414,https://education.asfai.org/objectives/841959dc-4bdf-56b2-b92a-ac975b5122bf,relatedTo,uk-nc-2013,KS3.Sci.Phys.MotionAndForces.4,https://education.asfai.org/frameworks/uk-nc-2013/versions/september-2013/items/KS3.Sci.Phys.MotionAndForces.4,unreviewed,mt_AiWlJfvC3O,uk-nc-2013:KS3.Sci.Phys.MotionAndForces.4
https://education.asfai.org/alignments/2e5ff5de-5d0b-5538-8df7-33b29b63d5f0,https://education.asfai.org/objectives/45e86b35-1e28-5476-96ed-032bc8b54629,relatedTo,ccss-ela,L.6.4,https://education.asfai.org/frameworks/ccss-ela/versions/2010/items/L.6.4,unreviewed,mt_WZnwITSWr8,ccss-ela:L.6.4
https://education.asfai.org/alignments/2e712cee-770d-5054-bf9d-b962373982de,https://education.asfai.org/objectives/4dab86eb-e282-508c-ba6c-62fc98dd0614,relatedTo,uk-nc-2013,Y3.Sci.FM.3,https://education.asfai.org/frameworks/uk-nc-2013/versions/september-2013/items/Y3.Sci.FM.3,unreviewed,mt_9NvuqZKNiV,uk-nc-2013:Y3.Sci.FM.3
https://education.asfai.org/alignments/2e7305de-b473-597c-89d4-d71b4acd1ee0,https://education.asfai.org/objectives/985a9799-8e3f-549c-b817-2a77ed98f56c,relatedTo,uk-nc-2013,KS3.Sci.Bio.Nutrition.1,https://education.asfai.org/frameworks/uk-nc-2013/versions/september-2013/items/KS3.Sci.Bio.Nutrition.1,unreviewed,mt_sDmrVCfzqt,uk-nc-2013:KS3.Sci.Bio.Nutrition.1
https://education.asfai.org/alignments/2eb2f6c2-5c47-5eae-8cf0-bba0c0221877,https://education.asfai.org/objectives/d124cae8-2661-5041-867c-46c945c6422b,relatedTo,ccss-ela,L.5.2a,https://education.asfai.org/frameworks/ccss-ela/versions/2010/items/L.5.2a,unreviewed,mt_ntqNLHsj5n,ccss-ela:L.5.2a
https://education.asfai.org/alignments/2ed9d1b4-cabe-5d1e-81be-ad5166fb3c1d,https://education.asfai.org/objectives/c3813ac5-21fb-5123-ad4d-0990f45dc044,relatedTo,uk-nc-2013,Eng_LKS2_Read_Comp_9,https://education.asfai.org/frameworks/uk-nc-2013/versions/september-2013/items/Eng_LKS2_Read_Comp_9,unreviewed,mt_6-MYToNZ39,uk-nc-2013:Eng_LKS2_Read_Comp_9
https://education.asfai.org/alignments/2ed9f815-a16c-533c-ac39-b9ec945446fe,https://education.asfai.org/objectives/96806439-b5f7-5880-b6e1-946b91cd3b09,relatedTo,ccss-ela,RI.7.1,https://education.asfai.org/frameworks/ccss-ela/versions/2010/items/RI.7.1,unreviewed,mt_dmFnJzxKwz,ccss-ela:RI.7.1
https://education.asfai.org/alignments/2f255262-f181-59b9-bc2d-347d9b7f0512,https://education.asfai.org/objectives/b465642d-99cf-56a8-9c76-9f2f2e29e350,relatedTo,ngss-ms,MS-LS3-2,https://education.asfai.org/frameworks/ngss-ms/versions/2013/items/MS-LS3-2,unreviewed,mt_o7FJPDsHiW,ngss-ms:MS-LS3-2
https://education.asfai.org/alignments/2f4c2280-f603-5eeb-a4ff-81c9ae465a28,https://education.asfai.org/objectives/6937d4da-46c0-55d4-8203-8e46756f4549,relatedTo,ccss-math,8.F.4,https://education.asfai.org/frameworks/ccss-math/versions/2010/items/8.F.4,unreviewed,mt_HRKzwEQJgO,ccss-math:8.F.4
https://education.asfai.org/alignments/2f5450b5-5ade-5b09-b81f-6f3a5e8e9744,https://education.asfai.org/objectives/7769bed0-2611-5d3b-b0d1-9af7fb56fa53,relatedTo,uk-nc-2013,Ma/KS2/Y4/NPV/1,https://education.asfai.org/frameworks/uk-nc-2013/versions/september-2013/items/Ma%2FKS2%2FY4%2FNPV%2F1,unreviewed,mt_7rJM8eWUfw,uk-nc-2013:Ma/KS2/Y4/NPV/1
https://education.asfai.org/alignments/2f5e1849-31cd-5458-b301-91aaa8cbf121,https://education.asfai.org/objectives/2b5507ff-335d-5b73-9bac-34584826ae5a,relatedTo,ccss-math,1.NBT.2.c,https://education.asfai.org/frameworks/ccss-math/versions/2010/items/1.NBT.2.c,unreviewed,mt_zfy1gOEewd,ccss-math:1.NBT.2.c
https://education.asfai.org/alignments/2f7ec171-b5b7-558c-b1f8-eac998fd9b59,https://education.asfai.org/objectives/8921a704-6ae4-5456-a14d-ad98482abfb8,relatedTo,ccss-math,6.RP.1,https://education.asfai.org/frameworks/ccss-math/versions/2010/items/6.RP.1,unreviewed,mt_xAf2bu9wYK,ccss-math:6.RP.1
https://education.asfai.org/alignments/2fb365ac-8e9f-57fb-9a4a-02fcac04cd89,https://education.asfai.org/objectives/d23626a6-e83f-52ae-8b91-a58594aefb25,relatedTo,uk-nc-2013,Maths/Y1/AS/3,https://education.asfai.org/frameworks/uk-nc-2013/versions/september-2013/items/Maths%2FY1%2FAS%2F3,unreviewed,mt_mr_Vk7FGzK,uk-nc-2013:Maths/Y1/AS/3
https://education.asfai.org/alignments/2fbb3b7e-1b88-54a1-a578-1b7bdf96a052,https://education.asfai.org/objectives/96806439-b5f7-5880-b6e1-946b91cd3b09,relatedTo,ccss-ela,RL.8.1,https://education.asfai.org/frameworks/ccss-ela/versions/2010/items/RL.8.1,unreviewed,mt_dmFnJzxKwz,ccss-ela:RL.8.1
https://education.asfai.org/alignments/2fea4281-3bfa-5efe-99fa-22bfc8404c6a,https://education.asfai.org/objectives/f99c690d-1ee1-5926-b26b-0a91bb570745,relatedTo,ngss-ms,MS-LS1-7,https://education.asfai.org/frameworks/ngss-ms/versions/2013/items/MS-LS1-7,unreviewed,mt_0NlbulkB5P,ngss-ms:MS-LS1-7
https://education.asfai.org/alignments/2feff614-109e-5ee1-a23b-35be2d3cb005,https://education.asfai.org/objectives/edd86251-53ae-57d7-8a6f-63683764599e,relatedTo,uk-nc-2013,Y3.Sci.L.4,https://education.asfai.org/frameworks/uk-nc-2013/versions/september-2013/items/Y3.Sci.L.4,unreviewed,mt_Oru08pKlxd,uk-nc-2013:Y3.Sci.L.4
https://education.asfai.org/alignments/2ffae696-2509-50de-946c-54206e83d723,https://education.asfai.org/objectives/d73246ed-a526-5ea6-9a2d-f1fefda425f1,relatedTo,ccss-ela,RL.4.6,https://education.asfai.org/frameworks/ccss-ela/versions/2010/items/RL.4.6,unreviewed,mt_E_OryWIYkn,ccss-ela:RL.4.6
https://education.asfai.org/alignments/301f5489-6800-57e9-ae55-a11aa942b902,https://education.asfai.org/objectives/1a69c1bf-9d8e-52df-abe7-9cdb8c55f3bc,relatedTo,ngss-ms,MS-LS2-4,https://education.asfai.org/frameworks/ngss-ms/versions/2013/items/MS-LS2-4,unreviewed,mt_YvCgDM0Scg,ngss-ms:MS-LS2-4
https://education.asfai.org/alignments/302202d4-f993-52ed-b526-dce2aa99ac00,https://education.asfai.org/objectives/d0c1d50a-83af-54ca-9171-2226e8c535bd,relatedTo,uk-nc-2013,Eng.App2.Y4.Text.1,https://education.asfai.org/frameworks/uk-nc-2013/versions/september-2013/items/Eng.App2.Y4.Text.1,unreviewed,mt_AvJMWQbDsr,uk-nc-2013:Eng.App2.Y4.Text.1
https://education.asfai.org/alignments/3027a6e3-28ee-5c31-9f1a-ce70f236a833,https://education.asfai.org/objectives/99be72bc-7be2-5738-a195-ef69161a05ad,relatedTo,uk-nc-2013,Y6.Sci.EI.1,https://education.asfai.org/frameworks/uk-nc-2013/versions/september-2013/items/Y6.Sci.EI.1,unreviewed,mt_6Z42wJaKYG,uk-nc-2013:Y6.Sci.EI.1
https://education.asfai.org/alignments/304474e4-526f-57d5-9380-01f69951a086,https://education.asfai.org/objectives/04e79f9c-84b7-57d8-840a-eefbb3582dac,relatedTo,uk-nc-2013,Ma/KS2/Y4/NPV/9,https://education.asfai.org/frameworks/uk-nc-2013/versions/september-2013/items/Ma%2FKS2%2FY4%2FNPV%2F9,unreviewed,mt_MewIRdzpzz,uk-nc-2013:Ma/KS2/Y4/NPV/9
https://education.asfai.org/alignments/30591aac-68c4-55cb-81f1-8150a2a7bdb1,https://education.asfai.org/objectives/895bcc99-ad02-5265-9e5e-3979494ec55d,relatedTo,uk-nc-2013,Eng.UKS2.Write.VGP.2b,https://education.asfai.org/frameworks/uk-nc-2013/versions/september-2013/items/Eng.UKS2.Write.VGP.2b,unreviewed,mt_U_HQXCnAaG,uk-nc-2013:Eng.UKS2.Write.VGP.2b
https://education.asfai.org/alignments/306505d8-1b87-5d3e-9304-31847b52a0ab,https://education.asfai.org/objectives/f4e7eee6-f86b-5254-851d-199cb9ecf0e8,relatedTo,ccss-ela,L.1.2d,https://education.asfai.org/frameworks/ccss-ela/versions/2010/items/L.1.2d,unreviewed,mt_FYK8m6eHQm,ccss-ela:L.1.2d
https://education.asfai.org/alignments/306b1a81-13e2-5128-b3af-0d2b4876c82c,https://education.asfai.org/objectives/c4de341e-5161-5bf6-81df-64ee5f9a2a80,relatedTo,ccss-ela,L.3.1d,https://education.asfai.org/frameworks/ccss-ela/versions/2010/items/L.3.1d,unreviewed,mt_enj1sMcfOT,ccss-ela:L.3.1d
https://education.asfai.org/alignments/3077fed6-a16a-5bf1-b5c7-40495938e6b2,https://education.asfai.org/objectives/37ba2255-708f-5ea4-97f0-40fe3bba9547,relatedTo,ccss-ela,L.1.5b,https://education.asfai.org/frameworks/ccss-ela/versions/2010/items/L.1.5b,unreviewed,mt_f_dMmvzxwo,ccss-ela:L.1.5b
https://education.asfai.org/alignments/307e13ab-46fe-58f1-98c8-bc7d656eda53,https://education.asfai.org/objectives/6544e6b6-5f5e-50dd-b8fe-5f559292dc0c,relatedTo,uk-nc-2013,Eng.SL.1,https://education.asfai.org/frameworks/uk-nc-2013/versions/september-2013/items/Eng.SL.1,unreviewed,mt_mB7DVai-Uf,uk-nc-2013:Eng.SL.1
https://education.asfai.org/alignments/31054928-18b1-52df-a162-0ba076fba487,https://education.asfai.org/objectives/a0338df7-6e21-5d76-83da-c225566a996d,relatedTo,ccss-ela,SL.4.4,https://education.asfai.org/frameworks/ccss-ela/versions/2010/items/SL.4.4,unreviewed,mt_ds2TOtP8I1,ccss-ela:SL.4.4
https://education.asfai.org/alignments/31108b8b-9de2-541b-b676-a4fe248ac929,https://education.asfai.org/objectives/4b43c488-700e-5b4f-aea8-cd2708a17002,relatedTo,ngss-k5,2-PS1-3,https://education.asfai.org/frameworks/ngss-k5/versions/2013/items/2-PS1-3,unreviewed,mt_GQpqoR5YOc,ngss-k5:2-PS1-3
https://education.asfai.org/alignments/311f9ac7-6f5a-5f3d-9aae-fe7eadaf3264,https://education.asfai.org/objectives/6c3dd4fa-cc34-5e83-a447-4fd05027b621,relatedTo,ib-pyp-pspe,PSPE-ID-CU-P2-7,https://education.asfai.org/frameworks/ib-pyp-pspe/versions/2009/items/PSPE-ID-CU-P2-7,unreviewed,mt_j8Pv3s7TZR,ib-pyp-pspe:PSPE-ID-CU-P2-7
https://education.asfai.org/alignments/313a44c9-4d51-5c4b-bd7d-b5cb1bc1e8cc,https://education.asfai.org/objectives/2a40157a-b447-54e2-a8aa-abeabf781e10,relatedTo,uk-nc-2013,KS3-ENG-R-3a,https://education.asfai.org/frameworks/uk-nc-2013/versions/september-2013/items/KS3-ENG-R-3a,unreviewed,mt_MlmIrLb_7x,uk-nc-2013:KS3-ENG-R-3a
https://education.asfai.org/alignments/31523fad-871d-55d7-a399-e9f92925e358,https://education.asfai.org/objectives/67dd3895-6ede-5c2d-80c9-f96b453110f5,relatedTo,uk-nc-2013,Eng_LKS2_Read_Word_1,https://education.asfai.org/frameworks/uk-nc-2013/versions/september-2013/items/Eng_LKS2_Read_Word_1,unreviewed,mt_V-ldQp56bF,uk-nc-2013:Eng_LKS2_Read_Word_1
https://education.asfai.org/alignments/31a34425-dc2b-5905-ae26-efbe03c6e7e4,https://education.asfai.org/objectives/48a09a76-28db-5d3c-a6dc-1b5e624ddaca,relatedTo,uk-nc-2013,KS3.Sci.Bio.Cells.5,https://education.asfai.org/frameworks/uk-nc-2013/versions/september-2013/items/KS3.Sci.Bio.Cells.5,unreviewed,mt_g9RcQOhU5d,uk-nc-2013:KS3.Sci.Bio.Cells.5
https://education.asfai.org/alignments/31ec4bb6-8fe4-5220-8702-e70d055466d9,https://education.asfai.org/objectives/6845dd72-74ab-5e87-a663-83528f8e40a3,relatedTo,uk-nc-2013,KS3.Maths.Num.11,https://education.asfai.org/frameworks/uk-nc-2013/versions/september-2013/items/KS3.Maths.Num.11,unreviewed,mt_J339bO7qLe,uk-nc-2013:KS3.Maths.Num.11
https://education.asfai.org/alignments/322c481e-dcd7-5a43-bd5c-37c43f20d5ed,https://education.asfai.org/objectives/fea3e625-6e90-5ccb-ab39-01c57ef89178,relatedTo,uk-nc-2013,KS3.Sci.Phys.MotionAndForces.6,https://education.asfai.org/frameworks/uk-nc-2013/versions/september-2013/items/KS3.Sci.Phys.MotionAndForces.6,unreviewed,mt_vuNjYx3qOy,uk-nc-2013:KS3.Sci.Phys.MotionAndForces.6
https://education.asfai.org/alignments/3232d4d6-b4ce-5e99-9ed0-7527ee6b5551,https://education.asfai.org/objectives/ada3f37b-ca70-5ef2-b570-3df354e5fd3a,relatedTo,uk-nc-2013,Maths/Y1/M/8,https://education.asfai.org/frameworks/uk-nc-2013/versions/september-2013/items/Maths%2FY1%2FM%2F8,unreviewed,mt__N55B7u7HD,uk-nc-2013:Maths/Y1/M/8
https://education.asfai.org/alignments/32f3503f-12fa-573f-b102-e7c67f58bb85,https://education.asfai.org/objectives/573c48f5-fee6-5ff6-9469-3bc58b6c2235,relatedTo,ccss-ela,RL.1.7,https://education.asfai.org/frameworks/ccss-ela/versions/2010/items/RL.1.7,unreviewed,mt_OlhMP7ShFT,ccss-ela:RL.1.7
https://education.asfai.org/alignments/33114af4-33a9-5fb5-9d11-d9d377b29725,https://education.asfai.org/objectives/1636de2c-d928-5612-8a31-ee61433ada46,relatedTo,ngss-k5,K-2-ETS1-2,https://education.asfai.org/frameworks/ngss-k5/versions/2013/items/K-2-ETS1-2,unreviewed,mt_hi8cVycbwn,ngss-k5:K-2-ETS1-2
https://education.asfai.org/alignments/332d0430-f807-53c8-8b0e-1d5a68cc27c0,https://education.asfai.org/objectives/2a40157a-b447-54e2-a8aa-abeabf781e10,relatedTo,ccss-ela,L.7.5a,https://education.asfai.org/frameworks/ccss-ela/versions/2010/items/L.7.5a,unreviewed,mt_MlmIrLb_7x,ccss-ela:L.7.5a
https://education.asfai.org/alignments/336d332d-f5cd-53e1-9da1-93a9d6997d10,https://education.asfai.org/objectives/23b05ba7-5c0c-5363-af4a-5cbf696e385b,relatedTo,ccss-math,2.NBT.8,https://education.asfai.org/frameworks/ccss-math/versions/2010/items/2.NBT.8,unreviewed,mt_izien3ZX51,ccss-math:2.NBT.8
https://education.asfai.org/alignments/33759984-0ffc-592a-8020-f1450d867c2a,https://education.asfai.org/objectives/3ebf8c55-b4a2-5b4d-807b-7592c7a82599,relatedTo,ccss-ela,W.5.8,https://education.asfai.org/frameworks/ccss-ela/versions/2010/items/W.5.8,unreviewed,mt_dRLP8g0SAg,ccss-ela:W.5.8
https://education.asfai.org/alignments/33879f3a-7b0a-5dbd-8bd3-743751d0d162,https://education.asfai.org/objectives/2c74f8a9-35c9-59e0-b108-2e2f9d988705,relatedTo,ccss-ela,L.2.5a,https://education.asfai.org/frameworks/ccss-ela/versions/2010/items/L.2.5a,unreviewed,mt_oL9s_bufDp,ccss-ela:L.2.5a
https://education.asfai.org/alignments/3394ad7c-4d05-5584-abc4-927e900d41cb,https://education.asfai.org/objectives/c210ebf4-894a-5963-b4fe-780fad0a10ca,relatedTo,uk-nc-2013,Maths/Y2/MD/2,https://education.asfai.org/frameworks/uk-nc-2013/versions/september-2013/items/Maths%2FY2%2FMD%2F2,unreviewed,mt_zOWwLxa77y,uk-nc-2013:Maths/Y2/MD/2
https://education.asfai.org/alignments/33e6b1f2-93e8-5bf6-9a68-f1666a8f8f9e,https://education.asfai.org/objectives/bb70a2bf-1952-573a-9688-1d50e85ce934,relatedTo,ib-pyp-pspe,PSPE-ID-CU-P2-2,https://education.asfai.org/frameworks/ib-pyp-pspe/versions/2009/items/PSPE-ID-CU-P2-2,unreviewed,mt_9NQEiYLQA3,ib-pyp-pspe:PSPE-ID-CU-P2-2
https://education.asfai.org/alignments/3421722f-acf4-544d-95b4-e1855e0a8b1d,https://education.asfai.org/objectives/30c07d60-74d2-5117-8340-ee36e2700400,relatedTo,uk-nc-2013,KS3.Sci.Chem.MAT.3,https://education.asfai.org/frameworks/uk-nc-2013/versions/september-2013/items/KS3.Sci.Chem.MAT.3,unreviewed,mt_w83U-_noVR,uk-nc-2013:KS3.Sci.Chem.MAT.3
https://education.asfai.org/alignments/3421a3de-d980-5a24-afc0-00fe65ca4efe,https://education.asfai.org/objectives/4dab86eb-e282-508c-ba6c-62fc98dd0614,relatedTo,uk-nc-2013,Y3.Sci.FM.4,https://education.asfai.org/frameworks/uk-nc-2013/versions/september-2013/items/Y3.Sci.FM.4,unreviewed,mt_9NvuqZKNiV,uk-nc-2013:Y3.Sci.FM.4
https://education.asfai.org/alignments/345a1daf-b7fe-54fd-bb72-4785eb26fa5d,https://education.asfai.org/objectives/17121b57-59f3-55a6-a7fb-663727c79663,relatedTo,ccss-ela,RF.1.3.d,https://education.asfai.org/frameworks/ccss-ela/versions/2010/items/RF.1.3.d,unreviewed,mt_kVzAFMuFc4,ccss-ela:RF.1.3.d
https://education.asfai.org/alignments/3463ee1e-d011-5fe3-80bb-2553dbc7f192,https://education.asfai.org/objectives/e6fd5b7b-2bb4-5aa7-88a6-8eecc4c0da42,relatedTo,ccss-ela,W.4.3c,https://education.asfai.org/frameworks/ccss-ela/versions/2010/items/W.4.3c,unreviewed,mt_vauULTecMH,ccss-ela:W.4.3c
https://education.asfai.org/alignments/346d322e-a869-59ae-a108-e5031c9c5751,https://education.asfai.org/objectives/9a5c07b8-e2ed-5174-9d8b-b128adce2158,relatedTo,ccss-ela,L.2.1a,https://education.asfai.org/frameworks/ccss-ela/versions/2010/items/L.2.1a,unreviewed,mt_nFBLNoChD0,ccss-ela:L.2.1a
https://education.asfai.org/alignments/354f502e-d7ac-52b8-86e3-6dacc3e63b0f,https://education.asfai.org/objectives/6a40ac28-4eec-58d5-ae05-cdbe01a24923,relatedTo,ccss-ela,L.1.1h,https://education.asfai.org/frameworks/ccss-ela/versions/2010/items/L.1.1h,unreviewed,mt_RioBUxHz1X,ccss-ela:L.1.1h
https://education.asfai.org/alignments/35668e7d-87c1-5fc5-adb2-5797070a4c7c,https://education.asfai.org/objectives/97338549-db3d-5e13-8b30-271e446f16dd,relatedTo,uk-nc-2013,Eng_Y1_WT_08,https://education.asfai.org/frameworks/uk-nc-2013/versions/september-2013/items/Eng_Y1_WT_08,unreviewed,mt_QdMMLRYWhn,uk-nc-2013:Eng_Y1_WT_08
https://education.asfai.org/alignments/35929984-12af-5b9c-ac5d-72e65ea78bf6,https://education.asfai.org/objectives/261fa05e-877c-5074-a0e1-347fe48b4422,relatedTo,ngss-k5,3-PS2-3,https://education.asfai.org/frameworks/ngss-k5/versions/2013/items/3-PS2-3,unreviewed,mt_jgNB2752b9,ngss-k5:3-PS2-3
https://education.asfai.org/alignments/35d5694e-af27-5ffe-9e1d-eafb1c0a9b7e,https://education.asfai.org/objectives/d1739747-d95d-523e-8af6-5efad69031f0,relatedTo,uk-nc-2013,Ma/KS2/Y3/M/7,https://education.asfai.org/frameworks/uk-nc-2013/versions/september-2013/items/Ma%2FKS2%2FY3%2FM%2F7,unreviewed,mt_4emC463IyW,uk-nc-2013:Ma/KS2/Y3/M/7
https://education.asfai.org/alignments/36abe2ba-8ae4-519b-ae58-e5c1e2ff5f78,https://education.asfai.org/objectives/c3813ac5-21fb-5123-ad4d-0990f45dc044,relatedTo,ccss-ela,L.4.4a,https://education.asfai.org/frameworks/ccss-ela/versions/2010/items/L.4.4a,unreviewed,mt_6-MYToNZ39,ccss-ela:L.4.4a
https://education.asfai.org/alignments/36dbb93a-2600-5b18-9b53-b0c02388f640,https://education.asfai.org/objectives/743b3c51-5c65-55fb-8109-fa1ef77fa6f5,relatedTo,ccss-ela,W.4.4,https://education.asfai.org/frameworks/ccss-ela/versions/2010/items/W.4.4,unreviewed,mt_cB7hV8sw7X,ccss-ela:W.4.4
https://education.asfai.org/alignments/3708200e-97aa-523c-af8a-1bd5f6389034,https://education.asfai.org/objectives/8a1c3b95-4b9d-555a-8ed6-38c4c343b6ae,relatedTo,uk-nc-2013,Eng/KS1/Y2/C/1e,https://education.asfai.org/frameworks/uk-nc-2013/versions/september-2013/items/Eng%2FKS1%2FY2%2FC%2F1e,unreviewed,mt_fL1Xz8ostr,uk-nc-2013:Eng/KS1/Y2/C/1e
https://education.asfai.org/alignments/3718aa86-d6dd-5d50-b1b8-0246254e7ead,https://education.asfai.org/objectives/0c3200a0-c62b-5db7-8d76-5120683fc046,relatedTo,uk-nc-2013,Maths/Y1/M/2,https://education.asfai.org/frameworks/uk-nc-2013/versions/september-2013/items/Maths%2FY1%2FM%2F2,unreviewed,mt_-P1kdZhHbL,uk-nc-2013:Maths/Y1/M/2
https://education.asfai.org/alignments/372d19a0-a558-5314-8bc4-2db26b92fec4,https://education.asfai.org/objectives/754ae04a-0907-532c-81af-cff93c32f3a2,relatedTo,uk-nc-2013,Eng.UKS2.Read.Comp.2b,https://education.asfai.org/frameworks/uk-nc-2013/versions/september-2013/items/Eng.UKS2.Read.Comp.2b,unreviewed,mt_E5KC4AnRLW,uk-nc-2013:Eng.UKS2.Read.Comp.2b
https://education.asfai.org/alignments/37aaf8eb-4cfb-58ba-b14b-85c262391b4c,https://education.asfai.org/objectives/3c2d8353-7fe8-543e-9e08-e8aece4784ab,relatedTo,ccss-ela,RF.1.3.a,https://education.asfai.org/frameworks/ccss-ela/versions/2010/items/RF.1.3.a,unreviewed,mt_OgJPbGkrYk,ccss-ela:RF.1.3.a
https://education.asfai.org/alignments/380139ee-d1c2-5b9f-ae0a-c37fa9b7d80f,https://education.asfai.org/objectives/4d48525f-c3fa-5303-a237-63d823a1d293,relatedTo,ccss-ela,W.8.3.e,https://education.asfai.org/frameworks/ccss-ela/versions/2010/items/W.8.3.e,unreviewed,mt_BLzNxSSdWu,ccss-ela:W.8.3.e
https://education.asfai.org/alignments/3806c557-1135-5971-a5d8-0e92aa3fcf5e,https://education.asfai.org/objectives/1ed5a4be-6141-5e16-8b90-063649b55350,relatedTo,uk-nc-2013,Eng/KS1/Y2/C/1a,https://education.asfai.org/frameworks/uk-nc-2013/versions/september-2013/items/Eng%2FKS1%2FY2%2FC%2F1a,unreviewed,mt_mLPEMpYb_R,uk-nc-2013:Eng/KS1/Y2/C/1a
https://education.asfai.org/alignments/38171439-960e-54bd-a637-73dbe9f6bdd8,https://education.asfai.org/objectives/4ae2a007-f408-537e-a5fa-c1a8237a1e42,relatedTo,ccss-ela,SL.3.6,https://education.asfai.org/frameworks/ccss-ela/versions/2010/items/SL.3.6,unreviewed,mt_ZBMcX2oRor,ccss-ela:SL.3.6
https://education.asfai.org/alignments/383bfbec-cfeb-5e1f-93a5-9efcf367bd70,https://education.asfai.org/objectives/25379229-b716-5679-8d40-a1a6642cd255,relatedTo,ccss-ela,L.6.2b,https://education.asfai.org/frameworks/ccss-ela/versions/2010/items/L.6.2b,unreviewed,mt_4PA9IrxtCQ,ccss-ela:L.6.2b
https://education.asfai.org/alignments/3862a8be-e09f-51a3-9158-7f04070f500b,https://education.asfai.org/objectives/660bb0b0-71de-54e1-9f71-425c1651085b,relatedTo,uk-nc-2013,Y4.Sci.A.2,https://education.asfai.org/frameworks/uk-nc-2013/versions/september-2013/items/Y4.Sci.A.2,unreviewed,mt_DbXWivdJFB,uk-nc-2013:Y4.Sci.A.2
https://education.asfai.org/alignments/3880888c-9daa-5727-b7f8-6a83b4ffd274,https://education.asfai.org/objectives/90daa586-6d60-5bf8-ba99-c32a9296c6bd,relatedTo,uk-nc-2013,Eng_LKS2_Write_Trans_Spell_1,https://education.asfai.org/frameworks/uk-nc-2013/versions/september-2013/items/Eng_LKS2_Write_Trans_Spell_1,unreviewed,mt_tHtjfjjFrl,uk-nc-2013:Eng_LKS2_Write_Trans_Spell_1
https://education.asfai.org/alignments/38af210e-d71f-5260-8e54-8c7f33edbb92,https://education.asfai.org/objectives/1ad7044c-870a-5628-8607-c721bb6346e5,relatedTo,uk-nc-2013,Eng.UKS2.Write.VGP.1f,https://education.asfai.org/frameworks/uk-nc-2013/versions/september-2013/items/Eng.UKS2.Write.VGP.1f,unreviewed,mt_YQ64pzcLDl,uk-nc-2013:Eng.UKS2.Write.VGP.1f
https://education.asfai.org/alignments/38b06bed-1e34-5244-9aae-d564152d86e7,https://education.asfai.org/objectives/97338549-db3d-5e13-8b30-271e446f16dd,relatedTo,uk-nc-2013,Eng_App1_Y1_12,https://education.asfai.org/frameworks/uk-nc-2013/versions/september-2013/items/Eng_App1_Y1_12,unreviewed,mt_QdMMLRYWhn,uk-nc-2013:Eng_App1_Y1_12
https://education.asfai.org/alignments/38b1b637-8199-5f64-a0e5-2ef5e2f815c3,https://education.asfai.org/objectives/1b4b89ca-e9da-54ec-988b-d92cc90537cb,relatedTo,uk-nc-2013,Eng_App1_Y2_22,https://education.asfai.org/frameworks/uk-nc-2013/versions/september-2013/items/Eng_App1_Y2_22,unreviewed,mt_IntmJBg4VQ,uk-nc-2013:Eng_App1_Y2_22
https://education.asfai.org/alignments/391ba908-6557-5519-90ed-5524067b09db,https://education.asfai.org/objectives/609fae5f-3742-596d-9a60-d0bd4ee254c9,relatedTo,ccss-math,8.G.6,https://education.asfai.org/frameworks/ccss-math/versions/2010/items/8.G.6,unreviewed,mt_1VmTUxBrNd,ccss-math:8.G.6
https://education.asfai.org/alignments/39295853-6fe7-5726-ad3c-0d67e40e82ce,https://education.asfai.org/objectives/a10be1e5-4bfe-586c-bfb5-2c7d32e62f97,relatedTo,ccss-ela,W.8.1,https://education.asfai.org/frameworks/ccss-ela/versions/2010/items/W.8.1,unreviewed,mt_Qxyikkkzam,ccss-ela:W.8.1
https://education.asfai.org/alignments/39358ebe-f8e6-55e1-b216-0ee5e43c2002,https://education.asfai.org/objectives/bb70a2bf-1952-573a-9688-1d50e85ce934,relatedTo,ib-pyp-pspe,PSPE-ID-LO-P2-8,https://education.asfai.org/frameworks/ib-pyp-pspe/versions/2009/items/PSPE-ID-LO-P2-8,unreviewed,mt_9NQEiYLQA3,ib-pyp-pspe:PSPE-ID-LO-P2-8
https://education.asfai.org/alignments/394b444f-51eb-59f5-b8f6-5480b2ab0662,https://education.asfai.org/objectives/3aa391f2-0311-5801-a193-aa1ecd09cd99,relatedTo,ib-pyp-pspe,PSPE.INT.P1.CU.5,https://education.asfai.org/frameworks/ib-pyp-pspe/versions/2009/items/PSPE.INT.P1.CU.5,unreviewed,mt_yCmYV9ruQu,ib-pyp-pspe:PSPE.INT.P1.CU.5
https://education.asfai.org/alignments/397d5deb-e431-515c-af44-67ace840a64e,https://education.asfai.org/objectives/dad223a0-bbe2-5afe-982b-b4602f0b818f,relatedTo,uk-nc-2013,Maths/Y2/NPV/1,https://education.asfai.org/frameworks/uk-nc-2013/versions/september-2013/items/Maths%2FY2%2FNPV%2F1,unreviewed,mt_aHAM29nidj,uk-nc-2013:Maths/Y2/NPV/1
https://education.asfai.org/alignments/39dabb1c-7ddb-5111-a177-12f6b5269dd5,https://education.asfai.org/objectives/7ec14782-e4de-5ab1-bf31-0c47d6326784,relatedTo,ccss-ela,RI.2.6,https://education.asfai.org/frameworks/ccss-ela/versions/2010/items/RI.2.6,unreviewed,mt_ZhUuT__i2H,ccss-ela:RI.2.6
https://education.asfai.org/alignments/39e34f7d-6edf-54ff-88a8-edcbfc52ddc5,https://education.asfai.org/objectives/38fde422-0b02-56dd-b58e-1371012f3acd,relatedTo,ib-pyp-pspe,PSPE-ID-CU-P3-5,https://education.asfai.org/frameworks/ib-pyp-pspe/versions/2009/items/PSPE-ID-CU-P3-5,unreviewed,mt_cEQqskOaoo,ib-pyp-pspe:PSPE-ID-CU-P3-5
https://education.asfai.org/alignments/39ea9121-6c29-560c-9632-34579ce8e947,https://education.asfai.org/objectives/33ac9cbf-db36-5c47-a38a-01b15d693744,relatedTo,ccss-math,K.MD.2,https://education.asfai.org/frameworks/ccss-math/versions/2010/items/K.MD.2,unreviewed,mt_uhuxX8sg9f,ccss-math:K.MD.2
https://education.asfai.org/alignments/39f40ca6-322e-5507-ab90-1ce80454355c,https://education.asfai.org/objectives/0ff7fe6a-e92e-514b-b88f-b3a784dc51e8,relatedTo,ccss-ela,RI.8.6,https://education.asfai.org/frameworks/ccss-ela/versions/2010/items/RI.8.6,unreviewed,mt_jIcgbCmziD,ccss-ela:RI.8.6
https://education.asfai.org/alignments/3a3a6990-468a-5c6c-8afe-65ace7b6e56e,https://education.asfai.org/objectives/08da9ec8-56cc-552e-a76f-f3bf8f0cd74f,relatedTo,uk-nc-2013,KS3.Maths.Num.4,https://education.asfai.org/frameworks/uk-nc-2013/versions/september-2013/items/KS3.Maths.Num.4,unreviewed,mt_9Y96vxG_LH,uk-nc-2013:KS3.Maths.Num.4
https://education.asfai.org/alignments/3a412170-ede2-5983-9b03-efc93667361d,https://education.asfai.org/objectives/6fdadc90-375f-5d2b-807d-8e707dfd2401,relatedTo,uk-nc-2013,Eng.UKS2.Write.VGP.2a,https://education.asfai.org/frameworks/uk-nc-2013/versions/september-2013/items/Eng.UKS2.Write.VGP.2a,unreviewed,mt_VMS3kDQ8sA,uk-nc-2013:Eng.UKS2.Write.VGP.2a
https://education.asfai.org/alignments/3a96de3b-b0f0-5d0d-9037-4396f2fa4e0b,https://education.asfai.org/objectives/50e81227-e750-5992-85b1-3da0cdb2a199,relatedTo,ib-pyp-pspe,PSPE-ID-LO-P3-12,https://education.asfai.org/frameworks/ib-pyp-pspe/versions/2009/items/PSPE-ID-LO-P3-12,unreviewed,mt_HoJGVsMO7H,ib-pyp-pspe:PSPE-ID-LO-P3-12
https://education.asfai.org/alignments/3abc2c09-7c7f-5d84-82cd-f088248851e8,https://education.asfai.org/objectives/993fac31-38b3-5f6c-992f-05f4c43bcb64,relatedTo,uk-nc-2013,Eng/KS1/Y2/C/2b,https://education.asfai.org/frameworks/uk-nc-2013/versions/september-2013/items/Eng%2FKS1%2FY2%2FC%2F2b,unreviewed,mt_rQ2YJJi4uh,uk-nc-2013:Eng/KS1/Y2/C/2b
https://education.asfai.org/alignments/3acc59df-3309-5127-8081-1abab98f10d1,https://education.asfai.org/objectives/52a86573-d92a-509a-9259-a47d2f6603b3,relatedTo,uk-nc-2013,Maths/Y1/M/4,https://education.asfai.org/frameworks/uk-nc-2013/versions/september-2013/items/Maths%2FY1%2FM%2F4,unreviewed,mt_TcG90kS8nu,uk-nc-2013:Maths/Y1/M/4
https://education.asfai.org/alignments/3b0706df-1cfb-5bb9-8c08-a7b0adec6128,https://education.asfai.org/objectives/6d99465d-f31e-5795-8915-a69eca5fe0b5,relatedTo,ngss-k5,1-LS1-2,https://education.asfai.org/frameworks/ngss-k5/versions/2013/items/1-LS1-2,unreviewed,mt_oR6dwRj2Ll,ngss-k5:1-LS1-2
https://education.asfai.org/alignments/3b0d0865-2900-5424-a4b9-faa499e44955,https://education.asfai.org/objectives/efead71c-33f2-5de0-b926-e633ab95a746,relatedTo,uk-nc-2013,Eng.UKS2.Write.Comp.3b,https://education.asfai.org/frameworks/uk-nc-2013/versions/september-2013/items/Eng.UKS2.Write.Comp.3b,unreviewed,mt_pis4novXWQ,uk-nc-2013:Eng.UKS2.Write.Comp.3b
https://education.asfai.org/alignments/3b3e649a-4e5d-5784-94ca-85bce3ba756d,https://education.asfai.org/objectives/6131ce5a-590d-5eed-b53f-0014b1278992,relatedTo,uk-nc-2013,KS3-ENG-R-3d,https://education.asfai.org/frameworks/uk-nc-2013/versions/september-2013/items/KS3-ENG-R-3d,unreviewed,mt_tIi6L1n7kF,uk-nc-2013:KS3-ENG-R-3d
https://education.asfai.org/alignments/3b60aeb6-59de-5a2c-8451-3ce28e304641,https://education.asfai.org/objectives/b7895115-d15a-5e36-806d-cdfe35cc5af6,relatedTo,ccss-ela,W.8.2.a,https://education.asfai.org/frameworks/ccss-ela/versions/2010/items/W.8.2.a,unreviewed,mt_zCUIJLdK_s,ccss-ela:W.8.2.a
https://education.asfai.org/alignments/3b86187b-d8c2-5fe2-aa8c-18b4947fa79d,https://education.asfai.org/objectives/41b2caaf-e764-5afc-b337-82a2aca5bae9,relatedTo,uk-nc-2013,KS3.Sci.Phys.MotionAndForces.2,https://education.asfai.org/frameworks/uk-nc-2013/versions/september-2013/items/KS3.Sci.Phys.MotionAndForces.2,unreviewed,mt_q-1a86ydgU,uk-nc-2013:KS3.Sci.Phys.MotionAndForces.2
https://education.asfai.org/alignments/3b978cca-5251-5edc-afda-a210c2d04e6d,https://education.asfai.org/objectives/416720e1-5f66-5d0a-8140-7c160f56267c,relatedTo,uk-nc-2013,Maths/Y2/GPS/3,https://education.asfai.org/frameworks/uk-nc-2013/versions/september-2013/items/Maths%2FY2%2FGPS%2F3,unreviewed,mt_UooUHC_V7U,uk-nc-2013:Maths/Y2/GPS/3
https://education.asfai.org/alignments/3bd1f316-4879-5079-ba20-17d0fde7299f,https://education.asfai.org/objectives/d0c1d50a-83af-54ca-9171-2226e8c535bd,relatedTo,uk-nc-2013,Eng.App2.Y3.Text.1,https://education.asfai.org/frameworks/uk-nc-2013/versions/september-2013/items/Eng.App2.Y3.Text.1,unreviewed,mt_AvJMWQbDsr,uk-nc-2013:Eng.App2.Y3.Text.1
https://education.asfai.org/alignments/3bdf24c7-8d40-5b35-b23a-ff03d6f980a7,https://education.asfai.org/objectives/67dd3895-6ede-5c2d-80c9-f96b453110f5,relatedTo,ccss-ela,RI.4.10,https://education.asfai.org/frameworks/ccss-ela/versions/2010/items/RI.4.10,unreviewed,mt_V-ldQp56bF,ccss-ela:RI.4.10
https://education.asfai.org/alignments/3be23157-ca78-55c1-9911-c2626d3f87cd,https://education.asfai.org/objectives/37c4b260-2b9f-59bf-9a77-62695156f995,relatedTo,ccss-math,1.OA.4,https://education.asfai.org/frameworks/ccss-math/versions/2010/items/1.OA.4,unreviewed,mt_ezc2m_0dzN,ccss-math:1.OA.4
https://education.asfai.org/alignments/3c3bb916-13ec-57c1-941e-fd06ee9c22b5,https://education.asfai.org/objectives/7775f274-c08e-5f83-8c88-86f5541c3591,relatedTo,ngss-k5,4-PS4-3,https://education.asfai.org/frameworks/ngss-k5/versions/2013/items/4-PS4-3,unreviewed,mt_n5_Jt4ExUd,ngss-k5:4-PS4-3
https://education.asfai.org/alignments/3c7a7b2d-3034-5e9a-ab70-943385315246,https://education.asfai.org/objectives/b5e6a349-599b-5dd4-96ea-5c2eb19e9fae,relatedTo,ccss-math,7.NS.2c,https://education.asfai.org/frameworks/ccss-math/versions/2010/items/7.NS.2c,unreviewed,mt_rxInpOQ74w,ccss-math:7.NS.2c
https://education.asfai.org/alignments/3c7bba10-c2a3-585a-a74b-3f9b4eadf340,https://education.asfai.org/objectives/65b5a693-9fec-5a41-b6c8-2088fe3aa736,relatedTo,uk-nc-2013,Y6.Sci.EI.2,https://education.asfai.org/frameworks/uk-nc-2013/versions/september-2013/items/Y6.Sci.EI.2,unreviewed,mt_cEzX5r7kp0,uk-nc-2013:Y6.Sci.EI.2
https://education.asfai.org/alignments/3cfdf25f-7d46-51a9-8b88-aff58656b12e,https://education.asfai.org/objectives/4ae2a007-f408-537e-a5fa-c1a8237a1e42,relatedTo,ccss-ela,SL.1.5,https://education.asfai.org/frameworks/ccss-ela/versions/2010/items/SL.1.5,unreviewed,mt_ZBMcX2oRor,ccss-ela:SL.1.5
https://education.asfai.org/alignments/3d1ba46b-66bb-5bfa-a66a-a63de0af2644,https://education.asfai.org/objectives/3b3b5735-5f87-5ca9-8132-57bcfdf4e5bb,relatedTo,ccss-ela,L.K.1c,https://education.asfai.org/frameworks/ccss-ela/versions/2010/items/L.K.1c,unreviewed,mt_18qkgxr_-T,ccss-ela:L.K.1c
https://education.asfai.org/alignments/3d345571-1c27-5449-bc4f-29388c25d6eb,https://education.asfai.org/objectives/bcffd858-caa4-5617-8bc9-0c260ace351d,relatedTo,ccss-ela,L.5.1d,https://education.asfai.org/frameworks/ccss-ela/versions/2010/items/L.5.1d,unreviewed,mt_npRaYRhU2V,ccss-ela:L.5.1d
https://education.asfai.org/alignments/3d3b8547-5cf4-59f4-971e-8d960f9e8ed1,https://education.asfai.org/objectives/458b02ff-d484-5185-814b-19100b96ea1b,relatedTo,uk-nc-2013,KS3.Maths.Geo.14,https://education.asfai.org/frameworks/uk-nc-2013/versions/september-2013/items/KS3.Maths.Geo.14,unreviewed,mt_KB_Czd7RQH,uk-nc-2013:KS3.Maths.Geo.14
https://education.asfai.org/alignments/3d618889-112e-515b-bdef-73bbb235a159,https://education.asfai.org/objectives/270c72de-bb31-5211-b199-1256b6b4e3ef,relatedTo,ngss-ms,MS-PS2-1,https://education.asfai.org/frameworks/ngss-ms/versions/2013/items/MS-PS2-1,unreviewed,mt_tXxxCFl32J,ngss-ms:MS-PS2-1
https://education.asfai.org/alignments/3d7c1817-82f7-5d48-ba74-8e24f71c3040,https://education.asfai.org/objectives/4d669376-cdef-51e6-b9fb-3a7832b79db1,relatedTo,uk-nc-2013,Eng_LKS2_Read_Comp_6,https://education.asfai.org/frameworks/uk-nc-2013/versions/september-2013/items/Eng_LKS2_Read_Comp_6,unreviewed,mt_gR5_n99Ntt,uk-nc-2013:Eng_LKS2_Read_Comp_6
https://education.asfai.org/alignments/3db87377-1b69-513a-b143-1430346d0180,https://education.asfai.org/objectives/09f84ded-8540-513d-b990-e620bd7aa5ea,relatedTo,uk-nc-2013,Y4.Sci.Snd.5,https://education.asfai.org/frameworks/uk-nc-2013/versions/september-2013/items/Y4.Sci.Snd.5,unreviewed,mt_Pau0aqLNgp,uk-nc-2013:Y4.Sci.Snd.5
https://education.asfai.org/alignments/3e06d923-cd19-5d47-8658-1af560b19db5,https://education.asfai.org/objectives/35fb4060-929d-5b58-8038-447583fbe03c,relatedTo,uk-nc-2013,Y2.Sci.UEM.1,https://education.asfai.org/frameworks/uk-nc-2013/versions/september-2013/items/Y2.Sci.UEM.1,unreviewed,mt_rTn43s8RNX,uk-nc-2013:Y2.Sci.UEM.1
https://education.asfai.org/alignments/3e29cf29-d51a-578f-a976-3f8530e60a9a,https://education.asfai.org/objectives/6acb92b1-ea3d-5b75-9250-27624ecf8e00,relatedTo,ccss-ela,RL.K.10,https://education.asfai.org/frameworks/ccss-ela/versions/2010/items/RL.K.10,unreviewed,mt_thsY1ZesaU,ccss-ela:RL.K.10
https://education.asfai.org/alignments/3e3e1fa9-b721-5eed-bc1d-7da44339650a,https://education.asfai.org/objectives/fea3e625-6e90-5ccb-ab39-01c57ef89178,relatedTo,uk-nc-2013,KS3.Sci.Phys.MotionAndForces.9,https://education.asfai.org/frameworks/uk-nc-2013/versions/september-2013/items/KS3.Sci.Phys.MotionAndForces.9,unreviewed,mt_vuNjYx3qOy,uk-nc-2013:KS3.Sci.Phys.MotionAndForces.9
https://education.asfai.org/alignments/3e481c3c-c054-5769-ae44-2ce8a3af4fcc,https://education.asfai.org/objectives/4ad271f7-7b92-58b6-b0ca-02b2e6b7cdfd,relatedTo,uk-nc-2013,KS3.Sci.Phys.SpacePhysics.1,https://education.asfai.org/frameworks/uk-nc-2013/versions/september-2013/items/KS3.Sci.Phys.SpacePhysics.1,unreviewed,mt_33RrpbceZE,uk-nc-2013:KS3.Sci.Phys.SpacePhysics.1
https://education.asfai.org/alignments/3e761e75-6252-540e-8f7d-766e9a1e03f4,https://education.asfai.org/objectives/c3813ac5-21fb-5123-ad4d-0990f45dc044,relatedTo,ccss-ela,L.5.4a,https://education.asfai.org/frameworks/ccss-ela/versions/2010/items/L.5.4a,unreviewed,mt_6-MYToNZ39,ccss-ela:L.5.4a
https://education.asfai.org/alignments/3ea37942-939e-55e1-9cb8-5f83f1673b55,https://education.asfai.org/objectives/c3813ac5-21fb-5123-ad4d-0990f45dc044,relatedTo,uk-nc-2013,Eng/KS1/Y2/C/1f,https://education.asfai.org/frameworks/uk-nc-2013/versions/september-2013/items/Eng%2FKS1%2FY2%2FC%2F1f,unreviewed,mt_6-MYToNZ39,uk-nc-2013:Eng/KS1/Y2/C/1f
https://education.asfai.org/alignments/3eafdca5-2508-5764-b13d-1fb7dc2ca3bb,https://education.asfai.org/objectives/920ebef9-547f-53b0-a236-2fd76f69b867,relatedTo,ccss-ela,RI.7.9,https://education.asfai.org/frameworks/ccss-ela/versions/2010/items/RI.7.9,unreviewed,mt_1GF5MeNZPA,ccss-ela:RI.7.9
https://education.asfai.org/alignments/3eeaf79e-42fa-5a91-b848-75ea6b688d5e,https://education.asfai.org/objectives/37ba2255-708f-5ea4-97f0-40fe3bba9547,relatedTo,uk-nc-2013,Eng/KS1/Y2/C/1f,https://education.asfai.org/frameworks/uk-nc-2013/versions/september-2013/items/Eng%2FKS1%2FY2%2FC%2F1f,unreviewed,mt_f_dMmvzxwo,uk-nc-2013:Eng/KS1/Y2/C/1f
https://education.asfai.org/alignments/3f04c049-672c-5544-803b-6ceae5f2077d,https://education.asfai.org/objectives/093191e4-85ed-57ed-a37f-bd5f23e14f5e,relatedTo,ccss-ela,L.5.5b,https://education.asfai.org/frameworks/ccss-ela/versions/2010/items/L.5.5b,unreviewed,mt_IoGOSAQ8bz,ccss-ela:L.5.5b
https://education.asfai.org/alignments/3f2b1ba7-e81c-5864-a5c6-bff8627e3056,https://education.asfai.org/objectives/ea4ff9b8-eaee-5488-a03f-d77ebe5bd76f,relatedTo,uk-nc-2013,KS3.Maths.Geo.6,https://education.asfai.org/frameworks/uk-nc-2013/versions/september-2013/items/KS3.Maths.Geo.6,unreviewed,mt_167X6Ax8P7,uk-nc-2013:KS3.Maths.Geo.6
https://education.asfai.org/alignments/3f32d45c-6ff8-55f1-a025-020d77bc3b94,https://education.asfai.org/objectives/2f6a0a51-a337-508e-be9d-0f9e9bcf88b7,relatedTo,ccss-ela,RI.4.8,https://education.asfai.org/frameworks/ccss-ela/versions/2010/items/RI.4.8,unreviewed,mt_k-V37x3zsF,ccss-ela:RI.4.8
https://education.asfai.org/alignments/3f3db566-ee74-545c-bc7d-461f4502e783,https://education.asfai.org/objectives/7394d649-7dd4-5787-b061-ed630a0c0f13,relatedTo,ccss-ela,L.4.1c,https://education.asfai.org/frameworks/ccss-ela/versions/2010/items/L.4.1c,unreviewed,mt_N9zffZxuu5,ccss-ela:L.4.1c
https://education.asfai.org/alignments/3f789778-ff1c-52eb-99a4-580326f738c0,https://education.asfai.org/objectives/944502d5-d572-5e53-91f2-63fdd19224e1,relatedTo,ccss-ela,RF.K.4,https://education.asfai.org/frameworks/ccss-ela/versions/2010/items/RF.K.4,unreviewed,mt_ZhvwM6LMBL,ccss-ela:RF.K.4
https://education.asfai.org/alignments/3f894b4e-1291-5399-957c-ee93fbb47225,https://education.asfai.org/objectives/3e27fd75-1db1-5d8d-accc-a6f68fea7cf0,relatedTo,uk-nc-2013,Eng.SL.5,https://education.asfai.org/frameworks/uk-nc-2013/versions/september-2013/items/Eng.SL.5,unreviewed,mt_4A7FYmvVhA,uk-nc-2013:Eng.SL.5
https://education.asfai.org/alignments/3f8aca38-9472-57ad-8bb0-0f715f251814,https://education.asfai.org/objectives/8f801b1e-cf38-59d6-9b0d-e0faeed04323,relatedTo,ib-pyp-pspe,PSPE-ID-LO-P2-3,https://education.asfai.org/frameworks/ib-pyp-pspe/versions/2009/items/PSPE-ID-LO-P2-3,unreviewed,mt_9Y5-GjF2B0,ib-pyp-pspe:PSPE-ID-LO-P2-3
https://education.asfai.org/alignments/3f8f2e17-4fa3-5ce6-99d8-9b5b6b97d79a,https://education.asfai.org/objectives/a819c84d-e64b-5286-b42c-ad481dc6bb00,relatedTo,ccss-math,1.MD.2,https://education.asfai.org/frameworks/ccss-math/versions/2010/items/1.MD.2,unreviewed,mt_cqSf213hSa,ccss-math:1.MD.2
https://education.asfai.org/alignments/3f90b682-9275-533b-a3b6-28894ddf018a,https://education.asfai.org/objectives/598e9b23-ea1a-56d3-8ddc-7683d685ca2d,relatedTo,ccss-math,8.SP.2,https://education.asfai.org/frameworks/ccss-math/versions/2010/items/8.SP.2,unreviewed,mt_BdAeZJUOir,ccss-math:8.SP.2
https://education.asfai.org/alignments/3faff3ef-48e0-5f9c-8a02-2fb60beebf6a,https://education.asfai.org/objectives/2869149f-aa27-5576-8015-c17a341f1cd7,relatedTo,ngss-ms,MS-LS1-7,https://education.asfai.org/frameworks/ngss-ms/versions/2013/items/MS-LS1-7,unreviewed,mt_mquPi2IP-J,ngss-ms:MS-LS1-7
https://education.asfai.org/alignments/3fc1d38a-d004-53ec-9dec-eebbecb5e34e,https://education.asfai.org/objectives/4f9db834-6e38-573c-97f7-9998e5df50ca,relatedTo,uk-nc-2013,KS3.Sci.Chem.EA.1,https://education.asfai.org/frameworks/uk-nc-2013/versions/september-2013/items/KS3.Sci.Chem.EA.1,unreviewed,mt_Be1A88GUpu,uk-nc-2013:KS3.Sci.Chem.EA.1
https://education.asfai.org/alignments/3fe1995e-e8c8-5c38-8c50-3505acc2c9c8,https://education.asfai.org/objectives/785c46d6-5d39-56f7-adf9-23930b5bed80,relatedTo,uk-nc-2013,Eng.UKS2.Read.Comp.2f,https://education.asfai.org/frameworks/uk-nc-2013/versions/september-2013/items/Eng.UKS2.Read.Comp.2f,unreviewed,mt_aVZJhPbc_1,uk-nc-2013:Eng.UKS2.Read.Comp.2f
https://education.asfai.org/alignments/3fee11e7-9d6f-5892-9266-83aa8b919b59,https://education.asfai.org/objectives/8f1fd161-6d5c-58a5-be8f-669df8985c27,relatedTo,uk-nc-2013,Eng.App2.Y3.Punc.1,https://education.asfai.org/frameworks/uk-nc-2013/versions/september-2013/items/Eng.App2.Y3.Punc.1,unreviewed,mt_-mw3JeIjhU,uk-nc-2013:Eng.App2.Y3.Punc.1
https://education.asfai.org/alignments/3ff4a84a-8fc4-5d27-83ac-e1c55cf2fb53,https://education.asfai.org/objectives/3c2d8353-7fe8-543e-9e08-e8aece4784ab,relatedTo,ccss-ela,RF.2.3.e,https://education.asfai.org/frameworks/ccss-ela/versions/2010/items/RF.2.3.e,unreviewed,mt_OgJPbGkrYk,ccss-ela:RF.2.3.e
https://education.asfai.org/alignments/4003d598-1336-553d-b349-f6fc4efef19f,https://education.asfai.org/objectives/ec8375b3-c91a-5032-9f5f-bb83a873e3c6,relatedTo,ccss-math,1.OA.4,https://education.asfai.org/frameworks/ccss-math/versions/2010/items/1.OA.4,unreviewed,mt_ehGS_uVSJv,ccss-math:1.OA.4
https://education.asfai.org/alignments/40041362-203e-519c-a46f-719ce8b9622d,https://education.asfai.org/objectives/35909676-789a-523c-8b28-7a83d0f8a7e7,relatedTo,ccss-ela,W.6.8,https://education.asfai.org/frameworks/ccss-ela/versions/2010/items/W.6.8,unreviewed,mt_Qcsl1Z1x0l,ccss-ela:W.6.8
https://education.asfai.org/alignments/40221d2a-291b-5ec3-bb3c-95c83bdb0d5c,https://education.asfai.org/objectives/4ebbaaa0-e7fa-51ad-9850-da83731125d6,relatedTo,ngss-k5,5-LS2-1,https://education.asfai.org/frameworks/ngss-k5/versions/2013/items/5-LS2-1,unreviewed,mt_0ajzcoKAKw,ngss-k5:5-LS2-1
https://education.asfai.org/alignments/40362be0-7424-5dbc-b445-f17ef910b005,https://education.asfai.org/objectives/c2aec65b-9484-5772-b0bf-035119f54552,relatedTo,ccss-ela,W.3.1d,https://education.asfai.org/frameworks/ccss-ela/versions/2010/items/W.3.1d,unreviewed,mt_WKxX-b86Vr,ccss-ela:W.3.1d
https://education.asfai.org/alignments/41323603-b592-5f9e-8e74-48a5360f468d,https://education.asfai.org/objectives/71495540-907b-5216-a5d0-dd2205b0a0dc,relatedTo,ccss-ela,SL.4.6,https://education.asfai.org/frameworks/ccss-ela/versions/2010/items/SL.4.6,unreviewed,mt_86DyHo9zO3,ccss-ela:SL.4.6
https://education.asfai.org/alignments/414cf389-6826-50fa-9de1-62b35eebc83f,https://education.asfai.org/objectives/90d4db68-8705-5ab5-9949-8dd8eba415c2,relatedTo,ngss-k5,K-2-ETS1-1,https://education.asfai.org/frameworks/ngss-k5/versions/2013/items/K-2-ETS1-1,unreviewed,mt_XirhnAB6Ye,ngss-k5:K-2-ETS1-1
https://education.asfai.org/alignments/415ed40f-c782-5a9d-b36c-8a8f10569016,https://education.asfai.org/objectives/3da24eff-fd63-57b0-8b2b-55d138872e4b,relatedTo,ngss-k5,4-ESS2-1,https://education.asfai.org/frameworks/ngss-k5/versions/2013/items/4-ESS2-1,unreviewed,mt_vAP_A986IQ,ngss-k5:4-ESS2-1
https://education.asfai.org/alignments/41695bd5-302a-5e0f-9494-75c75fb8ab69,https://education.asfai.org/objectives/3b21722e-5257-5992-a9a0-3319a93c2651,relatedTo,ccss-ela,RL.1.2,https://education.asfai.org/frameworks/ccss-ela/versions/2010/items/RL.1.2,unreviewed,mt_VEwM7ClYYE,ccss-ela:RL.1.2
https://education.asfai.org/alignments/41a2fc7c-d91a-52e8-8c3b-faebca7f5fc5,https://education.asfai.org/objectives/6cb7824c-44c1-5968-8ba0-2121f98052bf,relatedTo,ngss-k5,3-5-ETS1-2,https://education.asfai.org/frameworks/ngss-k5/versions/2013/items/3-5-ETS1-2,unreviewed,mt_HveO1bOXpJ,ngss-k5:3-5-ETS1-2
https://education.asfai.org/alignments/41db90bb-d2ef-5da0-b8dd-2e762fa483fd,https://education.asfai.org/objectives/c2aec65b-9484-5772-b0bf-035119f54552,relatedTo,ccss-ela,W.4.1b,https://education.asfai.org/frameworks/ccss-ela/versions/2010/items/W.4.1b,unreviewed,mt_WKxX-b86Vr,ccss-ela:W.4.1b
https://education.asfai.org/alignments/4262bff9-cd8a-5c6e-ae5c-be4b630e1630,https://education.asfai.org/objectives/e5f6ddd0-f9a8-56cb-99c5-c8f873752df1,relatedTo,uk-nc-2013,Maths/Y1/AS/2,https://education.asfai.org/frameworks/uk-nc-2013/versions/september-2013/items/Maths%2FY1%2FAS%2F2,unreviewed,mt_7XcCG43ZZW,uk-nc-2013:Maths/Y1/AS/2
https://education.asfai.org/alignments/42707223-eff7-59d6-a90f-7e87733b1070,https://education.asfai.org/objectives/b6fe0ab3-db8a-5722-a0ee-bfab3e6354e5,relatedTo,ccss-ela,L.5.1c,https://education.asfai.org/frameworks/ccss-ela/versions/2010/items/L.5.1c,unreviewed,mt_mpktt3wj1M,ccss-ela:L.5.1c
https://education.asfai.org/alignments/4282689b-5344-5358-b77e-01344d6e5a14,https://education.asfai.org/objectives/a10be1e5-4bfe-586c-bfb5-2c7d32e62f97,relatedTo,ccss-ela,W.8.1.e,https://education.asfai.org/frameworks/ccss-ela/versions/2010/items/W.8.1.e,unreviewed,mt_Qxyikkkzam,ccss-ela:W.8.1.e
https://education.asfai.org/alignments/4284b1a2-9915-5628-bbff-1df198dfbfef,https://education.asfai.org/objectives/d00ed497-f337-5eec-ada4-864a931feed4,relatedTo,ccss-math,1.G.1,https://education.asfai.org/frameworks/ccss-math/versions/2010/items/1.G.1,unreviewed,mt_bfhng6mOuy,ccss-math:1.G.1
https://education.asfai.org/alignments/42be6194-8302-5b16-bd29-5d15123a4c2e,https://education.asfai.org/objectives/3775d2ef-0cee-5316-9b3c-4d074ba19bd0,relatedTo,uk-nc-2013,Eng_Y1_WC_05,https://education.asfai.org/frameworks/uk-nc-2013/versions/september-2013/items/Eng_Y1_WC_05,unreviewed,mt_OyOYHlZ2_T,uk-nc-2013:Eng_Y1_WC_05
https://education.asfai.org/alignments/42c7000c-9ffe-5101-a1d7-0a7a18478209,https://education.asfai.org/objectives/410c1cde-ca55-5b9e-a2e6-f89b04d51b27,relatedTo,uk-nc-2013,KS3.Sci.Chem.AEC.6,https://education.asfai.org/frameworks/uk-nc-2013/versions/september-2013/items/KS3.Sci.Chem.AEC.6,unreviewed,mt_Sc_SorJhXW,uk-nc-2013:KS3.Sci.Chem.AEC.6
https://education.asfai.org/alignments/42ce957f-0a8e-5655-920c-4ee41b14df7c,https://education.asfai.org/objectives/c6b8c99b-3df4-5f0d-818a-325eb6af7713,relatedTo,uk-nc-2013,Eng_App1_Y2_24,https://education.asfai.org/frameworks/uk-nc-2013/versions/september-2013/items/Eng_App1_Y2_24,unreviewed,mt_p_jxNLdus4,uk-nc-2013:Eng_App1_Y2_24
https://education.asfai.org/alignments/42d33982-b76e-520b-9033-2494598b45b9,https://education.asfai.org/objectives/06a87110-a7dc-56e5-b3b9-13cc4ebf67bf,relatedTo,uk-nc-2013,KS3.Maths.Geo.10,https://education.asfai.org/frameworks/uk-nc-2013/versions/september-2013/items/KS3.Maths.Geo.10,unreviewed,mt_tedML_iu4Y,uk-nc-2013:KS3.Maths.Geo.10
https://education.asfai.org/alignments/42e13515-5305-53a7-b8b5-7ebb729d6566,https://education.asfai.org/objectives/2aacf2f1-6948-576e-87b7-899c0ca1bf3a,relatedTo,ngss-k5,K-PS3-1,https://education.asfai.org/frameworks/ngss-k5/versions/2013/items/K-PS3-1,unreviewed,mt_iGSfQg3g5c,ngss-k5:K-PS3-1
https://education.asfai.org/alignments/42f37549-431d-509f-9515-0c629d154228,https://education.asfai.org/objectives/0fad8183-73ea-5fea-a0d9-85ecf45ec1e1,relatedTo,uk-nc-2013,Eng_Y1_WVGP_06,https://education.asfai.org/frameworks/uk-nc-2013/versions/september-2013/items/Eng_Y1_WVGP_06,unreviewed,mt_TfOiog-ALs,uk-nc-2013:Eng_Y1_WVGP_06
https://education.asfai.org/alignments/43057d51-82b2-5d72-bc4e-7c17896955fa,https://education.asfai.org/objectives/3c2d8353-7fe8-543e-9e08-e8aece4784ab,relatedTo,ccss-ela,RF.1.3.b,https://education.asfai.org/frameworks/ccss-ela/versions/2010/items/RF.1.3.b,unreviewed,mt_OgJPbGkrYk,ccss-ela:RF.1.3.b
https://education.asfai.org/alignments/430e9a53-aac6-5f1d-a39c-7aa462118229,https://education.asfai.org/objectives/326ac617-63e5-5e79-b1b2-9c13e2fb4d13,relatedTo,uk-nc-2013,KS3-ENG-GV-1b,https://education.asfai.org/frameworks/uk-nc-2013/versions/september-2013/items/KS3-ENG-GV-1b,unreviewed,mt_N5tciHU8cE,uk-nc-2013:KS3-ENG-GV-1b
https://education.asfai.org/alignments/4345cc57-1405-51d3-9c52-bc6db1f9f8ad,https://education.asfai.org/objectives/67dd3895-6ede-5c2d-80c9-f96b453110f5,relatedTo,ccss-ela,RF.2.4.a,https://education.asfai.org/frameworks/ccss-ela/versions/2010/items/RF.2.4.a,unreviewed,mt_V-ldQp56bF,ccss-ela:RF.2.4.a
https://education.asfai.org/alignments/4347304a-cd5a-5046-b8fc-59d658619c33,https://education.asfai.org/objectives/11ba7f33-29b1-591c-afa6-db64bdfab44e,relatedTo,ccss-ela,SL.4.3,https://education.asfai.org/frameworks/ccss-ela/versions/2010/items/SL.4.3,unreviewed,mt_f8n4txtLej,ccss-ela:SL.4.3
https://education.asfai.org/alignments/43707dea-fe6a-5cec-bcab-729e1d336036,https://education.asfai.org/objectives/58a15572-291f-5eb9-95b5-15b68e873224,relatedTo,uk-nc-2013,Eng.App2.Y1.Punc.1,https://education.asfai.org/frameworks/uk-nc-2013/versions/september-2013/items/Eng.App2.Y1.Punc.1,unreviewed,mt_of2GggtxFl,uk-nc-2013:Eng.App2.Y1.Punc.1
https://education.asfai.org/alignments/43852d79-29bc-574e-a2ff-5ca7066d3732,https://education.asfai.org/objectives/96f4a3ab-7220-565c-9822-39dbaafb5ede,relatedTo,ib-pyp-pspe,PSPE-ID-LO-P4-6,https://education.asfai.org/frameworks/ib-pyp-pspe/versions/2009/items/PSPE-ID-LO-P4-6,unreviewed,mt_2oswCNuapH,ib-pyp-pspe:PSPE-ID-LO-P4-6
https://education.asfai.org/alignments/43ada6ee-33d0-535a-8491-7570485b914d,https://education.asfai.org/objectives/acc7226d-7ec7-5587-abbf-f4ee5cdf23c6,relatedTo,uk-nc-2013,Eng/KS1/Y2/C/1h,https://education.asfai.org/frameworks/uk-nc-2013/versions/september-2013/items/Eng%2FKS1%2FY2%2FC%2F1h,unreviewed,mt_YNe6siFTFq,uk-nc-2013:Eng/KS1/Y2/C/1h
https://education.asfai.org/alignments/43b08bd7-38da-5123-b2a5-8b1435d40917,https://education.asfai.org/objectives/c3b76038-d470-5403-a103-9340170cbebe,relatedTo,uk-nc-2013,Eng_App1_Y1_09,https://education.asfai.org/frameworks/uk-nc-2013/versions/september-2013/items/Eng_App1_Y1_09,unreviewed,mt_UvNrOXny1i,uk-nc-2013:Eng_App1_Y1_09
https://education.asfai.org/alignments/43ce643c-8602-5494-94e8-b4cb95b73e12,https://education.asfai.org/objectives/2b3fb2d7-c1b9-5355-9ce8-eec7c392f56a,relatedTo,uk-nc-2013,KS3.Sci.Bio.Adaptation.1,https://education.asfai.org/frameworks/uk-nc-2013/versions/september-2013/items/KS3.Sci.Bio.Adaptation.1,unreviewed,mt_k1HXbEwG8f,uk-nc-2013:KS3.Sci.Bio.Adaptation.1
https://education.asfai.org/alignments/443ba96d-2203-5db4-b087-06e8be994934,https://education.asfai.org/objectives/c01cafbc-6c39-5008-af49-5fcc13ebfab0,relatedTo,uk-nc-2013,KS3.Sci.Chem.ENG.1,https://education.asfai.org/frameworks/uk-nc-2013/versions/september-2013/items/KS3.Sci.Chem.ENG.1,unreviewed,mt_UoqUPI_uNz,uk-nc-2013:KS3.Sci.Chem.ENG.1
https://education.asfai.org/alignments/445a7586-1977-5e1c-9a7b-d008c69106a5,https://education.asfai.org/objectives/f26f58cc-205c-51a8-bb04-03456e50790c,relatedTo,ccss-ela,RF.3.3.a,https://education.asfai.org/frameworks/ccss-ela/versions/2010/items/RF.3.3.a,unreviewed,mt_HrgDjxcWvf,ccss-ela:RF.3.3.a
https://education.asfai.org/alignments/44723dcc-6b94-57e6-a8c7-7cddaef8f43f,https://education.asfai.org/objectives/887d6927-2085-5f5b-a3c8-73f00a280e58,relatedTo,ccss-ela,L.4.2d,https://education.asfai.org/frameworks/ccss-ela/versions/2010/items/L.4.2d,unreviewed,mt_HdI1y5KsBl,ccss-ela:L.4.2d
https://education.asfai.org/alignments/44800e1e-3daa-568a-b324-973f6cfcc331,https://education.asfai.org/objectives/0c62de61-8c9a-5c5e-9b12-363aae81d1f5,relatedTo,uk-nc-2013,Eng/KS1/Y2/WC/2b,https://education.asfai.org/frameworks/uk-nc-2013/versions/september-2013/items/Eng%2FKS1%2FY2%2FWC%2F2b,unreviewed,mt_9P9o6d0Qm3,uk-nc-2013:Eng/KS1/Y2/WC/2b
https://education.asfai.org/alignments/449972b8-cc9b-55f4-868a-9d5cca545b38,https://education.asfai.org/objectives/b82d0ef4-14fc-5fb7-935f-9accdc003d99,relatedTo,uk-nc-2013,Eng/KS1/Y2/C/1c,https://education.asfai.org/frameworks/uk-nc-2013/versions/september-2013/items/Eng%2FKS1%2FY2%2FC%2F1c,unreviewed,mt_sSQlLOnAow,uk-nc-2013:Eng/KS1/Y2/C/1c
https://education.asfai.org/alignments/44adab92-f311-5752-b2e2-7db107d20781,https://education.asfai.org/objectives/74e1464f-b18c-5982-8282-9053227989fa,relatedTo,uk-nc-2013,Maths/Y2/NPV/1,https://education.asfai.org/frameworks/uk-nc-2013/versions/september-2013/items/Maths%2FY2%2FNPV%2F1,unreviewed,mt_nvdpxAJTBG,uk-nc-2013:Maths/Y2/NPV/1
https://education.asfai.org/alignments/44e525a3-8ad3-5c1d-91e7-60f89c59ff55,https://education.asfai.org/objectives/94efc443-1833-5453-a8a7-a6cfe5c9e410,relatedTo,uk-nc-2013,Maths/Y2/MD/3,https://education.asfai.org/frameworks/uk-nc-2013/versions/september-2013/items/Maths%2FY2%2FMD%2F3,unreviewed,mt_C9ZfT-4cgn,uk-nc-2013:Maths/Y2/MD/3
https://education.asfai.org/alignments/44fd12c8-c76e-5e20-a619-caf0cf4f269b,https://education.asfai.org/objectives/e109461b-199b-5272-9c09-f75295f9071e,relatedTo,ccss-ela,L.K.4b,https://education.asfai.org/frameworks/ccss-ela/versions/2010/items/L.K.4b,unreviewed,mt_aw0PldeT_L,ccss-ela:L.K.4b
https://education.asfai.org/alignments/455077ec-929f-5a40-880d-bff5af79e82b,https://education.asfai.org/objectives/47d4ddd9-6940-5f98-9b55-09e26860726c,relatedTo,ccss-math,3.OA.7,https://education.asfai.org/frameworks/ccss-math/versions/2010/items/3.OA.7,unreviewed,mt_WX30dzi4dt,ccss-math:3.OA.7
https://education.asfai.org/alignments/457e6692-258d-55a7-905d-65481eef112d,https://education.asfai.org/objectives/512047d3-e974-5184-b993-ffe5683886bf,relatedTo,uk-nc-2013,Eng_LKS2_Write_VGP_6,https://education.asfai.org/frameworks/uk-nc-2013/versions/september-2013/items/Eng_LKS2_Write_VGP_6,unreviewed,mt_B8JOz79O6t,uk-nc-2013:Eng_LKS2_Write_VGP_6
https://education.asfai.org/alignments/459af375-7f91-5078-a14a-be2b53a38100,https://education.asfai.org/objectives/9beaaf3f-6d6e-50eb-a3ca-c873d8272fbe,relatedTo,ccss-math,7.SP.5,https://education.asfai.org/frameworks/ccss-math/versions/2010/items/7.SP.5,unreviewed,mt_vmQJAtAFuy,ccss-math:7.SP.5
https://education.asfai.org/alignments/45a7339d-4fd2-5e9d-9d45-1b5804936243,https://education.asfai.org/objectives/d4fdb3c9-35d5-53a0-ba8e-8f24e0eb1ec4,relatedTo,ccss-ela,RI.3.9,https://education.asfai.org/frameworks/ccss-ela/versions/2010/items/RI.3.9,unreviewed,mt_GLY3R3YSlf,ccss-ela:RI.3.9
https://education.asfai.org/alignments/45ab34e9-f105-5750-817c-689bfb66b5a2,https://education.asfai.org/objectives/974d12dd-4ddd-5e29-9bd4-82849f4bd4bb,relatedTo,uk-nc-2013,KS3.Sci.Bio.Cells.7,https://education.asfai.org/frameworks/uk-nc-2013/versions/september-2013/items/KS3.Sci.Bio.Cells.7,unreviewed,mt_7hB8s5eOP1,uk-nc-2013:KS3.Sci.Bio.Cells.7
https://education.asfai.org/alignments/45e2bc43-3884-5f62-911b-3c5332ef81ea,https://education.asfai.org/objectives/90daa586-6d60-5bf8-ba99-c32a9296c6bd,relatedTo,uk-nc-2013,Eng_App1_Sp_Y34_03,https://education.asfai.org/frameworks/uk-nc-2013/versions/september-2013/items/Eng_App1_Sp_Y34_03,unreviewed,mt_tHtjfjjFrl,uk-nc-2013:Eng_App1_Sp_Y34_03
https://education.asfai.org/alignments/463a52ea-da8c-5d7a-9cab-e892ae04b8ad,https://education.asfai.org/objectives/1bbe4420-64c2-56fa-9530-7d23af5937d9,relatedTo,uk-nc-2013,Eng.App2.Y6.Punc.1,https://education.asfai.org/frameworks/uk-nc-2013/versions/september-2013/items/Eng.App2.Y6.Punc.1,unreviewed,mt_xYjD_kA70s,uk-nc-2013:Eng.App2.Y6.Punc.1
https://education.asfai.org/alignments/46a9c621-f7e3-5a58-805c-da47c23e3d34,https://education.asfai.org/objectives/02a51969-e38e-53ae-b3c6-8eeed251af9d,relatedTo,ngss-k5,3-ESS2-2,https://education.asfai.org/frameworks/ngss-k5/versions/2013/items/3-ESS2-2,unreviewed,mt_Gm12BzcCfX,ngss-k5:3-ESS2-2
https://education.asfai.org/alignments/46b7d948-2205-58e3-b0be-4642cb16a1a0,https://education.asfai.org/objectives/573c48f5-fee6-5ff6-9469-3bc58b6c2235,relatedTo,ccss-ela,RL.3.7,https://education.asfai.org/frameworks/ccss-ela/versions/2010/items/RL.3.7,unreviewed,mt_OlhMP7ShFT,ccss-ela:RL.3.7
https://education.asfai.org/alignments/46c7e650-b5b6-58b4-b7e9-9172b93346ed,https://education.asfai.org/objectives/46076f1c-eb14-5b54-a772-f32b66569e16,relatedTo,ccss-ela,RI.4.9,https://education.asfai.org/frameworks/ccss-ela/versions/2010/items/RI.4.9,unreviewed,mt_8FwtdJzeDh,ccss-ela:RI.4.9
https://education.asfai.org/alignments/46e9dbe7-86cf-5fb0-9ed9-8a0cca6cd64a,https://education.asfai.org/objectives/0f8fa70a-97fe-5cc1-bd7a-03d79dcc572d,relatedTo,uk-nc-2013,Maths/Y2/NPV/6,https://education.asfai.org/frameworks/uk-nc-2013/versions/september-2013/items/Maths%2FY2%2FNPV%2F6,unreviewed,mt_kJGCjnuelW,uk-nc-2013:Maths/Y2/NPV/6
https://education.asfai.org/alignments/475b50cb-9c20-5aa3-9206-db5592c2faea,https://education.asfai.org/objectives/13fc23b4-9feb-50a5-9cca-47b91e73fd4d,relatedTo,ccss-math,5.OA.1,https://education.asfai.org/frameworks/ccss-math/versions/2010/items/5.OA.1,unreviewed,mt_8jFSnXxqQD,ccss-math:5.OA.1
https://education.asfai.org/alignments/4762b56b-974f-50d0-9ab0-149387e4a0f6,https://education.asfai.org/objectives/993fac31-38b3-5f6c-992f-05f4c43bcb64,relatedTo,uk-nc-2013,Eng_LKS2_Read_Comp_10,https://education.asfai.org/frameworks/uk-nc-2013/versions/september-2013/items/Eng_LKS2_Read_Comp_10,unreviewed,mt_rQ2YJJi4uh,uk-nc-2013:Eng_LKS2_Read_Comp_10
https://education.asfai.org/alignments/47c12817-ce08-58d6-84f2-cc04d95ef5a2,https://education.asfai.org/objectives/41b75a16-04c4-5f6c-8d95-fcd0f3f42059,relatedTo,uk-nc-2013,Maths/Y2/F/2,https://education.asfai.org/frameworks/uk-nc-2013/versions/september-2013/items/Maths%2FY2%2FF%2F2,unreviewed,mt_MyGblah2yY,uk-nc-2013:Maths/Y2/F/2
https://education.asfai.org/alignments/47c5af97-7975-553c-8128-ecdbccf51acd,https://education.asfai.org/objectives/e6fd5b7b-2bb4-5aa7-88a6-8eecc4c0da42,relatedTo,ccss-ela,W.5.3a,https://education.asfai.org/frameworks/ccss-ela/versions/2010/items/W.5.3a,unreviewed,mt_vauULTecMH,ccss-ela:W.5.3a
https://education.asfai.org/alignments/480ff0db-2479-5d4c-91d6-c557f41558ac,https://education.asfai.org/objectives/940c6ab5-8081-5516-a37d-32cdc9b973e5,relatedTo,ccss-math,7.RP.2d,https://education.asfai.org/frameworks/ccss-math/versions/2010/items/7.RP.2d,unreviewed,mt_5mIcmKRCgA,ccss-math:7.RP.2d
https://education.asfai.org/alignments/4865388e-c5f3-58f6-9ed6-409b8055d32e,https://education.asfai.org/objectives/17a81e03-ab2d-55b3-b837-a1d7aeaf1378,relatedTo,ccss-math,2.OA.3,https://education.asfai.org/frameworks/ccss-math/versions/2010/items/2.OA.3,unreviewed,mt_hniI4E-OCE,ccss-math:2.OA.3
https://education.asfai.org/alignments/488ed186-0683-5159-8091-a9a6b6576c10,https://education.asfai.org/objectives/32eab91f-d31b-5d5a-99b9-ff5f24a96700,relatedTo,ccss-math,6.NS.7c,https://education.asfai.org/frameworks/ccss-math/versions/2010/items/6.NS.7c,unreviewed,mt_RWUY7_IXvw,ccss-math:6.NS.7c
https://education.asfai.org/alignments/48a00436-5cd7-5c00-8739-102a2d0c4f3c,https://education.asfai.org/objectives/5c9b4a80-5e1e-577c-bf2e-ee179b0af11f,relatedTo,ccss-ela,RI.2.8,https://education.asfai.org/frameworks/ccss-ela/versions/2010/items/RI.2.8,unreviewed,mt_QCWWmDMYZR,ccss-ela:RI.2.8
https://education.asfai.org/alignments/48e16da7-c629-5e45-8834-fb147c820364,https://education.asfai.org/objectives/6182a95a-9b4d-5e0e-afb7-193648dbe379,relatedTo,uk-nc-2013,Eng.UKS2.Read.Comp.4,https://education.asfai.org/frameworks/uk-nc-2013/versions/september-2013/items/Eng.UKS2.Read.Comp.4,unreviewed,mt_V6456X6pJE,uk-nc-2013:Eng.UKS2.Read.Comp.4
https://education.asfai.org/alignments/495f4959-0755-5d43-9858-94bf45a0f79a,https://education.asfai.org/objectives/e6fd5b7b-2bb4-5aa7-88a6-8eecc4c0da42,relatedTo,uk-nc-2013,Eng.UKS2.Write.Comp.2b,https://education.asfai.org/frameworks/uk-nc-2013/versions/september-2013/items/Eng.UKS2.Write.Comp.2b,unreviewed,mt_vauULTecMH,uk-nc-2013:Eng.UKS2.Write.Comp.2b
https://education.asfai.org/alignments/4960193b-7a3c-5121-be10-bb01358cdac1,https://education.asfai.org/objectives/a1f39dfe-c704-5843-a540-622b39b2ae52,relatedTo,uk-nc-2013,Eng/KS1/Y2/WC/1b,https://education.asfai.org/frameworks/uk-nc-2013/versions/september-2013/items/Eng%2FKS1%2FY2%2FWC%2F1b,unreviewed,mt_lIs10UMkPG,uk-nc-2013:Eng/KS1/Y2/WC/1b
https://education.asfai.org/alignments/49aa190f-929a-5164-82bc-4dfa40835f7b,https://education.asfai.org/objectives/581dac39-4d90-5a08-94ad-7027fad37902,relatedTo,uk-nc-2013,Y3.Sci.L.2,https://education.asfai.org/frameworks/uk-nc-2013/versions/september-2013/items/Y3.Sci.L.2,unreviewed,mt_gLy3ZgZWiN,uk-nc-2013:Y3.Sci.L.2
https://education.asfai.org/alignments/49aef04f-4ab0-5b16-b292-f6098209ae77,https://education.asfai.org/objectives/c6b8c99b-3df4-5f0d-818a-325eb6af7713,relatedTo,uk-nc-2013,Eng/KS1/Y2/S/1f,https://education.asfai.org/frameworks/uk-nc-2013/versions/september-2013/items/Eng%2FKS1%2FY2%2FS%2F1f,unreviewed,mt_p_jxNLdus4,uk-nc-2013:Eng/KS1/Y2/S/1f
https://education.asfai.org/alignments/49b23487-77c1-5c76-8a7d-9e8231924fb6,https://education.asfai.org/objectives/a26b9123-333c-56a0-bf99-84990b97b6d5,relatedTo,ngss-k5,4-ESS2-2,https://education.asfai.org/frameworks/ngss-k5/versions/2013/items/4-ESS2-2,unreviewed,mt_-G6erQvLig,ngss-k5:4-ESS2-2
https://education.asfai.org/alignments/49bf80a5-8e7a-5726-afc1-f2c39bbcd0de,https://education.asfai.org/objectives/bd1602ca-b011-5c38-a067-d7ad33fbe59e,relatedTo,ccss-ela,W.4.2c,https://education.asfai.org/frameworks/ccss-ela/versions/2010/items/W.4.2c,unreviewed,mt_hp2qJ-QRBn,ccss-ela:W.4.2c
https://education.asfai.org/alignments/49d7274f-0d4d-5fba-b25e-ed3eea1a0992,https://education.asfai.org/objectives/620fdb6d-ac69-5ec7-889e-c55b5ee84e47,relatedTo,ccss-math,2.MD.7,https://education.asfai.org/frameworks/ccss-math/versions/2010/items/2.MD.7,unreviewed,mt_4m8BimI4G5,ccss-math:2.MD.7
https://education.asfai.org/alignments/49d73cbd-2596-5141-b08e-a1fa15d3290a,https://education.asfai.org/objectives/3cd5b1cb-d3ed-5281-902b-216013aa98c8,relatedTo,ccss-math,7.G.4,https://education.asfai.org/frameworks/ccss-math/versions/2010/items/7.G.4,unreviewed,mt_svFa6_mjO_,ccss-math:7.G.4
https://education.asfai.org/alignments/4a1d5c09-1ee8-53c8-9cf3-9dca61324bae,https://education.asfai.org/objectives/07463757-04c1-5c6b-ae72-8e06de8879a1,relatedTo,ngss-k5,1-LS1-1,https://education.asfai.org/frameworks/ngss-k5/versions/2013/items/1-LS1-1,unreviewed,mt_fDoE-pL6Jv,ngss-k5:1-LS1-1
https://education.asfai.org/alignments/4a27aab9-2436-5a17-a1c5-aa51558c0942,https://education.asfai.org/objectives/f30e976f-d29b-5d1d-93d6-31002c68f089,relatedTo,ccss-math,2.OA.1,https://education.asfai.org/frameworks/ccss-math/versions/2010/items/2.OA.1,unreviewed,mt_yTWxkzzoOZ,ccss-math:2.OA.1
https://education.asfai.org/alignments/4a6aeb87-2080-548e-b4a9-ee017be5ff83,https://education.asfai.org/objectives/05c43960-eda5-5c5a-ab9c-689b4b4aa023,relatedTo,ccss-ela,RF.K.1.a,https://education.asfai.org/frameworks/ccss-ela/versions/2010/items/RF.K.1.a,unreviewed,mt_1KCwbGvm1F,ccss-ela:RF.K.1.a
https://education.asfai.org/alignments/4ab33fb8-d8e8-5436-b4c0-8d0a56193edb,https://education.asfai.org/objectives/9b0dcce3-56a4-56d1-b076-824c817b03df,relatedTo,ngss-k5,5-PS1-1,https://education.asfai.org/frameworks/ngss-k5/versions/2013/items/5-PS1-1,unreviewed,mt_ylruY6VhOf,ngss-k5:5-PS1-1
https://education.asfai.org/alignments/4acf200e-378f-5dc6-aec5-92d96279d37b,https://education.asfai.org/objectives/1df62852-69e4-5d70-9388-bb5858156976,relatedTo,ccss-math,2.NBT.4,https://education.asfai.org/frameworks/ccss-math/versions/2010/items/2.NBT.4,unreviewed,mt_AQcVRBddko,ccss-math:2.NBT.4
https://education.asfai.org/alignments/4aecdf02-dda6-5da1-95b7-fca0365dc0b2,https://education.asfai.org/objectives/be82b038-4d05-587d-a477-d35e592f8300,relatedTo,uk-nc-2013,KS3.Sci.Chem.PNM.4,https://education.asfai.org/frameworks/uk-nc-2013/versions/september-2013/items/KS3.Sci.Chem.PNM.4,unreviewed,mt_b6kZgqolEd,uk-nc-2013:KS3.Sci.Chem.PNM.4
https://education.asfai.org/alignments/4b28e820-b3b0-5af8-9d67-6a82914c95f3,https://education.asfai.org/objectives/6acb92b1-ea3d-5b75-9250-27624ecf8e00,relatedTo,uk-nc-2013,Eng/KS1/Y2/C/3,https://education.asfai.org/frameworks/uk-nc-2013/versions/september-2013/items/Eng%2FKS1%2FY2%2FC%2F3,unreviewed,mt_thsY1ZesaU,uk-nc-2013:Eng/KS1/Y2/C/3
https://education.asfai.org/alignments/4b2a705f-ed07-5dc7-afaf-f088ba721f4d,https://education.asfai.org/objectives/48c009b5-d788-558f-bc16-64a224c2d26d,relatedTo,ccss-math,7.SP.1,https://education.asfai.org/frameworks/ccss-math/versions/2010/items/7.SP.1,unreviewed,mt_eKJG-0eC6D,ccss-math:7.SP.1
https://education.asfai.org/alignments/4b3a0087-7229-5584-aa74-b1309afd81f2,https://education.asfai.org/objectives/9a17a538-0d77-5062-afc3-0586ac598c1d,relatedTo,uk-nc-2013,Maths/Y1/NPV/5,https://education.asfai.org/frameworks/uk-nc-2013/versions/september-2013/items/Maths%2FY1%2FNPV%2F5,unreviewed,mt_9IzhGUZ30z,uk-nc-2013:Maths/Y1/NPV/5
https://education.asfai.org/alignments/4bbafb7f-0950-5a6c-a495-a674628f5a88,https://education.asfai.org/objectives/6cb10bc9-39ce-5989-8246-517b04e2a7c3,relatedTo,uk-nc-2013,Eng_App1_Y1_26,https://education.asfai.org/frameworks/uk-nc-2013/versions/september-2013/items/Eng_App1_Y1_26,unreviewed,mt_a6m7PqTuJN,uk-nc-2013:Eng_App1_Y1_26
https://education.asfai.org/alignments/4bbeba14-76e4-5500-84ab-7a359768d8c2,https://education.asfai.org/objectives/b7895115-d15a-5e36-806d-cdfe35cc5af6,relatedTo,ccss-ela,W.7.2,https://education.asfai.org/frameworks/ccss-ela/versions/2010/items/W.7.2,unreviewed,mt_zCUIJLdK_s,ccss-ela:W.7.2
https://education.asfai.org/alignments/4bc6b59c-976d-585b-8e9a-773bbe655fbc,https://education.asfai.org/objectives/2a40157a-b447-54e2-a8aa-abeabf781e10,relatedTo,ccss-ela,L.6.5c,https://education.asfai.org/frameworks/ccss-ela/versions/2010/items/L.6.5c,unreviewed,mt_MlmIrLb_7x,ccss-ela:L.6.5c
https://education.asfai.org/alignments/4c0e5727-e336-5db5-ac28-f8327c4bb842,https://education.asfai.org/objectives/8f37a843-2be4-5f85-83d5-06275adfd765,relatedTo,uk-nc-2013,KS3.Sci.Bio.Nutrition.2,https://education.asfai.org/frameworks/uk-nc-2013/versions/september-2013/items/KS3.Sci.Bio.Nutrition.2,unreviewed,mt_83KkBCtVyR,uk-nc-2013:KS3.Sci.Bio.Nutrition.2
https://education.asfai.org/alignments/4c3eaa3a-1d45-5ee7-9acd-c43b655fbcb6,https://education.asfai.org/objectives/0b1a40e2-69ab-5e89-885e-fff64167e0c8,relatedTo,uk-nc-2013,KS3.Sci.Phys.SpacePhysics.2,https://education.asfai.org/frameworks/uk-nc-2013/versions/september-2013/items/KS3.Sci.Phys.SpacePhysics.2,unreviewed,mt_lFiDFPkVmH,uk-nc-2013:KS3.Sci.Phys.SpacePhysics.2
https://education.asfai.org/alignments/4c76f7f7-8380-59b7-9531-baa6cbb06477,https://education.asfai.org/objectives/6cb10bc9-39ce-5989-8246-517b04e2a7c3,relatedTo,uk-nc-2013,Eng_App1_Y1_43,https://education.asfai.org/frameworks/uk-nc-2013/versions/september-2013/items/Eng_App1_Y1_43,unreviewed,mt_a6m7PqTuJN,uk-nc-2013:Eng_App1_Y1_43
https://education.asfai.org/alignments/4cabb0f1-ae7f-5c38-8876-8bb6700aa1b6,https://education.asfai.org/objectives/62128ac9-c681-57d0-a12f-8543d0802585,relatedTo,ccss-ela,L.6.3,https://education.asfai.org/frameworks/ccss-ela/versions/2010/items/L.6.3,unreviewed,mt_HCweOHWSiu,ccss-ela:L.6.3
https://education.asfai.org/alignments/4cb48aa5-5e25-5450-9c33-c6535f0e88ad,https://education.asfai.org/objectives/90d4db68-8705-5ab5-9949-8dd8eba415c2,relatedTo,uk-nc-2013,KS1.Sci.WS.1,https://education.asfai.org/frameworks/uk-nc-2013/versions/september-2013/items/KS1.Sci.WS.1,unreviewed,mt_XirhnAB6Ye,uk-nc-2013:KS1.Sci.WS.1
https://education.asfai.org/alignments/4cd26942-b8b6-5529-b414-5a60734e42a4,https://education.asfai.org/objectives/e6fd5b7b-2bb4-5aa7-88a6-8eecc4c0da42,relatedTo,ccss-ela,W.2.3,https://education.asfai.org/frameworks/ccss-ela/versions/2010/items/W.2.3,unreviewed,mt_vauULTecMH,ccss-ela:W.2.3
https://education.asfai.org/alignments/4cdd8f71-78b3-57c1-88ea-e16057c8aed9,https://education.asfai.org/objectives/233fb51d-80a3-5047-9cd9-bfde0b4cd98f,relatedTo,uk-nc-2013,KS3.Maths.Ratio.7,https://education.asfai.org/frameworks/uk-nc-2013/versions/september-2013/items/KS3.Maths.Ratio.7,unreviewed,mt_yK51ZnKA8m,uk-nc-2013:KS3.Maths.Ratio.7
https://education.asfai.org/alignments/4d011711-c17c-5c3e-8b11-79f1f535e964,https://education.asfai.org/objectives/3ec66aff-d27d-5a10-949d-7c52079f6762,relatedTo,uk-nc-2013,Eng.UKS2.Write.VGP.1a,https://education.asfai.org/frameworks/uk-nc-2013/versions/september-2013/items/Eng.UKS2.Write.VGP.1a,unreviewed,mt_k7VtbWdfDO,uk-nc-2013:Eng.UKS2.Write.VGP.1a
https://education.asfai.org/alignments/4d2b0b04-adbf-58ef-aa83-178d95961349,https://education.asfai.org/objectives/5eb2a0dd-7c3a-5255-bc10-565ded7f0513,relatedTo,uk-nc-2013,Maths/Y2/AS/8,https://education.asfai.org/frameworks/uk-nc-2013/versions/september-2013/items/Maths%2FY2%2FAS%2F8,unreviewed,mt_QCgbiVrwnp,uk-nc-2013:Maths/Y2/AS/8
https://education.asfai.org/alignments/4d599765-e193-506c-8b7b-1152eeeafece,https://education.asfai.org/objectives/87ed8bfb-85cc-5e38-9b85-8f8c823acbb1,relatedTo,uk-nc-2013,Y1.Sci.A.1,https://education.asfai.org/frameworks/uk-nc-2013/versions/september-2013/items/Y1.Sci.A.1,unreviewed,mt_zVLOm6U7bh,uk-nc-2013:Y1.Sci.A.1
https://education.asfai.org/alignments/4d5ad824-b324-5e7f-aebf-a513390df3e7,https://education.asfai.org/objectives/47b11293-2e21-53bd-99a2-b4cd6f436a1d,relatedTo,ccss-ela,L.K.1b,https://education.asfai.org/frameworks/ccss-ela/versions/2010/items/L.K.1b,unreviewed,mt_yBJyCfhtem,ccss-ela:L.K.1b
https://education.asfai.org/alignments/4d6ce374-d491-530b-996f-02de97a2a038,https://education.asfai.org/objectives/25379229-b716-5679-8d40-a1a6642cd255,relatedTo,ccss-ela,L.7.2b,https://education.asfai.org/frameworks/ccss-ela/versions/2010/items/L.7.2b,unreviewed,mt_4PA9IrxtCQ,ccss-ela:L.7.2b
https://education.asfai.org/alignments/4d815908-1587-553d-86b3-476c4368ec9d,https://education.asfai.org/objectives/553eca39-bf50-5bdc-bef4-584254f58cc6,relatedTo,uk-nc-2013,Maths/Y1/GPS/1,https://education.asfai.org/frameworks/uk-nc-2013/versions/september-2013/items/Maths%2FY1%2FGPS%2F1,unreviewed,mt_KJeEeTutJI,uk-nc-2013:Maths/Y1/GPS/1
https://education.asfai.org/alignments/4d95c9c3-d683-5bb9-ad17-42b13c050b34,https://education.asfai.org/objectives/020f829d-5a25-550c-b07f-ae6eba5de656,relatedTo,uk-nc-2013,Eng_App1_Y1_21,https://education.asfai.org/frameworks/uk-nc-2013/versions/september-2013/items/Eng_App1_Y1_21,unreviewed,mt_C7abt7pRr6,uk-nc-2013:Eng_App1_Y1_21
https://education.asfai.org/alignments/4daee13d-d350-59b9-9891-7a854caa286c,https://education.asfai.org/objectives/a3069524-5870-5b8b-a088-61bd7428b964,relatedTo,ccss-math,6.RP.3b,https://education.asfai.org/frameworks/ccss-math/versions/2010/items/6.RP.3b,unreviewed,mt_kLQOzZYrd5,ccss-math:6.RP.3b
https://education.asfai.org/alignments/4e065b58-74c3-57b0-a3d0-c5b381145986,https://education.asfai.org/objectives/2b3f100c-ccfd-5d36-b330-0e509b824ede,relatedTo,uk-nc-2013,KS3.Sci.Bio.Adaptation.4,https://education.asfai.org/frameworks/uk-nc-2013/versions/september-2013/items/KS3.Sci.Bio.Adaptation.4,unreviewed,mt_FuVEZ1Ac9s,uk-nc-2013:KS3.Sci.Bio.Adaptation.4
https://education.asfai.org/alignments/4e154439-8d86-5792-94e8-8ee5789b77d6,https://education.asfai.org/objectives/48c009b5-d788-558f-bc16-64a224c2d26d,relatedTo,ccss-math,7.SP.2,https://education.asfai.org/frameworks/ccss-math/versions/2010/items/7.SP.2,unreviewed,mt_eKJG-0eC6D,ccss-math:7.SP.2
https://education.asfai.org/alignments/4e345362-f5ab-53f2-bdfa-a26a142bd0af,https://education.asfai.org/objectives/ed3060a3-9925-55f0-9e4f-dd795b5a247f,relatedTo,ccss-ela,W.8.4,https://education.asfai.org/frameworks/ccss-ela/versions/2010/items/W.8.4,unreviewed,mt_s6-6FYb5UQ,ccss-ela:W.8.4
https://education.asfai.org/alignments/4e38d756-1d8e-5e46-82bf-512a6c40f155,https://education.asfai.org/objectives/108e50f4-9e97-5a3d-a562-803c73181361,relatedTo,ib-pyp-pspe,PSPE-ID-LO-P2-7,https://education.asfai.org/frameworks/ib-pyp-pspe/versions/2009/items/PSPE-ID-LO-P2-7,unreviewed,mt_aS-Gdh-MHx,ib-pyp-pspe:PSPE-ID-LO-P2-7
https://education.asfai.org/alignments/4e4aa018-593d-53b4-824c-6c741fe68fd9,https://education.asfai.org/objectives/3896ccbe-bcd8-5e99-a9e7-8920a522e1f7,relatedTo,uk-nc-2013,KS3.Maths.Num.2,https://education.asfai.org/frameworks/uk-nc-2013/versions/september-2013/items/KS3.Maths.Num.2,unreviewed,mt_9QzSnn8m80,uk-nc-2013:KS3.Maths.Num.2
https://education.asfai.org/alignments/4e63221b-c861-5ae6-950b-f7c1e3703cf0,https://education.asfai.org/objectives/7bf3ae49-49d1-5ab5-ab84-cc2823f3fbef,relatedTo,uk-nc-2013,KS3-ENG-R-2d,https://education.asfai.org/frameworks/uk-nc-2013/versions/september-2013/items/KS3-ENG-R-2d,unreviewed,mt_wGxq92Na5g,uk-nc-2013:KS3-ENG-R-2d
https://education.asfai.org/alignments/4e8b39b8-0f23-53c4-af10-c7319f3db8e8,https://education.asfai.org/objectives/e6fd5b7b-2bb4-5aa7-88a6-8eecc4c0da42,relatedTo,ccss-ela,W.3.3b,https://education.asfai.org/frameworks/ccss-ela/versions/2010/items/W.3.3b,unreviewed,mt_vauULTecMH,ccss-ela:W.3.3b
https://education.asfai.org/alignments/4e93d4fd-0a21-5a70-95fe-eaeda7c528c0,https://education.asfai.org/objectives/4d48525f-c3fa-5303-a237-63d823a1d293,relatedTo,uk-nc-2013,KS3-ENG-W-1a,https://education.asfai.org/frameworks/uk-nc-2013/versions/september-2013/items/KS3-ENG-W-1a,unreviewed,mt_BLzNxSSdWu,uk-nc-2013:KS3-ENG-W-1a
https://education.asfai.org/alignments/4e9c2bae-416b-5d3c-9bfb-e88dd488b5d0,https://education.asfai.org/objectives/f908a3dc-f217-529b-b381-c3043463d4c8,relatedTo,ccss-math,K.G.3,https://education.asfai.org/frameworks/ccss-math/versions/2010/items/K.G.3,unreviewed,mt_Qcp2d_kuta,ccss-math:K.G.3
https://education.asfai.org/alignments/4ed119d7-a955-5433-bed4-a7572ab3bff1,https://education.asfai.org/objectives/96806439-b5f7-5880-b6e1-946b91cd3b09,relatedTo,ccss-ela,RI.6.1,https://education.asfai.org/frameworks/ccss-ela/versions/2010/items/RI.6.1,unreviewed,mt_dmFnJzxKwz,ccss-ela:RI.6.1
https://education.asfai.org/alignments/4f1172ac-a469-5baf-8609-f4f2bd48f42b,https://education.asfai.org/objectives/7bf3ae49-49d1-5ab5-ab84-cc2823f3fbef,relatedTo,ccss-ela,RL.7.2,https://education.asfai.org/frameworks/ccss-ela/versions/2010/items/RL.7.2,unreviewed,mt_wGxq92Na5g,ccss-ela:RL.7.2
https://education.asfai.org/alignments/4f1cf590-275f-529f-9193-e88cf4037387,https://education.asfai.org/objectives/0c155ff6-63ce-54e4-a018-0a55b0b14aaf,relatedTo,ccss-math,7.G.2,https://education.asfai.org/frameworks/ccss-math/versions/2010/items/7.G.2,unreviewed,mt_DNYQLahbfa,ccss-math:7.G.2
https://education.asfai.org/alignments/4f1ed0b4-4add-596a-bf14-65ab6a07b228,https://education.asfai.org/objectives/c492f33b-6eb1-597a-8072-912009364f94,relatedTo,uk-nc-2013,KS3-ENG-GV-1d,https://education.asfai.org/frameworks/uk-nc-2013/versions/september-2013/items/KS3-ENG-GV-1d,unreviewed,mt_S2fP8rUwrl,uk-nc-2013:KS3-ENG-GV-1d
https://education.asfai.org/alignments/4f3d1063-fa88-5cb0-91f7-6dc2e68c1c7c,https://education.asfai.org/objectives/2d920942-06f7-52fe-9720-5b27fd69d14a,relatedTo,uk-nc-2013,KS3.Sci.Phys.Waves.4,https://education.asfai.org/frameworks/uk-nc-2013/versions/september-2013/items/KS3.Sci.Phys.Waves.4,unreviewed,mt_FVERuBoCD1,uk-nc-2013:KS3.Sci.Phys.Waves.4
https://education.asfai.org/alignments/4f5421b1-ee05-591e-8965-510b45c4f2df,https://education.asfai.org/objectives/5f4f88ca-013b-55ba-89c5-b64a31db7d94,relatedTo,ccss-ela,L.1.2b,https://education.asfai.org/frameworks/ccss-ela/versions/2010/items/L.1.2b,unreviewed,mt_QEr24lqzvH,ccss-ela:L.1.2b
https://education.asfai.org/alignments/4f5e0799-4803-53fa-98dd-1017c48a62a7,https://education.asfai.org/objectives/5fcdee94-303b-55ce-b366-bf5b9767d74d,relatedTo,ccss-ela,L.4.4b,https://education.asfai.org/frameworks/ccss-ela/versions/2010/items/L.4.4b,unreviewed,mt_x_Lg4RASVU,ccss-ela:L.4.4b
https://education.asfai.org/alignments/4f7ba6ad-3958-5171-b07f-39406acf4b1a,https://education.asfai.org/objectives/89aa6c75-c9c5-5061-b7da-8eb7664a2b6c,relatedTo,ngss-ms,MS-PS3-1,https://education.asfai.org/frameworks/ngss-ms/versions/2013/items/MS-PS3-1,unreviewed,mt_Jvg_r4yWaY,ngss-ms:MS-PS3-1
https://education.asfai.org/alignments/4f8dbc74-e78b-5476-9166-e08541196ea1,https://education.asfai.org/objectives/e109461b-199b-5272-9c09-f75295f9071e,relatedTo,uk-nc-2013,Eng.App2.Y1.Word.3,https://education.asfai.org/frameworks/uk-nc-2013/versions/september-2013/items/Eng.App2.Y1.Word.3,unreviewed,mt_aw0PldeT_L,uk-nc-2013:Eng.App2.Y1.Word.3
https://education.asfai.org/alignments/4fb48fa0-f9c4-59bb-9086-5fe5f06cb21a,https://education.asfai.org/objectives/efead71c-33f2-5de0-b926-e633ab95a746,relatedTo,uk-nc-2013,Eng.UKS2.Write.Comp.3e,https://education.asfai.org/frameworks/uk-nc-2013/versions/september-2013/items/Eng.UKS2.Write.Comp.3e,unreviewed,mt_pis4novXWQ,uk-nc-2013:Eng.UKS2.Write.Comp.3e
https://education.asfai.org/alignments/5036bb75-4d92-5191-a837-865cd76914c3,https://education.asfai.org/objectives/d97b9742-6186-57cc-ac29-4b40886e1e10,relatedTo,ngss-k5,2-PS1-4,https://education.asfai.org/frameworks/ngss-k5/versions/2013/items/2-PS1-4,unreviewed,mt_Pl-nsjYGZ3,ngss-k5:2-PS1-4
https://education.asfai.org/alignments/50d4648f-f8a9-55de-8419-45631da89a5e,https://education.asfai.org/objectives/7b58401f-c4a9-5cc3-88a9-7e12a8a1f369,relatedTo,uk-nc-2013,KS3.Maths.Num.14,https://education.asfai.org/frameworks/uk-nc-2013/versions/september-2013/items/KS3.Maths.Num.14,unreviewed,mt_VVn1IXjkzn,uk-nc-2013:KS3.Maths.Num.14
https://education.asfai.org/alignments/50e105a2-f9b2-576b-99ef-7c8f2d62f22a,https://education.asfai.org/objectives/c9cb8a2a-ca9f-58e8-9390-59f281acb2bf,relatedTo,uk-nc-2013,Eng_App1_Sp_Y56_10,https://education.asfai.org/frameworks/uk-nc-2013/versions/september-2013/items/Eng_App1_Sp_Y56_10,unreviewed,mt_XK7NYt61cO,uk-nc-2013:Eng_App1_Sp_Y56_10
https://education.asfai.org/alignments/50f27145-a10b-5cbf-b18a-0b167fe94951,https://education.asfai.org/objectives/cd81c595-4ee9-5754-9a58-482127c75151,relatedTo,ccss-math,6.EE.2,https://education.asfai.org/frameworks/ccss-math/versions/2010/items/6.EE.2,unreviewed,mt_KwdjWEmMNo,ccss-math:6.EE.2
https://education.asfai.org/alignments/510c669c-8163-5a32-92c2-ca389d941d00,https://education.asfai.org/objectives/c2aec65b-9484-5772-b0bf-035119f54552,relatedTo,ccss-ela,W.5.1d,https://education.asfai.org/frameworks/ccss-ela/versions/2010/items/W.5.1d,unreviewed,mt_WKxX-b86Vr,ccss-ela:W.5.1d
https://education.asfai.org/alignments/5133d1a2-781a-5143-a352-0068526a1c5e,https://education.asfai.org/objectives/67dd3895-6ede-5c2d-80c9-f96b453110f5,relatedTo,uk-nc-2013,Eng/KS1/Y2/WR/6,https://education.asfai.org/frameworks/uk-nc-2013/versions/september-2013/items/Eng%2FKS1%2FY2%2FWR%2F6,unreviewed,mt_V-ldQp56bF,uk-nc-2013:Eng/KS1/Y2/WR/6
https://education.asfai.org/alignments/51563ce5-79d4-5d4b-b364-31d8ae6a5675,https://education.asfai.org/objectives/9d99969e-61eb-5427-95df-91ebd71b0878,relatedTo,ccss-ela,RI.4.5,https://education.asfai.org/frameworks/ccss-ela/versions/2010/items/RI.4.5,unreviewed,mt_oVwNnjYPUY,ccss-ela:RI.4.5
https://education.asfai.org/alignments/516d3c81-66de-570f-9153-55bbce80434c,https://education.asfai.org/objectives/3c2d8353-7fe8-543e-9e08-e8aece4784ab,relatedTo,ccss-ela,RF.2.3.a,https://education.asfai.org/frameworks/ccss-ela/versions/2010/items/RF.2.3.a,unreviewed,mt_OgJPbGkrYk,ccss-ela:RF.2.3.a
https://education.asfai.org/alignments/51801e6b-ef27-5bf8-8eda-b6a6286b7a1a,https://education.asfai.org/objectives/3b376908-f7c8-59ff-926e-e39df0bbdf71,relatedTo,ib-pyp-pspe,PSPE.INT.P1.LO.2,https://education.asfai.org/frameworks/ib-pyp-pspe/versions/2009/items/PSPE.INT.P1.LO.2,unreviewed,mt_FwI7q7DSIx,ib-pyp-pspe:PSPE.INT.P1.LO.2
https://education.asfai.org/alignments/5186eb0b-0eb8-5b98-b177-8e16cac11c48,https://education.asfai.org/objectives/3fa0fe96-3001-526b-9c1c-17a3f0daceff,relatedTo,uk-nc-2013,Eng.App2.Y2.Word.3,https://education.asfai.org/frameworks/uk-nc-2013/versions/september-2013/items/Eng.App2.Y2.Word.3,unreviewed,mt_UEe3MC5RZc,uk-nc-2013:Eng.App2.Y2.Word.3
https://education.asfai.org/alignments/518c3ccf-a088-5588-a1b4-e992293d79ec,https://education.asfai.org/objectives/80663dc2-4a27-5abe-bf66-c28667f59649,relatedTo,uk-nc-2013,KS3.Sci.Bio.Cells.1,https://education.asfai.org/frameworks/uk-nc-2013/versions/september-2013/items/KS3.Sci.Bio.Cells.1,unreviewed,mt_lMLeNLDRO8,uk-nc-2013:KS3.Sci.Bio.Cells.1
https://education.asfai.org/alignments/518f67b9-b28a-5904-a0d8-7c347a922d67,https://education.asfai.org/objectives/b90c030b-5934-5d12-8e16-ba2ae3b35128,relatedTo,ccss-ela,L.7.1b,https://education.asfai.org/frameworks/ccss-ela/versions/2010/items/L.7.1b,unreviewed,mt_T9IXrlxfx2,ccss-ela:L.7.1b
https://education.asfai.org/alignments/51fdc253-eb83-5819-8b99-fb5cc9d41bc0,https://education.asfai.org/objectives/8e143c41-28e8-5039-a845-3ba358111ae9,relatedTo,uk-nc-2013,Maths/Y1/NPV/5,https://education.asfai.org/frameworks/uk-nc-2013/versions/september-2013/items/Maths%2FY1%2FNPV%2F5,unreviewed,mt_fR0UtsSREU,uk-nc-2013:Maths/Y1/NPV/5
https://education.asfai.org/alignments/521682e6-dc5e-52f1-8674-060bde7a5265,https://education.asfai.org/objectives/dacb9895-6dae-5fed-bbff-b65c2407216b,relatedTo,uk-nc-2013,Eng.App2.Y3.Word.1,https://education.asfai.org/frameworks/uk-nc-2013/versions/september-2013/items/Eng.App2.Y3.Word.1,unreviewed,mt_T6nrrf2K43,uk-nc-2013:Eng.App2.Y3.Word.1
https://education.asfai.org/alignments/52313011-3956-5cef-af95-63c0301adb1e,https://education.asfai.org/objectives/6acb92b1-ea3d-5b75-9250-27624ecf8e00,relatedTo,uk-nc-2013,Eng/KS1/Y2/C/2d,https://education.asfai.org/frameworks/uk-nc-2013/versions/september-2013/items/Eng%2FKS1%2FY2%2FC%2F2d,unreviewed,mt_thsY1ZesaU,uk-nc-2013:Eng/KS1/Y2/C/2d
https://education.asfai.org/alignments/5247a024-5fbe-5c84-8990-1bee269e886c,https://education.asfai.org/objectives/d5a55fa8-0218-5f1d-82c6-d5214e50f683,relatedTo,uk-nc-2013,Eng/KS1/Y2/WC/4,https://education.asfai.org/frameworks/uk-nc-2013/versions/september-2013/items/Eng%2FKS1%2FY2%2FWC%2F4,unreviewed,mt_nYU6x2E2T8,uk-nc-2013:Eng/KS1/Y2/WC/4
https://education.asfai.org/alignments/524fcc18-d395-5fdc-a55c-396a930748f5,https://education.asfai.org/objectives/1b4b89ca-e9da-54ec-988b-d92cc90537cb,relatedTo,uk-nc-2013,Eng/KS1/Y2/S/1d,https://education.asfai.org/frameworks/uk-nc-2013/versions/september-2013/items/Eng%2FKS1%2FY2%2FS%2F1d,unreviewed,mt_IntmJBg4VQ,uk-nc-2013:Eng/KS1/Y2/S/1d
https://education.asfai.org/alignments/52652080-f4d9-5688-bbf8-ef71da23ac77,https://education.asfai.org/objectives/d5a55fa8-0218-5f1d-82c6-d5214e50f683,relatedTo,ccss-ela,W.4.6,https://education.asfai.org/frameworks/ccss-ela/versions/2010/items/W.4.6,unreviewed,mt_nYU6x2E2T8,ccss-ela:W.4.6
https://education.asfai.org/alignments/526770e7-9885-562e-8e79-c67f68e63532,https://education.asfai.org/objectives/0384cc26-9937-5dc7-b877-ce89bd0ca7a7,relatedTo,ib-pyp-pspe,PSPE-ID-CU-P4-4,https://education.asfai.org/frameworks/ib-pyp-pspe/versions/2009/items/PSPE-ID-CU-P4-4,unreviewed,mt_JivEBTD_KV,ib-pyp-pspe:PSPE-ID-CU-P4-4
https://education.asfai.org/alignments/52ce70e9-3be5-5808-989e-e6b0dd859e0a,https://education.asfai.org/objectives/ce323bba-ec57-5e87-9a8a-924d1dab8e00,relatedTo,ib-pyp-pspe,PSPE.INT.P4.CU.4,https://education.asfai.org/frameworks/ib-pyp-pspe/versions/2009/items/PSPE.INT.P4.CU.4,unreviewed,mt_RNeEF1JU4J,ib-pyp-pspe:PSPE.INT.P4.CU.4
https://education.asfai.org/alignments/52deef04-bba9-5a38-b054-3364717e7562,https://education.asfai.org/objectives/38e70fe9-cf42-5758-bd98-9d2fe53baa7b,relatedTo,ngss-ms,MS-PS2-3,https://education.asfai.org/frameworks/ngss-ms/versions/2013/items/MS-PS2-3,unreviewed,mt_loEMaQ8kFA,ngss-ms:MS-PS2-3
https://education.asfai.org/alignments/52f2c0ba-d936-5ac1-9681-dceb99d16f02,https://education.asfai.org/objectives/3fa0fe96-3001-526b-9c1c-17a3f0daceff,relatedTo,uk-nc-2013,Eng.App2.Y2.Word.2,https://education.asfai.org/frameworks/uk-nc-2013/versions/september-2013/items/Eng.App2.Y2.Word.2,unreviewed,mt_UEe3MC5RZc,uk-nc-2013:Eng.App2.Y2.Word.2
https://education.asfai.org/alignments/531effc8-dae9-5a77-8fc7-99dea4a4e37e,https://education.asfai.org/objectives/9b48e3ec-253c-574d-8243-2de5230e2586,relatedTo,uk-nc-2013,Eng.UKS2.Write.Comp.2d,https://education.asfai.org/frameworks/uk-nc-2013/versions/september-2013/items/Eng.UKS2.Write.Comp.2d,unreviewed,mt_uvILgZq9HN,uk-nc-2013:Eng.UKS2.Write.Comp.2d
https://education.asfai.org/alignments/532dad40-f3be-5b91-82a1-95755ffdc666,https://education.asfai.org/objectives/3be4730e-2de6-50e0-8cee-598d345bfd0e,relatedTo,uk-nc-2013,Ma/KS2/Y3/S/2,https://education.asfai.org/frameworks/uk-nc-2013/versions/september-2013/items/Ma%2FKS2%2FY3%2FS%2F2,unreviewed,mt_ylXdiVRAYv,uk-nc-2013:Ma/KS2/Y3/S/2
https://education.asfai.org/alignments/533917e5-2a11-5f86-b6b4-7b05cafdcd29,https://education.asfai.org/objectives/0ef23c84-509c-54ba-bdbc-12609f31b992,relatedTo,ccss-math,K.CC.1,https://education.asfai.org/frameworks/ccss-math/versions/2010/items/K.CC.1,unreviewed,mt_M5PPDJStGm,ccss-math:K.CC.1
https://education.asfai.org/alignments/5340c42c-f712-571b-8e84-66a72e42c797,https://education.asfai.org/objectives/c492f33b-6eb1-597a-8072-912009364f94,relatedTo,uk-nc-2013,KS3-ENG-GV-1e,https://education.asfai.org/frameworks/uk-nc-2013/versions/september-2013/items/KS3-ENG-GV-1e,unreviewed,mt_S2fP8rUwrl,uk-nc-2013:KS3-ENG-GV-1e
https://education.asfai.org/alignments/5388c153-57bc-51ec-be86-849a9393cdc3,https://education.asfai.org/objectives/cdb4a796-4dbf-5a21-a8a1-0ac51e9c2323,relatedTo,uk-nc-2013,KS3.Sci.Bio.Nutrition.5,https://education.asfai.org/frameworks/uk-nc-2013/versions/september-2013/items/KS3.Sci.Bio.Nutrition.5,unreviewed,mt_fCvmdI6xGO,uk-nc-2013:KS3.Sci.Bio.Nutrition.5
https://education.asfai.org/alignments/53c40451-e8b7-5893-be3e-6b979e017c5e,https://education.asfai.org/objectives/e172dcdf-d286-504f-81da-82d349dbb4d3,relatedTo,uk-nc-2013,Ma/KS2/Y3/NPV/1,https://education.asfai.org/frameworks/uk-nc-2013/versions/september-2013/items/Ma%2FKS2%2FY3%2FNPV%2F1,unreviewed,mt_IzQvs7k_sE,uk-nc-2013:Ma/KS2/Y3/NPV/1
https://education.asfai.org/alignments/540420f6-2a90-5c7d-b617-2d1178499a82,https://education.asfai.org/objectives/4dd2c992-08d8-500d-be34-6ccaede03b6f,relatedTo,uk-nc-2013,KS3.Maths.Geo.15,https://education.asfai.org/frameworks/uk-nc-2013/versions/september-2013/items/KS3.Maths.Geo.15,unreviewed,mt_nRksLqt-iR,uk-nc-2013:KS3.Maths.Geo.15
https://education.asfai.org/alignments/5482fd5a-b342-5e3a-9a0d-e985086482bc,https://education.asfai.org/objectives/0e2ee271-4a6d-550e-ba9d-756de58c283a,relatedTo,ccss-ela,RI.K.5,https://education.asfai.org/frameworks/ccss-ela/versions/2010/items/RI.K.5,unreviewed,mt_XeMZdf2Y9W,ccss-ela:RI.K.5
https://education.asfai.org/alignments/54af892a-8901-5a4f-bf9d-ed2eeb66991b,https://education.asfai.org/objectives/ed3060a3-9925-55f0-9e4f-dd795b5a247f,relatedTo,ccss-ela,W.6.4,https://education.asfai.org/frameworks/ccss-ela/versions/2010/items/W.6.4,unreviewed,mt_s6-6FYb5UQ,ccss-ela:W.6.4
https://education.asfai.org/alignments/54d2a6b0-3483-5819-b861-5444730dc721,https://education.asfai.org/objectives/e8ddbec0-60b8-5481-849d-2f11a3d6ce7e,relatedTo,uk-nc-2013,Ma/KS2/Y3/S/1,https://education.asfai.org/frameworks/uk-nc-2013/versions/september-2013/items/Ma%2FKS2%2FY3%2FS%2F1,unreviewed,mt_c29FaCTNsx,uk-nc-2013:Ma/KS2/Y3/S/1
https://education.asfai.org/alignments/550afcff-57ef-55e9-971f-54c7ca3c2c35,https://education.asfai.org/objectives/7102ffa9-58c2-5a90-90ce-1a7c0b74357f,relatedTo,ccss-math,7.RP.2b,https://education.asfai.org/frameworks/ccss-math/versions/2010/items/7.RP.2b,unreviewed,mt_1badik7iKJ,ccss-math:7.RP.2b
https://education.asfai.org/alignments/5536b6f5-fcec-5dd0-a665-d050bbe23792,https://education.asfai.org/objectives/2e7d1567-a4e8-5269-98f5-a2cb6f74ec85,relatedTo,uk-nc-2013,Ma/KS2/Y4/MD/3,https://education.asfai.org/frameworks/uk-nc-2013/versions/september-2013/items/Ma%2FKS2%2FY4%2FMD%2F3,unreviewed,mt_nZkL5-XjRX,uk-nc-2013:Ma/KS2/Y4/MD/3
https://education.asfai.org/alignments/554be3b9-121a-54b2-a287-c4e825819e75,https://education.asfai.org/objectives/6117a017-e31e-5884-ae48-0cb38aad0e7d,relatedTo,uk-nc-2013,Eng_App1_Sp_Y56_02,https://education.asfai.org/frameworks/uk-nc-2013/versions/september-2013/items/Eng_App1_Sp_Y56_02,unreviewed,mt_2X9Cd38eSJ,uk-nc-2013:Eng_App1_Sp_Y56_02
https://education.asfai.org/alignments/55bce0b4-d757-5d29-8ac0-22c8957b9c7b,https://education.asfai.org/objectives/c3813ac5-21fb-5123-ad4d-0990f45dc044,relatedTo,uk-nc-2013,Eng_LKS2_Read_Comp_10,https://education.asfai.org/frameworks/uk-nc-2013/versions/september-2013/items/Eng_LKS2_Read_Comp_10,unreviewed,mt_6-MYToNZ39,uk-nc-2013:Eng_LKS2_Read_Comp_10
https://education.asfai.org/alignments/55ef6b22-7358-5abe-a619-ce2b208e1447,https://education.asfai.org/objectives/e90413bc-71fe-513c-9410-4dba124ed1b5,relatedTo,ngss-ms,MS-ESS2-1,https://education.asfai.org/frameworks/ngss-ms/versions/2013/items/MS-ESS2-1,unreviewed,mt_NckKLZ3uCE,ngss-ms:MS-ESS2-1
https://education.asfai.org/alignments/563e63cc-f577-57ea-884a-4ba10ad7fab5,https://education.asfai.org/objectives/30160bfe-48d3-5423-b2a9-97b6f2e96b5f,relatedTo,ccss-ela,RI.4.7,https://education.asfai.org/frameworks/ccss-ela/versions/2010/items/RI.4.7,unreviewed,mt_KbCCmLmxYN,ccss-ela:RI.4.7
https://education.asfai.org/alignments/5648cabc-3805-5819-a83e-4b26fef34531,https://education.asfai.org/objectives/2226f28e-cddd-5001-9cdf-a81a4c491f03,relatedTo,uk-nc-2013,Maths/Y1/F/1,https://education.asfai.org/frameworks/uk-nc-2013/versions/september-2013/items/Maths%2FY1%2FF%2F1,unreviewed,mt_-hTTat0mBR,uk-nc-2013:Maths/Y1/F/1
https://education.asfai.org/alignments/564f8fe3-03df-595e-b7fc-0ca3e1bdbb4a,https://education.asfai.org/objectives/cef9377e-2f36-5b80-9882-b91d6406b96d,relatedTo,ccss-ela,L.4.2c,https://education.asfai.org/frameworks/ccss-ela/versions/2010/items/L.4.2c,unreviewed,mt_j2idD_jq73,ccss-ela:L.4.2c
https://education.asfai.org/alignments/5675bbac-7e90-5872-a89a-902292875915,https://education.asfai.org/objectives/c3813ac5-21fb-5123-ad4d-0990f45dc044,relatedTo,ccss-ela,RL.K.4,https://education.asfai.org/frameworks/ccss-ela/versions/2010/items/RL.K.4,unreviewed,mt_6-MYToNZ39,ccss-ela:RL.K.4
https://education.asfai.org/alignments/56770af1-2e75-57b5-8790-c681096e1114,https://education.asfai.org/objectives/35fb4060-929d-5b58-8038-447583fbe03c,relatedTo,ngss-k5,2-PS1-2,https://education.asfai.org/frameworks/ngss-k5/versions/2013/items/2-PS1-2,unreviewed,mt_rTn43s8RNX,ngss-k5:2-PS1-2
https://education.asfai.org/alignments/567833c2-6972-5d74-a350-bb8f6a62313d,https://education.asfai.org/objectives/5c6713f3-612a-5080-b4b2-84a1d235c7e5,relatedTo,uk-nc-2013,KS3-ENG-GV-1a,https://education.asfai.org/frameworks/uk-nc-2013/versions/september-2013/items/KS3-ENG-GV-1a,unreviewed,mt_lsO9O-_eZH,uk-nc-2013:KS3-ENG-GV-1a
https://education.asfai.org/alignments/56b0953b-ceda-5bc0-994d-5d25bf2545fd,https://education.asfai.org/objectives/97338549-db3d-5e13-8b30-271e446f16dd,relatedTo,uk-nc-2013,Eng_App1_Y1_13,https://education.asfai.org/frameworks/uk-nc-2013/versions/september-2013/items/Eng_App1_Y1_13,unreviewed,mt_QdMMLRYWhn,uk-nc-2013:Eng_App1_Y1_13
https://education.asfai.org/alignments/56bc97ba-147b-5eaf-919b-6e9b829094ee,https://education.asfai.org/objectives/5bd5dc09-2756-56dc-abea-6e87a73afb24,relatedTo,ngss-k5,3-5-ETS1-3,https://education.asfai.org/frameworks/ngss-k5/versions/2013/items/3-5-ETS1-3,unreviewed,mt_eoPcc4nrBE,ngss-k5:3-5-ETS1-3
https://education.asfai.org/alignments/56c512b6-d00f-58be-87d8-b02d8d776f85,https://education.asfai.org/objectives/1df041af-c62d-5afe-8689-31adc657cfde,relatedTo,ngss-k5,4-ESS3-2,https://education.asfai.org/frameworks/ngss-k5/versions/2013/items/4-ESS3-2,unreviewed,mt_cpDpjJaE5u,ngss-k5:4-ESS3-2
https://education.asfai.org/alignments/5742e228-dd31-5086-96b4-ab028051a36d,https://education.asfai.org/objectives/fa995084-1aed-56bc-a0e0-40b1af737165,relatedTo,uk-nc-2013,Y3.Sci.A.1,https://education.asfai.org/frameworks/uk-nc-2013/versions/september-2013/items/Y3.Sci.A.1,unreviewed,mt_E1wR8IfCV6,uk-nc-2013:Y3.Sci.A.1
https://education.asfai.org/alignments/5754cc9d-f2a8-556d-8362-9fcb076b67a9,https://education.asfai.org/objectives/944502d5-d572-5e53-91f2-63fdd19224e1,relatedTo,uk-nc-2013,Eng/KS1/Y2/WR/8,https://education.asfai.org/frameworks/uk-nc-2013/versions/september-2013/items/Eng%2FKS1%2FY2%2FWR%2F8,unreviewed,mt_ZhvwM6LMBL,uk-nc-2013:Eng/KS1/Y2/WR/8
https://education.asfai.org/alignments/5757d09e-3931-585a-8cd7-b3ad4f3dabe6,https://education.asfai.org/objectives/cd81c595-4ee9-5754-9a58-482127c75151,relatedTo,uk-nc-2013,KS3.Maths.Alg.1e,https://education.asfai.org/frameworks/uk-nc-2013/versions/september-2013/items/KS3.Maths.Alg.1e,unreviewed,mt_KwdjWEmMNo,uk-nc-2013:KS3.Maths.Alg.1e
https://education.asfai.org/alignments/576d56cf-df2e-55de-865a-981f1b069b54,https://education.asfai.org/objectives/7a347ca5-7a16-5e31-a290-0dc9f0ff3cca,relatedTo,uk-nc-2013,KS3.Sci.WS.VUSN.2,https://education.asfai.org/frameworks/uk-nc-2013/versions/september-2013/items/KS3.Sci.WS.VUSN.2,unreviewed,mt_auJqTemMpI,uk-nc-2013:KS3.Sci.WS.VUSN.2
https://education.asfai.org/alignments/57830537-0c28-5dae-81f2-35b054e39f13,https://education.asfai.org/objectives/f4551bf7-bc87-5036-b041-b9027a2659d2,relatedTo,ib-pyp-pspe,PSPE-ID-LO-P3-8,https://education.asfai.org/frameworks/ib-pyp-pspe/versions/2009/items/PSPE-ID-LO-P3-8,unreviewed,mt_E5ju6kQSu3,ib-pyp-pspe:PSPE-ID-LO-P3-8
https://education.asfai.org/alignments/57d6c664-7a6c-5b68-9830-98ee2ae00723,https://education.asfai.org/objectives/cf69ee3d-3913-5fcb-8911-520ed5191bb3,relatedTo,uk-nc-2013,KS3.Sci.WS.AE.2,https://education.asfai.org/frameworks/uk-nc-2013/versions/september-2013/items/KS3.Sci.WS.AE.2,unreviewed,mt_3jmBpEepYX,uk-nc-2013:KS3.Sci.WS.AE.2
https://education.asfai.org/alignments/57e465f4-a682-5297-a0dd-26ff227ff1b5,https://education.asfai.org/objectives/2bd978d2-1525-5799-8faf-92e75f3b312d,relatedTo,uk-nc-2013,KS3-ENG-R-3a,https://education.asfai.org/frameworks/uk-nc-2013/versions/september-2013/items/KS3-ENG-R-3a,unreviewed,mt_II6iw4BmJI,uk-nc-2013:KS3-ENG-R-3a
https://education.asfai.org/alignments/5806e897-f504-5a6f-bbcc-25761a48b38e,https://education.asfai.org/objectives/2ade4f37-835b-5177-a30d-e43fe4b98be4,relatedTo,uk-nc-2013,Y5.Sci.PCM.6,https://education.asfai.org/frameworks/uk-nc-2013/versions/september-2013/items/Y5.Sci.PCM.6,unreviewed,mt_rbPioPELM1,uk-nc-2013:Y5.Sci.PCM.6
https://education.asfai.org/alignments/581b1b1c-4e13-5918-bf4f-c749a4a75e8f,https://education.asfai.org/objectives/7fd5b7b7-1f8d-52df-927d-bf0af19bfac6,relatedTo,ccss-ela,L.5.1e,https://education.asfai.org/frameworks/ccss-ela/versions/2010/items/L.5.1e,unreviewed,mt_S7CnyZCnxg,ccss-ela:L.5.1e
https://education.asfai.org/alignments/58494f6b-61a7-5389-9fff-427a3c23b8bf,https://education.asfai.org/objectives/74e1464f-b18c-5982-8282-9053227989fa,relatedTo,uk-nc-2013,Maths/Y1/NPV/2,https://education.asfai.org/frameworks/uk-nc-2013/versions/september-2013/items/Maths%2FY1%2FNPV%2F2,unreviewed,mt_nvdpxAJTBG,uk-nc-2013:Maths/Y1/NPV/2
https://education.asfai.org/alignments/58633322-3b62-5b82-82f8-0e80a109bda9,https://education.asfai.org/objectives/e6fd5b7b-2bb4-5aa7-88a6-8eecc4c0da42,relatedTo,ccss-ela,W.4.3a,https://education.asfai.org/frameworks/ccss-ela/versions/2010/items/W.4.3a,unreviewed,mt_vauULTecMH,ccss-ela:W.4.3a
https://education.asfai.org/alignments/588655b3-9faf-5e38-8e3e-92f2e5dc4c12,https://education.asfai.org/objectives/a6c5156f-d523-53f0-9a76-119e75d53600,relatedTo,ccss-ela,RL.4.1,https://education.asfai.org/frameworks/ccss-ela/versions/2010/items/RL.4.1,unreviewed,mt_ukLvUD8DFA,ccss-ela:RL.4.1
https://education.asfai.org/alignments/58d83ed9-432f-5aa0-8068-02c35fb2a5a6,https://education.asfai.org/objectives/05c43960-eda5-5c5a-ab9c-689b4b4aa023,relatedTo,ccss-ela,RF.K.1,https://education.asfai.org/frameworks/ccss-ela/versions/2010/items/RF.K.1,unreviewed,mt_1KCwbGvm1F,ccss-ela:RF.K.1
https://education.asfai.org/alignments/5916baf5-7f13-5897-b710-85d08b131ad7,https://education.asfai.org/objectives/64f32aee-0d2b-5941-a949-28b497ac6a90,relatedTo,uk-nc-2013,Eng_App1_Y1_38,https://education.asfai.org/frameworks/uk-nc-2013/versions/september-2013/items/Eng_App1_Y1_38,unreviewed,mt_fMd7v87IiI,uk-nc-2013:Eng_App1_Y1_38
https://education.asfai.org/alignments/594ab4a4-9138-516c-860f-78c11b812e93,https://education.asfai.org/objectives/4b184904-6e4c-5fed-a8ff-329814b5f975,relatedTo,uk-nc-2013,Y2.Sci.LTH.2,https://education.asfai.org/frameworks/uk-nc-2013/versions/september-2013/items/Y2.Sci.LTH.2,unreviewed,mt_cM8YS6NXqi,uk-nc-2013:Y2.Sci.LTH.2
https://education.asfai.org/alignments/59e0ab2a-ad9f-520c-bb49-9d0e8c9c2177,https://education.asfai.org/objectives/d124cae8-2661-5041-867c-46c945c6422b,relatedTo,uk-nc-2013,Eng.App2.Y2.Punc.2,https://education.asfai.org/frameworks/uk-nc-2013/versions/september-2013/items/Eng.App2.Y2.Punc.2,unreviewed,mt_ntqNLHsj5n,uk-nc-2013:Eng.App2.Y2.Punc.2
https://education.asfai.org/alignments/59f9b014-9b63-51b3-9284-86ef5d230390,https://education.asfai.org/objectives/c6b8c99b-3df4-5f0d-818a-325eb6af7713,relatedTo,uk-nc-2013,Eng_App1_Y2_17,https://education.asfai.org/frameworks/uk-nc-2013/versions/september-2013/items/Eng_App1_Y2_17,unreviewed,mt_p_jxNLdus4,uk-nc-2013:Eng_App1_Y2_17
https://education.asfai.org/alignments/5a002b40-5a10-5f22-b18c-b8ab5201d9dc,https://education.asfai.org/objectives/cd811350-0a6f-5fa4-a426-3259ff79b3b1,relatedTo,uk-nc-2013,Eng/KS1/Y2/C/1c,https://education.asfai.org/frameworks/uk-nc-2013/versions/september-2013/items/Eng%2FKS1%2FY2%2FC%2F1c,unreviewed,mt_zlSoIKPyId,uk-nc-2013:Eng/KS1/Y2/C/1c
https://education.asfai.org/alignments/5a2d7c13-9d82-59fc-875b-5896a4d0c23f,https://education.asfai.org/objectives/0ce49f41-95d1-50e9-96fe-4f61972ff8b3,relatedTo,uk-nc-2013,Eng.UKS2.Write.VGP.3,https://education.asfai.org/frameworks/uk-nc-2013/versions/september-2013/items/Eng.UKS2.Write.VGP.3,unreviewed,mt_-tcJeAhK5k,uk-nc-2013:Eng.UKS2.Write.VGP.3
https://education.asfai.org/alignments/5a2deb42-91b3-5052-a089-e7d6484527b0,https://education.asfai.org/objectives/8aaad49c-6de4-519d-9ed7-fd10ce4b5ce2,relatedTo,ngss-k5,K-LS1-1,https://education.asfai.org/frameworks/ngss-k5/versions/2013/items/K-LS1-1,unreviewed,mt_j7cer_Nmor,ngss-k5:K-LS1-1
https://education.asfai.org/alignments/5a6cdcad-cd44-5334-a491-5a41ee3314a1,https://education.asfai.org/objectives/00b565b3-4c9c-5f29-92c6-8baefe84a94c,relatedTo,ccss-ela,RL.4.2,https://education.asfai.org/frameworks/ccss-ela/versions/2010/items/RL.4.2,unreviewed,mt_A0htaNaK7b,ccss-ela:RL.4.2
https://education.asfai.org/alignments/5a7b86db-9a8e-5ed3-b578-4a0fead937ff,https://education.asfai.org/objectives/d245379f-0761-53e9-bed6-ecb3d19f61d4,relatedTo,ccss-math,2.G.1,https://education.asfai.org/frameworks/ccss-math/versions/2010/items/2.G.1,unreviewed,mt_zuOGOGFAKb,ccss-math:2.G.1
https://education.asfai.org/alignments/5a8216ef-dc32-5273-97b5-158b134e95dd,https://education.asfai.org/objectives/9c70f20b-c914-5f6f-abb8-1040e6abdf2d,relatedTo,uk-nc-2013,Eng_Y1_RC_04,https://education.asfai.org/frameworks/uk-nc-2013/versions/september-2013/items/Eng_Y1_RC_04,unreviewed,mt_4GiE83rJF_,uk-nc-2013:Eng_Y1_RC_04
https://education.asfai.org/alignments/5ac041d4-2fdd-5ea2-bdea-4cd2bf8c8669,https://education.asfai.org/objectives/335db539-434d-50e1-a0c9-bf9d6748e929,relatedTo,uk-nc-2013,Eng.UKS2.Write.Trans.Spell.6,https://education.asfai.org/frameworks/uk-nc-2013/versions/september-2013/items/Eng.UKS2.Write.Trans.Spell.6,unreviewed,mt_6W5zzDIGZH,uk-nc-2013:Eng.UKS2.Write.Trans.Spell.6
https://education.asfai.org/alignments/5c3eedc4-d5c4-5955-bdb0-a7f0c0ebe1a0,https://education.asfai.org/objectives/f00facc1-350a-57b6-a3fa-abdba05a41bd,relatedTo,uk-nc-2013,Maths/Y2/MD/1,https://education.asfai.org/frameworks/uk-nc-2013/versions/september-2013/items/Maths%2FY2%2FMD%2F1,unreviewed,mt_HhuSDxwDNM,uk-nc-2013:Maths/Y2/MD/1
https://education.asfai.org/alignments/5c652342-fe1d-5c90-9237-5dc2a3cbf872,https://education.asfai.org/objectives/0e7d44fa-4a2d-5ca2-b81e-27efa0cc0186,relatedTo,uk-nc-2013,KS3.Sci.Chem.PIS.1,https://education.asfai.org/frameworks/uk-nc-2013/versions/september-2013/items/KS3.Sci.Chem.PIS.1,unreviewed,mt_MBTVB-E-S7,uk-nc-2013:KS3.Sci.Chem.PIS.1
https://education.asfai.org/alignments/5c6b7b0a-a44c-5d24-868b-7fae6d2e1889,https://education.asfai.org/objectives/17121b57-59f3-55a6-a7fb-663727c79663,relatedTo,ccss-ela,RF.3.3.c,https://education.asfai.org/frameworks/ccss-ela/versions/2010/items/RF.3.3.c,unreviewed,mt_kVzAFMuFc4,ccss-ela:RF.3.3.c
https://education.asfai.org/alignments/5c6fdc21-4b79-576f-a95f-87b84fd0d202,https://education.asfai.org/objectives/1a22e834-f596-5f0b-94f3-17bc2e8ffa73,relatedTo,uk-nc-2013,KS3.Maths.Alg.7,https://education.asfai.org/frameworks/uk-nc-2013/versions/september-2013/items/KS3.Maths.Alg.7,unreviewed,mt_i2F1nWxJjv,uk-nc-2013:KS3.Maths.Alg.7
https://education.asfai.org/alignments/5cbc11a9-f64e-5755-ab02-db3629f584a1,https://education.asfai.org/objectives/e520016b-2a3a-578f-a43d-7c0a52bfd42f,relatedTo,uk-nc-2013,Eng.UKS2.Write.Trans.Hand.1b,https://education.asfai.org/frameworks/uk-nc-2013/versions/september-2013/items/Eng.UKS2.Write.Trans.Hand.1b,unreviewed,mt_02DH7sGXCi,uk-nc-2013:Eng.UKS2.Write.Trans.Hand.1b
https://education.asfai.org/alignments/5cc26c06-3653-5751-8ad2-10ffb16f7acb,https://education.asfai.org/objectives/6b5c0a36-3844-5f57-8172-ec03259ba05a,relatedTo,ccss-math,6.EE.6,https://education.asfai.org/frameworks/ccss-math/versions/2010/items/6.EE.6,unreviewed,mt_g_fkAqmz72,ccss-math:6.EE.6
https://education.asfai.org/alignments/5cccf74f-cbe6-5831-8626-ed8c84db7cc9,https://education.asfai.org/objectives/250352af-8322-589d-a857-cebd2ed7c5c0,relatedTo,uk-nc-2013,Ma/KS2/Y3/AS/1a,https://education.asfai.org/frameworks/uk-nc-2013/versions/september-2013/items/Ma%2FKS2%2FY3%2FAS%2F1a,unreviewed,mt_oDU_8zMZjp,uk-nc-2013:Ma/KS2/Y3/AS/1a
https://education.asfai.org/alignments/5d021e2c-4257-5108-8061-93a32658410a,https://education.asfai.org/objectives/b3affed8-3246-5ad0-92fa-229da9071b72,relatedTo,ccss-math,6.RP.3,https://education.asfai.org/frameworks/ccss-math/versions/2010/items/6.RP.3,unreviewed,mt_nOCPx5qw0Z,ccss-math:6.RP.3
https://education.asfai.org/alignments/5d28b0cf-05a1-501c-95df-e93b38398cda,https://education.asfai.org/objectives/90aeee63-aed8-50a7-be6f-74c15dce7598,relatedTo,ib-pyp-pspe,PSPE-ID-CU-P4-8,https://education.asfai.org/frameworks/ib-pyp-pspe/versions/2009/items/PSPE-ID-CU-P4-8,unreviewed,mt_Amw5ikSSQI,ib-pyp-pspe:PSPE-ID-CU-P4-8
https://education.asfai.org/alignments/5d4d6910-7c80-5bda-9beb-1258dfd2e1b1,https://education.asfai.org/objectives/920ebef9-547f-53b0-a236-2fd76f69b867,relatedTo,ccss-ela,RL.8.9,https://education.asfai.org/frameworks/ccss-ela/versions/2010/items/RL.8.9,unreviewed,mt_1GF5MeNZPA,ccss-ela:RL.8.9
https://education.asfai.org/alignments/5d73748d-98a5-536a-8474-8b29ae71ac0c,https://education.asfai.org/objectives/2bd978d2-1525-5799-8faf-92e75f3b312d,relatedTo,ccss-ela,RI.8.5,https://education.asfai.org/frameworks/ccss-ela/versions/2010/items/RI.8.5,unreviewed,mt_II6iw4BmJI,ccss-ela:RI.8.5
https://education.asfai.org/alignments/5e275344-2330-5c5c-9f77-3a9a99bd1608,https://education.asfai.org/objectives/d21a5105-3f05-5457-aa19-730e981808f5,relatedTo,uk-nc-2013,Y2.Sci.P.2,https://education.asfai.org/frameworks/uk-nc-2013/versions/september-2013/items/Y2.Sci.P.2,unreviewed,mt_3v0VNkwquK,uk-nc-2013:Y2.Sci.P.2
https://education.asfai.org/alignments/5e4d6a91-c894-561b-9eaa-6e8a5370058b,https://education.asfai.org/objectives/71495540-907b-5216-a5d0-dd2205b0a0dc,relatedTo,ccss-ela,L.2.3a,https://education.asfai.org/frameworks/ccss-ela/versions/2010/items/L.2.3a,unreviewed,mt_86DyHo9zO3,ccss-ela:L.2.3a
https://education.asfai.org/alignments/5e5f8fd5-7c15-5c28-8c2f-e878ac9551e1,https://education.asfai.org/objectives/944502d5-d572-5e53-91f2-63fdd19224e1,relatedTo,uk-nc-2013,Eng/KS1/Y2/WR/1,https://education.asfai.org/frameworks/uk-nc-2013/versions/september-2013/items/Eng%2FKS1%2FY2%2FWR%2F1,unreviewed,mt_ZhvwM6LMBL,uk-nc-2013:Eng/KS1/Y2/WR/1
https://education.asfai.org/alignments/5e851887-0419-5689-a104-c6a65f9f2821,https://education.asfai.org/objectives/5f4f88ca-013b-55ba-89c5-b64a31db7d94,relatedTo,ccss-ela,L.K.2b,https://education.asfai.org/frameworks/ccss-ela/versions/2010/items/L.K.2b,unreviewed,mt_QEr24lqzvH,ccss-ela:L.K.2b
https://education.asfai.org/alignments/5eeb0ba0-ca50-5ab8-8984-789016fc77a1,https://education.asfai.org/objectives/83b24e0b-b9f1-50d6-b0f8-39cc9f94efe9,relatedTo,ccss-math,K.G.3,https://education.asfai.org/frameworks/ccss-math/versions/2010/items/K.G.3,unreviewed,mt_mnEVZNkX3p,ccss-math:K.G.3
https://education.asfai.org/alignments/5f39bea2-a563-5454-ada0-ca85766e16e1,https://education.asfai.org/objectives/9dd3929a-9fac-5baf-9674-9fb5552b2ba8,relatedTo,ccss-ela,L.5.5a,https://education.asfai.org/frameworks/ccss-ela/versions/2010/items/L.5.5a,unreviewed,mt_hJW7hVflm3,ccss-ela:L.5.5a
https://education.asfai.org/alignments/5f47e47e-3ff4-58da-b9ed-8ea79bf8b845,https://education.asfai.org/objectives/dace666c-2670-522e-af15-e237a03caa73,relatedTo,uk-nc-2013,KS3.Maths.Num.3,https://education.asfai.org/frameworks/uk-nc-2013/versions/september-2013/items/KS3.Maths.Num.3,unreviewed,mt_xhoOWnhtHq,uk-nc-2013:KS3.Maths.Num.3
https://education.asfai.org/alignments/5f77d745-08fc-5e00-ab98-7747295fc1ef,https://education.asfai.org/objectives/2b3f100c-ccfd-5d36-b330-0e509b824ede,relatedTo,ngss-ms,MS-LS4-4,https://education.asfai.org/frameworks/ngss-ms/versions/2013/items/MS-LS4-4,unreviewed,mt_FuVEZ1Ac9s,ngss-ms:MS-LS4-4
https://education.asfai.org/alignments/5fd9796c-f633-5c2f-8f99-053469e7f75e,https://education.asfai.org/objectives/ff22ada9-f36c-5ee6-9032-2ddea1e8be5f,relatedTo,uk-nc-2013,Eng.SL.9,https://education.asfai.org/frameworks/uk-nc-2013/versions/september-2013/items/Eng.SL.9,unreviewed,mt_S0hzjAeLSK,uk-nc-2013:Eng.SL.9
https://education.asfai.org/alignments/5ff3b2b6-ba8d-585f-a111-489bdc1e1840,https://education.asfai.org/objectives/9a5c07b8-e2ed-5174-9d8b-b128adce2158,relatedTo,ccss-ela,L.2.1b,https://education.asfai.org/frameworks/ccss-ela/versions/2010/items/L.2.1b,unreviewed,mt_nFBLNoChD0,ccss-ela:L.2.1b
https://education.asfai.org/alignments/6014c6cf-c5c9-5876-a76d-3e0f42f2f9cf,https://education.asfai.org/objectives/77bbbcab-633b-5228-a3ac-193eb7ca3b75,relatedTo,ccss-ela,RF.K.1.d,https://education.asfai.org/frameworks/ccss-ela/versions/2010/items/RF.K.1.d,unreviewed,mt_frDIaXzWbx,ccss-ela:RF.K.1.d
https://education.asfai.org/alignments/601a413f-0a18-554f-a978-31bc7b893d2f,https://education.asfai.org/objectives/c305f376-392d-55c4-9a92-a6902eb0be15,relatedTo,ccss-ela,RL.7.10,https://education.asfai.org/frameworks/ccss-ela/versions/2010/items/RL.7.10,unreviewed,mt_9k1qcpvVi_,ccss-ela:RL.7.10
https://education.asfai.org/alignments/601cd546-4e0d-59d9-bd4d-284000e44eaa,https://education.asfai.org/objectives/6acb92b1-ea3d-5b75-9250-27624ecf8e00,relatedTo,uk-nc-2013,Eng_LKS2_Read_Comp_16,https://education.asfai.org/frameworks/uk-nc-2013/versions/september-2013/items/Eng_LKS2_Read_Comp_16,unreviewed,mt_thsY1ZesaU,uk-nc-2013:Eng_LKS2_Read_Comp_16
https://education.asfai.org/alignments/60212deb-2af0-53fd-a12d-6a6364b10d1b,https://education.asfai.org/objectives/81a69f71-5435-5a92-aaf3-f06cbf9f3167,relatedTo,uk-nc-2013,Y2.Sci.LTH.1,https://education.asfai.org/frameworks/uk-nc-2013/versions/september-2013/items/Y2.Sci.LTH.1,unreviewed,mt_Sa48W7KXB5,uk-nc-2013:Y2.Sci.LTH.1
https://education.asfai.org/alignments/608b2ca6-7f33-56bf-ae7b-6204c09197e3,https://education.asfai.org/objectives/9292d740-8341-55a5-802b-20e523d50037,relatedTo,ccss-math,2.MD.9,https://education.asfai.org/frameworks/ccss-math/versions/2010/items/2.MD.9,unreviewed,mt_mayItsxMUu,ccss-math:2.MD.9
https://education.asfai.org/alignments/60ce5685-dd9f-5b57-a5b9-4cd9fe01efcd,https://education.asfai.org/objectives/82e6e7b0-dcf8-5a67-b30e-cd5dbfbffcee,relatedTo,ccss-math,1.NBT.5,https://education.asfai.org/frameworks/ccss-math/versions/2010/items/1.NBT.5,unreviewed,mt_kw7xmp68rU,ccss-math:1.NBT.5
https://education.asfai.org/alignments/60ff780f-927d-5cd0-b9d4-497755f369d2,https://education.asfai.org/objectives/672d3481-1109-5378-943d-d4182dc1f15f,relatedTo,ib-pyp-pspe,PSPE-ID-LO-P2-6,https://education.asfai.org/frameworks/ib-pyp-pspe/versions/2009/items/PSPE-ID-LO-P2-6,unreviewed,mt_RhntJz7p_6,ib-pyp-pspe:PSPE-ID-LO-P2-6
https://education.asfai.org/alignments/6105049c-a3bc-57e8-8347-94e1eda516f0,https://education.asfai.org/objectives/a8ff161a-a36a-5d6e-be1b-7f245b34d9b6,relatedTo,uk-nc-2013,KS3-ENG-W-1c,https://education.asfai.org/frameworks/uk-nc-2013/versions/september-2013/items/KS3-ENG-W-1c,unreviewed,mt_tn1rY9GbEZ,uk-nc-2013:KS3-ENG-W-1c
https://education.asfai.org/alignments/610ba3fa-1f51-5548-bb5a-ccd1377c7ffa,https://education.asfai.org/objectives/944502d5-d572-5e53-91f2-63fdd19224e1,relatedTo,ccss-ela,RI.1.10,https://education.asfai.org/frameworks/ccss-ela/versions/2010/items/RI.1.10,unreviewed,mt_ZhvwM6LMBL,ccss-ela:RI.1.10
https://education.asfai.org/alignments/616099a2-0623-599b-a29d-df708d58e514,https://education.asfai.org/objectives/2ade4f37-835b-5177-a30d-e43fe4b98be4,relatedTo,ngss-k5,5-PS1-4,https://education.asfai.org/frameworks/ngss-k5/versions/2013/items/5-PS1-4,unreviewed,mt_rbPioPELM1,ngss-k5:5-PS1-4
https://education.asfai.org/alignments/6160d22d-c0b3-5172-9e1f-29b321c53c6e,https://education.asfai.org/objectives/b5e6a349-599b-5dd4-96ea-5c2eb19e9fae,relatedTo,ccss-math,7.NS.2a,https://education.asfai.org/frameworks/ccss-math/versions/2010/items/7.NS.2a,unreviewed,mt_rxInpOQ74w,ccss-math:7.NS.2a
https://education.asfai.org/alignments/61705df6-e67f-5518-b2e1-75a2cf5d29e4,https://education.asfai.org/objectives/90daa586-6d60-5bf8-ba99-c32a9296c6bd,relatedTo,uk-nc-2013,Eng_App1_Sp_Y34_06,https://education.asfai.org/frameworks/uk-nc-2013/versions/september-2013/items/Eng_App1_Sp_Y34_06,unreviewed,mt_tHtjfjjFrl,uk-nc-2013:Eng_App1_Sp_Y34_06
https://education.asfai.org/alignments/6186ff5a-4bae-59b2-a4a3-5c395a5d1604,https://education.asfai.org/objectives/e90a1f41-79a9-5d63-96c6-9bffea3edb57,relatedTo,ngss-ms,MS-PS1-1,https://education.asfai.org/frameworks/ngss-ms/versions/2013/items/MS-PS1-1,unreviewed,mt_wfEfQuHOG-,ngss-ms:MS-PS1-1
https://education.asfai.org/alignments/61ae609a-cbcd-54e7-bed5-bf7d3e6f43d6,https://education.asfai.org/objectives/90daa586-6d60-5bf8-ba99-c32a9296c6bd,relatedTo,uk-nc-2013,Eng_App1_Sp_Y34_01,https://education.asfai.org/frameworks/uk-nc-2013/versions/september-2013/items/Eng_App1_Sp_Y34_01,unreviewed,mt_tHtjfjjFrl,uk-nc-2013:Eng_App1_Sp_Y34_01
https://education.asfai.org/alignments/61e199c7-6800-570a-a3da-75b80ffac6ec,https://education.asfai.org/objectives/ca2756f1-1622-5be6-91fb-622ee665c4ff,relatedTo,uk-nc-2013,Eng.UKS2.Write.VGP.2e,https://education.asfai.org/frameworks/uk-nc-2013/versions/september-2013/items/Eng.UKS2.Write.VGP.2e,unreviewed,mt_uycuqPaiJ1,uk-nc-2013:Eng.UKS2.Write.VGP.2e
https://education.asfai.org/alignments/62558073-99b5-5a2e-b2d4-2bca95d10fa5,https://education.asfai.org/objectives/02527c52-1a3d-5111-939e-31faa605923f,relatedTo,ccss-math,7.SP.3,https://education.asfai.org/frameworks/ccss-math/versions/2010/items/7.SP.3,unreviewed,mt_XSXnTQoQ4l,ccss-math:7.SP.3
https://education.asfai.org/alignments/626cae90-58fb-54ad-9b83-e76d797745ba,https://education.asfai.org/objectives/c951d042-beec-51bd-af73-d8d6cfd82a30,relatedTo,ccss-ela,SL.4.1.d,https://education.asfai.org/frameworks/ccss-ela/versions/2010/items/SL.4.1.d,unreviewed,mt_yrMniCJu_S,ccss-ela:SL.4.1.d
https://education.asfai.org/alignments/6309c97a-ff41-566e-9a6f-ed194a00d093,https://education.asfai.org/objectives/233fb51d-80a3-5047-9cd9-bfde0b4cd98f,relatedTo,ccss-math,7.RP.2,https://education.asfai.org/frameworks/ccss-math/versions/2010/items/7.RP.2,unreviewed,mt_yK51ZnKA8m,ccss-math:7.RP.2
https://education.asfai.org/alignments/6339bfb2-aeca-5c5d-a10f-3ae68fa4a8e9,https://education.asfai.org/objectives/be4c1413-6687-585b-8808-d9fb6da7e7f9,relatedTo,uk-nc-2013,KS3.Sci.WS.VUSN.5,https://education.asfai.org/frameworks/uk-nc-2013/versions/september-2013/items/KS3.Sci.WS.VUSN.5,unreviewed,mt_ThTbUuNb3p,uk-nc-2013:KS3.Sci.WS.VUSN.5
https://education.asfai.org/alignments/6340e3ac-4134-569c-bc21-f4ef045e5718,https://education.asfai.org/objectives/b7362239-ab2e-55d9-b615-9c3eb811421f,relatedTo,ccss-math,1.G.2,https://education.asfai.org/frameworks/ccss-math/versions/2010/items/1.G.2,unreviewed,mt_MqqR7VUoz1,ccss-math:1.G.2
https://education.asfai.org/alignments/6363dc8c-8f6e-5ec9-b3ac-475168527daf,https://education.asfai.org/objectives/cd84b80a-e780-547c-a0e0-62f494703a81,relatedTo,ccss-math,8.EE.2,https://education.asfai.org/frameworks/ccss-math/versions/2010/items/8.EE.2,unreviewed,mt_hCVPYlF-7Y,ccss-math:8.EE.2
https://education.asfai.org/alignments/6397537a-4001-5756-9622-ef9055f531c4,https://education.asfai.org/objectives/8a51c959-fc48-5b0d-ac46-ebb809daca66,relatedTo,uk-nc-2013,Eng.UKS2.Write.Comp.2a,https://education.asfai.org/frameworks/uk-nc-2013/versions/september-2013/items/Eng.UKS2.Write.Comp.2a,unreviewed,mt_LMX-nZETLM,uk-nc-2013:Eng.UKS2.Write.Comp.2a
https://education.asfai.org/alignments/63fbb020-639f-5912-a87d-2d19b6e14591,https://education.asfai.org/objectives/d124cae8-2661-5041-867c-46c945c6422b,relatedTo,ccss-ela,L.1.2c,https://education.asfai.org/frameworks/ccss-ela/versions/2010/items/L.1.2c,unreviewed,mt_ntqNLHsj5n,ccss-ela:L.1.2c
https://education.asfai.org/alignments/63ff7c50-f583-57e4-8259-12d78a44fba2,https://education.asfai.org/objectives/270af057-d00f-5cf3-8398-1f857f0f2f94,relatedTo,uk-nc-2013,KS3.Maths.Alg.8,https://education.asfai.org/frameworks/uk-nc-2013/versions/september-2013/items/KS3.Maths.Alg.8,unreviewed,mt_hVpGOEz2kG,uk-nc-2013:KS3.Maths.Alg.8
https://education.asfai.org/alignments/640954cc-1d0d-5a14-877e-ee7c3b5de72e,https://education.asfai.org/objectives/d0c1d50a-83af-54ca-9171-2226e8c535bd,relatedTo,uk-nc-2013,Eng.UKS2.Write.Comp.2e,https://education.asfai.org/frameworks/uk-nc-2013/versions/september-2013/items/Eng.UKS2.Write.Comp.2e,unreviewed,mt_AvJMWQbDsr,uk-nc-2013:Eng.UKS2.Write.Comp.2e
https://education.asfai.org/alignments/643698f8-b639-5ef5-aff4-c9c392094709,https://education.asfai.org/objectives/f7714ff5-8b94-5e7d-bcec-7b4aa92065ba,relatedTo,ccss-math,7.SP.8,https://education.asfai.org/frameworks/ccss-math/versions/2010/items/7.SP.8,unreviewed,mt_GDtFU5fyUv,ccss-math:7.SP.8
https://education.asfai.org/alignments/646febd1-d04f-5be4-b8f9-3da698fb21f3,https://education.asfai.org/objectives/98b464a7-0946-5d97-ac3a-2b02688f16b3,relatedTo,ccss-ela,L.3.4c,https://education.asfai.org/frameworks/ccss-ela/versions/2010/items/L.3.4c,unreviewed,mt_p1imGSFgJT,ccss-ela:L.3.4c
https://education.asfai.org/alignments/64f04c51-981b-55e6-bdd7-c0a17ead6fdf,https://education.asfai.org/objectives/1ed5a4be-6141-5e16-8b90-063649b55350,relatedTo,ccss-ela,SL.1.2,https://education.asfai.org/frameworks/ccss-ela/versions/2010/items/SL.1.2,unreviewed,mt_mLPEMpYb_R,ccss-ela:SL.1.2
https://education.asfai.org/alignments/650bc556-9d30-507b-a1bb-82feef85b1ec,https://education.asfai.org/objectives/c3813ac5-21fb-5123-ad4d-0990f45dc044,relatedTo,ccss-ela,L.K.4,https://education.asfai.org/frameworks/ccss-ela/versions/2010/items/L.K.4,unreviewed,mt_6-MYToNZ39,ccss-ela:L.K.4
https://education.asfai.org/alignments/65916de5-9b76-54c7-b6ec-0ad204579ef7,https://education.asfai.org/objectives/c6b8c99b-3df4-5f0d-818a-325eb6af7713,relatedTo,uk-nc-2013,Eng_App1_Y2_25,https://education.asfai.org/frameworks/uk-nc-2013/versions/september-2013/items/Eng_App1_Y2_25,unreviewed,mt_p_jxNLdus4,uk-nc-2013:Eng_App1_Y2_25
https://education.asfai.org/alignments/65951aeb-43ae-5054-8f6e-0561312d237e,https://education.asfai.org/objectives/c3813ac5-21fb-5123-ad4d-0990f45dc044,relatedTo,uk-nc-2013,Eng_Y1_RC_06,https://education.asfai.org/frameworks/uk-nc-2013/versions/september-2013/items/Eng_Y1_RC_06,unreviewed,mt_6-MYToNZ39,uk-nc-2013:Eng_Y1_RC_06
https://education.asfai.org/alignments/65b0a571-4bd2-5332-ac2e-2cac3b189230,https://education.asfai.org/objectives/7e6a3f29-d11b-5637-86a3-0e88ec1b0d29,relatedTo,uk-nc-2013,Y4.Sci.E.1,https://education.asfai.org/frameworks/uk-nc-2013/versions/september-2013/items/Y4.Sci.E.1,unreviewed,mt_9nxyFoYD_b,uk-nc-2013:Y4.Sci.E.1
https://education.asfai.org/alignments/65c2d78b-7bbc-5b44-8f7e-8c179f280fd0,https://education.asfai.org/objectives/67dd3895-6ede-5c2d-80c9-f96b453110f5,relatedTo,ccss-ela,RF.1.4.a,https://education.asfai.org/frameworks/ccss-ela/versions/2010/items/RF.1.4.a,unreviewed,mt_V-ldQp56bF,ccss-ela:RF.1.4.a
https://education.asfai.org/alignments/65c9a916-d9f3-5347-9c55-9a6407ae6ed5,https://education.asfai.org/objectives/53ef8ff8-6fc8-57a4-862d-785be41e6b2f,relatedTo,uk-nc-2013,Eng_Y1_RC_02,https://education.asfai.org/frameworks/uk-nc-2013/versions/september-2013/items/Eng_Y1_RC_02,unreviewed,mt_5n-O41lUgn,uk-nc-2013:Eng_Y1_RC_02
https://education.asfai.org/alignments/65e40b54-9de8-584a-b189-66c615f13e2c,https://education.asfai.org/objectives/853bb057-72cb-52c3-b22b-371a20727858,relatedTo,uk-nc-2013,Eng.App2.Y6.Word.1,https://education.asfai.org/frameworks/uk-nc-2013/versions/september-2013/items/Eng.App2.Y6.Word.1,unreviewed,mt_h3vmvQW5Wa,uk-nc-2013:Eng.App2.Y6.Word.1
https://education.asfai.org/alignments/66068ac2-b3bb-52c4-9312-b539d9bcaba0,https://education.asfai.org/objectives/d6c68b1b-4637-51e3-bb76-87e8665d663b,relatedTo,uk-nc-2013,Y6.Sci.LTH.2,https://education.asfai.org/frameworks/uk-nc-2013/versions/september-2013/items/Y6.Sci.LTH.2,unreviewed,mt_B8lX8OCzGu,uk-nc-2013:Y6.Sci.LTH.2
https://education.asfai.org/alignments/6606acce-27fd-5b05-b33b-5f5297369889,https://education.asfai.org/objectives/472107c3-9af7-572b-93ff-24f261f10f90,relatedTo,uk-nc-2013,KS3.Sci.Phys.Energy.1,https://education.asfai.org/frameworks/uk-nc-2013/versions/september-2013/items/KS3.Sci.Phys.Energy.1,unreviewed,mt_w2A8D76ymp,uk-nc-2013:KS3.Sci.Phys.Energy.1
https://education.asfai.org/alignments/66336787-5bc9-58a7-80df-803e03881de1,https://education.asfai.org/objectives/a6c5156f-d523-53f0-9a76-119e75d53600,relatedTo,uk-nc-2013,Eng.UKS2.Read.Comp.2c,https://education.asfai.org/frameworks/uk-nc-2013/versions/september-2013/items/Eng.UKS2.Read.Comp.2c,unreviewed,mt_ukLvUD8DFA,uk-nc-2013:Eng.UKS2.Read.Comp.2c
https://education.asfai.org/alignments/6643f795-19a2-5bde-a03c-c296f9ca87ac,https://education.asfai.org/objectives/b58f3932-0f19-5097-8142-77aa01977b1d,relatedTo,ngss-ms,MS-PS2-5,https://education.asfai.org/frameworks/ngss-ms/versions/2013/items/MS-PS2-5,unreviewed,mt__7BVYUN180,ngss-ms:MS-PS2-5
https://education.asfai.org/alignments/66658b35-45c3-5553-ab61-4ac3d43301c4,https://education.asfai.org/objectives/a6c5156f-d523-53f0-9a76-119e75d53600,relatedTo,ccss-ela,RI.4.1,https://education.asfai.org/frameworks/ccss-ela/versions/2010/items/RI.4.1,unreviewed,mt_ukLvUD8DFA,ccss-ela:RI.4.1
https://education.asfai.org/alignments/667c6d42-27db-5826-9904-a3240ff4cd19,https://education.asfai.org/objectives/1a502893-d290-5e93-a185-6433211affbc,relatedTo,uk-nc-2013,KS3.Sci.Chem.PT.6,https://education.asfai.org/frameworks/uk-nc-2013/versions/september-2013/items/KS3.Sci.Chem.PT.6,unreviewed,mt_zsYW61cn_q,uk-nc-2013:KS3.Sci.Chem.PT.6
https://education.asfai.org/alignments/66a696a1-9184-59fa-896f-9a82f89411df,https://education.asfai.org/objectives/b76dd77e-4dfe-5cc2-bad0-940fa40f6c26,relatedTo,ccss-math,6.NS.7a,https://education.asfai.org/frameworks/ccss-math/versions/2010/items/6.NS.7a,unreviewed,mt_uDJY0X0hgo,ccss-math:6.NS.7a
https://education.asfai.org/alignments/66c4e83f-8c7d-5a40-847a-684acee3212b,https://education.asfai.org/objectives/e3e08833-8378-5946-b40b-80f59dfd39bb,relatedTo,uk-nc-2013,Eng_Y1_WVGP_04,https://education.asfai.org/frameworks/uk-nc-2013/versions/september-2013/items/Eng_Y1_WVGP_04,unreviewed,mt_uM6q_KBWKy,uk-nc-2013:Eng_Y1_WVGP_04
https://education.asfai.org/alignments/66c75688-8d50-5333-893a-dfebca3c7c6d,https://education.asfai.org/objectives/0a70711f-e42e-5a0d-aece-6d9bae185cc8,relatedTo,uk-nc-2013,KS3-ENG-W-2b,https://education.asfai.org/frameworks/uk-nc-2013/versions/september-2013/items/KS3-ENG-W-2b,unreviewed,mt_av-uRBrhwT,uk-nc-2013:KS3-ENG-W-2b
https://education.asfai.org/alignments/66cb7ab3-65a1-5afd-85fb-3ea52f161e97,https://education.asfai.org/objectives/e1714a19-f0bf-52a2-a523-771f6f0bfcc9,relatedTo,ngss-k5,4-LS1-2,https://education.asfai.org/frameworks/ngss-k5/versions/2013/items/4-LS1-2,unreviewed,mt_IzlVK0Eony,ngss-k5:4-LS1-2
https://education.asfai.org/alignments/66da95f9-0c4a-5d59-841e-a7b8db1c24de,https://education.asfai.org/objectives/f8cde7f7-5a19-5a51-9436-9e45b87637db,relatedTo,ccss-math,6.RP.3c,https://education.asfai.org/frameworks/ccss-math/versions/2010/items/6.RP.3c,unreviewed,mt_ALUrJpY0cZ,ccss-math:6.RP.3c
https://education.asfai.org/alignments/66fddbd5-30f1-5bb1-812a-bba0bbffe3af,https://education.asfai.org/objectives/eb4b8108-5bb4-54c0-8b9e-574022b38a84,relatedTo,uk-nc-2013,Eng_LKS2_Read_Comp_5,https://education.asfai.org/frameworks/uk-nc-2013/versions/september-2013/items/Eng_LKS2_Read_Comp_5,unreviewed,mt_yHQacItlhf,uk-nc-2013:Eng_LKS2_Read_Comp_5
https://education.asfai.org/alignments/6700ef40-3b4c-5353-af86-25da0e24706f,https://education.asfai.org/objectives/c6cf3cb4-af00-5e43-8b47-cf170126af58,relatedTo,uk-nc-2013,KS3.Maths.Alg.5,https://education.asfai.org/frameworks/uk-nc-2013/versions/september-2013/items/KS3.Maths.Alg.5,unreviewed,mt_3qrCtdoVAU,uk-nc-2013:KS3.Maths.Alg.5
https://education.asfai.org/alignments/6718131a-8d7f-55d3-bac5-78b82a5d4a5b,https://education.asfai.org/objectives/d79925c1-91e0-5e73-8052-b7f556f3e0c6,relatedTo,uk-nc-2013,Ma/KS2/Y3/F/4,https://education.asfai.org/frameworks/uk-nc-2013/versions/september-2013/items/Ma%2FKS2%2FY3%2FF%2F4,unreviewed,mt_FbDKeLfBCo,uk-nc-2013:Ma/KS2/Y3/F/4
https://education.asfai.org/alignments/675fcc19-4bce-56a8-ae05-38839d8cbb61,https://education.asfai.org/objectives/98b725a6-809e-5d24-b473-f58854768362,relatedTo,ib-pyp-pspe,PSPE-ID-LO-P2-9,https://education.asfai.org/frameworks/ib-pyp-pspe/versions/2009/items/PSPE-ID-LO-P2-9,unreviewed,mt_UHQfb-n-w3,ib-pyp-pspe:PSPE-ID-LO-P2-9
https://education.asfai.org/alignments/676a4d00-4b5f-54d2-8e2f-7373bb750fdd,https://education.asfai.org/objectives/90daa586-6d60-5bf8-ba99-c32a9296c6bd,relatedTo,uk-nc-2013,Eng_App1_Sp_Y34_02,https://education.asfai.org/frameworks/uk-nc-2013/versions/september-2013/items/Eng_App1_Sp_Y34_02,unreviewed,mt_tHtjfjjFrl,uk-nc-2013:Eng_App1_Sp_Y34_02
https://education.asfai.org/alignments/6779469c-0bb6-56da-a6d4-277119d76c11,https://education.asfai.org/objectives/cc552336-786a-5a13-b321-839c0922122b,relatedTo,ccss-math,1.OA.8,https://education.asfai.org/frameworks/ccss-math/versions/2010/items/1.OA.8,unreviewed,mt_3JgrHY221M,ccss-math:1.OA.8
https://education.asfai.org/alignments/67aa849d-8f91-52c6-ae6a-70d18d1148b1,https://education.asfai.org/objectives/e64eb39c-de67-5bfe-b8b2-3c5a4910fe60,relatedTo,uk-nc-2013,KS3-ENG-R-3c,https://education.asfai.org/frameworks/uk-nc-2013/versions/september-2013/items/KS3-ENG-R-3c,unreviewed,mt_Hqz5y_tWz2,uk-nc-2013:KS3-ENG-R-3c
https://education.asfai.org/alignments/67bde384-18a3-542d-a1a9-a2dd4a590712,https://education.asfai.org/objectives/65b5a693-9fec-5a41-b6c8-2088fe3aa736,relatedTo,ngss-k5,1-LS3-1,https://education.asfai.org/frameworks/ngss-k5/versions/2013/items/1-LS3-1,unreviewed,mt_cEzX5r7kp0,ngss-k5:1-LS3-1
https://education.asfai.org/alignments/682a5262-9aa8-5585-8bdf-077748b54455,https://education.asfai.org/objectives/e1db059d-94d9-53f6-9a99-87e55cb11925,relatedTo,uk-nc-2013,Y1.Sci.A.2,https://education.asfai.org/frameworks/uk-nc-2013/versions/september-2013/items/Y1.Sci.A.2,unreviewed,mt_13CtLTcWUB,uk-nc-2013:Y1.Sci.A.2
https://education.asfai.org/alignments/68403a31-33bf-5c67-a115-3e11c114f321,https://education.asfai.org/objectives/e6fd5b7b-2bb4-5aa7-88a6-8eecc4c0da42,relatedTo,ccss-ela,W.5.3,https://education.asfai.org/frameworks/ccss-ela/versions/2010/items/W.5.3,unreviewed,mt_vauULTecMH,ccss-ela:W.5.3
https://education.asfai.org/alignments/68b1e5c6-62f9-5d77-ba5b-03c4924f9ffd,https://education.asfai.org/objectives/e8ddbec0-60b8-5481-849d-2f11a3d6ce7e,relatedTo,uk-nc-2013,Maths/Y2/S/1,https://education.asfai.org/frameworks/uk-nc-2013/versions/september-2013/items/Maths%2FY2%2FS%2F1,unreviewed,mt_c29FaCTNsx,uk-nc-2013:Maths/Y2/S/1
https://education.asfai.org/alignments/68b8df16-c009-571a-8119-c19f7abf8c25,https://education.asfai.org/objectives/90daa586-6d60-5bf8-ba99-c32a9296c6bd,relatedTo,uk-nc-2013,Eng_App1_Sp_Y34_10,https://education.asfai.org/frameworks/uk-nc-2013/versions/september-2013/items/Eng_App1_Sp_Y34_10,unreviewed,mt_tHtjfjjFrl,uk-nc-2013:Eng_App1_Sp_Y34_10
https://education.asfai.org/alignments/68e97c28-5a94-5716-90d6-be89ef250e10,https://education.asfai.org/objectives/d0c1d50a-83af-54ca-9171-2226e8c535bd,relatedTo,uk-nc-2013,Eng.App2.Y3.Text.2,https://education.asfai.org/frameworks/uk-nc-2013/versions/september-2013/items/Eng.App2.Y3.Text.2,unreviewed,mt_AvJMWQbDsr,uk-nc-2013:Eng.App2.Y3.Text.2
https://education.asfai.org/alignments/68ef2e47-6798-51f0-ab99-047c5cc447f4,https://education.asfai.org/objectives/acaefcb2-5fad-58de-a634-f86a1259e21c,relatedTo,uk-nc-2013,Y4.Sci.LTH.1,https://education.asfai.org/frameworks/uk-nc-2013/versions/september-2013/items/Y4.Sci.LTH.1,unreviewed,mt_AylKwhbDWM,uk-nc-2013:Y4.Sci.LTH.1
https://education.asfai.org/alignments/68f65cc5-6e8f-5a08-bc09-72441738d334,https://education.asfai.org/objectives/3896ccbe-bcd8-5e99-a9e7-8920a522e1f7,relatedTo,ccss-math,7.NS.1b,https://education.asfai.org/frameworks/ccss-math/versions/2010/items/7.NS.1b,unreviewed,mt_9QzSnn8m80,ccss-math:7.NS.1b
https://education.asfai.org/alignments/693ee482-ccdf-59e3-8f34-6b1fd20e0353,https://education.asfai.org/objectives/92e8c378-c690-5699-b2f7-fe5509a1e49f,relatedTo,uk-nc-2013,KS3.Sci.Bio.Ecosystem.6,https://education.asfai.org/frameworks/uk-nc-2013/versions/september-2013/items/KS3.Sci.Bio.Ecosystem.6,unreviewed,mt_JSUGQ5Repv,uk-nc-2013:KS3.Sci.Bio.Ecosystem.6
https://education.asfai.org/alignments/6957f513-e4c8-5e35-891c-5604d574d1b7,https://education.asfai.org/objectives/44b07880-2ae5-5f04-aac2-389d4db867b3,relatedTo,ccss-ela,RL.4.9,https://education.asfai.org/frameworks/ccss-ela/versions/2010/items/RL.4.9,unreviewed,mt_tX0R4-4WXy,ccss-ela:RL.4.9
https://education.asfai.org/alignments/695e5a51-9f37-54cc-9a64-3df16cfec086,https://education.asfai.org/objectives/8c3af2b1-ec50-55e8-81cf-a4a0381cf78e,relatedTo,uk-nc-2013,Y1.Sci.P.2,https://education.asfai.org/frameworks/uk-nc-2013/versions/september-2013/items/Y1.Sci.P.2,unreviewed,mt_xT6jPzyj92,uk-nc-2013:Y1.Sci.P.2
https://education.asfai.org/alignments/6965bd37-abac-5929-a35d-5b32f2c21716,https://education.asfai.org/objectives/4a804de8-a06a-56b5-9e19-f0a6305189b8,relatedTo,uk-nc-2013,Ma/KS2/Y4/AS/2,https://education.asfai.org/frameworks/uk-nc-2013/versions/september-2013/items/Ma%2FKS2%2FY4%2FAS%2F2,unreviewed,mt_QaYfeVL-0C,uk-nc-2013:Ma/KS2/Y4/AS/2
https://education.asfai.org/alignments/69927c08-4e31-5782-86ce-3e79ed11ad6b,https://education.asfai.org/objectives/d8d53cf0-37da-5434-a5fd-f8c566e4e2d9,relatedTo,ngss-k5,4-ESS3-1,https://education.asfai.org/frameworks/ngss-k5/versions/2013/items/4-ESS3-1,unreviewed,mt_VI5kdtf28e,ngss-k5:4-ESS3-1
https://education.asfai.org/alignments/69fbaf09-7df7-5ea3-92cb-26e85a46745f,https://education.asfai.org/objectives/5f2eabd3-5c68-51a8-8ac0-fd034b1ce1a3,relatedTo,uk-nc-2013,KS2L.Sci.WS.1,https://education.asfai.org/frameworks/uk-nc-2013/versions/september-2013/items/KS2L.Sci.WS.1,unreviewed,mt_qgb76wHN2X,uk-nc-2013:KS2L.Sci.WS.1
https://education.asfai.org/alignments/6a50896a-8fce-5065-a8a4-7979bf41ef8c,https://education.asfai.org/objectives/a595aa1d-73e0-5423-acd3-a73c37ae2d53,relatedTo,ccss-math,2.NBT.2,https://education.asfai.org/frameworks/ccss-math/versions/2010/items/2.NBT.2,unreviewed,mt_M2v1A9OEuM,ccss-math:2.NBT.2
https://education.asfai.org/alignments/6aba4e38-4c10-55a7-b61c-d4aab89068be,https://education.asfai.org/objectives/c6b8c99b-3df4-5f0d-818a-325eb6af7713,relatedTo,ccss-ela,L.3.2e,https://education.asfai.org/frameworks/ccss-ela/versions/2010/items/L.3.2e,unreviewed,mt_p_jxNLdus4,ccss-ela:L.3.2e
https://education.asfai.org/alignments/6b1efe8f-9eac-5efe-91f3-8c3f89757c8d,https://education.asfai.org/objectives/3fa0fe96-3001-526b-9c1c-17a3f0daceff,relatedTo,ccss-ela,L.1.4b,https://education.asfai.org/frameworks/ccss-ela/versions/2010/items/L.1.4b,unreviewed,mt_UEe3MC5RZc,ccss-ela:L.1.4b
https://education.asfai.org/alignments/6b3249d4-eb5d-54de-b97a-93a5ac603cb0,https://education.asfai.org/objectives/573c48f5-fee6-5ff6-9469-3bc58b6c2235,relatedTo,ccss-ela,RL.K.7,https://education.asfai.org/frameworks/ccss-ela/versions/2010/items/RL.K.7,unreviewed,mt_OlhMP7ShFT,ccss-ela:RL.K.7
https://education.asfai.org/alignments/6b34ea80-cd93-5459-afe2-549edd61fce1,https://education.asfai.org/objectives/f23627c7-2f12-5697-b1bf-ebefc22266e6,relatedTo,uk-nc-2013,Y5.Sci.PCM.2,https://education.asfai.org/frameworks/uk-nc-2013/versions/september-2013/items/Y5.Sci.PCM.2,unreviewed,mt_Mf-T-fYRLX,uk-nc-2013:Y5.Sci.PCM.2
https://education.asfai.org/alignments/6b4910a6-a42a-5e50-abd4-167cf9df5610,https://education.asfai.org/objectives/e9350411-5e71-5f70-8f9b-4a7ba3943e92,relatedTo,ccss-ela,L.4.6,https://education.asfai.org/frameworks/ccss-ela/versions/2010/items/L.4.6,unreviewed,mt_WzOyJFKDIu,ccss-ela:L.4.6
https://education.asfai.org/alignments/6b53f6c3-c238-59fd-8bba-07958a56a0f7,https://education.asfai.org/objectives/12ebf4bd-8df8-5f5f-a044-7522bb5f2cd7,relatedTo,ngss-k5,3-LS4-3,https://education.asfai.org/frameworks/ngss-k5/versions/2013/items/3-LS4-3,unreviewed,mt_LRzjbo1Fn6,ngss-k5:3-LS4-3
https://education.asfai.org/alignments/6b574168-d478-5f63-9a0c-bdac59d3b0f6,https://education.asfai.org/objectives/9fbc5b96-5351-563b-95d5-c160f22d32cf,relatedTo,uk-nc-2013,KS3.Sci.Chem.AEC.4,https://education.asfai.org/frameworks/uk-nc-2013/versions/september-2013/items/KS3.Sci.Chem.AEC.4,unreviewed,mt_1hgck6ucII,uk-nc-2013:KS3.Sci.Chem.AEC.4
https://education.asfai.org/alignments/6b7e2b24-2712-54b2-9292-52b17bad3866,https://education.asfai.org/objectives/28117c1b-68ac-5e68-b55c-244d0f47bac6,relatedTo,ngss-k5,3-ESS2-1,https://education.asfai.org/frameworks/ngss-k5/versions/2013/items/3-ESS2-1,unreviewed,mt_NYsz6QgaaE,ngss-k5:3-ESS2-1
https://education.asfai.org/alignments/6bd6eedf-6865-5e28-b596-7ecf9511a3d7,https://education.asfai.org/objectives/573c48f5-fee6-5ff6-9469-3bc58b6c2235,relatedTo,ccss-ela,RI.1.7,https://education.asfai.org/frameworks/ccss-ela/versions/2010/items/RI.1.7,unreviewed,mt_OlhMP7ShFT,ccss-ela:RI.1.7
https://education.asfai.org/alignments/6bd88b76-9db0-53ae-8d89-b4f54aace3c8,https://education.asfai.org/objectives/9f7f12aa-cfaf-57d8-93ee-ec37bd2f5caf,relatedTo,uk-nc-2013,KS3.Sci.Bio.Cells.4,https://education.asfai.org/frameworks/uk-nc-2013/versions/september-2013/items/KS3.Sci.Bio.Cells.4,unreviewed,mt_fhqBH9scsU,uk-nc-2013:KS3.Sci.Bio.Cells.4
https://education.asfai.org/alignments/6bf83d09-fd40-58b6-9ddf-3e6543b1828f,https://education.asfai.org/objectives/98b464a7-0946-5d97-ac3a-2b02688f16b3,relatedTo,uk-nc-2013,Eng.App2.Y3.Word.3,https://education.asfai.org/frameworks/uk-nc-2013/versions/september-2013/items/Eng.App2.Y3.Word.3,unreviewed,mt_p1imGSFgJT,uk-nc-2013:Eng.App2.Y3.Word.3
https://education.asfai.org/alignments/6c48a971-1e0a-54fd-8dde-43aef4a7f6a5,https://education.asfai.org/objectives/35909676-789a-523c-8b28-7a83d0f8a7e7,relatedTo,ccss-ela,W.7.7,https://education.asfai.org/frameworks/ccss-ela/versions/2010/items/W.7.7,unreviewed,mt_Qcsl1Z1x0l,ccss-ela:W.7.7
https://education.asfai.org/alignments/6c91b431-07b8-5836-9b0b-1c53e52558bb,https://education.asfai.org/objectives/4e2296d0-f1e2-5f7b-b4c0-e94db204c2ee,relatedTo,uk-nc-2013,KS3.Sci.Bio.GasExchange.2,https://education.asfai.org/frameworks/uk-nc-2013/versions/september-2013/items/KS3.Sci.Bio.GasExchange.2,unreviewed,mt_V9SQS9gLFw,uk-nc-2013:KS3.Sci.Bio.GasExchange.2
https://education.asfai.org/alignments/6ce7b386-f9c4-5160-a39f-dd2b168df461,https://education.asfai.org/objectives/8675da09-3c4a-5510-a7ad-e2cdb5fc66ce,relatedTo,ccss-ela,RL.7.5,https://education.asfai.org/frameworks/ccss-ela/versions/2010/items/RL.7.5,unreviewed,mt_aClzPBiS9k,ccss-ela:RL.7.5
https://education.asfai.org/alignments/6cedf9a1-fde6-5bf8-a05c-7a5909dac4d0,https://education.asfai.org/objectives/2c74f8a9-35c9-59e0-b108-2e2f9d988705,relatedTo,ccss-ela,L.1.5a,https://education.asfai.org/frameworks/ccss-ela/versions/2010/items/L.1.5a,unreviewed,mt_oL9s_bufDp,ccss-ela:L.1.5a
https://education.asfai.org/alignments/6cf3d319-ef7c-5cad-8989-418986cdcf85,https://education.asfai.org/objectives/192df292-7032-5b87-a9e9-13b479381503,relatedTo,uk-nc-2013,Ma/KS2/Y3/GPS/1,https://education.asfai.org/frameworks/uk-nc-2013/versions/september-2013/items/Ma%2FKS2%2FY3%2FGPS%2F1,unreviewed,mt_vJUa62bxeR,uk-nc-2013:Ma/KS2/Y3/GPS/1
https://education.asfai.org/alignments/6d0609b9-9068-5d0b-8a91-1b6ab8ca1666,https://education.asfai.org/objectives/119ad0e1-cdf9-539c-90ec-7e036728bab2,relatedTo,uk-nc-2013,Eng_App1_Y2_01,https://education.asfai.org/frameworks/uk-nc-2013/versions/september-2013/items/Eng_App1_Y2_01,unreviewed,mt_BhYJZUsErp,uk-nc-2013:Eng_App1_Y2_01
https://education.asfai.org/alignments/6d0ba509-583c-5e35-9f03-43c7ba1f148e,https://education.asfai.org/objectives/2a89d347-9ec6-55ef-830e-e80014fcde6d,relatedTo,ccss-math,K.OA.4,https://education.asfai.org/frameworks/ccss-math/versions/2010/items/K.OA.4,unreviewed,mt_e8CZ7E5qW7,ccss-math:K.OA.4
https://education.asfai.org/alignments/6d320f18-849c-51aa-b7ca-1921246e9f17,https://education.asfai.org/objectives/e6fd5b7b-2bb4-5aa7-88a6-8eecc4c0da42,relatedTo,ccss-ela,W.5.3c,https://education.asfai.org/frameworks/ccss-ela/versions/2010/items/W.5.3c,unreviewed,mt_vauULTecMH,ccss-ela:W.5.3c
https://education.asfai.org/alignments/6d62c848-3585-5156-8864-dedb104fb82b,https://education.asfai.org/objectives/e64eb39c-de67-5bfe-b8b2-3c5a4910fe60,relatedTo,ccss-ela,RL.8.3,https://education.asfai.org/frameworks/ccss-ela/versions/2010/items/RL.8.3,unreviewed,mt_Hqz5y_tWz2,ccss-ela:RL.8.3
https://education.asfai.org/alignments/6d987f52-b322-5423-a2b5-2ac9dd05f687,https://education.asfai.org/objectives/cdc40e1c-5fda-5d60-b0aa-cbd177189b00,relatedTo,ccss-ela,RF.K.3.a,https://education.asfai.org/frameworks/ccss-ela/versions/2010/items/RF.K.3.a,unreviewed,mt_F978c32kDr,ccss-ela:RF.K.3.a
https://education.asfai.org/alignments/6da3c615-8ed7-55b4-9626-80dc8f0cd411,https://education.asfai.org/objectives/895bcc99-ad02-5265-9e5e-3979494ec55d,relatedTo,uk-nc-2013,Eng_App1_Sp_Y56_09,https://education.asfai.org/frameworks/uk-nc-2013/versions/september-2013/items/Eng_App1_Sp_Y56_09,unreviewed,mt_U_HQXCnAaG,uk-nc-2013:Eng_App1_Sp_Y56_09
https://education.asfai.org/alignments/6dc707ba-e5e2-5134-9d41-77e4e8669fb5,https://education.asfai.org/objectives/1c468487-75c3-510c-952a-a6364aea817f,relatedTo,uk-nc-2013,Eng.UKS2.Write.Comp.2c,https://education.asfai.org/frameworks/uk-nc-2013/versions/september-2013/items/Eng.UKS2.Write.Comp.2c,unreviewed,mt_curkA82CmO,uk-nc-2013:Eng.UKS2.Write.Comp.2c
https://education.asfai.org/alignments/6dcb6d63-3222-50b5-9658-ff82d0ffe7d8,https://education.asfai.org/objectives/35909676-789a-523c-8b28-7a83d0f8a7e7,relatedTo,ccss-ela,W.6.7,https://education.asfai.org/frameworks/ccss-ela/versions/2010/items/W.6.7,unreviewed,mt_Qcsl1Z1x0l,ccss-ela:W.6.7
https://education.asfai.org/alignments/6de83b93-0df8-5ef4-8eda-3c38b7950a67,https://education.asfai.org/objectives/eb5b3795-d101-5c07-ba76-7c27ce1c9798,relatedTo,ib-pyp-pspe,PSPE.INT.P2.CU.2,https://education.asfai.org/frameworks/ib-pyp-pspe/versions/2009/items/PSPE.INT.P2.CU.2,unreviewed,mt_rkrG2w7WXI,ib-pyp-pspe:PSPE.INT.P2.CU.2
https://education.asfai.org/alignments/6df6333e-df50-525a-8fde-d7e486e0aee6,https://education.asfai.org/objectives/3fa0fe96-3001-526b-9c1c-17a3f0daceff,relatedTo,ccss-ela,L.3.4b,https://education.asfai.org/frameworks/ccss-ela/versions/2010/items/L.3.4b,unreviewed,mt_UEe3MC5RZc,ccss-ela:L.3.4b
https://education.asfai.org/alignments/6e39ed8d-d2fb-5e2c-b947-52caa080ac02,https://education.asfai.org/objectives/a5d97566-09d2-5876-b648-0846459ebc06,relatedTo,uk-nc-2013,KS3.Sci.Phys.Energy.7,https://education.asfai.org/frameworks/uk-nc-2013/versions/september-2013/items/KS3.Sci.Phys.Energy.7,unreviewed,mt_DI1cyAyGyN,uk-nc-2013:KS3.Sci.Phys.Energy.7
https://education.asfai.org/alignments/6e3b95c3-47ef-5af9-9e99-a0c98a34cd76,https://education.asfai.org/objectives/3c2d8353-7fe8-543e-9e08-e8aece4784ab,relatedTo,uk-nc-2013,Eng_App1_Y2_04,https://education.asfai.org/frameworks/uk-nc-2013/versions/september-2013/items/Eng_App1_Y2_04,unreviewed,mt_OgJPbGkrYk,uk-nc-2013:Eng_App1_Y2_04
https://education.asfai.org/alignments/6e67c632-cae1-52e2-ba4c-249b860128f9,https://education.asfai.org/objectives/620fdb6d-ac69-5ec7-889e-c55b5ee84e47,relatedTo,uk-nc-2013,Ma/KS2/Y3/M/4,https://education.asfai.org/frameworks/uk-nc-2013/versions/september-2013/items/Ma%2FKS2%2FY3%2FM%2F4,unreviewed,mt_4m8BimI4G5,uk-nc-2013:Ma/KS2/Y3/M/4
https://education.asfai.org/alignments/6e99a797-afac-5913-914a-579aff972d32,https://education.asfai.org/objectives/cd811350-0a6f-5fa4-a426-3259ff79b3b1,relatedTo,ccss-ela,RL.2.5,https://education.asfai.org/frameworks/ccss-ela/versions/2010/items/RL.2.5,unreviewed,mt_zlSoIKPyId,ccss-ela:RL.2.5
https://education.asfai.org/alignments/6e9b57a0-d117-5324-85de-e3a87942db27,https://education.asfai.org/objectives/48c364e4-6848-55fb-bdf7-68ddb7a262e9,relatedTo,uk-nc-2013,Y1.Sci.SC.2,https://education.asfai.org/frameworks/uk-nc-2013/versions/september-2013/items/Y1.Sci.SC.2,unreviewed,mt_K0mZxY2AM8,uk-nc-2013:Y1.Sci.SC.2
https://education.asfai.org/alignments/6eab4786-d01c-5371-8f7f-95636b789234,https://education.asfai.org/objectives/a8ff161a-a36a-5d6e-be1b-7f245b34d9b6,relatedTo,ccss-ela,W.8.2.c,https://education.asfai.org/frameworks/ccss-ela/versions/2010/items/W.8.2.c,unreviewed,mt_tn1rY9GbEZ,ccss-ela:W.8.2.c
https://education.asfai.org/alignments/6eccd270-1efd-5c12-a794-9b6a0bca6cbd,https://education.asfai.org/objectives/5e89b84c-0135-54fc-96c9-efdf1e6f7732,relatedTo,uk-nc-2013,Eng_App1_Y1_02,https://education.asfai.org/frameworks/uk-nc-2013/versions/september-2013/items/Eng_App1_Y1_02,unreviewed,mt_9-OHslmt1g,uk-nc-2013:Eng_App1_Y1_02
https://education.asfai.org/alignments/6ed662cb-ba6b-540d-a060-99aa7f912315,https://education.asfai.org/objectives/611b10ee-e1c9-5092-a41d-de92c85e0ab0,relatedTo,uk-nc-2013,KS2L.Sci.WS.7,https://education.asfai.org/frameworks/uk-nc-2013/versions/september-2013/items/KS2L.Sci.WS.7,unreviewed,mt_7VrR1GzhrN,uk-nc-2013:KS2L.Sci.WS.7
https://education.asfai.org/alignments/6eeba31e-f2e9-562f-a7d2-558419f4bfd7,https://education.asfai.org/objectives/31e9a1ff-6088-52cf-b863-cd789689a170,relatedTo,ngss-k5,1-PS4-2,https://education.asfai.org/frameworks/ngss-k5/versions/2013/items/1-PS4-2,unreviewed,mt_4i-FKXDDXh,ngss-k5:1-PS4-2
https://education.asfai.org/alignments/6f3fbe46-4f62-5f01-b6d9-e0597b1bfa7d,https://education.asfai.org/objectives/c2aec65b-9484-5772-b0bf-035119f54552,relatedTo,ccss-ela,W.5.1c,https://education.asfai.org/frameworks/ccss-ela/versions/2010/items/W.5.1c,unreviewed,mt_WKxX-b86Vr,ccss-ela:W.5.1c
https://education.asfai.org/alignments/6f7d0b79-c9a0-5f34-a6c0-ef3303adec71,https://education.asfai.org/objectives/1a502893-d290-5e93-a185-6433211affbc,relatedTo,uk-nc-2013,KS3.Sci.Chem.MAT.1,https://education.asfai.org/frameworks/uk-nc-2013/versions/september-2013/items/KS3.Sci.Chem.MAT.1,unreviewed,mt_zsYW61cn_q,uk-nc-2013:KS3.Sci.Chem.MAT.1
https://education.asfai.org/alignments/6fbcdad6-da03-58de-8f6e-6cf1a2eeea71,https://education.asfai.org/objectives/a10be1e5-4bfe-586c-bfb5-2c7d32e62f97,relatedTo,ccss-ela,W.6.1,https://education.asfai.org/frameworks/ccss-ela/versions/2010/items/W.6.1,unreviewed,mt_Qxyikkkzam,ccss-ela:W.6.1
https://education.asfai.org/alignments/704fba34-654a-5eb2-9327-3d9f074b41e3,https://education.asfai.org/objectives/ba8a0925-d81b-55e6-9b70-15af416865e2,relatedTo,uk-nc-2013,Eng/KS1/Y2/S/4,https://education.asfai.org/frameworks/uk-nc-2013/versions/september-2013/items/Eng%2FKS1%2FY2%2FS%2F4,unreviewed,mt_AhfyJoTQtY,uk-nc-2013:Eng/KS1/Y2/S/4
https://education.asfai.org/alignments/7083549d-df24-5799-ba45-a1afd8425122,https://education.asfai.org/objectives/7287e847-34c2-5f44-a47b-fa2de0e840a3,relatedTo,uk-nc-2013,Maths/Y1/M/9,https://education.asfai.org/frameworks/uk-nc-2013/versions/september-2013/items/Maths%2FY1%2FM%2F9,unreviewed,mt_cPZwlUk8Nd,uk-nc-2013:Maths/Y1/M/9
https://education.asfai.org/alignments/7092d0dd-d0d3-5182-b16d-22a508362ed1,https://education.asfai.org/objectives/593f7107-4ae0-5c9e-9eb6-0704edbcd654,relatedTo,uk-nc-2013,Maths/Y1/MD/1,https://education.asfai.org/frameworks/uk-nc-2013/versions/september-2013/items/Maths%2FY1%2FMD%2F1,unreviewed,mt_PZ909yPrEC,uk-nc-2013:Maths/Y1/MD/1
https://education.asfai.org/alignments/70948af0-a4b6-5ce6-a1d5-6f3204e86b16,https://education.asfai.org/objectives/64f32aee-0d2b-5941-a949-28b497ac6a90,relatedTo,uk-nc-2013,Eng_App1_Y1_37,https://education.asfai.org/frameworks/uk-nc-2013/versions/september-2013/items/Eng_App1_Y1_37,unreviewed,mt_fMd7v87IiI,uk-nc-2013:Eng_App1_Y1_37
https://education.asfai.org/alignments/70b065de-12c1-5ab0-b104-136fdcf6b650,https://education.asfai.org/objectives/afe0a8dc-4efa-561a-89ab-eb13483eedda,relatedTo,ccss-ela,RI.7.8,https://education.asfai.org/frameworks/ccss-ela/versions/2010/items/RI.7.8,unreviewed,mt_gMSFymQlrW,ccss-ela:RI.7.8
https://education.asfai.org/alignments/70f8d4a6-f922-55c6-b69f-31fb16345405,https://education.asfai.org/objectives/dacb9895-6dae-5fed-bbff-b65c2407216b,relatedTo,uk-nc-2013,Eng_LKS2_Write_Trans_Spell_1,https://education.asfai.org/frameworks/uk-nc-2013/versions/september-2013/items/Eng_LKS2_Write_Trans_Spell_1,unreviewed,mt_T6nrrf2K43,uk-nc-2013:Eng_LKS2_Write_Trans_Spell_1
https://education.asfai.org/alignments/7105dfd7-3b87-54c4-9b02-49407dd4c2dc,https://education.asfai.org/objectives/8bb9c18d-f6bf-5195-98c7-dd9074f3ca3c,relatedTo,uk-nc-2013,Y5.Sci.PCM.4,https://education.asfai.org/frameworks/uk-nc-2013/versions/september-2013/items/Y5.Sci.PCM.4,unreviewed,mt_e3-_toGuWf,uk-nc-2013:Y5.Sci.PCM.4
https://education.asfai.org/alignments/712e3df8-ca57-5e57-ac14-4e5f2e0927dc,https://education.asfai.org/objectives/3c2d8353-7fe8-543e-9e08-e8aece4784ab,relatedTo,uk-nc-2013,Eng/KS1/Y2/WR/1,https://education.asfai.org/frameworks/uk-nc-2013/versions/september-2013/items/Eng%2FKS1%2FY2%2FWR%2F1,unreviewed,mt_OgJPbGkrYk,uk-nc-2013:Eng/KS1/Y2/WR/1
https://education.asfai.org/alignments/71363a2d-57a8-5d44-bf3c-0a96b9945194,https://education.asfai.org/objectives/6b8399aa-870a-52c1-bf53-cbe8e298ce86,relatedTo,uk-nc-2013,KS3.Sci.Bio.Health.1,https://education.asfai.org/frameworks/uk-nc-2013/versions/september-2013/items/KS3.Sci.Bio.Health.1,unreviewed,mt_zaXr5wcJD2,uk-nc-2013:KS3.Sci.Bio.Health.1
https://education.asfai.org/alignments/7138dcf1-dd73-5a7d-b78f-7e1a5e26306e,https://education.asfai.org/objectives/993fac31-38b3-5f6c-992f-05f4c43bcb64,relatedTo,uk-nc-2013,Eng.UKS2.Read.Comp.2a,https://education.asfai.org/frameworks/uk-nc-2013/versions/september-2013/items/Eng.UKS2.Read.Comp.2a,unreviewed,mt_rQ2YJJi4uh,uk-nc-2013:Eng.UKS2.Read.Comp.2a
https://education.asfai.org/alignments/713e955e-436e-50e7-a38a-0879eb846695,https://education.asfai.org/objectives/baf48ae0-0dd8-5a8d-abfe-768626675a5e,relatedTo,uk-nc-2013,KS3.Maths.Geo.9,https://education.asfai.org/frameworks/uk-nc-2013/versions/september-2013/items/KS3.Maths.Geo.9,unreviewed,mt_y-BuQAfw4B,uk-nc-2013:KS3.Maths.Geo.9
https://education.asfai.org/alignments/718106a3-1f1c-573e-aa9f-3710cc2baefd,https://education.asfai.org/objectives/e109461b-199b-5272-9c09-f75295f9071e,relatedTo,ccss-ela,L.2.4c,https://education.asfai.org/frameworks/ccss-ela/versions/2010/items/L.2.4c,unreviewed,mt_aw0PldeT_L,ccss-ela:L.2.4c
https://education.asfai.org/alignments/718ed7ec-1ef2-54e7-9576-92d7e9a868b5,https://education.asfai.org/objectives/bab55908-6b09-5be1-bed4-ae223bd2648f,relatedTo,uk-nc-2013,KS3.Sci.Bio.GasExchange.4,https://education.asfai.org/frameworks/uk-nc-2013/versions/september-2013/items/KS3.Sci.Bio.GasExchange.4,unreviewed,mt_TR2oTy9c2M,uk-nc-2013:KS3.Sci.Bio.GasExchange.4
https://education.asfai.org/alignments/7190bf60-ecd1-54bf-bbf5-8935ef7e7092,https://education.asfai.org/objectives/0c62de61-8c9a-5c5e-9b12-363aae81d1f5,relatedTo,uk-nc-2013,Eng/KS1/Y2/WC/2c,https://education.asfai.org/frameworks/uk-nc-2013/versions/september-2013/items/Eng%2FKS1%2FY2%2FWC%2F2c,unreviewed,mt_9P9o6d0Qm3,uk-nc-2013:Eng/KS1/Y2/WC/2c
https://education.asfai.org/alignments/719246cc-fc4d-5771-9317-640cf2b645f9,https://education.asfai.org/objectives/119ad0e1-cdf9-539c-90ec-7e036728bab2,relatedTo,ccss-ela,L.1.2e,https://education.asfai.org/frameworks/ccss-ela/versions/2010/items/L.1.2e,unreviewed,mt_BhYJZUsErp,ccss-ela:L.1.2e
https://education.asfai.org/alignments/71b97021-cce2-5410-aeba-d22074900045,https://education.asfai.org/objectives/d99ca5ea-43fb-5523-857f-8bb2564b27d5,relatedTo,ngss-k5,K-ESS3-2,https://education.asfai.org/frameworks/ngss-k5/versions/2013/items/K-ESS3-2,unreviewed,mt_URezjbU-6f,ngss-k5:K-ESS3-2
https://education.asfai.org/alignments/71bff92c-f515-5bc9-8c6e-358f33da339f,https://education.asfai.org/objectives/3404b19b-d37d-5424-85df-1cf97e23f7bb,relatedTo,uk-nc-2013,Y4.Sci.LTH.3,https://education.asfai.org/frameworks/uk-nc-2013/versions/september-2013/items/Y4.Sci.LTH.3,unreviewed,mt_Wyd-l-6H7G,uk-nc-2013:Y4.Sci.LTH.3
https://education.asfai.org/alignments/71df4dd7-914b-547e-adfe-cc49cd24ff77,https://education.asfai.org/objectives/7dca20b1-fd1f-5a9d-99f4-83c4b25e142e,relatedTo,uk-nc-2013,KS3.Maths.Num.6,https://education.asfai.org/frameworks/uk-nc-2013/versions/september-2013/items/KS3.Maths.Num.6,unreviewed,mt_VUQNveSYjQ,uk-nc-2013:KS3.Maths.Num.6
https://education.asfai.org/alignments/72018a95-d702-53fc-9794-284eec939c73,https://education.asfai.org/objectives/97725ae2-bcba-54da-ba79-beb6d6418855,relatedTo,uk-nc-2013,Ma/KS2/Y3/GPS/2,https://education.asfai.org/frameworks/uk-nc-2013/versions/september-2013/items/Ma%2FKS2%2FY3%2FGPS%2F2,unreviewed,mt_8OAGVdeTJ_,uk-nc-2013:Ma/KS2/Y3/GPS/2
https://education.asfai.org/alignments/721d9d6d-dc5b-5823-a588-50c37ba97cca,https://education.asfai.org/objectives/f4e7eee6-f86b-5254-851d-199cb9ecf0e8,relatedTo,uk-nc-2013,Eng_App1_Y2_21,https://education.asfai.org/frameworks/uk-nc-2013/versions/september-2013/items/Eng_App1_Y2_21,unreviewed,mt_FYK8m6eHQm,uk-nc-2013:Eng_App1_Y2_21
https://education.asfai.org/alignments/7291f581-be57-5091-8182-36e17bc2f97e,https://education.asfai.org/objectives/a0338df7-6e21-5d76-83da-c225566a996d,relatedTo,ccss-ela,SL.5.4,https://education.asfai.org/frameworks/ccss-ela/versions/2010/items/SL.5.4,unreviewed,mt_ds2TOtP8I1,ccss-ela:SL.5.4
https://education.asfai.org/alignments/72a78ce4-7bbb-56e7-b00d-d56d411d5c89,https://education.asfai.org/objectives/be7e021f-4f2a-5fac-bc39-c6f6bfffc9cf,relatedTo,uk-nc-2013,KS3.Sci.Phys.Energy.3,https://education.asfai.org/frameworks/uk-nc-2013/versions/september-2013/items/KS3.Sci.Phys.Energy.3,unreviewed,mt_JyfLtl_nhw,uk-nc-2013:KS3.Sci.Phys.Energy.3
https://education.asfai.org/alignments/72d11ada-32a0-59fb-a052-4e1d0449e2a7,https://education.asfai.org/objectives/3f238728-b6a9-57f2-ae16-4e5224c55618,relatedTo,uk-nc-2013,KS3.Sci.Chem.PNM.4,https://education.asfai.org/frameworks/uk-nc-2013/versions/september-2013/items/KS3.Sci.Chem.PNM.4,unreviewed,mt_CyV7crZ8hl,uk-nc-2013:KS3.Sci.Chem.PNM.4
https://education.asfai.org/alignments/72d310a2-ae53-5cfc-be42-5fb816155945,https://education.asfai.org/objectives/0e7d44fa-4a2d-5ca2-b81e-27efa0cc0186,relatedTo,uk-nc-2013,KS3.Sci.Chem.PIS.4,https://education.asfai.org/frameworks/uk-nc-2013/versions/september-2013/items/KS3.Sci.Chem.PIS.4,unreviewed,mt_MBTVB-E-S7,uk-nc-2013:KS3.Sci.Chem.PIS.4
https://education.asfai.org/alignments/72eb58be-1a60-55a4-a0c4-eed207b8d9c1,https://education.asfai.org/objectives/ff22ada9-f36c-5ee6-9032-2ddea1e8be5f,relatedTo,uk-nc-2013,Eng.SL.4,https://education.asfai.org/frameworks/uk-nc-2013/versions/september-2013/items/Eng.SL.4,unreviewed,mt_S0hzjAeLSK,uk-nc-2013:Eng.SL.4
https://education.asfai.org/alignments/7360d471-73aa-5843-acd0-6a010ea45d39,https://education.asfai.org/objectives/0ef23c84-509c-54ba-bdbc-12609f31b992,relatedTo,ccss-math,K.CC.2,https://education.asfai.org/frameworks/ccss-math/versions/2010/items/K.CC.2,unreviewed,mt_M5PPDJStGm,ccss-math:K.CC.2
https://education.asfai.org/alignments/736e6537-87de-5e1c-a9a4-2d7d1e8f2427,https://education.asfai.org/objectives/7ec14782-e4de-5ab1-bf31-0c47d6326784,relatedTo,ccss-ela,RI.3.5,https://education.asfai.org/frameworks/ccss-ela/versions/2010/items/RI.3.5,unreviewed,mt_ZhUuT__i2H,ccss-ela:RI.3.5
https://education.asfai.org/alignments/737e17c4-d3bd-5e9e-a2de-5b6448d349e5,https://education.asfai.org/objectives/3c2d8353-7fe8-543e-9e08-e8aece4784ab,relatedTo,uk-nc-2013,Eng_App1_Y2_19,https://education.asfai.org/frameworks/uk-nc-2013/versions/september-2013/items/Eng_App1_Y2_19,unreviewed,mt_OgJPbGkrYk,uk-nc-2013:Eng_App1_Y2_19
https://education.asfai.org/alignments/738f2ad1-943b-5034-b96d-20241735b29a,https://education.asfai.org/objectives/11bbdc42-72f4-565a-9315-57afcd7dc2b7,relatedTo,uk-nc-2013,Y4.Sci.A.1,https://education.asfai.org/frameworks/uk-nc-2013/versions/september-2013/items/Y4.Sci.A.1,unreviewed,mt_Ruk2-lyGPZ,uk-nc-2013:Y4.Sci.A.1
https://education.asfai.org/alignments/7455cfc4-1d77-573f-9d5f-01e92b24e9c3,https://education.asfai.org/objectives/3c2d8353-7fe8-543e-9e08-e8aece4784ab,relatedTo,ccss-ela,RF.2.3.b,https://education.asfai.org/frameworks/ccss-ela/versions/2010/items/RF.2.3.b,unreviewed,mt_OgJPbGkrYk,ccss-ela:RF.2.3.b
https://education.asfai.org/alignments/7465c1aa-f7e8-58c5-ae83-633426679f4d,https://education.asfai.org/objectives/351afcf6-d4ea-5f01-9357-0dff537f6be2,relatedTo,uk-nc-2013,Eng.App2.Y3.Sent.1,https://education.asfai.org/frameworks/uk-nc-2013/versions/september-2013/items/Eng.App2.Y3.Sent.1,unreviewed,mt_uorNrPTh6U,uk-nc-2013:Eng.App2.Y3.Sent.1
https://education.asfai.org/alignments/7476a6a7-a347-5145-8e6a-fc8522c30e0f,https://education.asfai.org/objectives/c305f376-392d-55c4-9a92-a6902eb0be15,relatedTo,uk-nc-2013,KS3-ENG-R-1b,https://education.asfai.org/frameworks/uk-nc-2013/versions/september-2013/items/KS3-ENG-R-1b,unreviewed,mt_9k1qcpvVi_,uk-nc-2013:KS3-ENG-R-1b
https://education.asfai.org/alignments/74821081-d702-5e41-a26b-53a4aff5a391,https://education.asfai.org/objectives/5fcdee94-303b-55ce-b366-bf5b9767d74d,relatedTo,ccss-ela,L.5.4b,https://education.asfai.org/frameworks/ccss-ela/versions/2010/items/L.5.4b,unreviewed,mt_x_Lg4RASVU,ccss-ela:L.5.4b
https://education.asfai.org/alignments/7524d5ed-da22-5231-a589-4831231c8595,https://education.asfai.org/objectives/ffc6e82b-511f-51a4-ab28-398597491a5e,relatedTo,ccss-ela,L.8.6,https://education.asfai.org/frameworks/ccss-ela/versions/2010/items/L.8.6,unreviewed,mt_OLwNsTI6C7,ccss-ela:L.8.6
https://education.asfai.org/alignments/752ee9d2-492b-54fe-8ca3-510d648be899,https://education.asfai.org/objectives/e6fd5b7b-2bb4-5aa7-88a6-8eecc4c0da42,relatedTo,ccss-ela,W.3.3,https://education.asfai.org/frameworks/ccss-ela/versions/2010/items/W.3.3,unreviewed,mt_vauULTecMH,ccss-ela:W.3.3
https://education.asfai.org/alignments/753e36fa-8232-53fb-86b0-b49a5d4528d3,https://education.asfai.org/objectives/0188c348-dc30-5b85-9adc-1121a35a2ce3,relatedTo,uk-nc-2013,KS3.Maths.Alg.13,https://education.asfai.org/frameworks/uk-nc-2013/versions/september-2013/items/KS3.Maths.Alg.13,unreviewed,mt_Yw27nweoTj,uk-nc-2013:KS3.Maths.Alg.13
https://education.asfai.org/alignments/7556296e-6e38-5ecc-a870-1f22097b670a,https://education.asfai.org/objectives/e70f799b-8f4d-563b-8cd4-0d12a55d8a81,relatedTo,uk-nc-2013,Maths/Y1/AS/1,https://education.asfai.org/frameworks/uk-nc-2013/versions/september-2013/items/Maths%2FY1%2FAS%2F1,unreviewed,mt_zuKAX6lcYR,uk-nc-2013:Maths/Y1/AS/1
https://education.asfai.org/alignments/7596d667-319f-579c-a720-95e61a96e56e,https://education.asfai.org/objectives/a37ad33e-ce25-5531-abc6-0de33a4dfce6,relatedTo,ngss-ms,MS-LS2-4,https://education.asfai.org/frameworks/ngss-ms/versions/2013/items/MS-LS2-4,unreviewed,mt_BOG5zRYtQz,ngss-ms:MS-LS2-4
https://education.asfai.org/alignments/75e92353-fb5a-5fc4-a21a-b10d7217c5dd,https://education.asfai.org/objectives/8ac8b720-fbed-5b7d-970d-bf0d537dbad3,relatedTo,ngss-k5,3-LS1-1,https://education.asfai.org/frameworks/ngss-k5/versions/2013/items/3-LS1-1,unreviewed,mt_4IVWRAZoNC,ngss-k5:3-LS1-1
https://education.asfai.org/alignments/75f6f08e-b5f5-5dbe-8a02-8a39ebbd4e5d,https://education.asfai.org/objectives/c6b8c99b-3df4-5f0d-818a-325eb6af7713,relatedTo,uk-nc-2013,Eng_App1_Y2_19,https://education.asfai.org/frameworks/uk-nc-2013/versions/september-2013/items/Eng_App1_Y2_19,unreviewed,mt_p_jxNLdus4,uk-nc-2013:Eng_App1_Y2_19
https://education.asfai.org/alignments/75f7a2b0-90aa-510a-afdc-bcc40d47eb93,https://education.asfai.org/objectives/d97b9742-6186-57cc-ac29-4b40886e1e10,relatedTo,uk-nc-2013,Y4.Sci.SM.2,https://education.asfai.org/frameworks/uk-nc-2013/versions/september-2013/items/Y4.Sci.SM.2,unreviewed,mt_Pl-nsjYGZ3,uk-nc-2013:Y4.Sci.SM.2
https://education.asfai.org/alignments/765a254f-ab0d-5525-bd2d-5a47a101a151,https://education.asfai.org/objectives/233fb51d-80a3-5047-9cd9-bfde0b4cd98f,relatedTo,ccss-math,7.RP.2c,https://education.asfai.org/frameworks/ccss-math/versions/2010/items/7.RP.2c,unreviewed,mt_yK51ZnKA8m,ccss-math:7.RP.2c
https://education.asfai.org/alignments/766ab305-a25e-5e2d-9124-bd8e96fb8c40,https://education.asfai.org/objectives/d1eae421-5d17-5a26-9f73-4aedd699d043,relatedTo,ccss-math,1.OA.1,https://education.asfai.org/frameworks/ccss-math/versions/2010/items/1.OA.1,unreviewed,mt_VAWV_l7J0D,ccss-math:1.OA.1
https://education.asfai.org/alignments/7673faba-e371-5968-b50a-9fb7b824dec7,https://education.asfai.org/objectives/c431be78-84ee-5e0d-8c04-72a507b9a2af,relatedTo,uk-nc-2013,Eng_App1_Y1_15,https://education.asfai.org/frameworks/uk-nc-2013/versions/september-2013/items/Eng_App1_Y1_15,unreviewed,mt_BtMbZibZUj,uk-nc-2013:Eng_App1_Y1_15
https://education.asfai.org/alignments/768f41b9-1cb3-58a6-bf8c-4c088ecf4ab2,https://education.asfai.org/objectives/58a15572-291f-5eb9-95b5-15b68e873224,relatedTo,uk-nc-2013,Eng_Y1_WVGP_01,https://education.asfai.org/frameworks/uk-nc-2013/versions/september-2013/items/Eng_Y1_WVGP_01,unreviewed,mt_of2GggtxFl,uk-nc-2013:Eng_Y1_WVGP_01
https://education.asfai.org/alignments/76a6c760-d6cc-50b0-a73f-88de53ca862e,https://education.asfai.org/objectives/24e84eca-8c0b-5f0e-8418-245175fc8f61,relatedTo,ccss-ela,L.5.2d,https://education.asfai.org/frameworks/ccss-ela/versions/2010/items/L.5.2d,unreviewed,mt_Q2Eud_PPz6,ccss-ela:L.5.2d
https://education.asfai.org/alignments/76b70ac6-3276-5140-8362-b101be865720,https://education.asfai.org/objectives/b82d0ef4-14fc-5fb7-935f-9accdc003d99,relatedTo,ccss-ela,RL.K.3,https://education.asfai.org/frameworks/ccss-ela/versions/2010/items/RL.K.3,unreviewed,mt_sSQlLOnAow,ccss-ela:RL.K.3
https://education.asfai.org/alignments/76c57935-ad75-540d-9dc3-8c8e48165cd6,https://education.asfai.org/objectives/974d12dd-4ddd-5e29-9bd4-82849f4bd4bb,relatedTo,ngss-ms,MS-LS1-2,https://education.asfai.org/frameworks/ngss-ms/versions/2013/items/MS-LS1-2,unreviewed,mt_7hB8s5eOP1,ngss-ms:MS-LS1-2
https://education.asfai.org/alignments/76d8e714-025f-5809-a544-96a7670ebfb3,https://education.asfai.org/objectives/3cd5b1cb-d3ed-5281-902b-216013aa98c8,relatedTo,uk-nc-2013,KS3.Maths.Geo.2,https://education.asfai.org/frameworks/uk-nc-2013/versions/september-2013/items/KS3.Maths.Geo.2,unreviewed,mt_svFa6_mjO_,uk-nc-2013:KS3.Maths.Geo.2
https://education.asfai.org/alignments/774df82c-2c61-5366-a183-2332487f4e83,https://education.asfai.org/objectives/335db539-434d-50e1-a0c9-bf9d6748e929,relatedTo,ccss-ela,L.5.4c,https://education.asfai.org/frameworks/ccss-ela/versions/2010/items/L.5.4c,unreviewed,mt_6W5zzDIGZH,ccss-ela:L.5.4c
https://education.asfai.org/alignments/77725605-030f-54c4-85ba-3f23985aa154,https://education.asfai.org/objectives/eb4b8108-5bb4-54c0-8b9e-574022b38a84,relatedTo,uk-nc-2013,Eng.UKS2.Read.Comp.1e,https://education.asfai.org/frameworks/uk-nc-2013/versions/september-2013/items/Eng.UKS2.Read.Comp.1e,unreviewed,mt_yHQacItlhf,uk-nc-2013:Eng.UKS2.Read.Comp.1e
https://education.asfai.org/alignments/777f1132-04a3-5b29-80f7-c532016ca8de,https://education.asfai.org/objectives/d5b5bd45-2f32-5dc7-a3ca-b3ebcf4a41b7,relatedTo,ccss-math,1.OA.7,https://education.asfai.org/frameworks/ccss-math/versions/2010/items/1.OA.7,unreviewed,mt_oIzycTBeE4,ccss-math:1.OA.7
https://education.asfai.org/alignments/77894f5c-3f22-5128-9804-4c6c9f73ee28,https://education.asfai.org/objectives/2bd978d2-1525-5799-8faf-92e75f3b312d,relatedTo,ccss-ela,RI.6.5,https://education.asfai.org/frameworks/ccss-ela/versions/2010/items/RI.6.5,unreviewed,mt_II6iw4BmJI,ccss-ela:RI.6.5
https://education.asfai.org/alignments/77ba2d98-26b3-5e79-b670-9a6ebed3a8da,https://education.asfai.org/objectives/1ed5a4be-6141-5e16-8b90-063649b55350,relatedTo,ccss-ela,SL.K.2,https://education.asfai.org/frameworks/ccss-ela/versions/2010/items/SL.K.2,unreviewed,mt_mLPEMpYb_R,ccss-ela:SL.K.2
https://education.asfai.org/alignments/77ddf346-9257-5cbe-a96d-84b87a60fc19,https://education.asfai.org/objectives/97338549-db3d-5e13-8b30-271e446f16dd,relatedTo,uk-nc-2013,Eng_Y1_WT_06,https://education.asfai.org/frameworks/uk-nc-2013/versions/september-2013/items/Eng_Y1_WT_06,unreviewed,mt_QdMMLRYWhn,uk-nc-2013:Eng_Y1_WT_06
https://education.asfai.org/alignments/77f3ce97-ac53-57e8-bbf1-0f58eaae13d7,https://education.asfai.org/objectives/7d2feff8-2372-5363-9be0-651dd1e3c5d5,relatedTo,uk-nc-2013,Y5.Sci.ES.2,https://education.asfai.org/frameworks/uk-nc-2013/versions/september-2013/items/Y5.Sci.ES.2,unreviewed,mt_5l7iGkf1Tp,uk-nc-2013:Y5.Sci.ES.2
https://education.asfai.org/alignments/781464ae-9b71-530b-a1b4-7d63bdffe7e8,https://education.asfai.org/objectives/887d6927-2085-5f5b-a3c8-73f00a280e58,relatedTo,uk-nc-2013,Eng.App2.Y4.Punc.2,https://education.asfai.org/frameworks/uk-nc-2013/versions/september-2013/items/Eng.App2.Y4.Punc.2,unreviewed,mt_HdI1y5KsBl,uk-nc-2013:Eng.App2.Y4.Punc.2
https://education.asfai.org/alignments/7818ada0-820b-515d-a3ad-0d95899fe312,https://education.asfai.org/objectives/1a69c1bf-9d8e-52df-abe7-9cdb8c55f3bc,relatedTo,uk-nc-2013,KS3.Sci.Bio.Ecosystem.3,https://education.asfai.org/frameworks/uk-nc-2013/versions/september-2013/items/KS3.Sci.Bio.Ecosystem.3,unreviewed,mt_YvCgDM0Scg,uk-nc-2013:KS3.Sci.Bio.Ecosystem.3
https://education.asfai.org/alignments/7852191a-b41b-5eb0-9d57-8021eb32bd5d,https://education.asfai.org/objectives/6cb10bc9-39ce-5989-8246-517b04e2a7c3,relatedTo,uk-nc-2013,Eng_App1_Y1_27,https://education.asfai.org/frameworks/uk-nc-2013/versions/september-2013/items/Eng_App1_Y1_27,unreviewed,mt_a6m7PqTuJN,uk-nc-2013:Eng_App1_Y1_27
https://education.asfai.org/alignments/78575643-afb3-5e87-9c00-faa3e208ddbf,https://education.asfai.org/objectives/2a40157a-b447-54e2-a8aa-abeabf781e10,relatedTo,ccss-ela,L.6.5a,https://education.asfai.org/frameworks/ccss-ela/versions/2010/items/L.6.5a,unreviewed,mt_MlmIrLb_7x,ccss-ela:L.6.5a
https://education.asfai.org/alignments/78640d5d-03bc-57ea-89e1-2fc7a2b5f8ea,https://education.asfai.org/objectives/d677e283-0934-57cb-9d4c-6338c145e9be,relatedTo,uk-nc-2013,Eng_App1_Y1_41,https://education.asfai.org/frameworks/uk-nc-2013/versions/september-2013/items/Eng_App1_Y1_41,unreviewed,mt_roAgL1rQRF,uk-nc-2013:Eng_App1_Y1_41
https://education.asfai.org/alignments/78759694-62cf-5ba8-a5fd-541ee4eba68d,https://education.asfai.org/objectives/9a5c07b8-e2ed-5174-9d8b-b128adce2158,relatedTo,ccss-ela,L.3.1b,https://education.asfai.org/frameworks/ccss-ela/versions/2010/items/L.3.1b,unreviewed,mt_nFBLNoChD0,ccss-ela:L.3.1b
https://education.asfai.org/alignments/7898a339-7ad7-5ef4-bd5a-3b3f4f766ed5,https://education.asfai.org/objectives/52f53df0-09a2-591e-8abf-a5297b5ae8b1,relatedTo,ccss-ela,L.1.1i,https://education.asfai.org/frameworks/ccss-ela/versions/2010/items/L.1.1i,unreviewed,mt_VY3rBq8RyP,ccss-ela:L.1.1i
https://education.asfai.org/alignments/78b885c8-dc9e-5bca-9532-ea9dfe6fce71,https://education.asfai.org/objectives/920ebef9-547f-53b0-a236-2fd76f69b867,relatedTo,uk-nc-2013,KS3-ENG-R-1c,https://education.asfai.org/frameworks/uk-nc-2013/versions/september-2013/items/KS3-ENG-R-1c,unreviewed,mt_1GF5MeNZPA,uk-nc-2013:KS3-ENG-R-1c
https://education.asfai.org/alignments/78d4b864-93a2-5917-941e-4c88e846d539,https://education.asfai.org/objectives/82d0a21a-c13b-5ab2-8203-4794c16da8f1,relatedTo,ib-pyp-pspe,PSPE.INT.P3.CU.3,https://education.asfai.org/frameworks/ib-pyp-pspe/versions/2009/items/PSPE.INT.P3.CU.3,unreviewed,mt_DkzsZdyaL2,ib-pyp-pspe:PSPE.INT.P3.CU.3
https://education.asfai.org/alignments/78e6d6af-4a07-5a71-8e01-105bc9f79f87,https://education.asfai.org/objectives/739ac0af-097d-54b3-9d83-012782083bca,relatedTo,uk-nc-2013,Y3.Sci.P.1,https://education.asfai.org/frameworks/uk-nc-2013/versions/september-2013/items/Y3.Sci.P.1,unreviewed,mt_6xsEXxKdUX,uk-nc-2013:Y3.Sci.P.1
https://education.asfai.org/alignments/7943b578-1eb9-57f6-a05c-13f9af3dd3d0,https://education.asfai.org/objectives/a10be1e5-4bfe-586c-bfb5-2c7d32e62f97,relatedTo,ccss-ela,W.8.1.d,https://education.asfai.org/frameworks/ccss-ela/versions/2010/items/W.8.1.d,unreviewed,mt_Qxyikkkzam,ccss-ela:W.8.1.d
https://education.asfai.org/alignments/79691dbf-7e2c-5532-9e3c-cf94b083f5b4,https://education.asfai.org/objectives/c2a3f043-45cf-55fb-9988-19ffdc02f913,relatedTo,ngss-k5,K-ESS3-1,https://education.asfai.org/frameworks/ngss-k5/versions/2013/items/K-ESS3-1,unreviewed,mt_e6PP4ip39V,ngss-k5:K-ESS3-1
https://education.asfai.org/alignments/7970d482-d8f5-5aee-9de1-52796b13881d,https://education.asfai.org/objectives/2d462c63-501b-5b6f-a5d9-ddd012207703,relatedTo,uk-nc-2013,Ma6/2.3g,https://education.asfai.org/frameworks/uk-nc-2013/versions/september-2013/items/Ma6%2F2.3g,unreviewed,mt_lNGpnILM5C,uk-nc-2013:Ma6/2.3g
https://education.asfai.org/alignments/79b5f0b2-b526-5d3a-ab77-8f77dd1399ac,https://education.asfai.org/objectives/ced3866b-71cd-5269-8a4a-2b78c4ca366b,relatedTo,ccss-math,8.G.1c,https://education.asfai.org/frameworks/ccss-math/versions/2010/items/8.G.1c,unreviewed,mt_K0Y15w48SY,ccss-math:8.G.1c
https://education.asfai.org/alignments/79c8f527-187d-5066-86c0-643ed9c52ee4,https://education.asfai.org/objectives/0e7d44fa-4a2d-5ca2-b81e-27efa0cc0186,relatedTo,uk-nc-2013,KS3.Sci.Chem.PIS.3,https://education.asfai.org/frameworks/uk-nc-2013/versions/september-2013/items/KS3.Sci.Chem.PIS.3,unreviewed,mt_MBTVB-E-S7,uk-nc-2013:KS3.Sci.Chem.PIS.3
https://education.asfai.org/alignments/79d79b31-5bef-5bc9-8b35-b68451e1f419,https://education.asfai.org/objectives/c8c93db0-ffe4-564d-bfdf-9a0b2b79f6ba,relatedTo,uk-nc-2013,Maths/Y2/AS/3,https://education.asfai.org/frameworks/uk-nc-2013/versions/september-2013/items/Maths%2FY2%2FAS%2F3,unreviewed,mt_3e_PQxwC12,uk-nc-2013:Maths/Y2/AS/3
https://education.asfai.org/alignments/79de2cc1-abaa-5044-aff0-e67de856483b,https://education.asfai.org/objectives/303102b8-54ea-575b-843e-dc77796b3749,relatedTo,ccss-ela,L.4.5c,https://education.asfai.org/frameworks/ccss-ela/versions/2010/items/L.4.5c,unreviewed,mt_E5YbLvMgLL,ccss-ela:L.4.5c
https://education.asfai.org/alignments/79e602ef-bf22-508d-a493-70bc24e5bac2,https://education.asfai.org/objectives/0ff7fe6a-e92e-514b-b88f-b3a784dc51e8,relatedTo,uk-nc-2013,KS3-ENG-R-2c,https://education.asfai.org/frameworks/uk-nc-2013/versions/september-2013/items/KS3-ENG-R-2c,unreviewed,mt_jIcgbCmziD,uk-nc-2013:KS3-ENG-R-2c
https://education.asfai.org/alignments/7a1df0cb-5901-5710-b6a8-7af85f05409e,https://education.asfai.org/objectives/ce323bba-ec57-5e87-9a8a-924d1dab8e00,relatedTo,ib-pyp-pspe,PSPE.INT.P4.LO.5,https://education.asfai.org/frameworks/ib-pyp-pspe/versions/2009/items/PSPE.INT.P4.LO.5,unreviewed,mt_RNeEF1JU4J,ib-pyp-pspe:PSPE.INT.P4.LO.5
https://education.asfai.org/alignments/7a24be96-0b05-502b-b449-2a3172554555,https://education.asfai.org/objectives/bd1602ca-b011-5c38-a067-d7ad33fbe59e,relatedTo,ccss-ela,W.5.2a,https://education.asfai.org/frameworks/ccss-ela/versions/2010/items/W.5.2a,unreviewed,mt_hp2qJ-QRBn,ccss-ela:W.5.2a
https://education.asfai.org/alignments/7a2a63a9-de22-5a04-95db-c144aeb9c5f9,https://education.asfai.org/objectives/5c9b4a80-5e1e-577c-bf2e-ee179b0af11f,relatedTo,ccss-ela,RI.4.2,https://education.asfai.org/frameworks/ccss-ela/versions/2010/items/RI.4.2,unreviewed,mt_QCWWmDMYZR,ccss-ela:RI.4.2
https://education.asfai.org/alignments/7a6b4001-7f16-5209-a612-5220ab698c67,https://education.asfai.org/objectives/d4fdb3c9-35d5-53a0-ba8e-8f24e0eb1ec4,relatedTo,ccss-ela,RI.1.9,https://education.asfai.org/frameworks/ccss-ela/versions/2010/items/RI.1.9,unreviewed,mt_GLY3R3YSlf,ccss-ela:RI.1.9
https://education.asfai.org/alignments/7a9e3e7d-0a94-5831-a229-e4cf4cf36310,https://education.asfai.org/objectives/92792886-fa64-506e-92b3-a438a510e989,relatedTo,ib-pyp-pspe,PSPE-ID-LO-P1-9,https://education.asfai.org/frameworks/ib-pyp-pspe/versions/2009/items/PSPE-ID-LO-P1-9,unreviewed,mt_UGf6jICEhs,ib-pyp-pspe:PSPE-ID-LO-P1-9
https://education.asfai.org/alignments/7aafb14f-3434-51ec-ba01-275c809205c9,https://education.asfai.org/objectives/1ed5a4be-6141-5e16-8b90-063649b55350,relatedTo,uk-nc-2013,Eng.UKS2.Read.Comp.7,https://education.asfai.org/frameworks/uk-nc-2013/versions/september-2013/items/Eng.UKS2.Read.Comp.7,unreviewed,mt_mLPEMpYb_R,uk-nc-2013:Eng.UKS2.Read.Comp.7
https://education.asfai.org/alignments/7ac52af6-c0e6-5a71-8111-9ba6932cc6fe,https://education.asfai.org/objectives/ced3866b-71cd-5269-8a4a-2b78c4ca366b,relatedTo,ccss-math,8.G.1b,https://education.asfai.org/frameworks/ccss-math/versions/2010/items/8.G.1b,unreviewed,mt_K0Y15w48SY,ccss-math:8.G.1b
https://education.asfai.org/alignments/7af98dc0-0358-56aa-ab0b-cabe9e03dba0,https://education.asfai.org/objectives/31ba0e98-2251-5a9b-8daf-394c16f1c9f7,relatedTo,ngss-k5,4-PS3-4,https://education.asfai.org/frameworks/ngss-k5/versions/2013/items/4-PS3-4,unreviewed,mt_K1-HopEJAB,ngss-k5:4-PS3-4
https://education.asfai.org/alignments/7afa8e7d-ecc0-5ca0-a662-902bf9ac2e50,https://education.asfai.org/objectives/121abdcb-1abd-5011-98f6-b254a06c6fc5,relatedTo,ccss-ela,L.K.1f,https://education.asfai.org/frameworks/ccss-ela/versions/2010/items/L.K.1f,unreviewed,mt_N8CpN1EJrP,ccss-ela:L.K.1f
https://education.asfai.org/alignments/7b11c962-4cac-5365-8b28-1cd5670f53ad,https://education.asfai.org/objectives/828d7668-ce97-5667-87e9-0f2908739705,relatedTo,uk-nc-2013,KS3.Maths.Stat.3,https://education.asfai.org/frameworks/uk-nc-2013/versions/september-2013/items/KS3.Maths.Stat.3,unreviewed,mt_8atyuvPUZc,uk-nc-2013:KS3.Maths.Stat.3
https://education.asfai.org/alignments/7b15fc61-3b1c-59cf-9947-3119780fdcef,https://education.asfai.org/objectives/b8106f66-8276-5e0b-a3da-95eb8afe03c1,relatedTo,ccss-math,2.NBT.9,https://education.asfai.org/frameworks/ccss-math/versions/2010/items/2.NBT.9,unreviewed,mt_zxST3MarI9,ccss-math:2.NBT.9
https://education.asfai.org/alignments/7b355f08-66ff-5886-9fa7-2323408ce418,https://education.asfai.org/objectives/0e3bef97-01c3-5864-b818-ae827cd957ed,relatedTo,ccss-ela,RI.5.9,https://education.asfai.org/frameworks/ccss-ela/versions/2010/items/RI.5.9,unreviewed,mt_kJ4xXKL_nO,ccss-ela:RI.5.9
https://education.asfai.org/alignments/7b36d255-89f9-5420-804a-652824399fb5,https://education.asfai.org/objectives/83a3e24c-1665-5cc0-a967-2e41d541411d,relatedTo,ngss-k5,3-ESS3-1,https://education.asfai.org/frameworks/ngss-k5/versions/2013/items/3-ESS3-1,unreviewed,mt_JmMtZCifJB,ngss-k5:3-ESS3-1
https://education.asfai.org/alignments/7b372b35-382a-5144-9f10-c6118cc6d9a5,https://education.asfai.org/objectives/1762c951-dac9-5dcd-bce1-205b971216c1,relatedTo,uk-nc-2013,Ma/KS2/Y3/AS/1b,https://education.asfai.org/frameworks/uk-nc-2013/versions/september-2013/items/Ma%2FKS2%2FY3%2FAS%2F1b,unreviewed,mt_aHQ9kNt3is,uk-nc-2013:Ma/KS2/Y3/AS/1b
https://education.asfai.org/alignments/7b4b37eb-3a34-59aa-a5ee-1f6d5dd034bb,https://education.asfai.org/objectives/410c1cde-ca55-5b9e-a2e6-f89b04d51b27,relatedTo,uk-nc-2013,KS3.Sci.Chem.AEC.9,https://education.asfai.org/frameworks/uk-nc-2013/versions/september-2013/items/KS3.Sci.Chem.AEC.9,unreviewed,mt_Sc_SorJhXW,uk-nc-2013:KS3.Sci.Chem.AEC.9
https://education.asfai.org/alignments/7b4cb8ee-b315-522c-b167-06649a0a627b,https://education.asfai.org/objectives/573c48f5-fee6-5ff6-9469-3bc58b6c2235,relatedTo,ccss-ela,RI.2.7,https://education.asfai.org/frameworks/ccss-ela/versions/2010/items/RI.2.7,unreviewed,mt_OlhMP7ShFT,ccss-ela:RI.2.7
https://education.asfai.org/alignments/7b5d7395-9f14-5f33-9833-a7ce602a5bc2,https://education.asfai.org/objectives/6acb92b1-ea3d-5b75-9250-27624ecf8e00,relatedTo,uk-nc-2013,Eng.UKS2.Read.Comp.6,https://education.asfai.org/frameworks/uk-nc-2013/versions/september-2013/items/Eng.UKS2.Read.Comp.6,unreviewed,mt_thsY1ZesaU,uk-nc-2013:Eng.UKS2.Read.Comp.6
https://education.asfai.org/alignments/7b61d9de-86b6-5e00-9660-2919513099e4,https://education.asfai.org/objectives/9fbe0478-2063-5e49-bc6b-10ac0b492f08,relatedTo,ccss-ela,W.4.9,https://education.asfai.org/frameworks/ccss-ela/versions/2010/items/W.4.9,unreviewed,mt_sdmm_m60qX,ccss-ela:W.4.9
https://education.asfai.org/alignments/7ba20553-3097-55a4-89de-168d27da4259,https://education.asfai.org/objectives/cd8907a4-cd6e-5bd5-a79a-228f913ba35a,relatedTo,ccss-ela,L.5.3b,https://education.asfai.org/frameworks/ccss-ela/versions/2010/items/L.5.3b,unreviewed,mt_1ro8W1cZYn,ccss-ela:L.5.3b
https://education.asfai.org/alignments/7bb1a996-1a47-5446-bff4-9c296ed0ad1e,https://education.asfai.org/objectives/bd1602ca-b011-5c38-a067-d7ad33fbe59e,relatedTo,ccss-ela,W.3.2,https://education.asfai.org/frameworks/ccss-ela/versions/2010/items/W.3.2,unreviewed,mt_hp2qJ-QRBn,ccss-ela:W.3.2
https://education.asfai.org/alignments/7bb663f0-67d8-550d-ac15-4915adfb0bc9,https://education.asfai.org/objectives/3c270770-22c4-5e3b-8a6a-7301bbd69dac,relatedTo,uk-nc-2013,Eng_Y1_RC_09,https://education.asfai.org/frameworks/uk-nc-2013/versions/september-2013/items/Eng_Y1_RC_09,unreviewed,mt_8-POYyg7GJ,uk-nc-2013:Eng_Y1_RC_09
https://education.asfai.org/alignments/7bbaada1-0f40-56da-90cb-eb498c2ab0a8,https://education.asfai.org/objectives/73af05a9-043e-543e-8e5b-7bb84cc6faf6,relatedTo,ccss-math,1.MD.3,https://education.asfai.org/frameworks/ccss-math/versions/2010/items/1.MD.3,unreviewed,mt_HNOPGJYiRK,ccss-math:1.MD.3
https://education.asfai.org/alignments/7c3b359d-8b5a-5d8d-a0ea-698c0d77ccc8,https://education.asfai.org/objectives/64f32aee-0d2b-5941-a949-28b497ac6a90,relatedTo,uk-nc-2013,Eng_App1_Y1_44,https://education.asfai.org/frameworks/uk-nc-2013/versions/september-2013/items/Eng_App1_Y1_44,unreviewed,mt_fMd7v87IiI,uk-nc-2013:Eng_App1_Y1_44
https://education.asfai.org/alignments/7c447ab9-ad11-5e33-a15f-bbd9a9a446b6,https://education.asfai.org/objectives/e8e11fdb-1541-5905-a648-487c07d74969,relatedTo,uk-nc-2013,Eng.App2.Y4.Text.2,https://education.asfai.org/frameworks/uk-nc-2013/versions/september-2013/items/Eng.App2.Y4.Text.2,unreviewed,mt_9yFAtUkoYr,uk-nc-2013:Eng.App2.Y4.Text.2
https://education.asfai.org/alignments/7c5f71e3-abf9-50ff-b6a9-e8f02aa41c48,https://education.asfai.org/objectives/c951d042-beec-51bd-af73-d8d6cfd82a30,relatedTo,ccss-ela,SL.4.1.a,https://education.asfai.org/frameworks/ccss-ela/versions/2010/items/SL.4.1.a,unreviewed,mt_yrMniCJu_S,ccss-ela:SL.4.1.a
https://education.asfai.org/alignments/7c740a07-a056-5356-a571-614003288522,https://education.asfai.org/objectives/326ac617-63e5-5e79-b1b2-9c13e2fb4d13,relatedTo,ccss-ela,L.8.1d,https://education.asfai.org/frameworks/ccss-ela/versions/2010/items/L.8.1d,unreviewed,mt_N5tciHU8cE,ccss-ela:L.8.1d
https://education.asfai.org/alignments/7d197310-24f7-50fe-85da-2dcdd7072724,https://education.asfai.org/objectives/3896ccbe-bcd8-5e99-a9e7-8920a522e1f7,relatedTo,ccss-math,7.NS.1a,https://education.asfai.org/frameworks/ccss-math/versions/2010/items/7.NS.1a,unreviewed,mt_9QzSnn8m80,ccss-math:7.NS.1a
https://education.asfai.org/alignments/7d64fda1-964f-5871-a59f-24d4efd03570,https://education.asfai.org/objectives/c625143c-cae6-5003-8d0a-89afcb73afc1,relatedTo,uk-nc-2013,Eng.App2.Y6.Text.2,https://education.asfai.org/frameworks/uk-nc-2013/versions/september-2013/items/Eng.App2.Y6.Text.2,unreviewed,mt_AHAFw-atka,uk-nc-2013:Eng.App2.Y6.Text.2
https://education.asfai.org/alignments/7d6dff36-3bf5-5f67-8b70-eb3fb707ade2,https://education.asfai.org/objectives/67dd3895-6ede-5c2d-80c9-f96b453110f5,relatedTo,ccss-ela,RF.4.4,https://education.asfai.org/frameworks/ccss-ela/versions/2010/items/RF.4.4,unreviewed,mt_V-ldQp56bF,ccss-ela:RF.4.4
https://education.asfai.org/alignments/7d9f36ec-3960-5f70-ab3c-f6395f1cdff6,https://education.asfai.org/objectives/4fb6620a-d2ad-51b6-91f2-49ad679935a1,relatedTo,ccss-math,1.MD.1,https://education.asfai.org/frameworks/ccss-math/versions/2010/items/1.MD.1,unreviewed,mt_skYly2Qm01,ccss-math:1.MD.1
https://education.asfai.org/alignments/7da590dc-639d-55f2-9718-0b88ee2d54dc,https://education.asfai.org/objectives/cd81c595-4ee9-5754-9a58-482127c75151,relatedTo,ccss-math,6.EE.2a,https://education.asfai.org/frameworks/ccss-math/versions/2010/items/6.EE.2a,unreviewed,mt_KwdjWEmMNo,ccss-math:6.EE.2a
https://education.asfai.org/alignments/7dc448b2-690e-58da-82bf-3c0b740b8b34,https://education.asfai.org/objectives/bd1602ca-b011-5c38-a067-d7ad33fbe59e,relatedTo,ccss-ela,W.3.2a,https://education.asfai.org/frameworks/ccss-ela/versions/2010/items/W.3.2a,unreviewed,mt_hp2qJ-QRBn,ccss-ela:W.3.2a
https://education.asfai.org/alignments/7dc6ffd1-b617-5fce-b826-09f4fd4a2dc3,https://education.asfai.org/objectives/cf9e1e7f-b935-5a92-8f45-e5890c189f49,relatedTo,uk-nc-2013,Ma/KS2/Y4/MD/1,https://education.asfai.org/frameworks/uk-nc-2013/versions/september-2013/items/Ma%2FKS2%2FY4%2FMD%2F1,unreviewed,mt_K5jM7vlVhA,uk-nc-2013:Ma/KS2/Y4/MD/1
https://education.asfai.org/alignments/7de87d7c-8500-57ee-991d-d1d185b2ea2e,https://education.asfai.org/objectives/1bebfc4e-298e-56b8-ac2a-bc8f02aca01f,relatedTo,ccss-ela,L.2.5,https://education.asfai.org/frameworks/ccss-ela/versions/2010/items/L.2.5,unreviewed,mt_VLu59hpQ4T,ccss-ela:L.2.5
https://education.asfai.org/alignments/7debc0b8-5538-55c3-a9ca-e32e83f1f290,https://education.asfai.org/objectives/b4b9ae9a-ea35-5276-b798-2fe3c5ec0b18,relatedTo,ccss-ela,RF.2.3.f,https://education.asfai.org/frameworks/ccss-ela/versions/2010/items/RF.2.3.f,unreviewed,mt_14OR-MhGJ9,ccss-ela:RF.2.3.f
https://education.asfai.org/alignments/7df84424-943b-5354-8e1d-e1b2412f260c,https://education.asfai.org/objectives/b70e1c00-a01b-51dc-9d07-83d6179bf3a4,relatedTo,uk-nc-2013,Maths/Y2/NPV/2,https://education.asfai.org/frameworks/uk-nc-2013/versions/september-2013/items/Maths%2FY2%2FNPV%2F2,unreviewed,mt_THl9GLxwoL,uk-nc-2013:Maths/Y2/NPV/2
https://education.asfai.org/alignments/7e0523a8-8dd5-5784-a562-49e1ec62e1f5,https://education.asfai.org/objectives/f908a3dc-f217-529b-b381-c3043463d4c8,relatedTo,ccss-math,K.G.1,https://education.asfai.org/frameworks/ccss-math/versions/2010/items/K.G.1,unreviewed,mt_Qcp2d_kuta,ccss-math:K.G.1
https://education.asfai.org/alignments/7e0626f1-6651-5c48-a876-6295297bcd7a,https://education.asfai.org/objectives/c431be78-84ee-5e0d-8c04-72a507b9a2af,relatedTo,uk-nc-2013,Eng_App1_Y1_23,https://education.asfai.org/frameworks/uk-nc-2013/versions/september-2013/items/Eng_App1_Y1_23,unreviewed,mt_BtMbZibZUj,uk-nc-2013:Eng_App1_Y1_23
https://education.asfai.org/alignments/7e555dbf-3bc6-573a-8956-62d2e230e6d0,https://education.asfai.org/objectives/3896ccbe-bcd8-5e99-a9e7-8920a522e1f7,relatedTo,ccss-math,7.NS.1c,https://education.asfai.org/frameworks/ccss-math/versions/2010/items/7.NS.1c,unreviewed,mt_9QzSnn8m80,ccss-math:7.NS.1c
https://education.asfai.org/alignments/7e860445-ba8b-5e77-a0db-8d28455baeb7,https://education.asfai.org/objectives/6546ca4a-79d8-5940-9433-d29bf0b7ecef,relatedTo,ngss-k5,3-PS2-2,https://education.asfai.org/frameworks/ngss-k5/versions/2013/items/3-PS2-2,unreviewed,mt_AlLYwCm92a,ngss-k5:3-PS2-2
https://education.asfai.org/alignments/7ec1be9b-8972-5900-91d6-63417a80a1f9,https://education.asfai.org/objectives/0d735431-7a51-5a47-965b-ec22db710ef6,relatedTo,uk-nc-2013,Maths/Y2/M/6,https://education.asfai.org/frameworks/uk-nc-2013/versions/september-2013/items/Maths%2FY2%2FM%2F6,unreviewed,mt_6XCURuNwPw,uk-nc-2013:Maths/Y2/M/6
https://education.asfai.org/alignments/7f0cb4e6-eeff-5699-894a-c1268e261d00,https://education.asfai.org/objectives/940c6ab5-8081-5516-a37d-32cdc9b973e5,relatedTo,uk-nc-2013,KS3.Maths.Ratio.9,https://education.asfai.org/frameworks/uk-nc-2013/versions/september-2013/items/KS3.Maths.Ratio.9,unreviewed,mt_5mIcmKRCgA,uk-nc-2013:KS3.Maths.Ratio.9
https://education.asfai.org/alignments/7f149ee0-8ad4-58be-b90c-95e3806b1fac,https://education.asfai.org/objectives/c3b76038-d470-5403-a103-9340170cbebe,relatedTo,ccss-ela,RF.K.2.b,https://education.asfai.org/frameworks/ccss-ela/versions/2010/items/RF.K.2.b,unreviewed,mt_UvNrOXny1i,ccss-ela:RF.K.2.b
https://education.asfai.org/alignments/7f37750e-350b-5943-8511-7d2344ee160f,https://education.asfai.org/objectives/e8fb5952-db10-5ebb-87eb-cba9d4e4ab75,relatedTo,ccss-ela,RI.4.6,https://education.asfai.org/frameworks/ccss-ela/versions/2010/items/RI.4.6,unreviewed,mt_j32D5DZX7x,ccss-ela:RI.4.6
https://education.asfai.org/alignments/7f439afd-f257-5e0f-895d-8ba1ae5f47aa,https://education.asfai.org/objectives/5def2be3-7178-54ff-9f5b-bf97f0b65285,relatedTo,uk-nc-2013,Eng.UKS2.Read.Comp.2e,https://education.asfai.org/frameworks/uk-nc-2013/versions/september-2013/items/Eng.UKS2.Read.Comp.2e,unreviewed,mt_sMAcZW6vWM,uk-nc-2013:Eng.UKS2.Read.Comp.2e
https://education.asfai.org/alignments/7f5291a4-37fc-51c4-b873-a00514dc646d,https://education.asfai.org/objectives/11ba7f33-29b1-591c-afa6-db64bdfab44e,relatedTo,uk-nc-2013,Eng.SL.2,https://education.asfai.org/frameworks/uk-nc-2013/versions/september-2013/items/Eng.SL.2,unreviewed,mt_f8n4txtLej,uk-nc-2013:Eng.SL.2
https://education.asfai.org/alignments/7f7549a5-ecbb-59be-b98c-dbca1168d523,https://education.asfai.org/objectives/e9350411-5e71-5f70-8f9b-4a7ba3943e92,relatedTo,ccss-ela,L.5.6,https://education.asfai.org/frameworks/ccss-ela/versions/2010/items/L.5.6,unreviewed,mt_WzOyJFKDIu,ccss-ela:L.5.6
https://education.asfai.org/alignments/7f94d333-c32f-5053-9ecb-d6babd5e51ef,https://education.asfai.org/objectives/b4b9ae9a-ea35-5276-b798-2fe3c5ec0b18,relatedTo,ccss-ela,RF.3.3.d,https://education.asfai.org/frameworks/ccss-ela/versions/2010/items/RF.3.3.d,unreviewed,mt_14OR-MhGJ9,ccss-ela:RF.3.3.d
https://education.asfai.org/alignments/7fc36acc-caf1-55a1-b555-5033508f7306,https://education.asfai.org/objectives/4f9db834-6e38-573c-97f7-9998e5df50ca,relatedTo,uk-nc-2013,KS3.Sci.Bio.Ecosystem.4,https://education.asfai.org/frameworks/uk-nc-2013/versions/september-2013/items/KS3.Sci.Bio.Ecosystem.4,unreviewed,mt_Be1A88GUpu,uk-nc-2013:KS3.Sci.Bio.Ecosystem.4
https://education.asfai.org/alignments/7fc8021e-74be-5e9e-b76b-a4d8199db1bc,https://education.asfai.org/objectives/261fa05e-877c-5074-a0e1-347fe48b4422,relatedTo,uk-nc-2013,Y3.Sci.FM.6,https://education.asfai.org/frameworks/uk-nc-2013/versions/september-2013/items/Y3.Sci.FM.6,unreviewed,mt_jgNB2752b9,uk-nc-2013:Y3.Sci.FM.6
https://education.asfai.org/alignments/80004ce4-6f87-5d16-9464-b3089de78b35,https://education.asfai.org/objectives/726f3217-1647-5ee6-8812-f1dae1bf80c9,relatedTo,uk-nc-2013,Y4.Sci.A.3,https://education.asfai.org/frameworks/uk-nc-2013/versions/september-2013/items/Y4.Sci.A.3,unreviewed,mt_oB-L8EVdIP,uk-nc-2013:Y4.Sci.A.3
https://education.asfai.org/alignments/801b79a1-9186-555a-85c7-1998fb6f96a3,https://education.asfai.org/objectives/e0bbe232-b3b4-5f59-a6bd-a6538c2492a6,relatedTo,uk-nc-2013,Eng.UKS2.Write.VGP.1b,https://education.asfai.org/frameworks/uk-nc-2013/versions/september-2013/items/Eng.UKS2.Write.VGP.1b,unreviewed,mt_gbTyzvnWzr,uk-nc-2013:Eng.UKS2.Write.VGP.1b
https://education.asfai.org/alignments/80806b40-aacd-59d9-b80c-4c05cf35014f,https://education.asfai.org/objectives/cef9377e-2f36-5b80-9882-b91d6406b96d,relatedTo,ccss-ela,L.5.2b,https://education.asfai.org/frameworks/ccss-ela/versions/2010/items/L.5.2b,unreviewed,mt_j2idD_jq73,ccss-ela:L.5.2b
https://education.asfai.org/alignments/80ac1dbf-3f37-507e-a978-2b92c9639427,https://education.asfai.org/objectives/cdc40e1c-5fda-5d60-b0aa-cbd177189b00,relatedTo,ccss-ela,RF.K.3.b,https://education.asfai.org/frameworks/ccss-ela/versions/2010/items/RF.K.3.b,unreviewed,mt_F978c32kDr,ccss-ela:RF.K.3.b
https://education.asfai.org/alignments/80bcd056-cd44-5a55-a6b7-b9c939adfbab,https://education.asfai.org/objectives/944502d5-d572-5e53-91f2-63fdd19224e1,relatedTo,ccss-ela,RL.1.10,https://education.asfai.org/frameworks/ccss-ela/versions/2010/items/RL.1.10,unreviewed,mt_ZhvwM6LMBL,ccss-ela:RL.1.10
https://education.asfai.org/alignments/80bd7095-2c43-5f39-8876-b81adcd37d8d,https://education.asfai.org/objectives/a97e6d76-c13a-5004-a946-fdd199abcf88,relatedTo,ccss-math,K.CC.7,https://education.asfai.org/frameworks/ccss-math/versions/2010/items/K.CC.7,unreviewed,mt__YRJ23GuIK,ccss-math:K.CC.7
https://education.asfai.org/alignments/80bf3b54-d6ea-5e0c-b06e-9eee365d247f,https://education.asfai.org/objectives/e9350411-5e71-5f70-8f9b-4a7ba3943e92,relatedTo,ccss-ela,RI.5.4,https://education.asfai.org/frameworks/ccss-ela/versions/2010/items/RI.5.4,unreviewed,mt_WzOyJFKDIu,ccss-ela:RI.5.4
https://education.asfai.org/alignments/8168f4a2-acb4-5634-a5e6-2b81e132d61e,https://education.asfai.org/objectives/c3813ac5-21fb-5123-ad4d-0990f45dc044,relatedTo,ccss-ela,L.3.4a,https://education.asfai.org/frameworks/ccss-ela/versions/2010/items/L.3.4a,unreviewed,mt_6-MYToNZ39,ccss-ela:L.3.4a
https://education.asfai.org/alignments/8195e11f-07f2-5dbd-a5ac-4f707554a676,https://education.asfai.org/objectives/f2445640-a568-5d68-8423-9cd24817464f,relatedTo,uk-nc-2013,Y5.Sci.PCM.1,https://education.asfai.org/frameworks/uk-nc-2013/versions/september-2013/items/Y5.Sci.PCM.1,unreviewed,mt_Ge4Wtg6QMM,uk-nc-2013:Y5.Sci.PCM.1
https://education.asfai.org/alignments/819a28dd-4b15-50d5-a4cd-164e10165424,https://education.asfai.org/objectives/9c24bb0d-9cc8-5ea9-826d-49ad9348f03a,relatedTo,uk-nc-2013,Ma/KS2/Y3/M/3,https://education.asfai.org/frameworks/uk-nc-2013/versions/september-2013/items/Ma%2FKS2%2FY3%2FM%2F3,unreviewed,mt_6_O6THdEDK,uk-nc-2013:Ma/KS2/Y3/M/3
https://education.asfai.org/alignments/81d069ad-de3e-5346-a9e9-10da3e8c4f71,https://education.asfai.org/objectives/ce6ef984-a0ad-5e16-a76e-16299ec41892,relatedTo,uk-nc-2013,Ma/KS2/Y4/NPV/4,https://education.asfai.org/frameworks/uk-nc-2013/versions/september-2013/items/Ma%2FKS2%2FY4%2FNPV%2F4,unreviewed,mt_jY7uf0Cb7o,uk-nc-2013:Ma/KS2/Y4/NPV/4
https://education.asfai.org/alignments/821021a1-ec96-567a-a1a9-87031ebc77e8,https://education.asfai.org/objectives/3c2d8353-7fe8-543e-9e08-e8aece4784ab,relatedTo,ccss-ela,RF.1.2.a,https://education.asfai.org/frameworks/ccss-ela/versions/2010/items/RF.1.2.a,unreviewed,mt_OgJPbGkrYk,ccss-ela:RF.1.2.a
https://education.asfai.org/alignments/8299ff71-2e97-5b2b-a248-ce608da66d15,https://education.asfai.org/objectives/0386a4ff-9954-5cb6-b964-3631563198fc,relatedTo,uk-nc-2013,Eng.UKS2.Read.Comp.1f,https://education.asfai.org/frameworks/uk-nc-2013/versions/september-2013/items/Eng.UKS2.Read.Comp.1f,unreviewed,mt_sUVOS2jH3J,uk-nc-2013:Eng.UKS2.Read.Comp.1f
https://education.asfai.org/alignments/82aac813-bbfd-5fc1-af4e-aeb60f0a65be,https://education.asfai.org/objectives/9beaaf3f-6d6e-50eb-a3ca-c873d8272fbe,relatedTo,uk-nc-2013,KS3.Maths.Prob.1,https://education.asfai.org/frameworks/uk-nc-2013/versions/september-2013/items/KS3.Maths.Prob.1,unreviewed,mt_vmQJAtAFuy,uk-nc-2013:KS3.Maths.Prob.1
https://education.asfai.org/alignments/82b4e62a-6752-52ae-b497-0babd440405b,https://education.asfai.org/objectives/dae6bf39-6a55-53a9-96b8-54a40b3b1795,relatedTo,ib-pyp-pspe,PSPE-ID-LO-P4-8,https://education.asfai.org/frameworks/ib-pyp-pspe/versions/2009/items/PSPE-ID-LO-P4-8,unreviewed,mt_HFN1pGASpZ,ib-pyp-pspe:PSPE-ID-LO-P4-8
https://education.asfai.org/alignments/82dbd5e1-cdbc-5e71-8553-6cc0869f6b29,https://education.asfai.org/objectives/1b740592-e761-50fb-946a-8d1cfc6d66ea,relatedTo,uk-nc-2013,Ma/KS2/Y3/MD/3,https://education.asfai.org/frameworks/uk-nc-2013/versions/september-2013/items/Ma%2FKS2%2FY3%2FMD%2F3,unreviewed,mt_EmR5n58jZt,uk-nc-2013:Ma/KS2/Y3/MD/3
https://education.asfai.org/alignments/82e6ef9a-5fd7-5745-9ea4-d4e2ce7cd2af,https://education.asfai.org/objectives/ea2d47fe-1dee-5993-a66d-497814cfb308,relatedTo,uk-nc-2013,KS3.Maths.Alg.11,https://education.asfai.org/frameworks/uk-nc-2013/versions/september-2013/items/KS3.Maths.Alg.11,unreviewed,mt_WBdHkc2HTf,uk-nc-2013:KS3.Maths.Alg.11
https://education.asfai.org/alignments/82e87cff-f1a5-576c-8e27-bede82005370,https://education.asfai.org/objectives/45e86b35-1e28-5476-96ed-032bc8b54629,relatedTo,ccss-ela,L.8.4b,https://education.asfai.org/frameworks/ccss-ela/versions/2010/items/L.8.4b,unreviewed,mt_WZnwITSWr8,ccss-ela:L.8.4b
https://education.asfai.org/alignments/830023c9-1616-5ee3-8437-20d13238c01d,https://education.asfai.org/objectives/75f80d54-4e15-53a0-a73a-ab0d1c47d69a,relatedTo,uk-nc-2013,Eng_Y1_RWR_01,https://education.asfai.org/frameworks/uk-nc-2013/versions/september-2013/items/Eng_Y1_RWR_01,unreviewed,mt__KHQttMde3,uk-nc-2013:Eng_Y1_RWR_01
https://education.asfai.org/alignments/831140cd-88b5-554b-9665-690464f2dbc9,https://education.asfai.org/objectives/7459177e-c2e8-5ba3-a01f-9f3bea00a24d,relatedTo,uk-nc-2013,Y4.Sci.SM.1,https://education.asfai.org/frameworks/uk-nc-2013/versions/september-2013/items/Y4.Sci.SM.1,unreviewed,mt_YQkUdIHO8L,uk-nc-2013:Y4.Sci.SM.1
https://education.asfai.org/alignments/8325f186-e216-541d-b0e1-3fd7a15882dc,https://education.asfai.org/objectives/c9cb8a2a-ca9f-58e8-9390-59f281acb2bf,relatedTo,uk-nc-2013,Eng.UKS2.Write.Trans.Spell.2,https://education.asfai.org/frameworks/uk-nc-2013/versions/september-2013/items/Eng.UKS2.Write.Trans.Spell.2,unreviewed,mt_XK7NYt61cO,uk-nc-2013:Eng.UKS2.Write.Trans.Spell.2
https://education.asfai.org/alignments/833a3e26-43f1-521d-a62f-71b67a1942da,https://education.asfai.org/objectives/c3813ac5-21fb-5123-ad4d-0990f45dc044,relatedTo,ccss-ela,RI.1.4,https://education.asfai.org/frameworks/ccss-ela/versions/2010/items/RI.1.4,unreviewed,mt_6-MYToNZ39,ccss-ela:RI.1.4
https://education.asfai.org/alignments/8353bd71-6263-5fce-9c46-6f9d1a2ec49b,https://education.asfai.org/objectives/71495540-907b-5216-a5d0-dd2205b0a0dc,relatedTo,ccss-ela,L.3.3b,https://education.asfai.org/frameworks/ccss-ela/versions/2010/items/L.3.3b,unreviewed,mt_86DyHo9zO3,ccss-ela:L.3.3b
https://education.asfai.org/alignments/83797f57-222a-54aa-9846-a498d6fbdcd4,https://education.asfai.org/objectives/ba6e8eee-73df-50fd-bf2c-261fad18d2ca,relatedTo,ccss-math,K.OA.1,https://education.asfai.org/frameworks/ccss-math/versions/2010/items/K.OA.1,unreviewed,mt_8RmpkDxT9L,ccss-math:K.OA.1
https://education.asfai.org/alignments/8385c224-0d8a-5f0f-84b6-0dd38811f4d2,https://education.asfai.org/objectives/335db539-434d-50e1-a0c9-bf9d6748e929,relatedTo,ccss-ela,L.3.2g,https://education.asfai.org/frameworks/ccss-ela/versions/2010/items/L.3.2g,unreviewed,mt_6W5zzDIGZH,ccss-ela:L.3.2g
https://education.asfai.org/alignments/838a55e6-0e1c-53ed-a843-06538f9c63c9,https://education.asfai.org/objectives/030a6b60-6883-5c3f-81a9-d38850376916,relatedTo,uk-nc-2013,Y1.Sci.EM.1,https://education.asfai.org/frameworks/uk-nc-2013/versions/september-2013/items/Y1.Sci.EM.1,unreviewed,mt_5r47Pvstyn,uk-nc-2013:Y1.Sci.EM.1
https://education.asfai.org/alignments/83912cdc-9405-5f8e-8739-d934e7a2f4ff,https://education.asfai.org/objectives/0c62de61-8c9a-5c5e-9b12-363aae81d1f5,relatedTo,ccss-ela,W.4.10,https://education.asfai.org/frameworks/ccss-ela/versions/2010/items/W.4.10,unreviewed,mt_9P9o6d0Qm3,ccss-ela:W.4.10
https://education.asfai.org/alignments/83e5664c-6833-5706-93a9-e015334d6f6d,https://education.asfai.org/objectives/1ed5a4be-6141-5e16-8b90-063649b55350,relatedTo,uk-nc-2013,Eng.UKS2.Read.Comp.1c,https://education.asfai.org/frameworks/uk-nc-2013/versions/september-2013/items/Eng.UKS2.Read.Comp.1c,unreviewed,mt_mLPEMpYb_R,uk-nc-2013:Eng.UKS2.Read.Comp.1c
https://education.asfai.org/alignments/84204cca-f785-5b49-83f3-aab7a9f00239,https://education.asfai.org/objectives/2a40157a-b447-54e2-a8aa-abeabf781e10,relatedTo,ccss-ela,L.7.5c,https://education.asfai.org/frameworks/ccss-ela/versions/2010/items/L.7.5c,unreviewed,mt_MlmIrLb_7x,ccss-ela:L.7.5c
https://education.asfai.org/alignments/8434d5af-cd80-5a07-843f-ba42bd8b5b4f,https://education.asfai.org/objectives/25379229-b716-5679-8d40-a1a6642cd255,relatedTo,uk-nc-2013,KS3-ENG-W-2c,https://education.asfai.org/frameworks/uk-nc-2013/versions/september-2013/items/KS3-ENG-W-2c,unreviewed,mt_4PA9IrxtCQ,uk-nc-2013:KS3-ENG-W-2c
https://education.asfai.org/alignments/84799682-6a17-5b7b-b171-1e056501fdad,https://education.asfai.org/objectives/647e3b36-1425-5b03-8756-336a4295b036,relatedTo,uk-nc-2013,KS3.Sci.Phys.Energy.2,https://education.asfai.org/frameworks/uk-nc-2013/versions/september-2013/items/KS3.Sci.Phys.Energy.2,unreviewed,mt_68pIoiiG4g,uk-nc-2013:KS3.Sci.Phys.Energy.2
https://education.asfai.org/alignments/847d4872-9ef4-575e-adee-9699aed70998,https://education.asfai.org/objectives/8a1c3b95-4b9d-555a-8ed6-38c4c343b6ae,relatedTo,ccss-ela,RI.3.4,https://education.asfai.org/frameworks/ccss-ela/versions/2010/items/RI.3.4,unreviewed,mt_fL1Xz8ostr,ccss-ela:RI.3.4
https://education.asfai.org/alignments/848eec93-81f8-56bb-aff2-d69af13a2146,https://education.asfai.org/objectives/4b1bea2b-ddc9-5797-9e3e-94100d6b7a23,relatedTo,uk-nc-2013,KS2L.Sci.WS.5,https://education.asfai.org/frameworks/uk-nc-2013/versions/september-2013/items/KS2L.Sci.WS.5,unreviewed,mt_7IFpDVNsmt,uk-nc-2013:KS2L.Sci.WS.5
https://education.asfai.org/alignments/849582fd-c4e5-56b3-805f-79b78750c73e,https://education.asfai.org/objectives/f1dc7ec4-47cd-50a1-b0d7-1daf6e660a21,relatedTo,ngss-k5,3-5-ETS1-1,https://education.asfai.org/frameworks/ngss-k5/versions/2013/items/3-5-ETS1-1,unreviewed,mt_Z5-fSCOBep,ngss-k5:3-5-ETS1-1
https://education.asfai.org/alignments/8497bb54-ea95-59f5-81d0-0f071b0df98c,https://education.asfai.org/objectives/3404b19b-d37d-5424-85df-1cf97e23f7bb,relatedTo,ngss-k5,3-LS4-4,https://education.asfai.org/frameworks/ngss-k5/versions/2013/items/3-LS4-4,unreviewed,mt_Wyd-l-6H7G,ngss-k5:3-LS4-4
https://education.asfai.org/alignments/84a48f20-7ca9-5cdb-84ad-f79a64a30ada,https://education.asfai.org/objectives/11ba7f33-29b1-591c-afa6-db64bdfab44e,relatedTo,ccss-ela,SL.5.3,https://education.asfai.org/frameworks/ccss-ela/versions/2010/items/SL.5.3,unreviewed,mt_f8n4txtLej,ccss-ela:SL.5.3
https://education.asfai.org/alignments/84d185a9-fbe4-5cf5-a89a-a548fd81d759,https://education.asfai.org/objectives/62128ac9-c681-57d0-a12f-8543d0802585,relatedTo,ccss-ela,L.7.3,https://education.asfai.org/frameworks/ccss-ela/versions/2010/items/L.7.3,unreviewed,mt_HCweOHWSiu,ccss-ela:L.7.3
https://education.asfai.org/alignments/8524b0cf-3155-53bb-b996-e264eb4799c3,https://education.asfai.org/objectives/37ba2255-708f-5ea4-97f0-40fe3bba9547,relatedTo,ccss-ela,L.3.4d,https://education.asfai.org/frameworks/ccss-ela/versions/2010/items/L.3.4d,unreviewed,mt_f_dMmvzxwo,ccss-ela:L.3.4d
https://education.asfai.org/alignments/85318376-2f3c-5dc8-ad5e-8dd4eb6879ce,https://education.asfai.org/objectives/3c2d8353-7fe8-543e-9e08-e8aece4784ab,relatedTo,uk-nc-2013,Eng_App1_Y2_17,https://education.asfai.org/frameworks/uk-nc-2013/versions/september-2013/items/Eng_App1_Y2_17,unreviewed,mt_OgJPbGkrYk,uk-nc-2013:Eng_App1_Y2_17
https://education.asfai.org/alignments/85aa5139-2eac-58d7-ad75-b52898bedbee,https://education.asfai.org/objectives/0d3f868f-1c9f-5a81-8895-5724d0a54246,relatedTo,uk-nc-2013,Ma/KS2/Y4/AS/3,https://education.asfai.org/frameworks/uk-nc-2013/versions/september-2013/items/Ma%2FKS2%2FY4%2FAS%2F3,unreviewed,mt_CDa5AVakLE,uk-nc-2013:Ma/KS2/Y4/AS/3
https://education.asfai.org/alignments/85aefa97-876f-561b-9595-11bbfd5e02c4,https://education.asfai.org/objectives/22124dd3-6773-5e56-8b85-32fb394f84a7,relatedTo,uk-nc-2013,KS1.Sci.WS.3,https://education.asfai.org/frameworks/uk-nc-2013/versions/september-2013/items/KS1.Sci.WS.3,unreviewed,mt_Wa44s-f8Ws,uk-nc-2013:KS1.Sci.WS.3
https://education.asfai.org/alignments/85b67144-0acb-5171-accb-b5bb0924a7de,https://education.asfai.org/objectives/6386e9c6-4eee-5dfe-b054-355c67437efc,relatedTo,ccss-ela,RL.5.3,https://education.asfai.org/frameworks/ccss-ela/versions/2010/items/RL.5.3,unreviewed,mt_WRlJ0-hAOG,ccss-ela:RL.5.3
https://education.asfai.org/alignments/85c14f04-ab98-51a3-91ee-06c36e692944,https://education.asfai.org/objectives/58398a0c-632a-59bc-8a53-5f4bd1cf1197,relatedTo,ngss-ms,MS-ESS1-2,https://education.asfai.org/frameworks/ngss-ms/versions/2013/items/MS-ESS1-2,unreviewed,mt_v9uYnIY5-B,ngss-ms:MS-ESS1-2
https://education.asfai.org/alignments/85c4ceaf-0b24-507f-ba3e-6d95f26a7a20,https://education.asfai.org/objectives/0e2ee271-4a6d-550e-ba9d-756de58c283a,relatedTo,ccss-ela,RI.2.4,https://education.asfai.org/frameworks/ccss-ela/versions/2010/items/RI.2.4,unreviewed,mt_XeMZdf2Y9W,ccss-ela:RI.2.4
https://education.asfai.org/alignments/85cf1c20-4ea8-59af-a4c9-0912a12eb607,https://education.asfai.org/objectives/98440c5a-7e9c-5b10-bc74-50ecbbc98eda,relatedTo,uk-nc-2013,Y6.Sci.E.3,https://education.asfai.org/frameworks/uk-nc-2013/versions/september-2013/items/Y6.Sci.E.3,unreviewed,mt_NzNLYDb9CZ,uk-nc-2013:Y6.Sci.E.3
https://education.asfai.org/alignments/85e7e0a3-cc42-5486-8055-46c04484c6b7,https://education.asfai.org/objectives/efead71c-33f2-5de0-b926-e633ab95a746,relatedTo,ccss-ela,W.4.5,https://education.asfai.org/frameworks/ccss-ela/versions/2010/items/W.4.5,unreviewed,mt_pis4novXWQ,ccss-ela:W.4.5
https://education.asfai.org/alignments/85f59e23-0fdc-5259-b044-67c693b1c2cf,https://education.asfai.org/objectives/8fb95349-7a31-5c4e-97b5-b3b32d9775c8,relatedTo,ccss-ela,RL.4.5,https://education.asfai.org/frameworks/ccss-ela/versions/2010/items/RL.4.5,unreviewed,mt_4IxR66uGLc,ccss-ela:RL.4.5
https://education.asfai.org/alignments/86147fe3-189f-5cd2-9234-31db2182149e,https://education.asfai.org/objectives/cda67778-f573-5d5d-b873-74069eb46522,relatedTo,uk-nc-2013,Y6.Sci.LTH.1,https://education.asfai.org/frameworks/uk-nc-2013/versions/september-2013/items/Y6.Sci.LTH.1,unreviewed,mt_IY3KwGLZgk,uk-nc-2013:Y6.Sci.LTH.1
https://education.asfai.org/alignments/862f8df5-0332-51ab-82cc-4cfa519345ec,https://education.asfai.org/objectives/03f2f1ff-b53a-5c1d-869b-fb77835295ca,relatedTo,ccss-math,3.NBT.2,https://education.asfai.org/frameworks/ccss-math/versions/2010/items/3.NBT.2,unreviewed,mt_HFRYjTb-Z5,ccss-math:3.NBT.2
https://education.asfai.org/alignments/86346239-6828-5535-a742-1d5962e7dbc7,https://education.asfai.org/objectives/0e2ee271-4a6d-550e-ba9d-756de58c283a,relatedTo,ccss-ela,RI.1.5,https://education.asfai.org/frameworks/ccss-ela/versions/2010/items/RI.1.5,unreviewed,mt_XeMZdf2Y9W,ccss-ela:RI.1.5
https://education.asfai.org/alignments/863fed8e-9ad7-59c3-913b-de911aaeaa3a,https://education.asfai.org/objectives/9eecc4e2-a84f-58e3-acc9-a0b22f0fc905,relatedTo,uk-nc-2013,KS3.Sci.Bio.Adaptation.4,https://education.asfai.org/frameworks/uk-nc-2013/versions/september-2013/items/KS3.Sci.Bio.Adaptation.4,unreviewed,mt_rOqo-8GeKt,uk-nc-2013:KS3.Sci.Bio.Adaptation.4
https://education.asfai.org/alignments/8684e185-258e-5274-a06a-5ed8d4262537,https://education.asfai.org/objectives/753a1d3f-e977-5d81-98ed-979a9312f7c6,relatedTo,ib-pyp-pspe,PSPE.INT.P3.CU.5,https://education.asfai.org/frameworks/ib-pyp-pspe/versions/2009/items/PSPE.INT.P3.CU.5,unreviewed,mt_h_shhH-6DC,ib-pyp-pspe:PSPE.INT.P3.CU.5
https://education.asfai.org/alignments/86a6f2ad-5351-5d2c-aeab-218388fc4c67,https://education.asfai.org/objectives/3b24f466-c5fc-5189-b18b-e38915d204e6,relatedTo,ccss-math,1.NBT.6,https://education.asfai.org/frameworks/ccss-math/versions/2010/items/1.NBT.6,unreviewed,mt_HJTuIGHvcR,ccss-math:1.NBT.6
https://education.asfai.org/alignments/86c3af99-46fc-58e1-858e-17427ab503aa,https://education.asfai.org/objectives/a10be1e5-4bfe-586c-bfb5-2c7d32e62f97,relatedTo,ccss-ela,W.7.1,https://education.asfai.org/frameworks/ccss-ela/versions/2010/items/W.7.1,unreviewed,mt_Qxyikkkzam,ccss-ela:W.7.1
https://education.asfai.org/alignments/86c68a8e-9fa9-5c36-a4a9-01e2b70a8cb6,https://education.asfai.org/objectives/c6b8c99b-3df4-5f0d-818a-325eb6af7713,relatedTo,ccss-ela,L.1.2e,https://education.asfai.org/frameworks/ccss-ela/versions/2010/items/L.1.2e,unreviewed,mt_p_jxNLdus4,ccss-ela:L.1.2e
https://education.asfai.org/alignments/86ec5ba8-2c40-564e-8228-4f97ad6b2f86,https://education.asfai.org/objectives/cd811350-0a6f-5fa4-a426-3259ff79b3b1,relatedTo,ccss-ela,RL.1.2,https://education.asfai.org/frameworks/ccss-ela/versions/2010/items/RL.1.2,unreviewed,mt_zlSoIKPyId,ccss-ela:RL.1.2
https://education.asfai.org/alignments/871d0b9a-66fa-56df-b301-e0644ec5f097,https://education.asfai.org/objectives/8a51c959-fc48-5b0d-ac46-ebb809daca66,relatedTo,ccss-ela,L.4.3a,https://education.asfai.org/frameworks/ccss-ela/versions/2010/items/L.4.3a,unreviewed,mt_LMX-nZETLM,ccss-ela:L.4.3a
https://education.asfai.org/alignments/875283b4-9522-56fe-a891-012291b376a9,https://education.asfai.org/objectives/9c70f20b-c914-5f6f-abb8-1040e6abdf2d,relatedTo,ccss-ela,RF.K.2.a,https://education.asfai.org/frameworks/ccss-ela/versions/2010/items/RF.K.2.a,unreviewed,mt_4GiE83rJF_,ccss-ela:RF.K.2.a
https://education.asfai.org/alignments/87c38059-9d70-5a39-be0c-86dfc9a9fed0,https://education.asfai.org/objectives/1a69c1bf-9d8e-52df-abe7-9cdb8c55f3bc,relatedTo,ngss-ms,MS-LS2-5,https://education.asfai.org/frameworks/ngss-ms/versions/2013/items/MS-LS2-5,unreviewed,mt_YvCgDM0Scg,ngss-ms:MS-LS2-5
https://education.asfai.org/alignments/87f2d897-178a-5f84-af1b-500fd19357c8,https://education.asfai.org/objectives/b7ef0e79-0ee3-5c9d-8603-c7e33b74a756,relatedTo,uk-nc-2013,Eng.UKS2.Read.Comp.1d,https://education.asfai.org/frameworks/uk-nc-2013/versions/september-2013/items/Eng.UKS2.Read.Comp.1d,unreviewed,mt_0MfpLj0Uhb,uk-nc-2013:Eng.UKS2.Read.Comp.1d
https://education.asfai.org/alignments/88186845-5401-5841-8cd5-1f017760b8c8,https://education.asfai.org/objectives/dbd3bfd8-5ac5-531a-9736-22ab5c0dfe86,relatedTo,ccss-ela,SL.5.6,https://education.asfai.org/frameworks/ccss-ela/versions/2010/items/SL.5.6,unreviewed,mt_bkvB7QYKwg,ccss-ela:SL.5.6
https://education.asfai.org/alignments/88363f8a-7601-5dc7-bb42-ae8c42fce14b,https://education.asfai.org/objectives/48c364e4-6848-55fb-bdf7-68ddb7a262e9,relatedTo,ngss-k5,1-ESS1-2,https://education.asfai.org/frameworks/ngss-k5/versions/2013/items/1-ESS1-2,unreviewed,mt_K0mZxY2AM8,ngss-k5:1-ESS1-2
https://education.asfai.org/alignments/8844bd24-4d31-5903-85b5-dde55452ec38,https://education.asfai.org/objectives/cd81c595-4ee9-5754-9a58-482127c75151,relatedTo,uk-nc-2013,KS3.Maths.Alg.1d,https://education.asfai.org/frameworks/uk-nc-2013/versions/september-2013/items/KS3.Maths.Alg.1d,unreviewed,mt_KwdjWEmMNo,uk-nc-2013:KS3.Maths.Alg.1d
https://education.asfai.org/alignments/8845b10a-60c0-575f-bcd5-b2da1a4baf05,https://education.asfai.org/objectives/895bcc99-ad02-5265-9e5e-3979494ec55d,relatedTo,uk-nc-2013,Eng_App1_Sp_Y56_07,https://education.asfai.org/frameworks/uk-nc-2013/versions/september-2013/items/Eng_App1_Sp_Y56_07,unreviewed,mt_U_HQXCnAaG,uk-nc-2013:Eng_App1_Sp_Y56_07
https://education.asfai.org/alignments/887f9971-475d-54b9-ae39-c85adbd1b6ec,https://education.asfai.org/objectives/c6b8c99b-3df4-5f0d-818a-325eb6af7713,relatedTo,ccss-ela,L.3.2f,https://education.asfai.org/frameworks/ccss-ela/versions/2010/items/L.3.2f,unreviewed,mt_p_jxNLdus4,ccss-ela:L.3.2f
https://education.asfai.org/alignments/88873666-d9c8-5400-ae8b-e6ea89eea934,https://education.asfai.org/objectives/36a71628-43c1-51ee-b9df-011de458ecc0,relatedTo,uk-nc-2013,KS3.Sci.Chem.AEC.3,https://education.asfai.org/frameworks/uk-nc-2013/versions/september-2013/items/KS3.Sci.Chem.AEC.3,unreviewed,mt_Z_Wu_77ybI,uk-nc-2013:KS3.Sci.Chem.AEC.3
https://education.asfai.org/alignments/888fcaf0-c87a-5b50-8003-1af1bbcc3a1e,https://education.asfai.org/objectives/611b10ee-e1c9-5092-a41d-de92c85e0ab0,relatedTo,uk-nc-2013,KS2L.Sci.WS.6,https://education.asfai.org/frameworks/uk-nc-2013/versions/september-2013/items/KS2L.Sci.WS.6,unreviewed,mt_7VrR1GzhrN,uk-nc-2013:KS2L.Sci.WS.6
https://education.asfai.org/alignments/88a6607a-52af-5673-8cea-fff3a4481613,https://education.asfai.org/objectives/d785f0ed-d1c7-5301-abd7-09c505b05037,relatedTo,ccss-math,3.OA.6,https://education.asfai.org/frameworks/ccss-math/versions/2010/items/3.OA.6,unreviewed,mt_GDG9_SZmsO,ccss-math:3.OA.6
https://education.asfai.org/alignments/89180554-7480-508c-abfc-57ecd777066f,https://education.asfai.org/objectives/4b184904-6e4c-5fed-a8ff-329814b5f975,relatedTo,ngss-k5,2-LS4-1,https://education.asfai.org/frameworks/ngss-k5/versions/2013/items/2-LS4-1,unreviewed,mt_cM8YS6NXqi,ngss-k5:2-LS4-1
https://education.asfai.org/alignments/89265fc5-188b-561d-9a1b-3c19c65869c7,https://education.asfai.org/objectives/9b34989d-640c-5f88-8ba8-e3f599ef68cc,relatedTo,uk-nc-2013,Y6.Sci.A.2,https://education.asfai.org/frameworks/uk-nc-2013/versions/september-2013/items/Y6.Sci.A.2,unreviewed,mt_2x-EwdBsgl,uk-nc-2013:Y6.Sci.A.2
https://education.asfai.org/alignments/8956cc59-12f3-581a-9535-6e1e55810852,https://education.asfai.org/objectives/36a71628-43c1-51ee-b9df-011de458ecc0,relatedTo,ngss-ms,MS-PS1-1,https://education.asfai.org/frameworks/ngss-ms/versions/2013/items/MS-PS1-1,unreviewed,mt_Z_Wu_77ybI,ngss-ms:MS-PS1-1
https://education.asfai.org/alignments/896db6c9-00f5-546e-9cad-18a35e7d064c,https://education.asfai.org/objectives/472107c3-9af7-572b-93ff-24f261f10f90,relatedTo,ngss-ms,MS-ESS3-4,https://education.asfai.org/frameworks/ngss-ms/versions/2013/items/MS-ESS3-4,unreviewed,mt_w2A8D76ymp,ngss-ms:MS-ESS3-4
https://education.asfai.org/alignments/89780937-3693-540d-aaee-45f80dfd57b8,https://education.asfai.org/objectives/d3a74d35-ca20-5548-a923-db9f303ad75f,relatedTo,ccss-math,7.NS.2d,https://education.asfai.org/frameworks/ccss-math/versions/2010/items/7.NS.2d,unreviewed,mt_SBkTGjiZjZ,ccss-math:7.NS.2d
https://education.asfai.org/alignments/89971359-9f0c-5615-9d32-f91953f69046,https://education.asfai.org/objectives/2a89d347-9ec6-55ef-830e-e80014fcde6d,relatedTo,uk-nc-2013,Maths/Y1/AS/2,https://education.asfai.org/frameworks/uk-nc-2013/versions/september-2013/items/Maths%2FY1%2FAS%2F2,unreviewed,mt_e8CZ7E5qW7,uk-nc-2013:Maths/Y1/AS/2
https://education.asfai.org/alignments/89cd2155-5cbf-57e4-bdb0-08258012a655,https://education.asfai.org/objectives/886fee29-8dd4-5df7-84b6-e3fdd4fb7d5d,relatedTo,uk-nc-2013,KS3.Maths.Prob.3,https://education.asfai.org/frameworks/uk-nc-2013/versions/september-2013/items/KS3.Maths.Prob.3,unreviewed,mt_1YwOCMMwD8,uk-nc-2013:KS3.Maths.Prob.3
https://education.asfai.org/alignments/89ce37a1-dd65-5773-b6bf-a96c3dc44ebc,https://education.asfai.org/objectives/3c2d8353-7fe8-543e-9e08-e8aece4784ab,relatedTo,uk-nc-2013,Eng/KS1/Y2/WR/2,https://education.asfai.org/frameworks/uk-nc-2013/versions/september-2013/items/Eng%2FKS1%2FY2%2FWR%2F2,unreviewed,mt_OgJPbGkrYk,uk-nc-2013:Eng/KS1/Y2/WR/2
https://education.asfai.org/alignments/8a10b265-7e0b-5ce0-b247-9d8c9b7c2c09,https://education.asfai.org/objectives/5f4f88ca-013b-55ba-89c5-b64a31db7d94,relatedTo,ccss-ela,L.1.2a,https://education.asfai.org/frameworks/ccss-ela/versions/2010/items/L.1.2a,unreviewed,mt_QEr24lqzvH,ccss-ela:L.1.2a
https://education.asfai.org/alignments/8a4ae972-4edb-5ca4-9a66-f721b511733f,https://education.asfai.org/objectives/7a347ca5-7a16-5e31-a290-0dc9f0ff3cca,relatedTo,uk-nc-2013,KS3.Sci.WS.VUSN.1,https://education.asfai.org/frameworks/uk-nc-2013/versions/september-2013/items/KS3.Sci.WS.VUSN.1,unreviewed,mt_auJqTemMpI,uk-nc-2013:KS3.Sci.WS.VUSN.1
https://education.asfai.org/alignments/8a5a77f6-c8f7-54cb-85ef-41c893683277,https://education.asfai.org/objectives/335db539-434d-50e1-a0c9-bf9d6748e929,relatedTo,uk-nc-2013,Eng_LKS2_Write_Trans_Spell_5,https://education.asfai.org/frameworks/uk-nc-2013/versions/september-2013/items/Eng_LKS2_Write_Trans_Spell_5,unreviewed,mt_6W5zzDIGZH,uk-nc-2013:Eng_LKS2_Write_Trans_Spell_5
https://education.asfai.org/alignments/8a79e124-20b7-5c96-93cf-a80239fc2e6b,https://education.asfai.org/objectives/3f9d7beb-adad-540e-974d-cc1553e888d7,relatedTo,uk-nc-2013,Eng_LKS2_Write_VGP_1,https://education.asfai.org/frameworks/uk-nc-2013/versions/september-2013/items/Eng_LKS2_Write_VGP_1,unreviewed,mt_wq-1OJ_8s5,uk-nc-2013:Eng_LKS2_Write_VGP_1
https://education.asfai.org/alignments/8a7e3556-66ee-5fc8-aad6-b1580e6d3926,https://education.asfai.org/objectives/41cd46a9-db0b-510d-92d2-924d321795e3,relatedTo,ccss-math,1.NBT.4,https://education.asfai.org/frameworks/ccss-math/versions/2010/items/1.NBT.4,unreviewed,mt_glPPG-kTQY,ccss-math:1.NBT.4
https://education.asfai.org/alignments/8acf26f3-5775-5bf5-a0df-547a1971a7a9,https://education.asfai.org/objectives/28bd5f46-87fc-5cdd-9aee-224ec4d945f6,relatedTo,uk-nc-2013,Y1.Sci.EM.3,https://education.asfai.org/frameworks/uk-nc-2013/versions/september-2013/items/Y1.Sci.EM.3,unreviewed,mt_auVZZEuXjs,uk-nc-2013:Y1.Sci.EM.3
https://education.asfai.org/alignments/8b0febdf-36f9-5cc5-bc33-91bb16a7ca7f,https://education.asfai.org/objectives/4e8e1cf9-189d-5dc4-a75c-27c42ba7f142,relatedTo,ngss-k5,K-PS2-2,https://education.asfai.org/frameworks/ngss-k5/versions/2013/items/K-PS2-2,unreviewed,mt_RlILL2sccX,ngss-k5:K-PS2-2
https://education.asfai.org/alignments/8b13a563-5ae4-5c01-bffd-07b772a5af7c,https://education.asfai.org/objectives/020f829d-5a25-550c-b07f-ae6eba5de656,relatedTo,uk-nc-2013,Eng_App1_Y1_19,https://education.asfai.org/frameworks/uk-nc-2013/versions/september-2013/items/Eng_App1_Y1_19,unreviewed,mt_C7abt7pRr6,uk-nc-2013:Eng_App1_Y1_19
https://education.asfai.org/alignments/8b352124-0404-5283-9b36-4061d662560f,https://education.asfai.org/objectives/2a40157a-b447-54e2-a8aa-abeabf781e10,relatedTo,ccss-ela,L.8.5a,https://education.asfai.org/frameworks/ccss-ela/versions/2010/items/L.8.5a,unreviewed,mt_MlmIrLb_7x,ccss-ela:L.8.5a
https://education.asfai.org/alignments/8b64dc6f-4f4d-5bd9-9a3e-d0e363e47178,https://education.asfai.org/objectives/be82b038-4d05-587d-a477-d35e592f8300,relatedTo,ngss-ms,MS-PS1-4,https://education.asfai.org/frameworks/ngss-ms/versions/2013/items/MS-PS1-4,unreviewed,mt_b6kZgqolEd,ngss-ms:MS-PS1-4
https://education.asfai.org/alignments/8b657c71-d8ab-5c2f-a0c2-74afb4985e46,https://education.asfai.org/objectives/7ec14782-e4de-5ab1-bf31-0c47d6326784,relatedTo,ccss-ela,RI.1.2,https://education.asfai.org/frameworks/ccss-ela/versions/2010/items/RI.1.2,unreviewed,mt_ZhUuT__i2H,ccss-ela:RI.1.2
https://education.asfai.org/alignments/8b704e11-4651-5020-add0-3b08a7284938,https://education.asfai.org/objectives/3e84edc0-bf3a-589c-af12-9ecde2fc5444,relatedTo,ccss-math,6.EE.2c,https://education.asfai.org/frameworks/ccss-math/versions/2010/items/6.EE.2c,unreviewed,mt_vHzVa3SURC,ccss-math:6.EE.2c
https://education.asfai.org/alignments/8bae273d-5383-5551-9225-acd8c2e77a7c,https://education.asfai.org/objectives/ea4ff9b8-eaee-5488-a03f-d77ebe5bd76f,relatedTo,ccss-math,8.G.2,https://education.asfai.org/frameworks/ccss-math/versions/2010/items/8.G.2,unreviewed,mt_167X6Ax8P7,ccss-math:8.G.2
https://education.asfai.org/alignments/8bb6c399-095a-598d-8b82-3d1c89ad5a6a,https://education.asfai.org/objectives/32b6d561-49fe-591e-b9e2-fb5e27fd8809,relatedTo,ccss-ela,RL.6.6,https://education.asfai.org/frameworks/ccss-ela/versions/2010/items/RL.6.6,unreviewed,mt_x2sWtfTeYT,ccss-ela:RL.6.6
https://education.asfai.org/alignments/8bd5a421-fb6b-5d34-8503-f3ff3dba8060,https://education.asfai.org/objectives/43d91942-38c4-5afa-8506-a4b40f4d0818,relatedTo,ngss-k5,5-PS3-1,https://education.asfai.org/frameworks/ngss-k5/versions/2013/items/5-PS3-1,unreviewed,mt_PYPs2yD2sn,ngss-k5:5-PS3-1
https://education.asfai.org/alignments/8c43ac8d-dce8-5598-80e2-c168380ddedb,https://education.asfai.org/objectives/3e27fd75-1db1-5d8d-accc-a6f68fea7cf0,relatedTo,ccss-ela,SL.K.4,https://education.asfai.org/frameworks/ccss-ela/versions/2010/items/SL.K.4,unreviewed,mt_4A7FYmvVhA,ccss-ela:SL.K.4
https://education.asfai.org/alignments/8c4e4736-ac0e-5bda-8395-53e8dc042227,https://education.asfai.org/objectives/c305f376-392d-55c4-9a92-a6902eb0be15,relatedTo,ccss-ela,RI.6.10,https://education.asfai.org/frameworks/ccss-ela/versions/2010/items/RI.6.10,unreviewed,mt_9k1qcpvVi_,ccss-ela:RI.6.10
https://education.asfai.org/alignments/8c69143f-72a0-5039-a328-69c380cb7612,https://education.asfai.org/objectives/dca7056e-f811-5a57-b1a7-5a52195faaa9,relatedTo,ccss-math,5.G.1,https://education.asfai.org/frameworks/ccss-math/versions/2010/items/5.G.1,unreviewed,mt_oDlduFnemk,ccss-math:5.G.1
https://education.asfai.org/alignments/8cc6c58c-0fde-5834-b840-31c375cdfbdc,https://education.asfai.org/objectives/513decec-3277-59f4-8f78-6a0b7fb902c4,relatedTo,ib-pyp-pspe,PSPE-ID-LO-P2-1,https://education.asfai.org/frameworks/ib-pyp-pspe/versions/2009/items/PSPE-ID-LO-P2-1,unreviewed,mt_S7UTAhptLi,ib-pyp-pspe:PSPE-ID-LO-P2-1
https://education.asfai.org/alignments/8d94e49d-0491-5ec4-a079-c8390cd2198f,https://education.asfai.org/objectives/6cb10bc9-39ce-5989-8246-517b04e2a7c3,relatedTo,uk-nc-2013,Eng_App1_Y1_42,https://education.asfai.org/frameworks/uk-nc-2013/versions/september-2013/items/Eng_App1_Y1_42,unreviewed,mt_a6m7PqTuJN,uk-nc-2013:Eng_App1_Y1_42
https://education.asfai.org/alignments/8dc00dab-4690-5f4c-8f64-e4e119aceee3,https://education.asfai.org/objectives/2b3f100c-ccfd-5d36-b330-0e509b824ede,relatedTo,uk-nc-2013,KS3.Sci.Bio.Adaptation.1,https://education.asfai.org/frameworks/uk-nc-2013/versions/september-2013/items/KS3.Sci.Bio.Adaptation.1,unreviewed,mt_FuVEZ1Ac9s,uk-nc-2013:KS3.Sci.Bio.Adaptation.1
https://education.asfai.org/alignments/8dd0bcf9-d621-52ba-a297-1f7987d628f6,https://education.asfai.org/objectives/c9ad87b3-c43e-59ee-ae95-8ef9e619cf8f,relatedTo,uk-nc-2013,KS3.Sci.Phys.Waves.2,https://education.asfai.org/frameworks/uk-nc-2013/versions/september-2013/items/KS3.Sci.Phys.Waves.2,unreviewed,mt_LxK9OKZQZX,uk-nc-2013:KS3.Sci.Phys.Waves.2
https://education.asfai.org/alignments/8e10378b-adf5-5934-a152-19c9d6099b5b,https://education.asfai.org/objectives/3b3b5735-5f87-5ca9-8132-57bcfdf4e5bb,relatedTo,uk-nc-2013,Eng.App2.Y1.Word.2,https://education.asfai.org/frameworks/uk-nc-2013/versions/september-2013/items/Eng.App2.Y1.Word.2,unreviewed,mt_18qkgxr_-T,uk-nc-2013:Eng.App2.Y1.Word.2
https://education.asfai.org/alignments/8e4a2323-22bb-5fa0-8a5a-84de4681faf7,https://education.asfai.org/objectives/8f1fd161-6d5c-58a5-be8f-669df8985c27,relatedTo,ccss-ela,L.4.2b,https://education.asfai.org/frameworks/ccss-ela/versions/2010/items/L.4.2b,unreviewed,mt_-mw3JeIjhU,ccss-ela:L.4.2b
https://education.asfai.org/alignments/8e8eee8d-1131-59d1-b12f-8d840c6800f6,https://education.asfai.org/objectives/3e27fd75-1db1-5d8d-accc-a6f68fea7cf0,relatedTo,ccss-ela,SL.3.6,https://education.asfai.org/frameworks/ccss-ela/versions/2010/items/SL.3.6,unreviewed,mt_4A7FYmvVhA,ccss-ela:SL.3.6
https://education.asfai.org/alignments/8e944d0f-f84a-590e-b628-a526ffe79e38,https://education.asfai.org/objectives/45e86b35-1e28-5476-96ed-032bc8b54629,relatedTo,ccss-ela,L.6.4a,https://education.asfai.org/frameworks/ccss-ela/versions/2010/items/L.6.4a,unreviewed,mt_WZnwITSWr8,ccss-ela:L.6.4a
https://education.asfai.org/alignments/8edc979a-e781-5c55-9ee6-f972f7e19634,https://education.asfai.org/objectives/e6fd5b7b-2bb4-5aa7-88a6-8eecc4c0da42,relatedTo,ccss-ela,W.4.3,https://education.asfai.org/frameworks/ccss-ela/versions/2010/items/W.4.3,unreviewed,mt_vauULTecMH,ccss-ela:W.4.3
https://education.asfai.org/alignments/8ee238cf-01d5-5fc8-913b-a50feb785101,https://education.asfai.org/objectives/cd811350-0a6f-5fa4-a426-3259ff79b3b1,relatedTo,uk-nc-2013,Eng/KS1/Y2/C/2c,https://education.asfai.org/frameworks/uk-nc-2013/versions/september-2013/items/Eng%2FKS1%2FY2%2FC%2F2c,unreviewed,mt_zlSoIKPyId,uk-nc-2013:Eng/KS1/Y2/C/2c
https://education.asfai.org/alignments/8ef43e64-08ee-5f13-b717-c268b478efc4,https://education.asfai.org/objectives/4d48525f-c3fa-5303-a237-63d823a1d293,relatedTo,ccss-ela,W.8.3.b,https://education.asfai.org/frameworks/ccss-ela/versions/2010/items/W.8.3.b,unreviewed,mt_BLzNxSSdWu,ccss-ela:W.8.3.b
https://education.asfai.org/alignments/8f3e3229-0a9c-535d-b117-d267dc945107,https://education.asfai.org/objectives/34407653-cf88-5ebb-9e1c-dd5aa76ab1e8,relatedTo,uk-nc-2013,KS3-ENG-R-3a,https://education.asfai.org/frameworks/uk-nc-2013/versions/september-2013/items/KS3-ENG-R-3a,unreviewed,mt_DVSHx3YMkN,uk-nc-2013:KS3-ENG-R-3a
https://education.asfai.org/alignments/8f4086db-f675-5102-a30c-3b6caadd253a,https://education.asfai.org/objectives/d32a0e96-d5c9-546b-ac55-cf5ea1f23b8e,relatedTo,ngss-ms,MS-PS2-5,https://education.asfai.org/frameworks/ngss-ms/versions/2013/items/MS-PS2-5,unreviewed,mt_56aspHjU19,ngss-ms:MS-PS2-5
https://education.asfai.org/alignments/8f506a42-92c4-58df-8299-1e46a2b54f0d,https://education.asfai.org/objectives/c6b8c99b-3df4-5f0d-818a-325eb6af7713,relatedTo,ccss-ela,L.2.2d,https://education.asfai.org/frameworks/ccss-ela/versions/2010/items/L.2.2d,unreviewed,mt_p_jxNLdus4,ccss-ela:L.2.2d
https://education.asfai.org/alignments/8f58170a-6dd9-59c2-ae45-974cfadf74ab,https://education.asfai.org/objectives/de7114a2-471e-5b82-95ab-7013ede1e207,relatedTo,uk-nc-2013,KS3.Maths.Alg.10,https://education.asfai.org/frameworks/uk-nc-2013/versions/september-2013/items/KS3.Maths.Alg.10,unreviewed,mt_mqgu72aCMz,uk-nc-2013:KS3.Maths.Alg.10
https://education.asfai.org/alignments/8f97b6bd-a28b-55bf-a1e0-a984cb9843c2,https://education.asfai.org/objectives/7bf3ae49-49d1-5ab5-ab84-cc2823f3fbef,relatedTo,ccss-ela,RI.7.2,https://education.asfai.org/frameworks/ccss-ela/versions/2010/items/RI.7.2,unreviewed,mt_wGxq92Na5g,ccss-ela:RI.7.2
https://education.asfai.org/alignments/8fb8a0f3-e87d-5314-9b6d-b997033941af,https://education.asfai.org/objectives/4ae2a007-f408-537e-a5fa-c1a8237a1e42,relatedTo,ccss-ela,SL.3.5,https://education.asfai.org/frameworks/ccss-ela/versions/2010/items/SL.3.5,unreviewed,mt_ZBMcX2oRor,ccss-ela:SL.3.5
https://education.asfai.org/alignments/8fc38443-5c4f-5213-a1e5-db7d68c73bdf,https://education.asfai.org/objectives/7ae11dde-b2fd-55b3-9049-d36c8a870011,relatedTo,ccss-math,K.OA.5,https://education.asfai.org/frameworks/ccss-math/versions/2010/items/K.OA.5,unreviewed,mt_ghF3Vv6taM,ccss-math:K.OA.5
https://education.asfai.org/alignments/90017650-6224-5182-a3f9-a1f0cf7cc298,https://education.asfai.org/objectives/5a4cc094-32a1-5d88-afcb-50c09b3cc3e6,relatedTo,uk-nc-2013,Eng_App1_Sp_Y34_17,https://education.asfai.org/frameworks/uk-nc-2013/versions/september-2013/items/Eng_App1_Sp_Y34_17,unreviewed,mt_37QCuGOxFe,uk-nc-2013:Eng_App1_Sp_Y34_17
https://education.asfai.org/alignments/900cb7a0-700f-5f6c-a905-4192f7ef9557,https://education.asfai.org/objectives/d5a55fa8-0218-5f1d-82c6-d5214e50f683,relatedTo,uk-nc-2013,Eng_LKS2_Write_Comp_10,https://education.asfai.org/frameworks/uk-nc-2013/versions/september-2013/items/Eng_LKS2_Write_Comp_10,unreviewed,mt_nYU6x2E2T8,uk-nc-2013:Eng_LKS2_Write_Comp_10
https://education.asfai.org/alignments/90af3e24-b931-5680-a962-36ff93d2d4c7,https://education.asfai.org/objectives/2b3fb2d7-c1b9-5355-9ce8-eec7c392f56a,relatedTo,ngss-ms,MS-LS3-2,https://education.asfai.org/frameworks/ngss-ms/versions/2013/items/MS-LS3-2,unreviewed,mt_k1HXbEwG8f,ngss-ms:MS-LS3-2
https://education.asfai.org/alignments/90d607fb-db74-56a1-a05c-c23242cc1f7e,https://education.asfai.org/objectives/29e8dc19-6b32-536d-9ef6-c10b14368781,relatedTo,uk-nc-2013,Eng.App2.Y6.Punc.4,https://education.asfai.org/frameworks/uk-nc-2013/versions/september-2013/items/Eng.App2.Y6.Punc.4,unreviewed,mt_QpmVikVaqY,uk-nc-2013:Eng.App2.Y6.Punc.4
https://education.asfai.org/alignments/9106afc8-e094-5bb4-a2f0-25f101bba767,https://education.asfai.org/objectives/3c2d8353-7fe8-543e-9e08-e8aece4784ab,relatedTo,uk-nc-2013,Eng_App1_Y2_02,https://education.asfai.org/frameworks/uk-nc-2013/versions/september-2013/items/Eng_App1_Y2_02,unreviewed,mt_OgJPbGkrYk,uk-nc-2013:Eng_App1_Y2_02
https://education.asfai.org/alignments/916ce0d9-e0b0-54b1-a82f-8de515af2a1c,https://education.asfai.org/objectives/944502d5-d572-5e53-91f2-63fdd19224e1,relatedTo,uk-nc-2013,Eng_Y1_RWR_08,https://education.asfai.org/frameworks/uk-nc-2013/versions/september-2013/items/Eng_Y1_RWR_08,unreviewed,mt_ZhvwM6LMBL,uk-nc-2013:Eng_Y1_RWR_08
https://education.asfai.org/alignments/919a0e95-6702-5b13-bdc7-b8364eaf43df,https://education.asfai.org/objectives/08c8d6b5-617e-5540-823c-f3580acc4fcd,relatedTo,uk-nc-2013,Eng.SL.7,https://education.asfai.org/frameworks/uk-nc-2013/versions/september-2013/items/Eng.SL.7,unreviewed,mt_n6GhzDPllD,uk-nc-2013:Eng.SL.7
https://education.asfai.org/alignments/919db8c7-39ac-52ae-b36a-dbd614832390,https://education.asfai.org/objectives/39914f2b-0f96-55c0-8e1f-24f7261a7aaa,relatedTo,uk-nc-2013,KS3.Sci.Phys.MotionAndForces.3,https://education.asfai.org/frameworks/uk-nc-2013/versions/september-2013/items/KS3.Sci.Phys.MotionAndForces.3,unreviewed,mt_-OndzpVsrv,uk-nc-2013:KS3.Sci.Phys.MotionAndForces.3
https://education.asfai.org/alignments/91a3c756-9578-5648-b4fb-ae18389ea7b0,https://education.asfai.org/objectives/67dd3895-6ede-5c2d-80c9-f96b453110f5,relatedTo,ccss-ela,RF.2.4.c,https://education.asfai.org/frameworks/ccss-ela/versions/2010/items/RF.2.4.c,unreviewed,mt_V-ldQp56bF,ccss-ela:RF.2.4.c
https://education.asfai.org/alignments/91c9e089-9e62-5b8c-a00f-ce44d8588da2,https://education.asfai.org/objectives/fb90727d-dfb3-5be6-9d47-deddabe5671b,relatedTo,uk-nc-2013,Maths/Y1/M/5,https://education.asfai.org/frameworks/uk-nc-2013/versions/september-2013/items/Maths%2FY1%2FM%2F5,unreviewed,mt_KaF0SQvaiu,uk-nc-2013:Maths/Y1/M/5
https://education.asfai.org/alignments/91eca0f5-05b4-5fa4-8e76-00ca5112b943,https://education.asfai.org/objectives/b7895115-d15a-5e36-806d-cdfe35cc5af6,relatedTo,ccss-ela,W.6.2,https://education.asfai.org/frameworks/ccss-ela/versions/2010/items/W.6.2,unreviewed,mt_zCUIJLdK_s,ccss-ela:W.6.2
https://education.asfai.org/alignments/91fa70f3-0a30-5b1a-bc71-a353d53395fb,https://education.asfai.org/objectives/75f80d54-4e15-53a0-a73a-ab0d1c47d69a,relatedTo,uk-nc-2013,Eng_Y1_RWR_03,https://education.asfai.org/frameworks/uk-nc-2013/versions/september-2013/items/Eng_Y1_RWR_03,unreviewed,mt__KHQttMde3,uk-nc-2013:Eng_Y1_RWR_03
https://education.asfai.org/alignments/9200f301-8cce-5b7f-bd1d-d3a0e96a9c96,https://education.asfai.org/objectives/c6b8c99b-3df4-5f0d-818a-325eb6af7713,relatedTo,uk-nc-2013,Eng/KS1/Y2/S/3,https://education.asfai.org/frameworks/uk-nc-2013/versions/september-2013/items/Eng%2FKS1%2FY2%2FS%2F3,unreviewed,mt_p_jxNLdus4,uk-nc-2013:Eng/KS1/Y2/S/3
https://education.asfai.org/alignments/921ccd6e-776b-5c3f-8774-b21231a9cfb7,https://education.asfai.org/objectives/0c62de61-8c9a-5c5e-9b12-363aae81d1f5,relatedTo,uk-nc-2013,Eng/KS1/Y2/WC/2a,https://education.asfai.org/frameworks/uk-nc-2013/versions/september-2013/items/Eng%2FKS1%2FY2%2FWC%2F2a,unreviewed,mt_9P9o6d0Qm3,uk-nc-2013:Eng/KS1/Y2/WC/2a
https://education.asfai.org/alignments/9232e941-2162-5fd3-bff5-915b265e81b8,https://education.asfai.org/objectives/3e84edc0-bf3a-589c-af12-9ecde2fc5444,relatedTo,uk-nc-2013,KS3.Maths.Alg.2,https://education.asfai.org/frameworks/uk-nc-2013/versions/september-2013/items/KS3.Maths.Alg.2,unreviewed,mt_vHzVa3SURC,uk-nc-2013:KS3.Maths.Alg.2
https://education.asfai.org/alignments/92aeca60-ea79-5264-8ac4-7a04dfe79dc3,https://education.asfai.org/objectives/f908a3dc-f217-529b-b381-c3043463d4c8,relatedTo,uk-nc-2013,Maths/Y1/GPS/2,https://education.asfai.org/frameworks/uk-nc-2013/versions/september-2013/items/Maths%2FY1%2FGPS%2F2,unreviewed,mt_Qcp2d_kuta,uk-nc-2013:Maths/Y1/GPS/2
https://education.asfai.org/alignments/92c6344a-0e1a-5ab3-a3fc-7605801162d5,https://education.asfai.org/objectives/6d432c2f-af86-5030-808c-a5cca36d8238,relatedTo,ccss-ela,W.K.8,https://education.asfai.org/frameworks/ccss-ela/versions/2010/items/W.K.8,unreviewed,mt_4A4RpX-Go9,ccss-ela:W.K.8
https://education.asfai.org/alignments/92c97fba-bff6-5279-9c44-13239b55d4f3,https://education.asfai.org/objectives/c429b9d4-5a6e-528a-9d66-6f04f5833d01,relatedTo,uk-nc-2013,Eng_Y1_RWR_07,https://education.asfai.org/frameworks/uk-nc-2013/versions/september-2013/items/Eng_Y1_RWR_07,unreviewed,mt_t1JXeNgKcu,uk-nc-2013:Eng_Y1_RWR_07
https://education.asfai.org/alignments/92d6e4e8-cfcb-5297-b579-25b47de8bab9,https://education.asfai.org/objectives/e8089401-d302-5a37-baf3-c93bf94922ef,relatedTo,uk-nc-2013,KS3.Sci.Bio.SkeletalMuscular.3,https://education.asfai.org/frameworks/uk-nc-2013/versions/september-2013/items/KS3.Sci.Bio.SkeletalMuscular.3,unreviewed,mt_lm0usBAF53,uk-nc-2013:KS3.Sci.Bio.SkeletalMuscular.3
https://education.asfai.org/alignments/92f221d6-15c2-5493-9de0-701158d2b872,https://education.asfai.org/objectives/dacb9895-6dae-5fed-bbff-b65c2407216b,relatedTo,uk-nc-2013,Eng.UKS2.Write.Trans.Spell.1,https://education.asfai.org/frameworks/uk-nc-2013/versions/september-2013/items/Eng.UKS2.Write.Trans.Spell.1,unreviewed,mt_T6nrrf2K43,uk-nc-2013:Eng.UKS2.Write.Trans.Spell.1
https://education.asfai.org/alignments/93271d27-a78d-5fd1-8cd1-132df1f443ac,https://education.asfai.org/objectives/c0e7ed78-dcb9-53d3-bff9-1a19259e1897,relatedTo,uk-nc-2013,KS1.Sci.WS.4,https://education.asfai.org/frameworks/uk-nc-2013/versions/september-2013/items/KS1.Sci.WS.4,unreviewed,mt_vJO5Bxk4z-,uk-nc-2013:KS1.Sci.WS.4
https://education.asfai.org/alignments/932cbbaa-7566-5211-b233-887937ebf975,https://education.asfai.org/objectives/b82d0ef4-14fc-5fb7-935f-9accdc003d99,relatedTo,ccss-ela,RL.1.3,https://education.asfai.org/frameworks/ccss-ela/versions/2010/items/RL.1.3,unreviewed,mt_sSQlLOnAow,ccss-ela:RL.1.3
https://education.asfai.org/alignments/9336655c-682b-56b5-8a23-6166f92d0de6,https://education.asfai.org/objectives/f7fdd403-0139-53ba-b265-3463a65d8e01,relatedTo,ccss-math,3.NBT.3,https://education.asfai.org/frameworks/ccss-math/versions/2010/items/3.NBT.3,unreviewed,mt_isojCL9yy-,ccss-math:3.NBT.3
https://education.asfai.org/alignments/93500c99-43dc-5767-85d6-a0e3abb3bdac,https://education.asfai.org/objectives/05150e37-2615-5209-af28-3bd97083ea08,relatedTo,ccss-math,7.NS.3,https://education.asfai.org/frameworks/ccss-math/versions/2010/items/7.NS.3,unreviewed,mt_gNUE4B3vuk,ccss-math:7.NS.3
https://education.asfai.org/alignments/935d6ddb-8d3b-566e-94ba-d2e0a27b1cff,https://education.asfai.org/objectives/67dd3895-6ede-5c2d-80c9-f96b453110f5,relatedTo,ccss-ela,RF.4.4.a,https://education.asfai.org/frameworks/ccss-ela/versions/2010/items/RF.4.4.a,unreviewed,mt_V-ldQp56bF,ccss-ela:RF.4.4.a
https://education.asfai.org/alignments/93625613-9db8-56a6-97aa-9c95b955d0f4,https://education.asfai.org/objectives/1ed5a4be-6141-5e16-8b90-063649b55350,relatedTo,ccss-ela,RI.3.10,https://education.asfai.org/frameworks/ccss-ela/versions/2010/items/RI.3.10,unreviewed,mt_mLPEMpYb_R,ccss-ela:RI.3.10
https://education.asfai.org/alignments/937770b2-e911-5219-801d-789c7b37691e,https://education.asfai.org/objectives/c431be78-84ee-5e0d-8c04-72a507b9a2af,relatedTo,ccss-ela,RF.1.3.c,https://education.asfai.org/frameworks/ccss-ela/versions/2010/items/RF.1.3.c,unreviewed,mt_BtMbZibZUj,ccss-ela:RF.1.3.c
https://education.asfai.org/alignments/93964e81-4c26-536a-9817-9b3a9d034ce2,https://education.asfai.org/objectives/6d432c2f-af86-5030-808c-a5cca36d8238,relatedTo,ccss-ela,W.3.10,https://education.asfai.org/frameworks/ccss-ela/versions/2010/items/W.3.10,unreviewed,mt_4A4RpX-Go9,ccss-ela:W.3.10
https://education.asfai.org/alignments/9396a904-ae6d-55df-8aab-c1c0cc1a8529,https://education.asfai.org/objectives/3775d2ef-0cee-5316-9b3c-4d074ba19bd0,relatedTo,uk-nc-2013,Eng/KS1/Y2/WC/3a,https://education.asfai.org/frameworks/uk-nc-2013/versions/september-2013/items/Eng%2FKS1%2FY2%2FWC%2F3a,unreviewed,mt_OyOYHlZ2_T,uk-nc-2013:Eng/KS1/Y2/WC/3a
https://education.asfai.org/alignments/93c5474d-021b-53f9-826b-346fcda42c3b,https://education.asfai.org/objectives/bea6b39e-ee1b-5f1d-aaf0-efc01af3717c,relatedTo,uk-nc-2013,KS3.Sci.Phys.Waves.4,https://education.asfai.org/frameworks/uk-nc-2013/versions/september-2013/items/KS3.Sci.Phys.Waves.4,unreviewed,mt_w5HzPpOUmj,uk-nc-2013:KS3.Sci.Phys.Waves.4
https://education.asfai.org/alignments/94109d68-70f9-525a-8bd5-6c02d30ca0b4,https://education.asfai.org/objectives/4ae2a007-f408-537e-a5fa-c1a8237a1e42,relatedTo,uk-nc-2013,Eng/KS1/Y2/C/1h,https://education.asfai.org/frameworks/uk-nc-2013/versions/september-2013/items/Eng%2FKS1%2FY2%2FC%2F1h,unreviewed,mt_ZBMcX2oRor,uk-nc-2013:Eng/KS1/Y2/C/1h
https://education.asfai.org/alignments/9414f11f-f009-5854-afa2-ff5c841a0e84,https://education.asfai.org/objectives/335db539-434d-50e1-a0c9-bf9d6748e929,relatedTo,ccss-ela,L.4.4c,https://education.asfai.org/frameworks/ccss-ela/versions/2010/items/L.4.4c,unreviewed,mt_6W5zzDIGZH,ccss-ela:L.4.4c
https://education.asfai.org/alignments/94463fb7-330d-54c6-b098-346259c55203,https://education.asfai.org/objectives/aa3408e6-5c3c-59e7-8a48-2d3299c37e80,relatedTo,ccss-math,7.G.2,https://education.asfai.org/frameworks/ccss-math/versions/2010/items/7.G.2,unreviewed,mt_Jf8xcX4UTq,ccss-math:7.G.2
https://education.asfai.org/alignments/944cdcd9-2f92-54e3-a20a-ccf746f1b483,https://education.asfai.org/objectives/f42655d5-005f-5fe1-a32d-8d4179214388,relatedTo,uk-nc-2013,KS3.Maths.Num.5,https://education.asfai.org/frameworks/uk-nc-2013/versions/september-2013/items/KS3.Maths.Num.5,unreviewed,mt_X5cypSGoGU,uk-nc-2013:KS3.Maths.Num.5
https://education.asfai.org/alignments/946c0569-ac9d-5e8d-819d-114ffac4ee6b,https://education.asfai.org/objectives/42e7dceb-af7b-5630-a2ea-241ec72fa04c,relatedTo,ccss-math,8.G.5,https://education.asfai.org/frameworks/ccss-math/versions/2010/items/8.G.5,unreviewed,mt_H_pNJ3ZI_S,ccss-math:8.G.5
https://education.asfai.org/alignments/9478dab4-3abd-56bd-bd16-beca36bd0604,https://education.asfai.org/objectives/5dccbd56-d754-53ce-8d5d-74b5c1b81b7e,relatedTo,uk-nc-2013,Ma/KS2/Y3/F/3,https://education.asfai.org/frameworks/uk-nc-2013/versions/september-2013/items/Ma%2FKS2%2FY3%2FF%2F3,unreviewed,mt_Kr3IyA6m-O,uk-nc-2013:Ma/KS2/Y3/F/3
https://education.asfai.org/alignments/94a77eb7-4c00-5e59-9ae6-6f0153061a77,https://education.asfai.org/objectives/c3813ac5-21fb-5123-ad4d-0990f45dc044,relatedTo,uk-nc-2013,Eng_LKS2_Read_Comp_3,https://education.asfai.org/frameworks/uk-nc-2013/versions/september-2013/items/Eng_LKS2_Read_Comp_3,unreviewed,mt_6-MYToNZ39,uk-nc-2013:Eng_LKS2_Read_Comp_3
https://education.asfai.org/alignments/94c0f19b-abb3-55bd-8f28-e4d768e4a6ac,https://education.asfai.org/objectives/119ad0e1-cdf9-539c-90ec-7e036728bab2,relatedTo,ccss-ela,L.K.2d,https://education.asfai.org/frameworks/ccss-ela/versions/2010/items/L.K.2d,unreviewed,mt_BhYJZUsErp,ccss-ela:L.K.2d
https://education.asfai.org/alignments/94fd944e-3d08-5cff-af80-dd08d86a2b99,https://education.asfai.org/objectives/9fbc5b96-5351-563b-95d5-c160f22d32cf,relatedTo,ngss-ms,MS-PS1-2,https://education.asfai.org/frameworks/ngss-ms/versions/2013/items/MS-PS1-2,unreviewed,mt_1hgck6ucII,ngss-ms:MS-PS1-2
https://education.asfai.org/alignments/95045f55-0456-560a-8fb3-7197a950ac12,https://education.asfai.org/objectives/6b5c0a36-3844-5f57-8172-ec03259ba05a,relatedTo,ccss-math,6.EE.2b,https://education.asfai.org/frameworks/ccss-math/versions/2010/items/6.EE.2b,unreviewed,mt_g_fkAqmz72,ccss-math:6.EE.2b
https://education.asfai.org/alignments/9506ea87-9193-5c89-91f4-97f68d935530,https://education.asfai.org/objectives/89aa6c75-c9c5-5061-b7da-8eb7664a2b6c,relatedTo,ngss-ms,MS-PS3-2,https://education.asfai.org/frameworks/ngss-ms/versions/2013/items/MS-PS3-2,unreviewed,mt_Jvg_r4yWaY,ngss-ms:MS-PS3-2
https://education.asfai.org/alignments/954f58cd-e4b2-543b-8db8-699eb9e5f443,https://education.asfai.org/objectives/bd1602ca-b011-5c38-a067-d7ad33fbe59e,relatedTo,ccss-ela,W.4.2,https://education.asfai.org/frameworks/ccss-ela/versions/2010/items/W.4.2,unreviewed,mt_hp2qJ-QRBn,ccss-ela:W.4.2
https://education.asfai.org/alignments/9561db75-c5b3-5d5f-a966-13dee57564ae,https://education.asfai.org/objectives/6d5e9619-7d43-5fa4-a046-c91189ea7bab,relatedTo,uk-nc-2013,KS3.Maths.Alg.14,https://education.asfai.org/frameworks/uk-nc-2013/versions/september-2013/items/KS3.Maths.Alg.14,unreviewed,mt_yXO7lQ9Yn7,uk-nc-2013:KS3.Maths.Alg.14
https://education.asfai.org/alignments/95963836-ebdb-5576-b72b-867d65985226,https://education.asfai.org/objectives/6acb92b1-ea3d-5b75-9250-27624ecf8e00,relatedTo,uk-nc-2013,Eng_Y1_RC_12,https://education.asfai.org/frameworks/uk-nc-2013/versions/september-2013/items/Eng_Y1_RC_12,unreviewed,mt_thsY1ZesaU,uk-nc-2013:Eng_Y1_RC_12
https://education.asfai.org/alignments/95a4ed67-62d5-5292-a1fc-2084c0a5bf21,https://education.asfai.org/objectives/6362c0cf-2a02-5adc-945c-c8a08c6f37e0,relatedTo,ccss-ela,L.2.6,https://education.asfai.org/frameworks/ccss-ela/versions/2010/items/L.2.6,unreviewed,mt_NP101Zl-4g,ccss-ela:L.2.6
https://education.asfai.org/alignments/95cf7de8-f0e7-5481-afd9-81205f89ba71,https://education.asfai.org/objectives/5f2eabd3-5c68-51a8-8ac0-fd034b1ce1a3,relatedTo,uk-nc-2013,KS2L.Sci.WS.2,https://education.asfai.org/frameworks/uk-nc-2013/versions/september-2013/items/KS2L.Sci.WS.2,unreviewed,mt_qgb76wHN2X,uk-nc-2013:KS2L.Sci.WS.2
https://education.asfai.org/alignments/95daedb2-f355-5d47-b801-9b6c203fd143,https://education.asfai.org/objectives/1ad7044c-870a-5628-8607-c721bb6346e5,relatedTo,uk-nc-2013,Eng.App2.Y5.Sent.1,https://education.asfai.org/frameworks/uk-nc-2013/versions/september-2013/items/Eng.App2.Y5.Sent.1,unreviewed,mt_YQ64pzcLDl,uk-nc-2013:Eng.App2.Y5.Sent.1
https://education.asfai.org/alignments/9677ae60-54e4-5371-a871-343c4653fc43,https://education.asfai.org/objectives/4e23db5b-7c3c-5676-ac37-0e7a18ea54a9,relatedTo,uk-nc-2013,KS3.Maths.Alg.4b,https://education.asfai.org/frameworks/uk-nc-2013/versions/september-2013/items/KS3.Maths.Alg.4b,unreviewed,mt_FX4a2Q8XXN,uk-nc-2013:KS3.Maths.Alg.4b
https://education.asfai.org/alignments/971bf078-64b8-5861-85b6-27091ed96777,https://education.asfai.org/objectives/b8b353f1-2098-53af-af0a-4912c29c5ab9,relatedTo,uk-nc-2013,Maths/Y1/AS/2,https://education.asfai.org/frameworks/uk-nc-2013/versions/september-2013/items/Maths%2FY1%2FAS%2F2,unreviewed,mt_s2mfRBoTal,uk-nc-2013:Maths/Y1/AS/2
https://education.asfai.org/alignments/972ad311-ac4b-5676-a855-fa060e5ad9b7,https://education.asfai.org/objectives/5d906d05-9d82-56a2-8c6d-45cd97c9b4b7,relatedTo,uk-nc-2013,Maths/Y2/M/2,https://education.asfai.org/frameworks/uk-nc-2013/versions/september-2013/items/Maths%2FY2%2FM%2F2,unreviewed,mt_BFJ-ch_8QU,uk-nc-2013:Maths/Y2/M/2
https://education.asfai.org/alignments/97365cfd-c676-51c8-831c-547faf87e9bd,https://education.asfai.org/objectives/6362c0cf-2a02-5adc-945c-c8a08c6f37e0,relatedTo,ccss-ela,L.K.6,https://education.asfai.org/frameworks/ccss-ela/versions/2010/items/L.K.6,unreviewed,mt_NP101Zl-4g,ccss-ela:L.K.6
https://education.asfai.org/alignments/974a4a69-f6a8-5468-a023-ecbf27eadea4,https://education.asfai.org/objectives/74e1464f-b18c-5982-8282-9053227989fa,relatedTo,ccss-math,K.CC.1,https://education.asfai.org/frameworks/ccss-math/versions/2010/items/K.CC.1,unreviewed,mt_nvdpxAJTBG,ccss-math:K.CC.1
https://education.asfai.org/alignments/9769cc92-8f69-58e5-a5fd-4769048ffcc5,https://education.asfai.org/objectives/45e86b35-1e28-5476-96ed-032bc8b54629,relatedTo,ccss-ela,L.8.4,https://education.asfai.org/frameworks/ccss-ela/versions/2010/items/L.8.4,unreviewed,mt_WZnwITSWr8,ccss-ela:L.8.4
https://education.asfai.org/alignments/977baf42-e33f-513b-a877-756392992763,https://education.asfai.org/objectives/d0095f2e-3f17-5915-bbf4-28f1154c98da,relatedTo,ib-pyp-pspe,PSPE-ID-CU-P4-5,https://education.asfai.org/frameworks/ib-pyp-pspe/versions/2009/items/PSPE-ID-CU-P4-5,unreviewed,mt_dlm3NspUyy,ib-pyp-pspe:PSPE-ID-CU-P4-5
https://education.asfai.org/alignments/977c9a64-ec4a-5d59-9769-674110f57654,https://education.asfai.org/objectives/65bedb60-84e4-54e5-9b2e-306741e16b9d,relatedTo,uk-nc-2013,Eng.SL.10,https://education.asfai.org/frameworks/uk-nc-2013/versions/september-2013/items/Eng.SL.10,unreviewed,mt_sXRHr7tfS5,uk-nc-2013:Eng.SL.10
https://education.asfai.org/alignments/9780e76f-7fc4-53d7-9f1b-0027d569bd9f,https://education.asfai.org/objectives/0c155ff6-63ce-54e4-a018-0a55b0b14aaf,relatedTo,uk-nc-2013,KS3.Maths.Geo.7,https://education.asfai.org/frameworks/uk-nc-2013/versions/september-2013/items/KS3.Maths.Geo.7,unreviewed,mt_DNYQLahbfa,uk-nc-2013:KS3.Maths.Geo.7
https://education.asfai.org/alignments/97ad66f8-67bf-52c8-b400-2fd22b4a8852,https://education.asfai.org/objectives/64f32aee-0d2b-5941-a949-28b497ac6a90,relatedTo,uk-nc-2013,Eng_App1_Y1_34,https://education.asfai.org/frameworks/uk-nc-2013/versions/september-2013/items/Eng_App1_Y1_34,unreviewed,mt_fMd7v87IiI,uk-nc-2013:Eng_App1_Y1_34
https://education.asfai.org/alignments/97e2421e-c891-5956-9072-d0482ae3dad9,https://education.asfai.org/objectives/65bedb60-84e4-54e5-9b2e-306741e16b9d,relatedTo,uk-nc-2013,Eng.SL.12,https://education.asfai.org/frameworks/uk-nc-2013/versions/september-2013/items/Eng.SL.12,unreviewed,mt_sXRHr7tfS5,uk-nc-2013:Eng.SL.12
https://education.asfai.org/alignments/97e7a260-d98f-536f-a3bd-de0354e6b8bf,https://education.asfai.org/objectives/3b81d030-84e1-5b78-8ed2-9e70a05aa38f,relatedTo,ccss-ela,RL.K.6,https://education.asfai.org/frameworks/ccss-ela/versions/2010/items/RL.K.6,unreviewed,mt_gZIo5oiBMt,ccss-ela:RL.K.6
https://education.asfai.org/alignments/9800e16d-68a7-5826-a358-c7eaf1b691a5,https://education.asfai.org/objectives/5baa8648-e480-57d1-95d4-64291a50bec8,relatedTo,ib-pyp-pspe,PSPE-ID-LO-P1-11,https://education.asfai.org/frameworks/ib-pyp-pspe/versions/2009/items/PSPE-ID-LO-P1-11,unreviewed,mt_nNDX_jZ-cb,ib-pyp-pspe:PSPE-ID-LO-P1-11
https://education.asfai.org/alignments/9820684d-b9af-59cd-bf7d-0294ff503ee8,https://education.asfai.org/objectives/c305f376-392d-55c4-9a92-a6902eb0be15,relatedTo,ccss-ela,RL.6.10,https://education.asfai.org/frameworks/ccss-ela/versions/2010/items/RL.6.10,unreviewed,mt_9k1qcpvVi_,ccss-ela:RL.6.10
https://education.asfai.org/alignments/98667120-f94a-5c50-ae20-ec87c7d3772e,https://education.asfai.org/objectives/c2aec65b-9484-5772-b0bf-035119f54552,relatedTo,ccss-ela,W.5.1b,https://education.asfai.org/frameworks/ccss-ela/versions/2010/items/W.5.1b,unreviewed,mt_WKxX-b86Vr,ccss-ela:W.5.1b
https://education.asfai.org/alignments/9870ec5e-7b1b-5379-8f3a-a420ec407b93,https://education.asfai.org/objectives/3dba5e37-c555-595c-b3e7-0a4bba8eafac,relatedTo,uk-nc-2013,Maths/Y1/M/12,https://education.asfai.org/frameworks/uk-nc-2013/versions/september-2013/items/Maths%2FY1%2FM%2F12,unreviewed,mt_0XxyaQLRhn,uk-nc-2013:Maths/Y1/M/12
https://education.asfai.org/alignments/9883701e-ee2e-5963-bb6a-10a4acf11812,https://education.asfai.org/objectives/84f8e0fa-b2e0-5117-9ed6-1cd84c6057d4,relatedTo,ccss-ela,RI.4.3,https://education.asfai.org/frameworks/ccss-ela/versions/2010/items/RI.4.3,unreviewed,mt_nKS_vCYrg3,ccss-ela:RI.4.3
https://education.asfai.org/alignments/98aab64d-1543-5c63-9e1f-497941bfdcc2,https://education.asfai.org/objectives/c2aec65b-9484-5772-b0bf-035119f54552,relatedTo,ccss-ela,W.3.1,https://education.asfai.org/frameworks/ccss-ela/versions/2010/items/W.3.1,unreviewed,mt_WKxX-b86Vr,ccss-ela:W.3.1
https://education.asfai.org/alignments/98b4c846-5c86-5a2e-977c-bad0b20e2da1,https://education.asfai.org/objectives/a44e791c-6347-5a35-b0c1-f5a7c15073aa,relatedTo,ccss-math,8.EE.4,https://education.asfai.org/frameworks/ccss-math/versions/2010/items/8.EE.4,unreviewed,mt_bO-njVOige,ccss-math:8.EE.4
https://education.asfai.org/alignments/98bb3175-7313-5d96-85a5-efcf5ed68887,https://education.asfai.org/objectives/72b1463b-6753-5261-860a-2deb9b688d33,relatedTo,uk-nc-2013,KS3-ENG-SE-1c,https://education.asfai.org/frameworks/uk-nc-2013/versions/september-2013/items/KS3-ENG-SE-1c,unreviewed,mt_Yrjn8jAt1c,uk-nc-2013:KS3-ENG-SE-1c
https://education.asfai.org/alignments/98fda9e7-adb4-50ad-86e3-4c31965b1220,https://education.asfai.org/objectives/6291cc4f-df29-5cf3-b0d7-19a4bfd839f4,relatedTo,ccss-math,6.EE.7,https://education.asfai.org/frameworks/ccss-math/versions/2010/items/6.EE.7,unreviewed,mt_QhFEDyIwSO,ccss-math:6.EE.7
https://education.asfai.org/alignments/990e05a6-f8bf-52ec-b812-02307720c990,https://education.asfai.org/objectives/3e27fd75-1db1-5d8d-accc-a6f68fea7cf0,relatedTo,ccss-ela,SL.1.4,https://education.asfai.org/frameworks/ccss-ela/versions/2010/items/SL.1.4,unreviewed,mt_4A7FYmvVhA,ccss-ela:SL.1.4
https://education.asfai.org/alignments/9920076a-c7c6-57a7-9ce3-b0c1b8c54a46,https://education.asfai.org/objectives/f4e7eee6-f86b-5254-851d-199cb9ecf0e8,relatedTo,uk-nc-2013,Eng_App1_Y2_10,https://education.asfai.org/frameworks/uk-nc-2013/versions/september-2013/items/Eng_App1_Y2_10,unreviewed,mt_FYK8m6eHQm,uk-nc-2013:Eng_App1_Y2_10
https://education.asfai.org/alignments/99320daf-e841-59da-83a8-0bdd6bc2a220,https://education.asfai.org/objectives/0ce49f41-95d1-50e9-96fe-4f61972ff8b3,relatedTo,uk-nc-2013,Eng.App2.Y5.Term.1,https://education.asfai.org/frameworks/uk-nc-2013/versions/september-2013/items/Eng.App2.Y5.Term.1,unreviewed,mt_-tcJeAhK5k,uk-nc-2013:Eng.App2.Y5.Term.1
https://education.asfai.org/alignments/993c4e51-95b7-5030-a7cc-d1289e1c1a71,https://education.asfai.org/objectives/3e27fd75-1db1-5d8d-accc-a6f68fea7cf0,relatedTo,ccss-ela,SL.1.6,https://education.asfai.org/frameworks/ccss-ela/versions/2010/items/SL.1.6,unreviewed,mt_4A7FYmvVhA,ccss-ela:SL.1.6
https://education.asfai.org/alignments/9946373f-d3fa-521d-a635-54e9c2e498c8,https://education.asfai.org/objectives/d4fdb3c9-35d5-53a0-ba8e-8f24e0eb1ec4,relatedTo,ccss-ela,RL.1.9,https://education.asfai.org/frameworks/ccss-ela/versions/2010/items/RL.1.9,unreviewed,mt_GLY3R3YSlf,ccss-ela:RL.1.9
https://education.asfai.org/alignments/994ccf43-394d-5294-abc9-088612e77ab7,https://education.asfai.org/objectives/3c2d8353-7fe8-543e-9e08-e8aece4784ab,relatedTo,ccss-ela,RF.1.3.c,https://education.asfai.org/frameworks/ccss-ela/versions/2010/items/RF.1.3.c,unreviewed,mt_OgJPbGkrYk,ccss-ela:RF.1.3.c
https://education.asfai.org/alignments/99686686-a8f4-5c08-bed4-d6232d77eb78,https://education.asfai.org/objectives/7786995c-fe84-5d36-b3fd-31b83a46d971,relatedTo,uk-nc-2013,Y6.Sci.L.1,https://education.asfai.org/frameworks/uk-nc-2013/versions/september-2013/items/Y6.Sci.L.1,unreviewed,mt_qZro923zvz,uk-nc-2013:Y6.Sci.L.1
https://education.asfai.org/alignments/996d44ea-14fc-5fcf-9713-8f2efad4102d,https://education.asfai.org/objectives/37ba2255-708f-5ea4-97f0-40fe3bba9547,relatedTo,uk-nc-2013,Eng_LKS2_Read_Comp_3,https://education.asfai.org/frameworks/uk-nc-2013/versions/september-2013/items/Eng_LKS2_Read_Comp_3,unreviewed,mt_f_dMmvzxwo,uk-nc-2013:Eng_LKS2_Read_Comp_3
https://education.asfai.org/alignments/998490b2-dc77-58af-ba5b-ccdd69ac6cfd,https://education.asfai.org/objectives/0a70711f-e42e-5a0d-aece-6d9bae185cc8,relatedTo,ccss-ela,W.6.5,https://education.asfai.org/frameworks/ccss-ela/versions/2010/items/W.6.5,unreviewed,mt_av-uRBrhwT,ccss-ela:W.6.5
https://education.asfai.org/alignments/99bf4ec0-2079-591e-8d7a-10f9d1a418b6,https://education.asfai.org/objectives/dbfbda1f-8ae4-51f5-a23c-751fdc0c7bb4,relatedTo,ccss-ela,RL.4.3,https://education.asfai.org/frameworks/ccss-ela/versions/2010/items/RL.4.3,unreviewed,mt_Eehl12cSnN,ccss-ela:RL.4.3
https://education.asfai.org/alignments/99d73f57-8e31-5a52-ad72-8de562365a68,https://education.asfai.org/objectives/512047d3-e974-5184-b993-ffe5683886bf,relatedTo,ccss-ela,L.3.1a,https://education.asfai.org/frameworks/ccss-ela/versions/2010/items/L.3.1a,unreviewed,mt_B8JOz79O6t,ccss-ela:L.3.1a
https://education.asfai.org/alignments/99d95c0a-a94c-52d7-8764-0fc559a6b296,https://education.asfai.org/objectives/020f829d-5a25-550c-b07f-ae6eba5de656,relatedTo,ccss-ela,RF.1.3.c,https://education.asfai.org/frameworks/ccss-ela/versions/2010/items/RF.1.3.c,unreviewed,mt_C7abt7pRr6,ccss-ela:RF.1.3.c
https://education.asfai.org/alignments/99fbbc1f-6574-5ddd-b6fe-f03cbbb089e7,https://education.asfai.org/objectives/be9074b5-400a-50f1-9de4-6f02aadd127b,relatedTo,uk-nc-2013,Eng.App2.Y6.Punc.3,https://education.asfai.org/frameworks/uk-nc-2013/versions/september-2013/items/Eng.App2.Y6.Punc.3,unreviewed,mt_wUyAZJikAA,uk-nc-2013:Eng.App2.Y6.Punc.3
https://education.asfai.org/alignments/9a429efc-9758-530a-baba-caaca315a215,https://education.asfai.org/objectives/261fa05e-877c-5074-a0e1-347fe48b4422,relatedTo,uk-nc-2013,Y3.Sci.FM.5,https://education.asfai.org/frameworks/uk-nc-2013/versions/september-2013/items/Y3.Sci.FM.5,unreviewed,mt_jgNB2752b9,uk-nc-2013:Y3.Sci.FM.5
https://education.asfai.org/alignments/9a42ac8a-b300-5102-8ca1-b4ebe709adb7,https://education.asfai.org/objectives/168b259e-d09d-5c60-b0c3-45c385addcf9,relatedTo,ccss-ela,RI.5.1,https://education.asfai.org/frameworks/ccss-ela/versions/2010/items/RI.5.1,unreviewed,mt_ak_ZgoMKRQ,ccss-ela:RI.5.1
https://education.asfai.org/alignments/9a50377f-b929-5e50-883f-7a717ba11c90,https://education.asfai.org/objectives/0261d54e-3982-5d6a-a62e-93222c9bb7ae,relatedTo,ngss-k5,5-ESS1-2,https://education.asfai.org/frameworks/ngss-k5/versions/2013/items/5-ESS1-2,unreviewed,mt_tMLsTPQHwF,ngss-k5:5-ESS1-2
https://education.asfai.org/alignments/9a73a954-3b17-5694-861c-5f341c4dd835,https://education.asfai.org/objectives/08c8d6b5-617e-5540-823c-f3580acc4fcd,relatedTo,uk-nc-2013,Eng.SL.3,https://education.asfai.org/frameworks/uk-nc-2013/versions/september-2013/items/Eng.SL.3,unreviewed,mt_n6GhzDPllD,uk-nc-2013:Eng.SL.3
https://education.asfai.org/alignments/9ad81b5e-fedc-59e2-a086-fd0483e1665d,https://education.asfai.org/objectives/e94e3bc0-3930-56e8-9f11-9abbb3f99b89,relatedTo,uk-nc-2013,Y2.Sci.UEM.2,https://education.asfai.org/frameworks/uk-nc-2013/versions/september-2013/items/Y2.Sci.UEM.2,unreviewed,mt_wf-SJhZ1kC,uk-nc-2013:Y2.Sci.UEM.2
https://education.asfai.org/alignments/9aea325f-32b2-504a-94e2-f0aa07e6db49,https://education.asfai.org/objectives/eb5b3795-d101-5c07-ba76-7c27ce1c9798,relatedTo,ib-pyp-pspe,PSPE.INT.P3.CU.5,https://education.asfai.org/frameworks/ib-pyp-pspe/versions/2009/items/PSPE.INT.P3.CU.5,unreviewed,mt_rkrG2w7WXI,ib-pyp-pspe:PSPE.INT.P3.CU.5
https://education.asfai.org/alignments/9b00b710-0f12-5e76-9eea-c60c35f35fa5,https://education.asfai.org/objectives/44856afc-5be5-5377-a385-320a2821bf64,relatedTo,uk-nc-2013,Y4.Sci.LTH.2,https://education.asfai.org/frameworks/uk-nc-2013/versions/september-2013/items/Y4.Sci.LTH.2,unreviewed,mt_brgde1Vx0P,uk-nc-2013:Y4.Sci.LTH.2
https://education.asfai.org/alignments/9b05f4c7-6401-58c0-9be0-005f5db29b06,https://education.asfai.org/objectives/c6b8c99b-3df4-5f0d-818a-325eb6af7713,relatedTo,uk-nc-2013,Eng/KS1/Y2/S/1a,https://education.asfai.org/frameworks/uk-nc-2013/versions/september-2013/items/Eng%2FKS1%2FY2%2FS%2F1a,unreviewed,mt_p_jxNLdus4,uk-nc-2013:Eng/KS1/Y2/S/1a
https://education.asfai.org/alignments/9b16eb45-658b-508e-b017-3a370d796b5b,https://education.asfai.org/objectives/3811ea46-69e7-5eeb-af7c-0651418e6db2,relatedTo,uk-nc-2013,Eng.App2.Y5.Word.1,https://education.asfai.org/frameworks/uk-nc-2013/versions/september-2013/items/Eng.App2.Y5.Word.1,unreviewed,mt_p3tZiUaWAa,uk-nc-2013:Eng.App2.Y5.Word.1
https://education.asfai.org/alignments/9b760332-8bbb-5060-8bbc-e373715407a2,https://education.asfai.org/objectives/c5e8c4ce-4a4a-5e27-9eaa-b1834a30e635,relatedTo,uk-nc-2013,Y3.Sci.R.3,https://education.asfai.org/frameworks/uk-nc-2013/versions/september-2013/items/Y3.Sci.R.3,unreviewed,mt_yhhprm7dZK,uk-nc-2013:Y3.Sci.R.3
https://education.asfai.org/alignments/9b7b4cfa-921c-526f-bbff-5a99088d0a75,https://education.asfai.org/objectives/b82d0ef4-14fc-5fb7-935f-9accdc003d99,relatedTo,ccss-ela,RL.K.2,https://education.asfai.org/frameworks/ccss-ela/versions/2010/items/RL.K.2,unreviewed,mt_sSQlLOnAow,ccss-ela:RL.K.2
https://education.asfai.org/alignments/9b7fcacb-cf88-5371-881e-abdab3186808,https://education.asfai.org/objectives/ced3866b-71cd-5269-8a4a-2b78c4ca366b,relatedTo,ccss-math,8.G.3,https://education.asfai.org/frameworks/ccss-math/versions/2010/items/8.G.3,unreviewed,mt_K0Y15w48SY,ccss-math:8.G.3
https://education.asfai.org/alignments/9b9a0b8b-ad39-501d-b1d7-ba518fe16b6c,https://education.asfai.org/objectives/326ac617-63e5-5e79-b1b2-9c13e2fb4d13,relatedTo,ccss-ela,L.8.1b,https://education.asfai.org/frameworks/ccss-ela/versions/2010/items/L.8.1b,unreviewed,mt_N5tciHU8cE,ccss-ela:L.8.1b
https://education.asfai.org/alignments/9bc603c6-8d92-5813-a9e8-914314ef547b,https://education.asfai.org/objectives/609fae5f-3742-596d-9a60-d0bd4ee254c9,relatedTo,uk-nc-2013,KS3.Maths.Geo.14,https://education.asfai.org/frameworks/uk-nc-2013/versions/september-2013/items/KS3.Maths.Geo.14,unreviewed,mt_1VmTUxBrNd,uk-nc-2013:KS3.Maths.Geo.14
https://education.asfai.org/alignments/9bdb90ba-2e26-5b1b-b3cb-a490363f582f,https://education.asfai.org/objectives/17121b57-59f3-55a6-a7fb-663727c79663,relatedTo,uk-nc-2013,Eng/KS1/Y2/WR/3,https://education.asfai.org/frameworks/uk-nc-2013/versions/september-2013/items/Eng%2FKS1%2FY2%2FWR%2F3,unreviewed,mt_kVzAFMuFc4,uk-nc-2013:Eng/KS1/Y2/WR/3
https://education.asfai.org/alignments/9c340c69-92c1-55f7-bdfb-5e459273c126,https://education.asfai.org/objectives/67dd3895-6ede-5c2d-80c9-f96b453110f5,relatedTo,ccss-ela,RF.4.3,https://education.asfai.org/frameworks/ccss-ela/versions/2010/items/RF.4.3,unreviewed,mt_V-ldQp56bF,ccss-ela:RF.4.3
https://education.asfai.org/alignments/9c669c21-edcd-5fb1-8396-a9cb3729b210,https://education.asfai.org/objectives/c431be78-84ee-5e0d-8c04-72a507b9a2af,relatedTo,uk-nc-2013,Eng_App1_Y1_32,https://education.asfai.org/frameworks/uk-nc-2013/versions/september-2013/items/Eng_App1_Y1_32,unreviewed,mt_BtMbZibZUj,uk-nc-2013:Eng_App1_Y1_32
https://education.asfai.org/alignments/9c684803-1ced-556d-bad8-7d3270d70c02,https://education.asfai.org/objectives/e520016b-2a3a-578f-a43d-7c0a52bfd42f,relatedTo,uk-nc-2013,Eng_LKS2_Write_Trans_Hand_2,https://education.asfai.org/frameworks/uk-nc-2013/versions/september-2013/items/Eng_LKS2_Write_Trans_Hand_2,unreviewed,mt_02DH7sGXCi,uk-nc-2013:Eng_LKS2_Write_Trans_Hand_2
https://education.asfai.org/alignments/9c722e3e-864a-5429-b05b-71b242084e0d,https://education.asfai.org/objectives/3fad460d-88ec-585e-9674-ff55691ad911,relatedTo,uk-nc-2013,KS3.Maths.Alg.4d,https://education.asfai.org/frameworks/uk-nc-2013/versions/september-2013/items/KS3.Maths.Alg.4d,unreviewed,mt_KhS7K1Mgrw,uk-nc-2013:KS3.Maths.Alg.4d
https://education.asfai.org/alignments/9cceaa53-f64a-505b-854d-24f76f60c5e8,https://education.asfai.org/objectives/9fbe0478-2063-5e49-bc6b-10ac0b492f08,relatedTo,ccss-ela,W.5.9,https://education.asfai.org/frameworks/ccss-ela/versions/2010/items/W.5.9,unreviewed,mt_sdmm_m60qX,ccss-ela:W.5.9
https://education.asfai.org/alignments/9cceed42-cbd7-566b-8643-02de816cca40,https://education.asfai.org/objectives/ea2d47fe-1dee-5993-a66d-497814cfb308,relatedTo,ccss-math,8.EE.6,https://education.asfai.org/frameworks/ccss-math/versions/2010/items/8.EE.6,unreviewed,mt_WBdHkc2HTf,ccss-math:8.EE.6
https://education.asfai.org/alignments/9cd19027-827e-5473-b983-52cc81dbed76,https://education.asfai.org/objectives/cf69ee3d-3913-5fcb-8911-520ed5191bb3,relatedTo,uk-nc-2013,KS3.Sci.WS.AE.4,https://education.asfai.org/frameworks/uk-nc-2013/versions/september-2013/items/KS3.Sci.WS.AE.4,unreviewed,mt_3jmBpEepYX,uk-nc-2013:KS3.Sci.WS.AE.4
https://education.asfai.org/alignments/9ce28cd1-ae8b-5a32-bd71-c53b509f6a60,https://education.asfai.org/objectives/b88e2f6c-2c97-59cb-b6e4-0ecab08463b1,relatedTo,ib-pyp-pspe,PSPE-ID-LO-P2-11,https://education.asfai.org/frameworks/ib-pyp-pspe/versions/2009/items/PSPE-ID-LO-P2-11,unreviewed,mt_35-DhMh_Yr,ib-pyp-pspe:PSPE-ID-LO-P2-11
https://education.asfai.org/alignments/9ce60305-20a8-5611-b523-f9c27620c215,https://education.asfai.org/objectives/81447536-ac99-59fb-8aa8-ae988f32839f,relatedTo,uk-nc-2013,Ma6/2.3g,https://education.asfai.org/frameworks/uk-nc-2013/versions/september-2013/items/Ma6%2F2.3g,unreviewed,mt_wPgpMJ0-PA,uk-nc-2013:Ma6/2.3g
https://education.asfai.org/alignments/9d37ccb2-40e0-5d85-b18e-e2d148769a1e,https://education.asfai.org/objectives/dacb9895-6dae-5fed-bbff-b65c2407216b,relatedTo,uk-nc-2013,Eng_App1_Sp_Y34_04,https://education.asfai.org/frameworks/uk-nc-2013/versions/september-2013/items/Eng_App1_Sp_Y34_04,unreviewed,mt_T6nrrf2K43,uk-nc-2013:Eng_App1_Sp_Y34_04
https://education.asfai.org/alignments/9d504346-06a9-54d7-9765-408b02945abc,https://education.asfai.org/objectives/65bedb60-84e4-54e5-9b2e-306741e16b9d,relatedTo,uk-nc-2013,Eng.SL.11,https://education.asfai.org/frameworks/uk-nc-2013/versions/september-2013/items/Eng.SL.11,unreviewed,mt_sXRHr7tfS5,uk-nc-2013:Eng.SL.11
https://education.asfai.org/alignments/9d5b0be5-7afc-5bf1-8295-ba139759d97e,https://education.asfai.org/objectives/e6fd5b7b-2bb4-5aa7-88a6-8eecc4c0da42,relatedTo,ccss-ela,W.3.3a,https://education.asfai.org/frameworks/ccss-ela/versions/2010/items/W.3.3a,unreviewed,mt_vauULTecMH,ccss-ela:W.3.3a
https://education.asfai.org/alignments/9d756521-3370-5204-819a-0d0ebe84f20c,https://education.asfai.org/objectives/be82b038-4d05-587d-a477-d35e592f8300,relatedTo,uk-nc-2013,KS3.Sci.Chem.PNM.3,https://education.asfai.org/frameworks/uk-nc-2013/versions/september-2013/items/KS3.Sci.Chem.PNM.3,unreviewed,mt_b6kZgqolEd,uk-nc-2013:KS3.Sci.Chem.PNM.3
https://education.asfai.org/alignments/9d9a572f-fc70-51d3-9d6e-427509049fa4,https://education.asfai.org/objectives/220ef1a1-c0f7-5370-928c-692f9de067f6,relatedTo,ngss-k5,5-ESS1-2,https://education.asfai.org/frameworks/ngss-k5/versions/2013/items/5-ESS1-2,unreviewed,mt_q15w--Fb5H,ngss-k5:5-ESS1-2
https://education.asfai.org/alignments/9db91871-7d81-520c-8a97-a64ece85399b,https://education.asfai.org/objectives/c2aec65b-9484-5772-b0bf-035119f54552,relatedTo,ccss-ela,W.3.1b,https://education.asfai.org/frameworks/ccss-ela/versions/2010/items/W.3.1b,unreviewed,mt_WKxX-b86Vr,ccss-ela:W.3.1b
https://education.asfai.org/alignments/9dc0b4b9-6cfa-57c7-ba01-e6fb73e5ea88,https://education.asfai.org/objectives/3f9d7beb-adad-540e-974d-cc1553e888d7,relatedTo,ccss-ela,L.3.1i,https://education.asfai.org/frameworks/ccss-ela/versions/2010/items/L.3.1i,unreviewed,mt_wq-1OJ_8s5,ccss-ela:L.3.1i
https://education.asfai.org/alignments/9e12eef6-6f45-5b45-a4b2-f46b54258fdc,https://education.asfai.org/objectives/a1005d26-3bae-5497-9753-7514d37a66e9,relatedTo,uk-nc-2013,Ma/KS2/Y3/M/5,https://education.asfai.org/frameworks/uk-nc-2013/versions/september-2013/items/Ma%2FKS2%2FY3%2FM%2F5,unreviewed,mt_3XJkeIn6J6,uk-nc-2013:Ma/KS2/Y3/M/5
https://education.asfai.org/alignments/9ed5dcc6-c50f-5d06-a605-94a243a5b477,https://education.asfai.org/objectives/95e96947-39c4-5033-b5c2-49f7f3c8852c,relatedTo,uk-nc-2013,Ma/KS2/Y3/S/3,https://education.asfai.org/frameworks/uk-nc-2013/versions/september-2013/items/Ma%2FKS2%2FY3%2FS%2F3,unreviewed,mt_1VSfm9yiLn,uk-nc-2013:Ma/KS2/Y3/S/3
https://education.asfai.org/alignments/9ed9cde9-54f2-516c-b451-3473cd8546ea,https://education.asfai.org/objectives/4d48525f-c3fa-5303-a237-63d823a1d293,relatedTo,ccss-ela,W.8.3,https://education.asfai.org/frameworks/ccss-ela/versions/2010/items/W.8.3,unreviewed,mt_BLzNxSSdWu,ccss-ela:W.8.3
https://education.asfai.org/alignments/9ee77a2b-490e-5580-93e5-9d67e25be74d,https://education.asfai.org/objectives/c305f376-392d-55c4-9a92-a6902eb0be15,relatedTo,ccss-ela,RI.7.10,https://education.asfai.org/frameworks/ccss-ela/versions/2010/items/RI.7.10,unreviewed,mt_9k1qcpvVi_,ccss-ela:RI.7.10
https://education.asfai.org/alignments/9f2084d1-eb35-5279-96d5-94d8324eff54,https://education.asfai.org/objectives/52f53df0-09a2-591e-8abf-a5297b5ae8b1,relatedTo,ccss-ela,L.K.1e,https://education.asfai.org/frameworks/ccss-ela/versions/2010/items/L.K.1e,unreviewed,mt_VY3rBq8RyP,ccss-ela:L.K.1e
https://education.asfai.org/alignments/9f33c10a-b2e0-5212-9529-25e174e3664b,https://education.asfai.org/objectives/2f3c6cbf-6ca8-5470-884c-f4b2e1a74e56,relatedTo,uk-nc-2013,Ma6/2.2f,https://education.asfai.org/frameworks/uk-nc-2013/versions/september-2013/items/Ma6%2F2.2f,unreviewed,mt_jHgRQ4hR0g,uk-nc-2013:Ma6/2.2f
https://education.asfai.org/alignments/9fc06763-cc20-5d7b-a3d9-62804d802e69,https://education.asfai.org/objectives/33c23590-2089-5ef7-9840-5a6a942051ae,relatedTo,uk-nc-2013,Eng_App1_Sp_Y56_11,https://education.asfai.org/frameworks/uk-nc-2013/versions/september-2013/items/Eng_App1_Sp_Y56_11,unreviewed,mt_u3OuIXqmAo,uk-nc-2013:Eng_App1_Sp_Y56_11
https://education.asfai.org/alignments/9ff41e03-6e7d-55b7-b55d-75c47f3435ae,https://education.asfai.org/objectives/f510ca62-877d-50d6-be48-90f110f79ea1,relatedTo,uk-nc-2013,Maths/Y1/F/2,https://education.asfai.org/frameworks/uk-nc-2013/versions/september-2013/items/Maths%2FY1%2FF%2F2,unreviewed,mt_g3W0mdADVu,uk-nc-2013:Maths/Y1/F/2
https://education.asfai.org/alignments/a025bef0-bf8f-5a80-a125-e7d1af071d3f,https://education.asfai.org/objectives/cd81c595-4ee9-5754-9a58-482127c75151,relatedTo,uk-nc-2013,KS3.Maths.Alg.1b,https://education.asfai.org/frameworks/uk-nc-2013/versions/september-2013/items/KS3.Maths.Alg.1b,unreviewed,mt_KwdjWEmMNo,uk-nc-2013:KS3.Maths.Alg.1b
https://education.asfai.org/alignments/a0400be6-8eb2-5a9a-8dad-78160fc558e0,https://education.asfai.org/objectives/34db30b6-ad37-5721-8e66-4ff4df4bc882,relatedTo,ccss-math,3.OA.9,https://education.asfai.org/frameworks/ccss-math/versions/2010/items/3.OA.9,unreviewed,mt_w6MxaaoMXZ,ccss-math:3.OA.9
https://education.asfai.org/alignments/a056c239-c71b-5742-a2d8-2d09b8cc0d36,https://education.asfai.org/objectives/59cba629-653c-5467-b63c-899e4c0627be,relatedTo,ccss-math,1.OA.2,https://education.asfai.org/frameworks/ccss-math/versions/2010/items/1.OA.2,unreviewed,mt_Zx1xZM-RbX,ccss-math:1.OA.2
https://education.asfai.org/alignments/a07a0aa9-f62b-55fe-b8c8-387f5237b1c4,https://education.asfai.org/objectives/74bb2237-7d93-5409-8c77-c034709d9084,relatedTo,uk-nc-2013,Eng_Y1_WH_05,https://education.asfai.org/frameworks/uk-nc-2013/versions/september-2013/items/Eng_Y1_WH_05,unreviewed,mt_DMvKfP4uGC,uk-nc-2013:Eng_Y1_WH_05
https://education.asfai.org/alignments/a07e1cd7-886c-5849-817d-2c3f8acc15b8,https://education.asfai.org/objectives/573c48f5-fee6-5ff6-9469-3bc58b6c2235,relatedTo,ccss-ela,RL.2.7,https://education.asfai.org/frameworks/ccss-ela/versions/2010/items/RL.2.7,unreviewed,mt_OlhMP7ShFT,ccss-ela:RL.2.7
https://education.asfai.org/alignments/a091aefc-435a-527e-9b74-4320deb7f62e,https://education.asfai.org/objectives/c305f376-392d-55c4-9a92-a6902eb0be15,relatedTo,ccss-ela,RI.8.10,https://education.asfai.org/frameworks/ccss-ela/versions/2010/items/RI.8.10,unreviewed,mt_9k1qcpvVi_,ccss-ela:RI.8.10
https://education.asfai.org/alignments/a09a803d-2eee-52d9-85fc-110068fbc485,https://education.asfai.org/objectives/e6d11eea-d4ec-5801-ae7d-27ab5a713a8f,relatedTo,ccss-math,K.G.4,https://education.asfai.org/frameworks/ccss-math/versions/2010/items/K.G.4,unreviewed,mt_yGv8doDAmp,ccss-math:K.G.4
https://education.asfai.org/alignments/a0b69b68-7313-5f68-a17e-04f40b5959f8,https://education.asfai.org/objectives/f8cde7f7-5a19-5a51-9436-9e45b87637db,relatedTo,uk-nc-2013,KS3.Maths.Num.10,https://education.asfai.org/frameworks/uk-nc-2013/versions/september-2013/items/KS3.Maths.Num.10,unreviewed,mt_ALUrJpY0cZ,uk-nc-2013:KS3.Maths.Num.10
https://education.asfai.org/alignments/a0c1158c-4156-5330-b674-9319cc1e2bc2,https://education.asfai.org/objectives/c6b8c99b-3df4-5f0d-818a-325eb6af7713,relatedTo,ccss-ela,L.1.2d,https://education.asfai.org/frameworks/ccss-ela/versions/2010/items/L.1.2d,unreviewed,mt_p_jxNLdus4,ccss-ela:L.1.2d
https://education.asfai.org/alignments/a0cba304-586d-5387-b5eb-d155d9338cc6,https://education.asfai.org/objectives/3b863654-3bcd-5abd-9575-0e488ea95225,relatedTo,ib-pyp-pspe,PSPE.INT.P2.LO.5,https://education.asfai.org/frameworks/ib-pyp-pspe/versions/2009/items/PSPE.INT.P2.LO.5,unreviewed,mt_w4nSIDhIgC,ib-pyp-pspe:PSPE.INT.P2.LO.5
https://education.asfai.org/alignments/a114a8d2-04a2-5212-98c8-5770c89e29a0,https://education.asfai.org/objectives/7786995c-fe84-5d36-b3fd-31b83a46d971,relatedTo,uk-nc-2013,Y6.Sci.L.4,https://education.asfai.org/frameworks/uk-nc-2013/versions/september-2013/items/Y6.Sci.L.4,unreviewed,mt_qZro923zvz,uk-nc-2013:Y6.Sci.L.4
https://education.asfai.org/alignments/a148d044-21d8-5b15-a964-935cf461b743,https://education.asfai.org/objectives/b821333e-f056-5171-bc04-a426530a4725,relatedTo,ib-pyp-pspe,PSPE.INT.P2.CU.5,https://education.asfai.org/frameworks/ib-pyp-pspe/versions/2009/items/PSPE.INT.P2.CU.5,unreviewed,mt_zIzJGkaj0Q,ib-pyp-pspe:PSPE.INT.P2.CU.5
https://education.asfai.org/alignments/a17df996-496e-5391-98d1-aba46946708b,https://education.asfai.org/objectives/67dd3895-6ede-5c2d-80c9-f96b453110f5,relatedTo,ccss-ela,RF.4.4.b,https://education.asfai.org/frameworks/ccss-ela/versions/2010/items/RF.4.4.b,unreviewed,mt_V-ldQp56bF,ccss-ela:RF.4.4.b
https://education.asfai.org/alignments/a1913182-b72a-547f-a51d-c7fe49c6a2db,https://education.asfai.org/objectives/0074c023-9d59-5844-aa9c-09efe622b76c,relatedTo,ccss-math,K.MD.1,https://education.asfai.org/frameworks/ccss-math/versions/2010/items/K.MD.1,unreviewed,mt_NtJYlJdUe9,ccss-math:K.MD.1
https://education.asfai.org/alignments/a195ae30-e0e1-537e-97c0-0c958d0746c2,https://education.asfai.org/objectives/a75be958-3886-5d81-81c7-896b10014dc4,relatedTo,uk-nc-2013,Ma/KS2/Y3/AS/1c,https://education.asfai.org/frameworks/uk-nc-2013/versions/september-2013/items/Ma%2FKS2%2FY3%2FAS%2F1c,unreviewed,mt_xPqczp7zPX,uk-nc-2013:Ma/KS2/Y3/AS/1c
https://education.asfai.org/alignments/a1c510ec-740b-522c-bc61-683d9571410b,https://education.asfai.org/objectives/4bd766e4-e77a-573d-88e1-496a90c2e12e,relatedTo,ngss-k5,1-PS4-4,https://education.asfai.org/frameworks/ngss-k5/versions/2013/items/1-PS4-4,unreviewed,mt_ZL9qVVnpwN,ngss-k5:1-PS4-4
https://education.asfai.org/alignments/a1f178ec-d1d8-5718-827c-e91668221572,https://education.asfai.org/objectives/efead71c-33f2-5de0-b926-e633ab95a746,relatedTo,ccss-ela,L.3.2a,https://education.asfai.org/frameworks/ccss-ela/versions/2010/items/L.3.2a,unreviewed,mt_pis4novXWQ,ccss-ela:L.3.2a
https://education.asfai.org/alignments/a211f8db-d8ed-5010-9e9a-fe631d69d40e,https://education.asfai.org/objectives/d0c1d50a-83af-54ca-9171-2226e8c535bd,relatedTo,uk-nc-2013,Eng_LKS2_Write_Comp_4,https://education.asfai.org/frameworks/uk-nc-2013/versions/september-2013/items/Eng_LKS2_Write_Comp_4,unreviewed,mt_AvJMWQbDsr,uk-nc-2013:Eng_LKS2_Write_Comp_4
https://education.asfai.org/alignments/a2256f89-5eb8-58d3-bf37-d0715edd0f0b,https://education.asfai.org/objectives/0a70711f-e42e-5a0d-aece-6d9bae185cc8,relatedTo,uk-nc-2013,KS3-ENG-W-2c,https://education.asfai.org/frameworks/uk-nc-2013/versions/september-2013/items/KS3-ENG-W-2c,unreviewed,mt_av-uRBrhwT,uk-nc-2013:KS3-ENG-W-2c
https://education.asfai.org/alignments/a24d9518-1dbf-5263-ad9e-011b7bf35f50,https://education.asfai.org/objectives/67dd3895-6ede-5c2d-80c9-f96b453110f5,relatedTo,ccss-ela,RF.1.4,https://education.asfai.org/frameworks/ccss-ela/versions/2010/items/RF.1.4,unreviewed,mt_V-ldQp56bF,ccss-ela:RF.1.4
https://education.asfai.org/alignments/a29cbc4e-2243-546d-9c5f-da353dc4aa3c,https://education.asfai.org/objectives/a9191137-deac-512c-8a9b-f7ab302b257b,relatedTo,uk-nc-2013,Maths/Y2/GPD/2,https://education.asfai.org/frameworks/uk-nc-2013/versions/september-2013/items/Maths%2FY2%2FGPD%2F2,unreviewed,mt_TdV9YGJEoY,uk-nc-2013:Maths/Y2/GPD/2
https://education.asfai.org/alignments/a2afdde9-fa95-56b6-94e6-4a81d65fbe7a,https://education.asfai.org/objectives/23063bca-ea3d-5d40-9972-52f8def43889,relatedTo,ccss-math,1.OA.5,https://education.asfai.org/frameworks/ccss-math/versions/2010/items/1.OA.5,unreviewed,mt_PpWSHA-0kv,ccss-math:1.OA.5
https://education.asfai.org/alignments/a3490f9a-dcdc-5a2b-a87b-32c44608ab70,https://education.asfai.org/objectives/b851ad8f-db42-5b0b-adeb-d478b66c8bde,relatedTo,ngss-ms,MS-LS1-1,https://education.asfai.org/frameworks/ngss-ms/versions/2013/items/MS-LS1-1,unreviewed,mt_VfA4xo4kUv,ngss-ms:MS-LS1-1
https://education.asfai.org/alignments/a36461e9-6874-5a00-bb49-7abe44d27d08,https://education.asfai.org/objectives/32b6d561-49fe-591e-b9e2-fb5e27fd8809,relatedTo,uk-nc-2013,KS3-ENG-R-3c,https://education.asfai.org/frameworks/uk-nc-2013/versions/september-2013/items/KS3-ENG-R-3c,unreviewed,mt_x2sWtfTeYT,uk-nc-2013:KS3-ENG-R-3c
https://education.asfai.org/alignments/a3a4aa2d-b5f0-544a-8f73-a9b19a22103f,https://education.asfai.org/objectives/c23cb09f-499c-57f3-b305-bcfb86d4a125,relatedTo,ccss-ela,L.1.1c,https://education.asfai.org/frameworks/ccss-ela/versions/2010/items/L.1.1c,unreviewed,mt_u7Jxjjatkh,ccss-ela:L.1.1c
https://education.asfai.org/alignments/a3a52bc9-18b4-5e68-8124-0d755695c51f,https://education.asfai.org/objectives/f173cf52-8dd2-51be-8779-38c17ac9dd2e,relatedTo,uk-nc-2013,Maths/Y2/M/8,https://education.asfai.org/frameworks/uk-nc-2013/versions/september-2013/items/Maths%2FY2%2FM%2F8,unreviewed,mt_2XDGT5tei1,uk-nc-2013:Maths/Y2/M/8
https://education.asfai.org/alignments/a3b62982-57d5-5143-9fb6-de21806e673d,https://education.asfai.org/objectives/ced3866b-71cd-5269-8a4a-2b78c4ca366b,relatedTo,uk-nc-2013,KS3.Maths.Geo.8,https://education.asfai.org/frameworks/uk-nc-2013/versions/september-2013/items/KS3.Maths.Geo.8,unreviewed,mt_K0Y15w48SY,uk-nc-2013:KS3.Maths.Geo.8
https://education.asfai.org/alignments/a3c9a674-0bda-5a9f-9a1b-46198f59798d,https://education.asfai.org/objectives/dbe6d74f-1d0a-5283-a565-9aaa97f9356e,relatedTo,ccss-ela,L.5.2c,https://education.asfai.org/frameworks/ccss-ela/versions/2010/items/L.5.2c,unreviewed,mt_AfIzLRvMgW,ccss-ela:L.5.2c
https://education.asfai.org/alignments/a420377d-7df3-5610-9c2d-b1096c9b6db0,https://education.asfai.org/objectives/609fae5f-3742-596d-9a60-d0bd4ee254c9,relatedTo,ccss-math,8.G.8,https://education.asfai.org/frameworks/ccss-math/versions/2010/items/8.G.8,unreviewed,mt_1VmTUxBrNd,ccss-math:8.G.8
https://education.asfai.org/alignments/a4d03cb6-2dca-53bb-81b9-736a64f38471,https://education.asfai.org/objectives/bd1602ca-b011-5c38-a067-d7ad33fbe59e,relatedTo,ccss-ela,W.5.2e,https://education.asfai.org/frameworks/ccss-ela/versions/2010/items/W.5.2e,unreviewed,mt_hp2qJ-QRBn,ccss-ela:W.5.2e
https://education.asfai.org/alignments/a4d7227e-7f3d-5ab0-922b-1b15e87f7e35,https://education.asfai.org/objectives/d68c7701-ec59-5e89-82c2-df298f46ac00,relatedTo,uk-nc-2013,Eng.SL.6,https://education.asfai.org/frameworks/uk-nc-2013/versions/september-2013/items/Eng.SL.6,unreviewed,mt_wwdRhPyz6s,uk-nc-2013:Eng.SL.6
https://education.asfai.org/alignments/a50e8770-055f-58bd-8dfe-04e6174cf089,https://education.asfai.org/objectives/92e8c378-c690-5699-b2f7-fe5509a1e49f,relatedTo,ngss-ms,MS-LS2-4,https://education.asfai.org/frameworks/ngss-ms/versions/2013/items/MS-LS2-4,unreviewed,mt_JSUGQ5Repv,ngss-ms:MS-LS2-4
https://education.asfai.org/alignments/a51afe7d-3794-5c63-89a5-2fca5d6a5e56,https://education.asfai.org/objectives/886fee29-8dd4-5df7-84b6-e3fdd4fb7d5d,relatedTo,ccss-math,7.SP.8b,https://education.asfai.org/frameworks/ccss-math/versions/2010/items/7.SP.8b,unreviewed,mt_1YwOCMMwD8,ccss-math:7.SP.8b
https://education.asfai.org/alignments/a5306550-5718-578a-8ee8-1e456b86facf,https://education.asfai.org/objectives/40aa0045-b08c-5c46-b2cc-90ff7e3057ee,relatedTo,uk-nc-2013,Ma/KS2/Y3/NPV/5,https://education.asfai.org/frameworks/uk-nc-2013/versions/september-2013/items/Ma%2FKS2%2FY3%2FNPV%2F5,unreviewed,mt_VFsuftfvYM,uk-nc-2013:Ma/KS2/Y3/NPV/5
https://education.asfai.org/alignments/a594469f-684f-5544-81d5-b6510ea78304,https://education.asfai.org/objectives/13f1ea5a-8c12-502f-9225-d5dd2c142afa,relatedTo,uk-nc-2013,Y6.Sci.E.2,https://education.asfai.org/frameworks/uk-nc-2013/versions/september-2013/items/Y6.Sci.E.2,unreviewed,mt_-QY08-88rw,uk-nc-2013:Y6.Sci.E.2
https://education.asfai.org/alignments/a5badbca-2640-5071-9001-382d04fcb4a5,https://education.asfai.org/objectives/95111b4a-e03f-5e23-83d4-57d3624bdeb8,relatedTo,ccss-math,7.SP.6,https://education.asfai.org/frameworks/ccss-math/versions/2010/items/7.SP.6,unreviewed,mt_sHJqh6UUya,ccss-math:7.SP.6
https://education.asfai.org/alignments/a5e32856-5d75-5e5d-9e45-fb5b120a9c7a,https://education.asfai.org/objectives/828d7668-ce97-5667-87e9-0f2908739705,relatedTo,ccss-math,8.SP.3,https://education.asfai.org/frameworks/ccss-math/versions/2010/items/8.SP.3,unreviewed,mt_8atyuvPUZc,ccss-math:8.SP.3
https://education.asfai.org/alignments/a5f15f28-6989-5c6d-893f-50f0641484c2,https://education.asfai.org/objectives/75f80d54-4e15-53a0-a73a-ab0d1c47d69a,relatedTo,uk-nc-2013,Eng_App1_Y1_06,https://education.asfai.org/frameworks/uk-nc-2013/versions/september-2013/items/Eng_App1_Y1_06,unreviewed,mt__KHQttMde3,uk-nc-2013:Eng_App1_Y1_06
https://education.asfai.org/alignments/a5f47a98-c5be-5507-b73a-ce03f6314d45,https://education.asfai.org/objectives/303102b8-54ea-575b-843e-dc77796b3749,relatedTo,ccss-ela,L.5.5c,https://education.asfai.org/frameworks/ccss-ela/versions/2010/items/L.5.5c,unreviewed,mt_E5YbLvMgLL,ccss-ela:L.5.5c
https://education.asfai.org/alignments/a601fdfe-e52e-5a42-8d9c-09ea67a26b50,https://education.asfai.org/objectives/32b6d561-49fe-591e-b9e2-fb5e27fd8809,relatedTo,ccss-ela,RL.8.6,https://education.asfai.org/frameworks/ccss-ela/versions/2010/items/RL.8.6,unreviewed,mt_x2sWtfTeYT,ccss-ela:RL.8.6
https://education.asfai.org/alignments/a65dc16b-8228-5ce6-9965-92c3645885d6,https://education.asfai.org/objectives/be9074b5-400a-50f1-9de4-6f02aadd127b,relatedTo,uk-nc-2013,Eng.UKS2.Write.VGP.2f,https://education.asfai.org/frameworks/uk-nc-2013/versions/september-2013/items/Eng.UKS2.Write.VGP.2f,unreviewed,mt_wUyAZJikAA,uk-nc-2013:Eng.UKS2.Write.VGP.2f
https://education.asfai.org/alignments/a6724561-f662-5ec8-894f-de2675384385,https://education.asfai.org/objectives/a10be1e5-4bfe-586c-bfb5-2c7d32e62f97,relatedTo,uk-nc-2013,KS3-ENG-W-1a,https://education.asfai.org/frameworks/uk-nc-2013/versions/september-2013/items/KS3-ENG-W-1a,unreviewed,mt_Qxyikkkzam,uk-nc-2013:KS3-ENG-W-1a
https://education.asfai.org/alignments/a68f46a2-033a-5bdb-9fcb-664c82de23f1,https://education.asfai.org/objectives/90daa586-6d60-5bf8-ba99-c32a9296c6bd,relatedTo,uk-nc-2013,Eng_App1_Sp_Y34_09,https://education.asfai.org/frameworks/uk-nc-2013/versions/september-2013/items/Eng_App1_Sp_Y34_09,unreviewed,mt_tHtjfjjFrl,uk-nc-2013:Eng_App1_Sp_Y34_09
https://education.asfai.org/alignments/a6943f73-a969-5c95-bab5-4e6c2e6dacfc,https://education.asfai.org/objectives/3c270770-22c4-5e3b-8a6a-7301bbd69dac,relatedTo,uk-nc-2013,Eng_Y1_RC_11,https://education.asfai.org/frameworks/uk-nc-2013/versions/september-2013/items/Eng_Y1_RC_11,unreviewed,mt_8-POYyg7GJ,uk-nc-2013:Eng_Y1_RC_11
https://education.asfai.org/alignments/a698e680-38d1-5080-ba49-24026061a561,https://education.asfai.org/objectives/a3069524-5870-5b8b-a088-61bd7428b964,relatedTo,uk-nc-2013,KS3.Maths.Ratio.10,https://education.asfai.org/frameworks/uk-nc-2013/versions/september-2013/items/KS3.Maths.Ratio.10,unreviewed,mt_kLQOzZYrd5,uk-nc-2013:KS3.Maths.Ratio.10
https://education.asfai.org/alignments/a6c45fcc-fbc6-5e1e-b69e-cb52bc12c91a,https://education.asfai.org/objectives/efead71c-33f2-5de0-b926-e633ab95a746,relatedTo,ccss-ela,W.5.5,https://education.asfai.org/frameworks/ccss-ela/versions/2010/items/W.5.5,unreviewed,mt_pis4novXWQ,ccss-ela:W.5.5
https://education.asfai.org/alignments/a6d94c47-39ae-5d85-8684-271884bd5b6d,https://education.asfai.org/objectives/1a22e834-f596-5f0b-94f3-17bc2e8ffa73,relatedTo,ccss-math,6.EE.8,https://education.asfai.org/frameworks/ccss-math/versions/2010/items/6.EE.8,unreviewed,mt_i2F1nWxJjv,ccss-math:6.EE.8
https://education.asfai.org/alignments/a6e5326f-03f1-5033-8c81-5a62312ee6eb,https://education.asfai.org/objectives/b8ebdac0-033a-534a-a10d-8c8374fd0bcf,relatedTo,uk-nc-2013,Eng_App1_Sp_Y56_12,https://education.asfai.org/frameworks/uk-nc-2013/versions/september-2013/items/Eng_App1_Sp_Y56_12,unreviewed,mt_sJyZW4qYUG,uk-nc-2013:Eng_App1_Sp_Y56_12
https://education.asfai.org/alignments/a6ec3fdd-b005-576d-9a2e-0c839267d25a,https://education.asfai.org/objectives/8a51c959-fc48-5b0d-ac46-ebb809daca66,relatedTo,ccss-ela,L.4.3b,https://education.asfai.org/frameworks/ccss-ela/versions/2010/items/L.4.3b,unreviewed,mt_LMX-nZETLM,ccss-ela:L.4.3b
https://education.asfai.org/alignments/a6f921f9-acdf-5c80-af69-1675ceb10c8e,https://education.asfai.org/objectives/e4478b19-3256-5050-81ae-991743de306e,relatedTo,uk-nc-2013,Maths/Y2/M/4,https://education.asfai.org/frameworks/uk-nc-2013/versions/september-2013/items/Maths%2FY2%2FM%2F4,unreviewed,mt_AF2BeFQwfX,uk-nc-2013:Maths/Y2/M/4
https://education.asfai.org/alignments/a716eea4-4488-57b9-b705-1491f17aaa2f,https://education.asfai.org/objectives/2869149f-aa27-5576-8015-c17a341f1cd7,relatedTo,uk-nc-2013,KS3.Sci.Bio.GasExchange.6,https://education.asfai.org/frameworks/uk-nc-2013/versions/september-2013/items/KS3.Sci.Bio.GasExchange.6,unreviewed,mt_mquPi2IP-J,uk-nc-2013:KS3.Sci.Bio.GasExchange.6
https://education.asfai.org/alignments/a71dee47-557e-54e4-b530-a1b7cc017039,https://education.asfai.org/objectives/3896ccbe-bcd8-5e99-a9e7-8920a522e1f7,relatedTo,ccss-math,6.NS.5,https://education.asfai.org/frameworks/ccss-math/versions/2010/items/6.NS.5,unreviewed,mt_9QzSnn8m80,ccss-math:6.NS.5
https://education.asfai.org/alignments/a7274a04-bc1c-57cf-b8d2-0b855725c73d,https://education.asfai.org/objectives/bd1602ca-b011-5c38-a067-d7ad33fbe59e,relatedTo,ccss-ela,W.4.2a,https://education.asfai.org/frameworks/ccss-ela/versions/2010/items/W.4.2a,unreviewed,mt_hp2qJ-QRBn,ccss-ela:W.4.2a
https://education.asfai.org/alignments/a76118bf-7f95-5711-98a3-b8800ecfc384,https://education.asfai.org/objectives/9ad09aa2-8958-5616-a05a-dd711d445e82,relatedTo,uk-nc-2013,Y4.Sci.E.2,https://education.asfai.org/frameworks/uk-nc-2013/versions/september-2013/items/Y4.Sci.E.2,unreviewed,mt_DA7-JYRvtP,uk-nc-2013:Y4.Sci.E.2
https://education.asfai.org/alignments/a78ed1ae-7fbf-5592-8b01-0e506ad6898e,https://education.asfai.org/objectives/5ec36ee9-5a69-5c7b-b6b9-559a35f55d2b,relatedTo,ngss-k5,2-ESS1-1,https://education.asfai.org/frameworks/ngss-k5/versions/2013/items/2-ESS1-1,unreviewed,mt_ZJu8s-Q1xa,ngss-k5:2-ESS1-1
https://education.asfai.org/alignments/a7927557-081e-564f-ac1a-7bb0b147ae37,https://education.asfai.org/objectives/dcaf0553-20eb-52aa-83f3-f36d09cda5dc,relatedTo,uk-nc-2013,KS3.Maths.Alg.4a,https://education.asfai.org/frameworks/uk-nc-2013/versions/september-2013/items/KS3.Maths.Alg.4a,unreviewed,mt_nNNVrLqPW3,uk-nc-2013:KS3.Maths.Alg.4a
https://education.asfai.org/alignments/a8096f1c-7d49-59db-aae2-53fd7e36b315,https://education.asfai.org/objectives/8bb9c18d-f6bf-5195-98c7-dd9074f3ca3c,relatedTo,ngss-k5,2-PS1-2,https://education.asfai.org/frameworks/ngss-k5/versions/2013/items/2-PS1-2,unreviewed,mt_e3-_toGuWf,ngss-k5:2-PS1-2
https://education.asfai.org/alignments/a82f38b8-bf19-5b23-b30f-5c48edcd98db,https://education.asfai.org/objectives/c9ad87b3-c43e-59ee-ae95-8ef9e619cf8f,relatedTo,uk-nc-2013,KS3.Sci.Phys.Waves.1,https://education.asfai.org/frameworks/uk-nc-2013/versions/september-2013/items/KS3.Sci.Phys.Waves.1,unreviewed,mt_LxK9OKZQZX,uk-nc-2013:KS3.Sci.Phys.Waves.1
https://education.asfai.org/alignments/a84876b8-f690-5a80-bc4f-1ed4923d4163,https://education.asfai.org/objectives/3054ff33-a4c8-54c7-8ba9-b21ebe43bbec,relatedTo,ccss-math,2.NBT.5,https://education.asfai.org/frameworks/ccss-math/versions/2010/items/2.NBT.5,unreviewed,mt_cChv2j_-Da,ccss-math:2.NBT.5
https://education.asfai.org/alignments/a8549ddb-bb10-5880-b1d1-bd79069e784e,https://education.asfai.org/objectives/d4fdb3c9-35d5-53a0-ba8e-8f24e0eb1ec4,relatedTo,ccss-ela,RI.K.9,https://education.asfai.org/frameworks/ccss-ela/versions/2010/items/RI.K.9,unreviewed,mt_GLY3R3YSlf,ccss-ela:RI.K.9
https://education.asfai.org/alignments/a86f1aac-8254-552e-bbcc-819bc01d337e,https://education.asfai.org/objectives/1bebfc4e-298e-56b8-ac2a-bc8f02aca01f,relatedTo,ccss-ela,L.3.5c,https://education.asfai.org/frameworks/ccss-ela/versions/2010/items/L.3.5c,unreviewed,mt_VLu59hpQ4T,ccss-ela:L.3.5c
https://education.asfai.org/alignments/a872febe-a82a-5155-a276-d43dcb4a0f11,https://education.asfai.org/objectives/06a87110-a7dc-56e5-b3b9-13cc4ebf67bf,relatedTo,ccss-math,7.G.5,https://education.asfai.org/frameworks/ccss-math/versions/2010/items/7.G.5,unreviewed,mt_tedML_iu4Y,ccss-math:7.G.5
https://education.asfai.org/alignments/a8af2bab-4721-57fe-a76d-f8e9829aec48,https://education.asfai.org/objectives/61366592-edfe-597c-8b6a-513fce9981a9,relatedTo,uk-nc-2013,Ma/KS2/Y4/NPV/6,https://education.asfai.org/frameworks/uk-nc-2013/versions/september-2013/items/Ma%2FKS2%2FY4%2FNPV%2F6,unreviewed,mt_lC_Q5mSL_I,uk-nc-2013:Ma/KS2/Y4/NPV/6
https://education.asfai.org/alignments/a8da8b4f-a552-5c05-a7e0-d581c625d140,https://education.asfai.org/objectives/1208540f-50ca-51b9-8d7d-d037b14d4a01,relatedTo,uk-nc-2013,KS3.Sci.Chem.CR.4,https://education.asfai.org/frameworks/uk-nc-2013/versions/september-2013/items/KS3.Sci.Chem.CR.4,unreviewed,mt_QKRYLwaOU8,uk-nc-2013:KS3.Sci.Chem.CR.4
https://education.asfai.org/alignments/a9030bd2-733f-568f-8f9f-7b8f2340a603,https://education.asfai.org/objectives/10a9c24b-0f80-577c-85e9-e12f2e4b7ffe,relatedTo,uk-nc-2013,Maths/Y2/MD/4,https://education.asfai.org/frameworks/uk-nc-2013/versions/september-2013/items/Maths%2FY2%2FMD%2F4,unreviewed,mt_wh3UqnWsa7,uk-nc-2013:Maths/Y2/MD/4
https://education.asfai.org/alignments/a90a0912-c86d-5b4d-b643-c5aa69cf2ceb,https://education.asfai.org/objectives/2b9ca2a5-78d0-55fd-b25f-429d61a85f2c,relatedTo,ngss-k5,5-PS1-2,https://education.asfai.org/frameworks/ngss-k5/versions/2013/items/5-PS1-2,unreviewed,mt_ehC1wsdmUz,ngss-k5:5-PS1-2
https://education.asfai.org/alignments/a921445e-5592-5f80-aa63-0a26a740abd3,https://education.asfai.org/objectives/0166e672-67c7-5501-8547-836b83d2242a,relatedTo,uk-nc-2013,Maths/Y2/M/3,https://education.asfai.org/frameworks/uk-nc-2013/versions/september-2013/items/Maths%2FY2%2FM%2F3,unreviewed,mt_pbuhUQJjtt,uk-nc-2013:Maths/Y2/M/3
https://education.asfai.org/alignments/a943601e-5487-56a5-b11a-f98af42ff350,https://education.asfai.org/objectives/4df1d499-5fbc-5b07-905a-e5f5ccf841ad,relatedTo,ngss-k5,K-ESS2-1,https://education.asfai.org/frameworks/ngss-k5/versions/2013/items/K-ESS2-1,unreviewed,mt_HZvTriQWTh,ngss-k5:K-ESS2-1
https://education.asfai.org/alignments/a9530223-8939-53b2-bc2c-9eb846f57e4b,https://education.asfai.org/objectives/8f50da61-1c62-5806-9861-14dab031b6ba,relatedTo,ngss-k5,K-2-ETS1-3,https://education.asfai.org/frameworks/ngss-k5/versions/2013/items/K-2-ETS1-3,unreviewed,mt_nNYo5A-7Bl,ngss-k5:K-2-ETS1-3
https://education.asfai.org/alignments/a97c3934-8a15-57bd-9fa7-2f6242179b50,https://education.asfai.org/objectives/a5a52c4a-a4ca-50ef-b497-c2fd47572a33,relatedTo,uk-nc-2013,Eng.UKS2.Write.VGP.3,https://education.asfai.org/frameworks/uk-nc-2013/versions/september-2013/items/Eng.UKS2.Write.VGP.3,unreviewed,mt_hzkNpp2PdV,uk-nc-2013:Eng.UKS2.Write.VGP.3
https://education.asfai.org/alignments/a9d7265a-f295-5816-be7f-d7bb1d96dcb7,https://education.asfai.org/objectives/89aa6c75-c9c5-5061-b7da-8eb7664a2b6c,relatedTo,uk-nc-2013,KS3.Sci.Phys.Energy.1,https://education.asfai.org/frameworks/uk-nc-2013/versions/september-2013/items/KS3.Sci.Phys.Energy.1,unreviewed,mt_Jvg_r4yWaY,uk-nc-2013:KS3.Sci.Phys.Energy.1
https://education.asfai.org/alignments/a9e826a6-55bd-5778-b2c1-8e1c57916d76,https://education.asfai.org/objectives/ddc199a3-7bff-575f-a0cd-38f2ef86558a,relatedTo,uk-nc-2013,Maths/Y1/MD/1,https://education.asfai.org/frameworks/uk-nc-2013/versions/september-2013/items/Maths%2FY1%2FMD%2F1,unreviewed,mt_GRWwTDZ3wD,uk-nc-2013:Maths/Y1/MD/1
https://education.asfai.org/alignments/a9f1d978-e692-5c7c-8ead-9bc7be019dc4,https://education.asfai.org/objectives/efead71c-33f2-5de0-b926-e633ab95a746,relatedTo,uk-nc-2013,Eng.UKS2.Write.Comp.3d,https://education.asfai.org/frameworks/uk-nc-2013/versions/september-2013/items/Eng.UKS2.Write.Comp.3d,unreviewed,mt_pis4novXWQ,uk-nc-2013:Eng.UKS2.Write.Comp.3d
https://education.asfai.org/alignments/aa0681d8-9f1d-5f28-9e58-4be0e54d9edf,https://education.asfai.org/objectives/7ec14782-e4de-5ab1-bf31-0c47d6326784,relatedTo,ccss-ela,RI.1.5,https://education.asfai.org/frameworks/ccss-ela/versions/2010/items/RI.1.5,unreviewed,mt_ZhUuT__i2H,ccss-ela:RI.1.5
https://education.asfai.org/alignments/aa09a05d-6e73-52a9-94a7-bb7c194d8d97,https://education.asfai.org/objectives/24660dbf-dd7b-5ac5-9a72-786d4cd0975e,relatedTo,uk-nc-2013,KS3.Maths.Geo.1,https://education.asfai.org/frameworks/uk-nc-2013/versions/september-2013/items/KS3.Maths.Geo.1,unreviewed,mt_tAJH5BrpOx,uk-nc-2013:KS3.Maths.Geo.1
https://education.asfai.org/alignments/aa4a943b-97f6-5c0c-b07f-befb58abfdb0,https://education.asfai.org/objectives/9234b580-8e6c-528f-9534-1536569b1d38,relatedTo,ngss-k5,4-ESS1-1,https://education.asfai.org/frameworks/ngss-k5/versions/2013/items/4-ESS1-1,unreviewed,mt_GheLsWvrJ4,ngss-k5:4-ESS1-1
https://education.asfai.org/alignments/aa79b7a6-db25-57ea-9c7e-69b6f9776339,https://education.asfai.org/objectives/b851ad8f-db42-5b0b-adeb-d478b66c8bde,relatedTo,uk-nc-2013,KS3.Sci.Bio.Cells.1,https://education.asfai.org/frameworks/uk-nc-2013/versions/september-2013/items/KS3.Sci.Bio.Cells.1,unreviewed,mt_VfA4xo4kUv,uk-nc-2013:KS3.Sci.Bio.Cells.1
https://education.asfai.org/alignments/aa91efdd-c2d8-5f9b-ba15-253d64bb677e,https://education.asfai.org/objectives/3b863654-3bcd-5abd-9575-0e488ea95225,relatedTo,ib-pyp-pspe,PSPE.INT.P2.LO.6,https://education.asfai.org/frameworks/ib-pyp-pspe/versions/2009/items/PSPE.INT.P2.LO.6,unreviewed,mt_w4nSIDhIgC,ib-pyp-pspe:PSPE.INT.P2.LO.6
https://education.asfai.org/alignments/aaa38799-9304-52c0-8c18-98dee29aeffe,https://education.asfai.org/objectives/e520016b-2a3a-578f-a43d-7c0a52bfd42f,relatedTo,ccss-ela,L.1.1a,https://education.asfai.org/frameworks/ccss-ela/versions/2010/items/L.1.1a,unreviewed,mt_02DH7sGXCi,ccss-ela:L.1.1a
https://education.asfai.org/alignments/aaca67e9-b834-5e3b-8fac-e61628b94a3d,https://education.asfai.org/objectives/29e8dc19-6b32-536d-9ef6-c10b14368781,relatedTo,uk-nc-2013,Eng.UKS2.Write.VGP.2b,https://education.asfai.org/frameworks/uk-nc-2013/versions/september-2013/items/Eng.UKS2.Write.VGP.2b,unreviewed,mt_QpmVikVaqY,uk-nc-2013:Eng.UKS2.Write.VGP.2b
https://education.asfai.org/alignments/aaedb4aa-f83b-5dd1-9df5-1ce454020b7f,https://education.asfai.org/objectives/602e6de6-2ccc-5809-ae64-d39dbc8791bf,relatedTo,ib-pyp-pspe,PSPE.INT.P2.CU.1,https://education.asfai.org/frameworks/ib-pyp-pspe/versions/2009/items/PSPE.INT.P2.CU.1,unreviewed,mt_QxsoqVUt6u,ib-pyp-pspe:PSPE.INT.P2.CU.1
https://education.asfai.org/alignments/aaf330bc-176c-5c7e-b2c6-0032f7cb478b,https://education.asfai.org/objectives/887d6927-2085-5f5b-a3c8-73f00a280e58,relatedTo,uk-nc-2013,Eng_App1_Sp_Y34_16,https://education.asfai.org/frameworks/uk-nc-2013/versions/september-2013/items/Eng_App1_Sp_Y34_16,unreviewed,mt_HdI1y5KsBl,uk-nc-2013:Eng_App1_Sp_Y34_16
https://education.asfai.org/alignments/aaf7af50-3a5a-5d60-8c1e-b47cf8606fc2,https://education.asfai.org/objectives/3896ccbe-bcd8-5e99-a9e7-8920a522e1f7,relatedTo,ccss-math,6.NS.6a,https://education.asfai.org/frameworks/ccss-math/versions/2010/items/6.NS.6a,unreviewed,mt_9QzSnn8m80,ccss-math:6.NS.6a
https://education.asfai.org/alignments/ab0d88b7-d5e8-5343-ba62-c80aee98dc6b,https://education.asfai.org/objectives/05150e37-2615-5209-af28-3bd97083ea08,relatedTo,ccss-math,6.NS.1,https://education.asfai.org/frameworks/ccss-math/versions/2010/items/6.NS.1,unreviewed,mt_gNUE4B3vuk,ccss-math:6.NS.1
https://education.asfai.org/alignments/ab3aa429-5a86-5e86-a1a5-10cd68ba69de,https://education.asfai.org/objectives/7a587405-22d0-5b00-9b60-7151754b3e0a,relatedTo,uk-nc-2013,KS3.Sci.Bio.Nutrition.3,https://education.asfai.org/frameworks/uk-nc-2013/versions/september-2013/items/KS3.Sci.Bio.Nutrition.3,unreviewed,mt_NZHFcEtTyI,uk-nc-2013:KS3.Sci.Bio.Nutrition.3
https://education.asfai.org/alignments/ab7e7d3d-1fea-5d35-9197-7b2622b3314c,https://education.asfai.org/objectives/d922a10c-d0c9-559a-b697-f4a1371f2671,relatedTo,uk-nc-2013,Eng_App1_Sp_Y56_04,https://education.asfai.org/frameworks/uk-nc-2013/versions/september-2013/items/Eng_App1_Sp_Y56_04,unreviewed,mt_9hBs430cU4,uk-nc-2013:Eng_App1_Sp_Y56_04
https://education.asfai.org/alignments/ab7ecf04-2b8d-5283-b424-55c307c4ad59,https://education.asfai.org/objectives/5ef36dd2-9132-5bcf-9fd6-f1e7cfe30eb5,relatedTo,uk-nc-2013,Ma/KS2/Y3/NPV/6,https://education.asfai.org/frameworks/uk-nc-2013/versions/september-2013/items/Ma%2FKS2%2FY3%2FNPV%2F6,unreviewed,mt_98c2qwEF7Q,uk-nc-2013:Ma/KS2/Y3/NPV/6
https://education.asfai.org/alignments/ab93bc68-e132-5412-bc7d-62cca300e630,https://education.asfai.org/objectives/8457883a-338c-526b-a71a-25b52cd1265e,relatedTo,uk-nc-2013,Ma/KS2/Y3/AS/4,https://education.asfai.org/frameworks/uk-nc-2013/versions/september-2013/items/Ma%2FKS2%2FY3%2FAS%2F4,unreviewed,mt_XuHmIn2xje,uk-nc-2013:Ma/KS2/Y3/AS/4
https://education.asfai.org/alignments/ab952abd-3e7b-55a8-b808-fe4067da8305,https://education.asfai.org/objectives/e64eb39c-de67-5bfe-b8b2-3c5a4910fe60,relatedTo,ccss-ela,RL.6.3,https://education.asfai.org/frameworks/ccss-ela/versions/2010/items/RL.6.3,unreviewed,mt_Hqz5y_tWz2,ccss-ela:RL.6.3
https://education.asfai.org/alignments/aba13aeb-b9df-560f-919b-c58dd8d77eb5,https://education.asfai.org/objectives/adc2c5d5-416f-527b-a188-3e2b637db8d9,relatedTo,ccss-math,2.MD.6,https://education.asfai.org/frameworks/ccss-math/versions/2010/items/2.MD.6,unreviewed,mt_19j_5AuuQI,ccss-math:2.MD.6
https://education.asfai.org/alignments/abb5e72d-565f-5e3a-9bf2-63e620b65aa4,https://education.asfai.org/objectives/bd1602ca-b011-5c38-a067-d7ad33fbe59e,relatedTo,ccss-ela,W.5.2c,https://education.asfai.org/frameworks/ccss-ela/versions/2010/items/W.5.2c,unreviewed,mt_hp2qJ-QRBn,ccss-ela:W.5.2c
https://education.asfai.org/alignments/abe8c6d0-e190-556c-baa5-b8258b988362,https://education.asfai.org/objectives/326ac617-63e5-5e79-b1b2-9c13e2fb4d13,relatedTo,ccss-ela,L.8.1c,https://education.asfai.org/frameworks/ccss-ela/versions/2010/items/L.8.1c,unreviewed,mt_N5tciHU8cE,ccss-ela:L.8.1c
https://education.asfai.org/alignments/ac6105ea-6209-5712-9870-5e7b14e7a06e,https://education.asfai.org/objectives/b2dccce4-aa7c-54e9-9684-e2c3dacf7dbe,relatedTo,uk-nc-2013,Maths/Y2/NPV/5,https://education.asfai.org/frameworks/uk-nc-2013/versions/september-2013/items/Maths%2FY2%2FNPV%2F5,unreviewed,mt_76SPWvdI7r,uk-nc-2013:Maths/Y2/NPV/5
https://education.asfai.org/alignments/ac68ba49-a69f-55b7-a58e-a5eced7117f8,https://education.asfai.org/objectives/b5f24198-4b63-5058-91ab-cebee70ca998,relatedTo,uk-nc-2013,KS3.Maths.Ratio.4,https://education.asfai.org/frameworks/uk-nc-2013/versions/september-2013/items/KS3.Maths.Ratio.4,unreviewed,mt_XWSGuFW7It,uk-nc-2013:KS3.Maths.Ratio.4
https://education.asfai.org/alignments/acd45714-b96e-5dbd-9e9c-56b0b6cf01cc,https://education.asfai.org/objectives/25c23eda-7716-5b90-9e85-d3207a86b930,relatedTo,ngss-k5,2-ESS2-1,https://education.asfai.org/frameworks/ngss-k5/versions/2013/items/2-ESS2-1,unreviewed,mt_m6UaSmrQVG,ngss-k5:2-ESS2-1
https://education.asfai.org/alignments/ad0993b2-76a6-5d36-bd22-b21010570f50,https://education.asfai.org/objectives/d5a55fa8-0218-5f1d-82c6-d5214e50f683,relatedTo,uk-nc-2013,Eng.UKS2.Write.Comp.4,https://education.asfai.org/frameworks/uk-nc-2013/versions/september-2013/items/Eng.UKS2.Write.Comp.4,unreviewed,mt_nYU6x2E2T8,uk-nc-2013:Eng.UKS2.Write.Comp.4
https://education.asfai.org/alignments/ad44280e-bf9d-56f4-a733-f64a81d1e180,https://education.asfai.org/objectives/0f8011ed-ea20-5129-a3d0-763477f6ad80,relatedTo,uk-nc-2013,Maths/Y1/GPD/1,https://education.asfai.org/frameworks/uk-nc-2013/versions/september-2013/items/Maths%2FY1%2FGPD%2F1,unreviewed,mt_qeZYF6HZ4o,uk-nc-2013:Maths/Y1/GPD/1
https://education.asfai.org/alignments/ad90b448-4c0b-5764-98f8-7622285f39d7,https://education.asfai.org/objectives/17a5b7ac-ec20-5352-ba89-2a5503cb577f,relatedTo,uk-nc-2013,Eng.App2.Y5.Word.2,https://education.asfai.org/frameworks/uk-nc-2013/versions/september-2013/items/Eng.App2.Y5.Word.2,unreviewed,mt_qw6mhOl-Qy,uk-nc-2013:Eng.App2.Y5.Word.2
https://education.asfai.org/alignments/adc3f9c5-899b-5356-8093-a888ac939461,https://education.asfai.org/objectives/2ad4f6e5-ddd3-5096-b0f2-a1b641e08eab,relatedTo,uk-nc-2013,Maths/Y2/AS/2,https://education.asfai.org/frameworks/uk-nc-2013/versions/september-2013/items/Maths%2FY2%2FAS%2F2,unreviewed,mt_wzAZ8qFDc4,uk-nc-2013:Maths/Y2/AS/2
https://education.asfai.org/alignments/ae12b184-811b-50b4-b070-cacd7491fbc2,https://education.asfai.org/objectives/ea2d47fe-1dee-5993-a66d-497814cfb308,relatedTo,ccss-math,8.EE.5,https://education.asfai.org/frameworks/ccss-math/versions/2010/items/8.EE.5,unreviewed,mt_WBdHkc2HTf,ccss-math:8.EE.5
https://education.asfai.org/alignments/ae1ea5a9-6bd1-50d1-8425-24dbfd8b6883,https://education.asfai.org/objectives/6d99465d-f31e-5795-8915-a69eca5fe0b5,relatedTo,ngss-k5,1-LS3-1,https://education.asfai.org/frameworks/ngss-k5/versions/2013/items/1-LS3-1,unreviewed,mt_oR6dwRj2Ll,ngss-k5:1-LS3-1
https://education.asfai.org/alignments/ae6b3fb8-c35c-5cc4-9e5f-abc7bca26772,https://education.asfai.org/objectives/ffc6e82b-511f-51a4-ab28-398597491a5e,relatedTo,uk-nc-2013,KS3-ENG-GV-1c,https://education.asfai.org/frameworks/uk-nc-2013/versions/september-2013/items/KS3-ENG-GV-1c,unreviewed,mt_OLwNsTI6C7,uk-nc-2013:KS3-ENG-GV-1c
https://education.asfai.org/alignments/ae6d4176-ec57-5236-a44a-1d3f089725d4,https://education.asfai.org/objectives/e81a7bd0-8a7b-53ee-8e07-7955c94fe5e1,relatedTo,ngss-k5,4-PS3-2,https://education.asfai.org/frameworks/ngss-k5/versions/2013/items/4-PS3-2,unreviewed,mt_X_aDUBh-HF,ngss-k5:4-PS3-2
https://education.asfai.org/alignments/ae6d9c60-c272-5418-ae63-b011c91eab86,https://education.asfai.org/objectives/559b371b-8069-56f2-a318-f109e03adfd4,relatedTo,ccss-math,1.G.2,https://education.asfai.org/frameworks/ccss-math/versions/2010/items/1.G.2,unreviewed,mt_QNxFnxikCN,ccss-math:1.G.2
https://education.asfai.org/alignments/aeb308ee-fa14-5aca-96f2-e327a592f349,https://education.asfai.org/objectives/33c23590-2089-5ef7-9840-5a6a942051ae,relatedTo,uk-nc-2013,Eng.UKS2.Write.Trans.Spell.3,https://education.asfai.org/frameworks/uk-nc-2013/versions/september-2013/items/Eng.UKS2.Write.Trans.Spell.3,unreviewed,mt_u3OuIXqmAo,uk-nc-2013:Eng.UKS2.Write.Trans.Spell.3
https://education.asfai.org/alignments/aeb75348-c4d3-53d3-8f10-0a74a841fc2e,https://education.asfai.org/objectives/3b21722e-5257-5992-a9a0-3319a93c2651,relatedTo,ccss-ela,RI.1.3,https://education.asfai.org/frameworks/ccss-ela/versions/2010/items/RI.1.3,unreviewed,mt_VEwM7ClYYE,ccss-ela:RI.1.3
https://education.asfai.org/alignments/aebb36b8-f56e-5766-824e-6a5d22cf7948,https://education.asfai.org/objectives/754ae04a-0907-532c-81af-cff93c32f3a2,relatedTo,ccss-ela,RL.3.1,https://education.asfai.org/frameworks/ccss-ela/versions/2010/items/RL.3.1,unreviewed,mt_E5KC4AnRLW,ccss-ela:RL.3.1
https://education.asfai.org/alignments/aecbe5bb-c223-59ee-b38e-ba5b9ef89d65,https://education.asfai.org/objectives/35909676-789a-523c-8b28-7a83d0f8a7e7,relatedTo,ccss-ela,W.8.8,https://education.asfai.org/frameworks/ccss-ela/versions/2010/items/W.8.8,unreviewed,mt_Qcsl1Z1x0l,ccss-ela:W.8.8
https://education.asfai.org/alignments/aeed354b-6f6d-5077-a0dd-2189016a9b9b,https://education.asfai.org/objectives/093191e4-85ed-57ed-a37f-bd5f23e14f5e,relatedTo,ccss-ela,L.4.5b,https://education.asfai.org/frameworks/ccss-ela/versions/2010/items/L.4.5b,unreviewed,mt_IoGOSAQ8bz,ccss-ela:L.4.5b
https://education.asfai.org/alignments/af02ea24-757a-5bb5-8e2b-c3ddd3f129b9,https://education.asfai.org/objectives/335db539-434d-50e1-a0c9-bf9d6748e929,relatedTo,uk-nc-2013,Eng.UKS2.Write.Trans.Spell.5,https://education.asfai.org/frameworks/uk-nc-2013/versions/september-2013/items/Eng.UKS2.Write.Trans.Spell.5,unreviewed,mt_6W5zzDIGZH,uk-nc-2013:Eng.UKS2.Write.Trans.Spell.5
https://education.asfai.org/alignments/af563924-cf37-5e25-94d4-e5edd1ac5783,https://education.asfai.org/objectives/e8e11fdb-1541-5905-a648-487c07d74969,relatedTo,uk-nc-2013,Eng_LKS2_Write_VGP_3,https://education.asfai.org/frameworks/uk-nc-2013/versions/september-2013/items/Eng_LKS2_Write_VGP_3,unreviewed,mt_9yFAtUkoYr,uk-nc-2013:Eng_LKS2_Write_VGP_3
https://education.asfai.org/alignments/af8c9316-bfda-5189-a959-1d5ff76b78c1,https://education.asfai.org/objectives/8377d4b9-4bf2-56f9-9b24-ec0e90a60577,relatedTo,ngss-k5,3-LS2-1,https://education.asfai.org/frameworks/ngss-k5/versions/2013/items/3-LS2-1,unreviewed,mt_i4bDqjyglj,ngss-k5:3-LS2-1
https://education.asfai.org/alignments/af983d1c-aae3-5c1f-8ed5-6cf33f7937df,https://education.asfai.org/objectives/0c62de61-8c9a-5c5e-9b12-363aae81d1f5,relatedTo,uk-nc-2013,Eng_LKS2_Write_Comp_2,https://education.asfai.org/frameworks/uk-nc-2013/versions/september-2013/items/Eng_LKS2_Write_Comp_2,unreviewed,mt_9P9o6d0Qm3,uk-nc-2013:Eng_LKS2_Write_Comp_2
https://education.asfai.org/alignments/af9a516a-4eeb-5f46-a5cc-6fa4a5c8e278,https://education.asfai.org/objectives/41b2caaf-e764-5afc-b337-82a2aca5bae9,relatedTo,uk-nc-2013,KS3.Sci.Phys.MotionAndForces.1,https://education.asfai.org/frameworks/uk-nc-2013/versions/september-2013/items/KS3.Sci.Phys.MotionAndForces.1,unreviewed,mt_q-1a86ydgU,uk-nc-2013:KS3.Sci.Phys.MotionAndForces.1
https://education.asfai.org/alignments/afc7161c-9473-51e2-b726-e1380a7d06b2,https://education.asfai.org/objectives/640ceb7b-b1be-5f8b-af72-8338761d62c2,relatedTo,ccss-ela,W.8.4,https://education.asfai.org/frameworks/ccss-ela/versions/2010/items/W.8.4,unreviewed,mt_9lN0SpKlEH,ccss-ela:W.8.4
https://education.asfai.org/alignments/afd97d38-12d1-5fed-8a73-27e6ae3c534d,https://education.asfai.org/objectives/96806439-b5f7-5880-b6e1-946b91cd3b09,relatedTo,uk-nc-2013,KS3-ENG-R-2b,https://education.asfai.org/frameworks/uk-nc-2013/versions/september-2013/items/KS3-ENG-R-2b,unreviewed,mt_dmFnJzxKwz,uk-nc-2013:KS3-ENG-R-2b
https://education.asfai.org/alignments/affeece5-e486-5385-9d9a-f3e5ffd849aa,https://education.asfai.org/objectives/6d5e9619-7d43-5fa4-a046-c91189ea7bab,relatedTo,uk-nc-2013,KS3.Maths.Alg.16,https://education.asfai.org/frameworks/uk-nc-2013/versions/september-2013/items/KS3.Maths.Alg.16,unreviewed,mt_yXO7lQ9Yn7,uk-nc-2013:KS3.Maths.Alg.16
https://education.asfai.org/alignments/b021f459-b4f6-5384-8384-9ba98a5ed779,https://education.asfai.org/objectives/8aa9a0b5-e679-55fa-b9ac-18f1189578c6,relatedTo,uk-nc-2013,Eng/KS1/Y2/S/1c,https://education.asfai.org/frameworks/uk-nc-2013/versions/september-2013/items/Eng%2FKS1%2FY2%2FS%2F1c,unreviewed,mt_Jq0MjURrRC,uk-nc-2013:Eng/KS1/Y2/S/1c
https://education.asfai.org/alignments/b02fc157-6af0-554c-bd85-ff9912b7bc07,https://education.asfai.org/objectives/b7895115-d15a-5e36-806d-cdfe35cc5af6,relatedTo,ccss-ela,W.8.2,https://education.asfai.org/frameworks/ccss-ela/versions/2010/items/W.8.2,unreviewed,mt_zCUIJLdK_s,ccss-ela:W.8.2
https://education.asfai.org/alignments/b0529488-40cc-5177-a8ef-f917ef1d76ca,https://education.asfai.org/objectives/d7bbcd82-3590-50e5-91fe-cbc02a31ea69,relatedTo,ib-pyp-pspe,PSPE.INT.P1.CU.4,https://education.asfai.org/frameworks/ib-pyp-pspe/versions/2009/items/PSPE.INT.P1.CU.4,unreviewed,mt_HBcvu0UxYe,ib-pyp-pspe:PSPE.INT.P1.CU.4
https://education.asfai.org/alignments/b062eb38-a749-5194-82c3-52eaa2b7a7a8,https://education.asfai.org/objectives/26024e60-242f-5127-88ca-793f696835ba,relatedTo,ccss-math,7.SP.7a,https://education.asfai.org/frameworks/ccss-math/versions/2010/items/7.SP.7a,unreviewed,mt_XfyqXLqzpx,ccss-math:7.SP.7a
https://education.asfai.org/alignments/b06f7b4b-699b-572d-8cd9-83e4cfdf3198,https://education.asfai.org/objectives/7d485fa0-ae8d-5bf4-b967-35be29a44c25,relatedTo,uk-nc-2013,Maths/Y1/M/10,https://education.asfai.org/frameworks/uk-nc-2013/versions/september-2013/items/Maths%2FY1%2FM%2F10,unreviewed,mt_-vvVxpOHG2,uk-nc-2013:Maths/Y1/M/10
https://education.asfai.org/alignments/b093b42b-1eec-580f-8836-0dd1ac10b552,https://education.asfai.org/objectives/d3a74d35-ca20-5548-a923-db9f303ad75f,relatedTo,uk-nc-2013,KS3.Maths.Num.9,https://education.asfai.org/frameworks/uk-nc-2013/versions/september-2013/items/KS3.Maths.Num.9,unreviewed,mt_SBkTGjiZjZ,uk-nc-2013:KS3.Maths.Num.9
https://education.asfai.org/alignments/b0d2d32c-6e83-5dba-9803-f3d8157d032b,https://education.asfai.org/objectives/73af05a9-043e-543e-8e5b-7bb84cc6faf6,relatedTo,uk-nc-2013,Maths/Y2/M/7,https://education.asfai.org/frameworks/uk-nc-2013/versions/september-2013/items/Maths%2FY2%2FM%2F7,unreviewed,mt_HNOPGJYiRK,uk-nc-2013:Maths/Y2/M/7
https://education.asfai.org/alignments/b0f53dd9-d6e5-57ef-8d16-a2897cd70072,https://education.asfai.org/objectives/e87c3b6b-1820-5e23-a8a1-3555f307e4ef,relatedTo,ccss-math,7.EE.1,https://education.asfai.org/frameworks/ccss-math/versions/2010/items/7.EE.1,unreviewed,mt_uESbzWCZIq,ccss-math:7.EE.1
https://education.asfai.org/alignments/b0fb39cd-fd68-59bd-960a-700fc0370b69,https://education.asfai.org/objectives/8e4aecc5-b7b1-5359-b926-c839d147a292,relatedTo,uk-nc-2013,KS3-ENG-GV-1b,https://education.asfai.org/frameworks/uk-nc-2013/versions/september-2013/items/KS3-ENG-GV-1b,unreviewed,mt_N5tiL3uIeq,uk-nc-2013:KS3-ENG-GV-1b
https://education.asfai.org/alignments/b14fd7e8-3dd2-543e-9eec-2ced98850458,https://education.asfai.org/objectives/ed3060a3-9925-55f0-9e4f-dd795b5a247f,relatedTo,uk-nc-2013,KS3-ENG-W-1c,https://education.asfai.org/frameworks/uk-nc-2013/versions/september-2013/items/KS3-ENG-W-1c,unreviewed,mt_s6-6FYb5UQ,uk-nc-2013:KS3-ENG-W-1c
https://education.asfai.org/alignments/b166d745-4547-5b77-83ba-f9b3046af2d9,https://education.asfai.org/objectives/f9e29541-bef4-54d5-a66a-96ee95729b61,relatedTo,ib-pyp-pspe,PSPE.INT.P1.LO.7,https://education.asfai.org/frameworks/ib-pyp-pspe/versions/2009/items/PSPE.INT.P1.LO.7,unreviewed,mt_PdYlsA33jB,ib-pyp-pspe:PSPE.INT.P1.LO.7
https://education.asfai.org/alignments/b17f0045-1568-50e1-9dfa-8d094bd96fb8,https://education.asfai.org/objectives/3be4730e-2de6-50e0-8cee-598d345bfd0e,relatedTo,uk-nc-2013,Maths/Y2/S/2,https://education.asfai.org/frameworks/uk-nc-2013/versions/september-2013/items/Maths%2FY2%2FS%2F2,unreviewed,mt_ylXdiVRAYv,uk-nc-2013:Maths/Y2/S/2
https://education.asfai.org/alignments/b182f94a-3a32-5c49-b9f8-9444cfd8cd62,https://education.asfai.org/objectives/6c1912cc-873d-5dc1-a536-896158f209ed,relatedTo,uk-nc-2013,KS3.Sci.Chem.CR.1,https://education.asfai.org/frameworks/uk-nc-2013/versions/september-2013/items/KS3.Sci.Chem.CR.1,unreviewed,mt_v0K6GRi4ZL,uk-nc-2013:KS3.Sci.Chem.CR.1
https://education.asfai.org/alignments/b1a3696b-9896-5055-a7b4-1c44e1973109,https://education.asfai.org/objectives/3775d2ef-0cee-5316-9b3c-4d074ba19bd0,relatedTo,ccss-ela,W.1.5,https://education.asfai.org/frameworks/ccss-ela/versions/2010/items/W.1.5,unreviewed,mt_OyOYHlZ2_T,ccss-ela:W.1.5
https://education.asfai.org/alignments/b1a92d71-ff7f-5ce2-8c53-c0142c08b432,https://education.asfai.org/objectives/59cba629-653c-5467-b63c-899e4c0627be,relatedTo,uk-nc-2013,Maths/Y2/AS/7,https://education.asfai.org/frameworks/uk-nc-2013/versions/september-2013/items/Maths%2FY2%2FAS%2F7,unreviewed,mt_Zx1xZM-RbX,uk-nc-2013:Maths/Y2/AS/7
https://education.asfai.org/alignments/b1b794a8-e87b-5a4d-9009-208d7f9ebe1a,https://education.asfai.org/objectives/d5a55fa8-0218-5f1d-82c6-d5214e50f683,relatedTo,ccss-ela,W.K.6,https://education.asfai.org/frameworks/ccss-ela/versions/2010/items/W.K.6,unreviewed,mt_nYU6x2E2T8,ccss-ela:W.K.6
https://education.asfai.org/alignments/b1cf1560-631f-5fd8-9d0b-3b4ac63f8fd7,https://education.asfai.org/objectives/32b6d561-49fe-591e-b9e2-fb5e27fd8809,relatedTo,ccss-ela,RI.6.6,https://education.asfai.org/frameworks/ccss-ela/versions/2010/items/RI.6.6,unreviewed,mt_x2sWtfTeYT,ccss-ela:RI.6.6
https://education.asfai.org/alignments/b1dc7db4-9a2f-556c-b659-eb88d36e584e,https://education.asfai.org/objectives/aba45b38-bea2-507c-87e4-524921e1e372,relatedTo,ccss-ela,L.5.1b,https://education.asfai.org/frameworks/ccss-ela/versions/2010/items/L.5.1b,unreviewed,mt_7D-vlii8F-,ccss-ela:L.5.1b
https://education.asfai.org/alignments/b203de74-21e2-5df2-a69e-7b8caf1693b8,https://education.asfai.org/objectives/6414a6e9-769d-56a5-8f56-b701364596ed,relatedTo,ccss-math,7.SP.8b,https://education.asfai.org/frameworks/ccss-math/versions/2010/items/7.SP.8b,unreviewed,mt_eSv_w46u6H,ccss-math:7.SP.8b
https://education.asfai.org/alignments/b27dbcc6-314a-51e9-b507-e2ce9729eeb2,https://education.asfai.org/objectives/44b3d59c-826d-532f-9b1b-82ab3a020bc1,relatedTo,uk-nc-2013,KS3.Sci.Phys.MotionAndForces.5,https://education.asfai.org/frameworks/uk-nc-2013/versions/september-2013/items/KS3.Sci.Phys.MotionAndForces.5,unreviewed,mt_fkwcCB5px7,uk-nc-2013:KS3.Sci.Phys.MotionAndForces.5
https://education.asfai.org/alignments/b28cdd52-9c2e-5551-9463-8f509dd697d2,https://education.asfai.org/objectives/8eb94159-6216-5538-8b47-d4c9e98a05bb,relatedTo,uk-nc-2013,Y4.Sci.E.3,https://education.asfai.org/frameworks/uk-nc-2013/versions/september-2013/items/Y4.Sci.E.3,unreviewed,mt_NNNbPccwB4,uk-nc-2013:Y4.Sci.E.3
https://education.asfai.org/alignments/b28f3456-3a60-547d-8c2a-7776cb453379,https://education.asfai.org/objectives/0cb360d9-74cb-5e94-b802-ddafe0a71533,relatedTo,ccss-math,1.OA.3,https://education.asfai.org/frameworks/ccss-math/versions/2010/items/1.OA.3,unreviewed,mt_T76hKqXf0z,ccss-math:1.OA.3
https://education.asfai.org/alignments/b2957f68-3b55-57f9-bfc9-90422e37fcea,https://education.asfai.org/objectives/01489861-86c9-5d66-b897-57ec29473d8c,relatedTo,ccss-math,1.NBT.1,https://education.asfai.org/frameworks/ccss-math/versions/2010/items/1.NBT.1,unreviewed,mt_XV0B4kWwqL,ccss-math:1.NBT.1
https://education.asfai.org/alignments/b2a5a37c-4b08-5b88-a83e-6030932c41e8,https://education.asfai.org/objectives/c23cb09f-499c-57f3-b305-bcfb86d4a125,relatedTo,uk-nc-2013,Eng/KS1/Y2/VGP/2f,https://education.asfai.org/frameworks/uk-nc-2013/versions/september-2013/items/Eng%2FKS1%2FY2%2FVGP%2F2f,unreviewed,mt_u7Jxjjatkh,uk-nc-2013:Eng/KS1/Y2/VGP/2f
https://education.asfai.org/alignments/b2ab39e8-de26-5b6e-924e-c4f85d1fc85f,https://education.asfai.org/objectives/49cd291f-49bc-5333-b4e6-7389e0b27a92,relatedTo,uk-nc-2013,Ma/KS2/Y3/M/1,https://education.asfai.org/frameworks/uk-nc-2013/versions/september-2013/items/Ma%2FKS2%2FY3%2FM%2F1,unreviewed,mt_6oxQPNLHNv,uk-nc-2013:Ma/KS2/Y3/M/1
https://education.asfai.org/alignments/b2b4bac7-aebc-5564-8239-0345de7b1435,https://education.asfai.org/objectives/32b6d561-49fe-591e-b9e2-fb5e27fd8809,relatedTo,ccss-ela,RL.7.6,https://education.asfai.org/frameworks/ccss-ela/versions/2010/items/RL.7.6,unreviewed,mt_x2sWtfTeYT,ccss-ela:RL.7.6
https://education.asfai.org/alignments/b2faa407-edd2-5182-a51a-243c56d763f0,https://education.asfai.org/objectives/0d6b5e5d-42cd-5315-a786-e0c14df28c19,relatedTo,ngss-k5,5-ESS2-2,https://education.asfai.org/frameworks/ngss-k5/versions/2013/items/5-ESS2-2,unreviewed,mt_LsY4-T2fU7,ngss-k5:5-ESS2-2
https://education.asfai.org/alignments/b30d33bf-f3b1-560e-b0c6-57bfb17c4e04,https://education.asfai.org/objectives/c57a2fa7-5179-5802-8303-34e7547c149f,relatedTo,ccss-math,K.NBT.1,https://education.asfai.org/frameworks/ccss-math/versions/2010/items/K.NBT.1,unreviewed,mt_xmmgAzxe5j,ccss-math:K.NBT.1
https://education.asfai.org/alignments/b30e8e8c-a584-5a99-ade8-14bd7001a070,https://education.asfai.org/objectives/e87c3b6b-1820-5e23-a8a1-3555f307e4ef,relatedTo,uk-nc-2013,KS3.Maths.Alg.4c,https://education.asfai.org/frameworks/uk-nc-2013/versions/september-2013/items/KS3.Maths.Alg.4c,unreviewed,mt_uESbzWCZIq,uk-nc-2013:KS3.Maths.Alg.4c
https://education.asfai.org/alignments/b3243fe2-2237-59ed-99cf-124f53d89d13,https://education.asfai.org/objectives/8a1c3b95-4b9d-555a-8ed6-38c4c343b6ae,relatedTo,ccss-ela,RL.2.4,https://education.asfai.org/frameworks/ccss-ela/versions/2010/items/RL.2.4,unreviewed,mt_fL1Xz8ostr,ccss-ela:RL.2.4
https://education.asfai.org/alignments/b350947e-1a05-5c63-9f2f-f55d8bd3e5ef,https://education.asfai.org/objectives/45e86b35-1e28-5476-96ed-032bc8b54629,relatedTo,ccss-ela,L.7.4,https://education.asfai.org/frameworks/ccss-ela/versions/2010/items/L.7.4,unreviewed,mt_WZnwITSWr8,ccss-ela:L.7.4
https://education.asfai.org/alignments/b35a72da-2587-5a52-a4d5-d009cd4a1ed7,https://education.asfai.org/objectives/7394d649-7dd4-5787-b061-ed630a0c0f13,relatedTo,uk-nc-2013,Eng.App2.Y5.Sent.2,https://education.asfai.org/frameworks/uk-nc-2013/versions/september-2013/items/Eng.App2.Y5.Sent.2,unreviewed,mt_N9zffZxuu5,uk-nc-2013:Eng.App2.Y5.Sent.2
https://education.asfai.org/alignments/b364c895-7cde-54a1-b2a1-8329f18db0d4,https://education.asfai.org/objectives/7fbe6517-0067-5fe3-b972-0bdd103b67c1,relatedTo,ngss-k5,1-PS4-3,https://education.asfai.org/frameworks/ngss-k5/versions/2013/items/1-PS4-3,unreviewed,mt_p6frRFuxS6,ngss-k5:1-PS4-3
https://education.asfai.org/alignments/b3786b73-6bae-5b97-abfd-63817092cf0a,https://education.asfai.org/objectives/2a40157a-b447-54e2-a8aa-abeabf781e10,relatedTo,ccss-ela,L.8.5,https://education.asfai.org/frameworks/ccss-ela/versions/2010/items/L.8.5,unreviewed,mt_MlmIrLb_7x,ccss-ela:L.8.5
https://education.asfai.org/alignments/b3ed1f91-202e-5fcd-bc02-5d9294941da7,https://education.asfai.org/objectives/d5a55fa8-0218-5f1d-82c6-d5214e50f683,relatedTo,ccss-ela,W.3.6,https://education.asfai.org/frameworks/ccss-ela/versions/2010/items/W.3.6,unreviewed,mt_nYU6x2E2T8,ccss-ela:W.3.6
https://education.asfai.org/alignments/b41e06b0-12cf-5131-9491-2ec5acc4a676,https://education.asfai.org/objectives/168b259e-d09d-5c60-b0c3-45c385addcf9,relatedTo,ccss-ela,RL.5.1,https://education.asfai.org/frameworks/ccss-ela/versions/2010/items/RL.5.1,unreviewed,mt_ak_ZgoMKRQ,ccss-ela:RL.5.1
https://education.asfai.org/alignments/b423745f-d7b1-5ead-be88-0fb016ea6b4b,https://education.asfai.org/objectives/ed3060a3-9925-55f0-9e4f-dd795b5a247f,relatedTo,ccss-ela,W.7.4,https://education.asfai.org/frameworks/ccss-ela/versions/2010/items/W.7.4,unreviewed,mt_s6-6FYb5UQ,ccss-ela:W.7.4
https://education.asfai.org/alignments/b42da182-dfae-5bed-9be4-eaab24501bf9,https://education.asfai.org/objectives/ea2d47fe-1dee-5993-a66d-497814cfb308,relatedTo,uk-nc-2013,KS3.Maths.Alg.9,https://education.asfai.org/frameworks/uk-nc-2013/versions/september-2013/items/KS3.Maths.Alg.9,unreviewed,mt_WBdHkc2HTf,uk-nc-2013:KS3.Maths.Alg.9
https://education.asfai.org/alignments/b4589233-b14e-577e-9efb-8e0e5756c658,https://education.asfai.org/objectives/0380d289-442c-510b-adb4-ecb0632e3379,relatedTo,ccss-ela,L.2.4d,https://education.asfai.org/frameworks/ccss-ela/versions/2010/items/L.2.4d,unreviewed,mt_70Ys4i1AB1,ccss-ela:L.2.4d
https://education.asfai.org/alignments/b46c28a3-467e-57d3-b219-d77ab7253464,https://education.asfai.org/objectives/6291cc4f-df29-5cf3-b0d7-19a4bfd839f4,relatedTo,ccss-math,8.EE.7b,https://education.asfai.org/frameworks/ccss-math/versions/2010/items/8.EE.7b,unreviewed,mt_QhFEDyIwSO,ccss-math:8.EE.7b
https://education.asfai.org/alignments/b4839fab-2cc7-593f-ae3e-9d3230f334c2,https://education.asfai.org/objectives/7102ffa9-58c2-5a90-90ce-1a7c0b74357f,relatedTo,uk-nc-2013,KS3.Maths.Ratio.2,https://education.asfai.org/frameworks/uk-nc-2013/versions/september-2013/items/KS3.Maths.Ratio.2,unreviewed,mt_1badik7iKJ,uk-nc-2013:KS3.Maths.Ratio.2
https://education.asfai.org/alignments/b48727db-80d5-5e0c-b061-b3e25ac3fa85,https://education.asfai.org/objectives/cdc40e1c-5fda-5d60-b0aa-cbd177189b00,relatedTo,uk-nc-2013,Eng_App1_Y1_01,https://education.asfai.org/frameworks/uk-nc-2013/versions/september-2013/items/Eng_App1_Y1_01,unreviewed,mt_F978c32kDr,uk-nc-2013:Eng_App1_Y1_01
https://education.asfai.org/alignments/b48a4f9a-6e79-5fd5-9230-c81ca82572d4,https://education.asfai.org/objectives/944502d5-d572-5e53-91f2-63fdd19224e1,relatedTo,uk-nc-2013,Eng_Y1_RWR_09,https://education.asfai.org/frameworks/uk-nc-2013/versions/september-2013/items/Eng_Y1_RWR_09,unreviewed,mt_ZhvwM6LMBL,uk-nc-2013:Eng_Y1_RWR_09
https://education.asfai.org/alignments/b499bdc8-64de-5608-8c83-0c87e2f2864a,https://education.asfai.org/objectives/cb819a12-7d17-58c3-936e-05e3d8230cf2,relatedTo,ccss-math,8.F.5,https://education.asfai.org/frameworks/ccss-math/versions/2010/items/8.F.5,unreviewed,mt_GZuoYaDdWd,ccss-math:8.F.5
https://education.asfai.org/alignments/b4a224bb-1a19-58f1-acd1-7e234a957d2c,https://education.asfai.org/objectives/6d432c2f-af86-5030-808c-a5cca36d8238,relatedTo,ccss-ela,W.1.7,https://education.asfai.org/frameworks/ccss-ela/versions/2010/items/W.1.7,unreviewed,mt_4A4RpX-Go9,ccss-ela:W.1.7
https://education.asfai.org/alignments/b4b2b68d-413a-5d8f-a6dd-17e3b38f6879,https://education.asfai.org/objectives/8aa9a0b5-e679-55fa-b9ac-18f1189578c6,relatedTo,uk-nc-2013,Eng_Y1_WT_03,https://education.asfai.org/frameworks/uk-nc-2013/versions/september-2013/items/Eng_Y1_WT_03,unreviewed,mt_Jq0MjURrRC,uk-nc-2013:Eng_Y1_WT_03
https://education.asfai.org/alignments/b4b5eb1b-2078-583d-a897-3aceacea99ab,https://education.asfai.org/objectives/45e86b35-1e28-5476-96ed-032bc8b54629,relatedTo,ccss-ela,L.7.4b,https://education.asfai.org/frameworks/ccss-ela/versions/2010/items/L.7.4b,unreviewed,mt_WZnwITSWr8,ccss-ela:L.7.4b
https://education.asfai.org/alignments/b4c0d0ea-5dee-58be-81a9-e8f0a234f7de,https://education.asfai.org/objectives/07463757-04c1-5c6b-ae72-8e06de8879a1,relatedTo,uk-nc-2013,Y1.Sci.A.3,https://education.asfai.org/frameworks/uk-nc-2013/versions/september-2013/items/Y1.Sci.A.3,unreviewed,mt_fDoE-pL6Jv,uk-nc-2013:Y1.Sci.A.3
https://education.asfai.org/alignments/b4d6f801-f7bf-59f9-b049-a39d076514a9,https://education.asfai.org/objectives/3a85ed7f-75a5-50d9-b3bf-30db3b522a71,relatedTo,uk-nc-2013,KS3.Maths.Alg.9,https://education.asfai.org/frameworks/uk-nc-2013/versions/september-2013/items/KS3.Maths.Alg.9,unreviewed,mt_-3udyo6VyB,uk-nc-2013:KS3.Maths.Alg.9
https://education.asfai.org/alignments/b4fcd33d-0f1e-5b9d-839c-b36816e5d13c,https://education.asfai.org/objectives/67dd3895-6ede-5c2d-80c9-f96b453110f5,relatedTo,uk-nc-2013,Eng/KS1/Y2/WR/8,https://education.asfai.org/frameworks/uk-nc-2013/versions/september-2013/items/Eng%2FKS1%2FY2%2FWR%2F8,unreviewed,mt_V-ldQp56bF,uk-nc-2013:Eng/KS1/Y2/WR/8
https://education.asfai.org/alignments/b521995c-9ca8-5868-b244-5fa77946f72c,https://education.asfai.org/objectives/c3813ac5-21fb-5123-ad4d-0990f45dc044,relatedTo,ccss-ela,RI.K.4,https://education.asfai.org/frameworks/ccss-ela/versions/2010/items/RI.K.4,unreviewed,mt_6-MYToNZ39,ccss-ela:RI.K.4
https://education.asfai.org/alignments/b528ac0c-e4b8-5aff-aa3b-4c38cbb73232,https://education.asfai.org/objectives/efe02216-c3fe-5e73-ae58-bb68a18f1866,relatedTo,ngss-k5,2-LS4-1,https://education.asfai.org/frameworks/ngss-k5/versions/2013/items/2-LS4-1,unreviewed,mt_ppENoD8vf1,ngss-k5:2-LS4-1
https://education.asfai.org/alignments/b55effa2-5c63-5f3f-9361-c740e3e0f977,https://education.asfai.org/objectives/e90a1f41-79a9-5d63-96c6-9bffea3edb57,relatedTo,uk-nc-2013,KS3.Sci.Chem.PT.3,https://education.asfai.org/frameworks/uk-nc-2013/versions/september-2013/items/KS3.Sci.Chem.PT.3,unreviewed,mt_wfEfQuHOG-,uk-nc-2013:KS3.Sci.Chem.PT.3
https://education.asfai.org/alignments/b56685e6-d605-54c7-8f69-9f74d4031bc9,https://education.asfai.org/objectives/f894593f-9785-5f08-ba65-b783ddddd814,relatedTo,uk-nc-2013,KS3.Maths.Num.16,https://education.asfai.org/frameworks/uk-nc-2013/versions/september-2013/items/KS3.Maths.Num.16,unreviewed,mt_b4lbTOJYwI,uk-nc-2013:KS3.Maths.Num.16
https://education.asfai.org/alignments/b5673af0-3fe6-53be-a0fc-2bc6be2d9857,https://education.asfai.org/objectives/8ac52011-7908-53c1-b171-00187304587c,relatedTo,ccss-math,3.OA.3,https://education.asfai.org/frameworks/ccss-math/versions/2010/items/3.OA.3,unreviewed,mt_Zdv-b-iW5K,ccss-math:3.OA.3
https://education.asfai.org/alignments/b56a78c0-0912-58f7-a30f-985611cdc6a3,https://education.asfai.org/objectives/3896ccbe-bcd8-5e99-a9e7-8920a522e1f7,relatedTo,ccss-math,7.NS.1d,https://education.asfai.org/frameworks/ccss-math/versions/2010/items/7.NS.1d,unreviewed,mt_9QzSnn8m80,ccss-math:7.NS.1d
https://education.asfai.org/alignments/b5b6297f-00b8-5ca8-a4ff-dbd48f57732e,https://education.asfai.org/objectives/08c356a1-72cd-5167-b969-35b8a4f28ccc,relatedTo,uk-nc-2013,Ma/KS2/Y3/F/7,https://education.asfai.org/frameworks/uk-nc-2013/versions/september-2013/items/Ma%2FKS2%2FY3%2FF%2F7,unreviewed,mt_SsLWS_APM7,uk-nc-2013:Ma/KS2/Y3/F/7
https://education.asfai.org/alignments/b5b680b6-62ef-56ba-9a7b-bdb539a6bfb5,https://education.asfai.org/objectives/4fc54bed-027c-5ea8-a101-b9ab43663dc6,relatedTo,ccss-math,2.NBT.6,https://education.asfai.org/frameworks/ccss-math/versions/2010/items/2.NBT.6,unreviewed,mt_TiQbi027PE,ccss-math:2.NBT.6
https://education.asfai.org/alignments/b5d85291-fceb-5993-aec7-d8e42c1fc84e,https://education.asfai.org/objectives/97338549-db3d-5e13-8b30-271e446f16dd,relatedTo,uk-nc-2013,Eng_App1_Y1_14,https://education.asfai.org/frameworks/uk-nc-2013/versions/september-2013/items/Eng_App1_Y1_14,unreviewed,mt_QdMMLRYWhn,uk-nc-2013:Eng_App1_Y1_14
https://education.asfai.org/alignments/b5fca56a-8811-5f81-a754-bf3b187d7a27,https://education.asfai.org/objectives/71495540-907b-5216-a5d0-dd2205b0a0dc,relatedTo,ccss-ela,L.2.3,https://education.asfai.org/frameworks/ccss-ela/versions/2010/items/L.2.3,unreviewed,mt_86DyHo9zO3,ccss-ela:L.2.3
https://education.asfai.org/alignments/b6180bef-40ae-55cd-a380-2a6ef4d4a7be,https://education.asfai.org/objectives/96806439-b5f7-5880-b6e1-946b91cd3b09,relatedTo,ccss-ela,RI.8.1,https://education.asfai.org/frameworks/ccss-ela/versions/2010/items/RI.8.1,unreviewed,mt_dmFnJzxKwz,ccss-ela:RI.8.1
https://education.asfai.org/alignments/b6210d39-cf5a-532e-9cac-ab6dd47a7dc2,https://education.asfai.org/objectives/fdd7e101-68c6-50b2-858e-f7cfa88b7e1e,relatedTo,ccss-math,1.NBT.3,https://education.asfai.org/frameworks/ccss-math/versions/2010/items/1.NBT.3,unreviewed,mt_U0waNfD8PB,ccss-math:1.NBT.3
https://education.asfai.org/alignments/b669a498-8e0d-50a8-9d63-a3428b6b1ed2,https://education.asfai.org/objectives/e6fd5b7b-2bb4-5aa7-88a6-8eecc4c0da42,relatedTo,ccss-ela,W.3.3c,https://education.asfai.org/frameworks/ccss-ela/versions/2010/items/W.3.3c,unreviewed,mt_vauULTecMH,ccss-ela:W.3.3c
https://education.asfai.org/alignments/b6838f8d-a38e-5d5b-907b-d9c5d702cac5,https://education.asfai.org/objectives/b5e6a349-599b-5dd4-96ea-5c2eb19e9fae,relatedTo,uk-nc-2013,KS3.Maths.Num.4,https://education.asfai.org/frameworks/uk-nc-2013/versions/september-2013/items/KS3.Maths.Num.4,unreviewed,mt_rxInpOQ74w,uk-nc-2013:KS3.Maths.Num.4
https://education.asfai.org/alignments/b6956ddb-7517-53f7-8664-b2b5b323f88e,https://education.asfai.org/objectives/9169f4b9-3f8b-5fce-98d5-5106402c1489,relatedTo,uk-nc-2013,KS2U.Sci.WS.6,https://education.asfai.org/frameworks/uk-nc-2013/versions/september-2013/items/KS2U.Sci.WS.6,unreviewed,mt_AstzvYDU2m,uk-nc-2013:KS2U.Sci.WS.6
https://education.asfai.org/alignments/b6bee511-dc39-5986-b6e9-98174810e5f9,https://education.asfai.org/objectives/703267ee-cba3-5e6a-bc65-071c5a36c0ce,relatedTo,ib-pyp-pspe,PSPE-ID-LO-P2-12,https://education.asfai.org/frameworks/ib-pyp-pspe/versions/2009/items/PSPE-ID-LO-P2-12,unreviewed,mt_pAuo9Op89t,ib-pyp-pspe:PSPE-ID-LO-P2-12
https://education.asfai.org/alignments/b6d8354f-4926-512b-a8f5-91abd2a9d830,https://education.asfai.org/objectives/55313396-5c9b-5925-8d7c-30dc72f54ceb,relatedTo,uk-nc-2013,KS3.Sci.Bio.SkeletalMuscular.2,https://education.asfai.org/frameworks/uk-nc-2013/versions/september-2013/items/KS3.Sci.Bio.SkeletalMuscular.2,unreviewed,mt_yefw2CQT4x,uk-nc-2013:KS3.Sci.Bio.SkeletalMuscular.2
https://education.asfai.org/alignments/b6e041d9-057b-53cc-84c5-ed250237117f,https://education.asfai.org/objectives/374a2674-8364-5b20-90fb-0a22e70e898b,relatedTo,uk-nc-2013,Y1.Sci.EM.4,https://education.asfai.org/frameworks/uk-nc-2013/versions/september-2013/items/Y1.Sci.EM.4,unreviewed,mt_SwaNNdm_Ks,uk-nc-2013:Y1.Sci.EM.4
https://education.asfai.org/alignments/b6e11eac-e3bf-517c-9eb9-ca5ac86acab8,https://education.asfai.org/objectives/36a71628-43c1-51ee-b9df-011de458ecc0,relatedTo,uk-nc-2013,KS3.Sci.Chem.AEC.2,https://education.asfai.org/frameworks/uk-nc-2013/versions/september-2013/items/KS3.Sci.Chem.AEC.2,unreviewed,mt_Z_Wu_77ybI,uk-nc-2013:KS3.Sci.Chem.AEC.2
https://education.asfai.org/alignments/b701ad4b-2257-5e84-81b7-2fd5f800f8b1,https://education.asfai.org/objectives/270c72de-bb31-5211-b199-1256b6b4e3ef,relatedTo,ngss-ms,MS-PS2-2,https://education.asfai.org/frameworks/ngss-ms/versions/2013/items/MS-PS2-2,unreviewed,mt_tXxxCFl32J,ngss-ms:MS-PS2-2
https://education.asfai.org/alignments/b71c08fa-fb57-55eb-abfc-f939c0fdb05c,https://education.asfai.org/objectives/e6fd5b7b-2bb4-5aa7-88a6-8eecc4c0da42,relatedTo,ccss-ela,W.4.3e,https://education.asfai.org/frameworks/ccss-ela/versions/2010/items/W.4.3e,unreviewed,mt_vauULTecMH,ccss-ela:W.4.3e
https://education.asfai.org/alignments/b722bf89-6dcb-5060-81e5-0f1db8f3b469,https://education.asfai.org/objectives/32b6d561-49fe-591e-b9e2-fb5e27fd8809,relatedTo,ccss-ela,RI.8.6,https://education.asfai.org/frameworks/ccss-ela/versions/2010/items/RI.8.6,unreviewed,mt_x2sWtfTeYT,ccss-ela:RI.8.6
https://education.asfai.org/alignments/b73bca65-8f7d-5ffb-8dc4-28401e2e3a1d,https://education.asfai.org/objectives/c3813ac5-21fb-5123-ad4d-0990f45dc044,relatedTo,ccss-ela,L.1.4a,https://education.asfai.org/frameworks/ccss-ela/versions/2010/items/L.1.4a,unreviewed,mt_6-MYToNZ39,ccss-ela:L.1.4a
https://education.asfai.org/alignments/b73f8ac2-3b03-532e-8ba0-8d1448a41793,https://education.asfai.org/objectives/e6fd5b7b-2bb4-5aa7-88a6-8eecc4c0da42,relatedTo,ccss-ela,W.3.3d,https://education.asfai.org/frameworks/ccss-ela/versions/2010/items/W.3.3d,unreviewed,mt_vauULTecMH,ccss-ela:W.3.3d
https://education.asfai.org/alignments/b7a0f368-4f0b-5fd9-a664-81e5d4bb65f7,https://education.asfai.org/objectives/6d432c2f-af86-5030-808c-a5cca36d8238,relatedTo,ccss-ela,W.2.7,https://education.asfai.org/frameworks/ccss-ela/versions/2010/items/W.2.7,unreviewed,mt_4A4RpX-Go9,ccss-ela:W.2.7
https://education.asfai.org/alignments/b7df7329-1c5d-5f68-936b-c8a79560e8e5,https://education.asfai.org/objectives/58398a0c-632a-59bc-8a53-5f4bd1cf1197,relatedTo,uk-nc-2013,KS3.Sci.Phys.SpacePhysics.5,https://education.asfai.org/frameworks/uk-nc-2013/versions/september-2013/items/KS3.Sci.Phys.SpacePhysics.5,unreviewed,mt_v9uYnIY5-B,uk-nc-2013:KS3.Sci.Phys.SpacePhysics.5
https://education.asfai.org/alignments/b808b81c-f23b-5118-9a61-7c60a1fa3250,https://education.asfai.org/objectives/598e9b23-ea1a-56d3-8ddc-7683d685ca2d,relatedTo,uk-nc-2013,KS3.Maths.Stat.3,https://education.asfai.org/frameworks/uk-nc-2013/versions/september-2013/items/KS3.Maths.Stat.3,unreviewed,mt_BdAeZJUOir,uk-nc-2013:KS3.Maths.Stat.3
https://education.asfai.org/alignments/b81549ef-e621-5752-a6ac-a05cf95c9d7b,https://education.asfai.org/objectives/6d432c2f-af86-5030-808c-a5cca36d8238,relatedTo,ccss-ela,W.2.8,https://education.asfai.org/frameworks/ccss-ela/versions/2010/items/W.2.8,unreviewed,mt_4A4RpX-Go9,ccss-ela:W.2.8
https://education.asfai.org/alignments/b83cf51b-0f95-5d01-af9e-7e7723ff4e02,https://education.asfai.org/objectives/16118c96-75c7-5463-a4ee-2d3c40dc6261,relatedTo,uk-nc-2013,KS2L.Sci.WS.9,https://education.asfai.org/frameworks/uk-nc-2013/versions/september-2013/items/KS2L.Sci.WS.9,unreviewed,mt_CVywzrjT_c,uk-nc-2013:KS2L.Sci.WS.9
https://education.asfai.org/alignments/b83d55ce-5657-5c7b-8630-9661aac56096,https://education.asfai.org/objectives/8f801b1e-cf38-59d6-9b0d-e0faeed04323,relatedTo,ib-pyp-pspe,PSPE-ID-LO-P2-4,https://education.asfai.org/frameworks/ib-pyp-pspe/versions/2009/items/PSPE-ID-LO-P2-4,unreviewed,mt_9Y5-GjF2B0,ib-pyp-pspe:PSPE-ID-LO-P2-4
https://education.asfai.org/alignments/b87999fa-4e9b-5d45-841e-cc4aa36b3e1a,https://education.asfai.org/objectives/00c632eb-571b-5fae-8f26-51de45bf8d69,relatedTo,ccss-ela,L.4.1f,https://education.asfai.org/frameworks/ccss-ela/versions/2010/items/L.4.1f,unreviewed,mt_7oZ2YenzhX,ccss-ela:L.4.1f
https://education.asfai.org/alignments/b88ed9cb-7bfb-502a-8a88-2ee82473e6b4,https://education.asfai.org/objectives/a60a9bbe-f1a3-5e6a-a377-53a672b2e4db,relatedTo,uk-nc-2013,KS3.Sci.Phys.Waves.4,https://education.asfai.org/frameworks/uk-nc-2013/versions/september-2013/items/KS3.Sci.Phys.Waves.4,unreviewed,mt_PifbJOuXrG,uk-nc-2013:KS3.Sci.Phys.Waves.4
https://education.asfai.org/alignments/b8a06fb6-a624-5395-b1a4-e8bfc99455b0,https://education.asfai.org/objectives/c492f33b-6eb1-597a-8072-912009364f94,relatedTo,ccss-ela,L.6.3b,https://education.asfai.org/frameworks/ccss-ela/versions/2010/items/L.6.3b,unreviewed,mt_S2fP8rUwrl,ccss-ela:L.6.3b
https://education.asfai.org/alignments/b8c98725-7eb5-54cb-98a6-5f76a33cb423,https://education.asfai.org/objectives/a10be1e5-4bfe-586c-bfb5-2c7d32e62f97,relatedTo,ccss-ela,W.8.1.a,https://education.asfai.org/frameworks/ccss-ela/versions/2010/items/W.8.1.a,unreviewed,mt_Qxyikkkzam,ccss-ela:W.8.1.a
https://education.asfai.org/alignments/b907cb3b-13da-52ed-b815-0f8d4c41988e,https://education.asfai.org/objectives/c3813ac5-21fb-5123-ad4d-0990f45dc044,relatedTo,ccss-ela,L.2.4,https://education.asfai.org/frameworks/ccss-ela/versions/2010/items/L.2.4,unreviewed,mt_6-MYToNZ39,ccss-ela:L.2.4
https://education.asfai.org/alignments/b9408489-1e20-546b-bc55-12d9d1eb0d24,https://education.asfai.org/objectives/9d405b60-8638-5ef5-bd07-6f209a17d623,relatedTo,uk-nc-2013,Eng.App2.Y5.Text.1,https://education.asfai.org/frameworks/uk-nc-2013/versions/september-2013/items/Eng.App2.Y5.Text.1,unreviewed,mt_4-vfMgmCVB,uk-nc-2013:Eng.App2.Y5.Text.1
https://education.asfai.org/alignments/b94cb5a4-d5b2-502e-b07d-1be1215ee5a7,https://education.asfai.org/objectives/7072c6a7-06b6-58d1-a523-7ce4453cd3da,relatedTo,ngss-k5,3-LS4-2,https://education.asfai.org/frameworks/ngss-k5/versions/2013/items/3-LS4-2,unreviewed,mt_UR5LvBeyF1,ngss-k5:3-LS4-2
https://education.asfai.org/alignments/b9576c50-a79c-543d-8555-3889abb97a81,https://education.asfai.org/objectives/96ed3866-a5f0-5235-bdc7-ea19c109823e,relatedTo,ngss-k5,K-ESS3-3,https://education.asfai.org/frameworks/ngss-k5/versions/2013/items/K-ESS3-3,unreviewed,mt_deexfCHU9m,ngss-k5:K-ESS3-3
https://education.asfai.org/alignments/b97c6edc-3809-57e4-9941-9621da302ded,https://education.asfai.org/objectives/baf48ae0-0dd8-5a8d-abfe-768626675a5e,relatedTo,ccss-math,8.G.4,https://education.asfai.org/frameworks/ccss-math/versions/2010/items/8.G.4,unreviewed,mt_y-BuQAfw4B,ccss-math:8.G.4
https://education.asfai.org/alignments/b9827a9b-6604-5507-8b0c-32ed68252d5e,https://education.asfai.org/objectives/cd81c595-4ee9-5754-9a58-482127c75151,relatedTo,uk-nc-2013,KS3.Maths.Alg.1f,https://education.asfai.org/frameworks/uk-nc-2013/versions/september-2013/items/KS3.Maths.Alg.1f,unreviewed,mt_KwdjWEmMNo,uk-nc-2013:KS3.Maths.Alg.1f
https://education.asfai.org/alignments/b99f07b2-8ed6-5090-bcda-85e8514a4d99,https://education.asfai.org/objectives/cd657a58-8c70-55a7-9dd2-4a7fa51458ce,relatedTo,uk-nc-2013,KS3.Maths.Num.1,https://education.asfai.org/frameworks/uk-nc-2013/versions/september-2013/items/KS3.Maths.Num.1,unreviewed,mt_PsylzZ9lHW,uk-nc-2013:KS3.Maths.Num.1
https://education.asfai.org/alignments/b9be08c3-e48b-5e8f-a5c2-d30b75b07463,https://education.asfai.org/objectives/790c23c0-2674-5788-a910-2f89c6965b7e,relatedTo,ngss-k5,5-ESS1-1,https://education.asfai.org/frameworks/ngss-k5/versions/2013/items/5-ESS1-1,unreviewed,mt_ZhKuYCbXz1,ngss-k5:5-ESS1-1
https://education.asfai.org/alignments/b9f0b87c-b15f-5d21-bbc5-35d8c052d8ae,https://education.asfai.org/objectives/cf69ee3d-3913-5fcb-8911-520ed5191bb3,relatedTo,uk-nc-2013,KS3.Sci.WS.AE.3,https://education.asfai.org/frameworks/uk-nc-2013/versions/september-2013/items/KS3.Sci.WS.AE.3,unreviewed,mt_3jmBpEepYX,uk-nc-2013:KS3.Sci.WS.AE.3
https://education.asfai.org/alignments/ba0e6c4b-37e0-5208-9e84-8d577954df62,https://education.asfai.org/objectives/6d99465d-f31e-5795-8915-a69eca5fe0b5,relatedTo,uk-nc-2013,Y2.Sci.A.1,https://education.asfai.org/frameworks/uk-nc-2013/versions/september-2013/items/Y2.Sci.A.1,unreviewed,mt_oR6dwRj2Ll,uk-nc-2013:Y2.Sci.A.1
https://education.asfai.org/alignments/ba130870-f8ec-5d50-a3da-df1e2c0c977b,https://education.asfai.org/objectives/2a90fb37-8a7c-50db-8500-624dc4385870,relatedTo,ccss-ela,L.5.1a,https://education.asfai.org/frameworks/ccss-ela/versions/2010/items/L.5.1a,unreviewed,mt_LN_g2b3d34,ccss-ela:L.5.1a
https://education.asfai.org/alignments/ba179df3-d5b8-5d5a-99a9-ea1a3e98d2ca,https://education.asfai.org/objectives/f9ece574-e332-5f3e-8770-2044bca77272,relatedTo,ngss-ms,MS-ESS3-5,https://education.asfai.org/frameworks/ngss-ms/versions/2013/items/MS-ESS3-5,unreviewed,mt_mTpV-0rtkO,ngss-ms:MS-ESS3-5
https://education.asfai.org/alignments/ba510773-7fad-5e6a-a991-46d87624a89c,https://education.asfai.org/objectives/5d3db081-7b30-5a8b-a6d8-f2ab69c1aaa5,relatedTo,uk-nc-2013,KS2U.Sci.WS.1,https://education.asfai.org/frameworks/uk-nc-2013/versions/september-2013/items/KS2U.Sci.WS.1,unreviewed,mt_ArVBEpMAPk,uk-nc-2013:KS2U.Sci.WS.1
https://education.asfai.org/alignments/ba742d83-895f-5470-bd1b-d963bf7aa664,https://education.asfai.org/objectives/a018e2ab-5c39-5ea9-a948-dff419685bda,relatedTo,uk-nc-2013,KS2U.Sci.WS.5,https://education.asfai.org/frameworks/uk-nc-2013/versions/september-2013/items/KS2U.Sci.WS.5,unreviewed,mt_nyPMkeHlVJ,uk-nc-2013:KS2U.Sci.WS.5
https://education.asfai.org/alignments/ba78ee80-ab47-50c0-93e7-f31bf7b0d455,https://education.asfai.org/objectives/fab50686-e16e-579b-a1eb-72472316ae3f,relatedTo,uk-nc-2013,Y6.Sci.A.3,https://education.asfai.org/frameworks/uk-nc-2013/versions/september-2013/items/Y6.Sci.A.3,unreviewed,mt_YSyjTZfjvv,uk-nc-2013:Y6.Sci.A.3
https://education.asfai.org/alignments/ba994436-6aa7-55ad-8dce-fd198f3339c3,https://education.asfai.org/objectives/ec8375b3-c91a-5032-9f5f-bb83a873e3c6,relatedTo,uk-nc-2013,Maths/Y2/AS/9,https://education.asfai.org/frameworks/uk-nc-2013/versions/september-2013/items/Maths%2FY2%2FAS%2F9,unreviewed,mt_ehGS_uVSJv,uk-nc-2013:Maths/Y2/AS/9
https://education.asfai.org/alignments/bab8b248-b4cd-5592-b413-a568bf221ed0,https://education.asfai.org/objectives/5f4f88ca-013b-55ba-89c5-b64a31db7d94,relatedTo,ccss-ela,L.2.2b,https://education.asfai.org/frameworks/ccss-ela/versions/2010/items/L.2.2b,unreviewed,mt_QEr24lqzvH,ccss-ela:L.2.2b
https://education.asfai.org/alignments/bac6646e-6797-53d7-a8ab-cce03a77d658,https://education.asfai.org/objectives/93b35f97-8ed6-5fae-b454-ef3fc797aa31,relatedTo,uk-nc-2013,Y4.Sci.Snd.3,https://education.asfai.org/frameworks/uk-nc-2013/versions/september-2013/items/Y4.Sci.Snd.3,unreviewed,mt_KTSoXcO7OL,uk-nc-2013:Y4.Sci.Snd.3
https://education.asfai.org/alignments/bb080dde-59d8-5ec4-b67b-9ec52adbf0b4,https://education.asfai.org/objectives/34407653-cf88-5ebb-9e1c-dd5aa76ab1e8,relatedTo,ccss-ela,RL.8.4,https://education.asfai.org/frameworks/ccss-ela/versions/2010/items/RL.8.4,unreviewed,mt_DVSHx3YMkN,ccss-ela:RL.8.4
https://education.asfai.org/alignments/bb9a2e83-310c-5f82-9475-85dbbdec68de,https://education.asfai.org/objectives/895bcc99-ad02-5265-9e5e-3979494ec55d,relatedTo,uk-nc-2013,Eng_App1_Sp_Y56_08,https://education.asfai.org/frameworks/uk-nc-2013/versions/september-2013/items/Eng_App1_Sp_Y56_08,unreviewed,mt_U_HQXCnAaG,uk-nc-2013:Eng_App1_Sp_Y56_08
https://education.asfai.org/alignments/bba190b8-f3c3-59eb-8e72-ec2ed545eb5d,https://education.asfai.org/objectives/90d93d3e-2f40-5136-9d6d-6172e3912732,relatedTo,uk-nc-2013,Eng_App1_Y1_53,https://education.asfai.org/frameworks/uk-nc-2013/versions/september-2013/items/Eng_App1_Y1_53,unreviewed,mt_zBUcAPDRPM,uk-nc-2013:Eng_App1_Y1_53
https://education.asfai.org/alignments/bc15481e-c66c-5ff2-8245-462814568605,https://education.asfai.org/objectives/0c162333-b71c-5169-8463-2dbc336ca22c,relatedTo,uk-nc-2013,Eng.UKS2.Write.Trans.Spell.7,https://education.asfai.org/frameworks/uk-nc-2013/versions/september-2013/items/Eng.UKS2.Write.Trans.Spell.7,unreviewed,mt_saW7PxtPxw,uk-nc-2013:Eng.UKS2.Write.Trans.Spell.7
https://education.asfai.org/alignments/bc24fe88-8a82-5807-bf06-92efa3ca524e,https://education.asfai.org/objectives/90aeee63-aed8-50a7-be6f-74c15dce7598,relatedTo,ib-pyp-pspe,PSPE-ID-LO-P4-7,https://education.asfai.org/frameworks/ib-pyp-pspe/versions/2009/items/PSPE-ID-LO-P4-7,unreviewed,mt_Amw5ikSSQI,ib-pyp-pspe:PSPE-ID-LO-P4-7
https://education.asfai.org/alignments/bc2bf270-009d-5032-913d-e818b3055cb3,https://education.asfai.org/objectives/6362c0cf-2a02-5adc-945c-c8a08c6f37e0,relatedTo,ccss-ela,L.3.6,https://education.asfai.org/frameworks/ccss-ela/versions/2010/items/L.3.6,unreviewed,mt_NP101Zl-4g,ccss-ela:L.3.6
https://education.asfai.org/alignments/bc2da45f-e18b-52a2-a282-f08c0ba0b6c9,https://education.asfai.org/objectives/11ba7f33-29b1-591c-afa6-db64bdfab44e,relatedTo,ccss-ela,SL.3.3,https://education.asfai.org/frameworks/ccss-ela/versions/2010/items/SL.3.3,unreviewed,mt_f8n4txtLej,ccss-ela:SL.3.3
https://education.asfai.org/alignments/bc5ba62c-1c16-552d-a9cc-4c5892c27a51,https://education.asfai.org/objectives/d677e283-0934-57cb-9d4c-6338c145e9be,relatedTo,uk-nc-2013,Eng_App1_Y1_47,https://education.asfai.org/frameworks/uk-nc-2013/versions/september-2013/items/Eng_App1_Y1_47,unreviewed,mt_roAgL1rQRF,uk-nc-2013:Eng_App1_Y1_47
https://education.asfai.org/alignments/bc7225fe-24c4-57f2-91e5-7d3c1a54e605,https://education.asfai.org/objectives/3c2d8353-7fe8-543e-9e08-e8aece4784ab,relatedTo,uk-nc-2013,Eng_App1_Y2_08,https://education.asfai.org/frameworks/uk-nc-2013/versions/september-2013/items/Eng_App1_Y2_08,unreviewed,mt_OgJPbGkrYk,uk-nc-2013:Eng_App1_Y2_08
https://education.asfai.org/alignments/bc879b2c-dab4-549b-be0c-e3c71eb7d40d,https://education.asfai.org/objectives/3f9d7beb-adad-540e-974d-cc1553e888d7,relatedTo,ccss-ela,L.2.1f,https://education.asfai.org/frameworks/ccss-ela/versions/2010/items/L.2.1f,unreviewed,mt_wq-1OJ_8s5,ccss-ela:L.2.1f
https://education.asfai.org/alignments/bca18a23-9a82-540e-b6ab-aca674f3b2f1,https://education.asfai.org/objectives/270af057-d00f-5cf3-8398-1f857f0f2f94,relatedTo,ccss-math,6.NS.6c,https://education.asfai.org/frameworks/ccss-math/versions/2010/items/6.NS.6c,unreviewed,mt_hVpGOEz2kG,ccss-math:6.NS.6c
https://education.asfai.org/alignments/bcf26f70-8dce-57f8-8606-57228185e021,https://education.asfai.org/objectives/b82d0ef4-14fc-5fb7-935f-9accdc003d99,relatedTo,uk-nc-2013,Eng_LKS2_Read_Comp_4,https://education.asfai.org/frameworks/uk-nc-2013/versions/september-2013/items/Eng_LKS2_Read_Comp_4,unreviewed,mt_sSQlLOnAow,uk-nc-2013:Eng_LKS2_Read_Comp_4
https://education.asfai.org/alignments/bd068746-d693-5e72-8dde-b37153b7b2cc,https://education.asfai.org/objectives/97211924-0a75-5382-93c6-d3c0b168cf92,relatedTo,uk-nc-2013,KS3.Sci.Phys.SpacePhysics.3,https://education.asfai.org/frameworks/uk-nc-2013/versions/september-2013/items/KS3.Sci.Phys.SpacePhysics.3,unreviewed,mt_4V-vYhFUcm,uk-nc-2013:KS3.Sci.Phys.SpacePhysics.3
https://education.asfai.org/alignments/bd2e11f7-a0b1-5075-96e3-38dcbfca1525,https://education.asfai.org/objectives/3b21722e-5257-5992-a9a0-3319a93c2651,relatedTo,uk-nc-2013,Eng/KS1/Y2/C/1b,https://education.asfai.org/frameworks/uk-nc-2013/versions/september-2013/items/Eng%2FKS1%2FY2%2FC%2F1b,unreviewed,mt_VEwM7ClYYE,uk-nc-2013:Eng/KS1/Y2/C/1b
https://education.asfai.org/alignments/bdf96918-0a61-51ce-9775-737806bb20ad,https://education.asfai.org/objectives/885fe5b6-5cc2-5321-8c95-1d918fb63876,relatedTo,uk-nc-2013,Y3.Sci.P.2,https://education.asfai.org/frameworks/uk-nc-2013/versions/september-2013/items/Y3.Sci.P.2,unreviewed,mt_lutxvMlkwS,uk-nc-2013:Y3.Sci.P.2
https://education.asfai.org/alignments/bdff4422-8c8b-51ed-86fe-1043c84f4739,https://education.asfai.org/objectives/33ac9cbf-db36-5c47-a38a-01b15d693744,relatedTo,uk-nc-2013,Maths/Y1/M/1,https://education.asfai.org/frameworks/uk-nc-2013/versions/september-2013/items/Maths%2FY1%2FM%2F1,unreviewed,mt_uhuxX8sg9f,uk-nc-2013:Maths/Y1/M/1
https://education.asfai.org/alignments/be53dc7b-0e73-5a1a-a060-d203b9293a79,https://education.asfai.org/objectives/607f3ca9-2549-5251-a24b-d2034fecd309,relatedTo,uk-nc-2013,KS3.Sci.Chem.EA.5,https://education.asfai.org/frameworks/uk-nc-2013/versions/september-2013/items/KS3.Sci.Chem.EA.5,unreviewed,mt_0e5rZxbAeR,uk-nc-2013:KS3.Sci.Chem.EA.5
https://education.asfai.org/alignments/be73ed96-d0dd-5014-8981-356339a4b8fa,https://education.asfai.org/objectives/d359ed0c-b9ce-5757-9a29-0a88d9909ac4,relatedTo,ngss-k5,K-PS3-2,https://education.asfai.org/frameworks/ngss-k5/versions/2013/items/K-PS3-2,unreviewed,mt_2agkUcdah9,ngss-k5:K-PS3-2
https://education.asfai.org/alignments/bea073ad-8715-51c4-a94a-704d6c7c828c,https://education.asfai.org/objectives/35b01b43-9e60-5cc8-8bdf-e9e333e353ec,relatedTo,ngss-k5,3-PS2-1,https://education.asfai.org/frameworks/ngss-k5/versions/2013/items/3-PS2-1,unreviewed,mt_3WMADSy0mA,ngss-k5:3-PS2-1
https://education.asfai.org/alignments/bec05b56-eb4d-5bb0-ac76-94b127171063,https://education.asfai.org/objectives/9040327b-ef55-5903-83a3-c27e05da3cee,relatedTo,uk-nc-2013,Ma/KS2/Y3/MD/1,https://education.asfai.org/frameworks/uk-nc-2013/versions/september-2013/items/Ma%2FKS2%2FY3%2FMD%2F1,unreviewed,mt_wQ89AEXhz3,uk-nc-2013:Ma/KS2/Y3/MD/1
https://education.asfai.org/alignments/bed6b86a-d06b-5b80-8f4e-09344900e89d,https://education.asfai.org/objectives/42e7dceb-af7b-5630-a2ea-241ec72fa04c,relatedTo,uk-nc-2013,KS3.Maths.Geo.11,https://education.asfai.org/frameworks/uk-nc-2013/versions/september-2013/items/KS3.Maths.Geo.11,unreviewed,mt_H_pNJ3ZI_S,uk-nc-2013:KS3.Maths.Geo.11
https://education.asfai.org/alignments/beeb2c4d-e025-580b-b878-b22c9e8d4ab5,https://education.asfai.org/objectives/d4fdb3c9-35d5-53a0-ba8e-8f24e0eb1ec4,relatedTo,ccss-ela,RL.K.9,https://education.asfai.org/frameworks/ccss-ela/versions/2010/items/RL.K.9,unreviewed,mt_GLY3R3YSlf,ccss-ela:RL.K.9
https://education.asfai.org/alignments/bef7a311-e1b4-536b-ada2-8add8b612e34,https://education.asfai.org/objectives/34407653-cf88-5ebb-9e1c-dd5aa76ab1e8,relatedTo,ccss-ela,RI.8.4,https://education.asfai.org/frameworks/ccss-ela/versions/2010/items/RI.8.4,unreviewed,mt_DVSHx3YMkN,ccss-ela:RI.8.4
https://education.asfai.org/alignments/befbcb61-55a4-53aa-885b-5760071e59ee,https://education.asfai.org/objectives/f909e916-186b-502d-a230-f6ed2f4fdd60,relatedTo,ccss-math,3.OA.2,https://education.asfai.org/frameworks/ccss-math/versions/2010/items/3.OA.2,unreviewed,mt_iNdrM2-oJf,ccss-math:3.OA.2
https://education.asfai.org/alignments/bf037870-76f7-5294-b552-a2d43897128a,https://education.asfai.org/objectives/3e27fd75-1db1-5d8d-accc-a6f68fea7cf0,relatedTo,uk-nc-2013,Eng.SL.8,https://education.asfai.org/frameworks/uk-nc-2013/versions/september-2013/items/Eng.SL.8,unreviewed,mt_4A7FYmvVhA,uk-nc-2013:Eng.SL.8
https://education.asfai.org/alignments/bf51359f-8fbb-5ea5-bc22-cbf2715f989b,https://education.asfai.org/objectives/4f9db834-6e38-573c-97f7-9998e5df50ca,relatedTo,ngss-ms,MS-LS2-3,https://education.asfai.org/frameworks/ngss-ms/versions/2013/items/MS-LS2-3,unreviewed,mt_Be1A88GUpu,ngss-ms:MS-LS2-3
https://education.asfai.org/alignments/bf666af2-166c-5f3a-b1a1-7d545b9eb18a,https://education.asfai.org/objectives/6291cc4f-df29-5cf3-b0d7-19a4bfd839f4,relatedTo,ccss-math,6.EE.5,https://education.asfai.org/frameworks/ccss-math/versions/2010/items/6.EE.5,unreviewed,mt_QhFEDyIwSO,ccss-math:6.EE.5
https://education.asfai.org/alignments/bf95f326-6488-574f-87de-a86893aac8a3,https://education.asfai.org/objectives/5def2be3-7178-54ff-9f5b-bf97f0b65285,relatedTo,uk-nc-2013,Eng_LKS2_Read_Comp_13,https://education.asfai.org/frameworks/uk-nc-2013/versions/september-2013/items/Eng_LKS2_Read_Comp_13,unreviewed,mt_sMAcZW6vWM,uk-nc-2013:Eng_LKS2_Read_Comp_13
https://education.asfai.org/alignments/c02fcbd2-2619-5822-9496-68fce75592b8,https://education.asfai.org/objectives/44e46dfd-4998-5f15-9172-c940e4454631,relatedTo,uk-nc-2013,KS3.Sci.Bio.GasExchange.6,https://education.asfai.org/frameworks/uk-nc-2013/versions/september-2013/items/KS3.Sci.Bio.GasExchange.6,unreviewed,mt_TKZefYXaVS,uk-nc-2013:KS3.Sci.Bio.GasExchange.6
https://education.asfai.org/alignments/c0884966-5405-5ab5-8667-e1cb012d8a13,https://education.asfai.org/objectives/97211924-0a75-5382-93c6-d3c0b168cf92,relatedTo,ngss-ms,MS-ESS1-1,https://education.asfai.org/frameworks/ngss-ms/versions/2013/items/MS-ESS1-1,unreviewed,mt_4V-vYhFUcm,ngss-ms:MS-ESS1-1
https://education.asfai.org/alignments/c08e1918-aa26-567c-8f7d-e7691cfce10e,https://education.asfai.org/objectives/add27555-ebd3-5822-999c-061ff1ae32f4,relatedTo,uk-nc-2013,Ma/KS2/Y3/F/2,https://education.asfai.org/frameworks/uk-nc-2013/versions/september-2013/items/Ma%2FKS2%2FY3%2FF%2F2,unreviewed,mt_k2WE0-22-4,uk-nc-2013:Ma/KS2/Y3/F/2
https://education.asfai.org/alignments/c0e762da-bd7d-5374-8842-b1f4d0259e65,https://education.asfai.org/objectives/bea3e325-7363-587f-b217-db8e6b9e810d,relatedTo,uk-nc-2013,KS3.Sci.Bio.Adaptation.3,https://education.asfai.org/frameworks/uk-nc-2013/versions/september-2013/items/KS3.Sci.Bio.Adaptation.3,unreviewed,mt_xSs0xAd6i1,uk-nc-2013:KS3.Sci.Bio.Adaptation.3
https://education.asfai.org/alignments/c0e8c124-7cdb-5090-aad7-dc04185c7777,https://education.asfai.org/objectives/9476ea59-6f65-5030-8c2a-98f5806095c9,relatedTo,uk-nc-2013,Ma/KS2/Y3/F/5,https://education.asfai.org/frameworks/uk-nc-2013/versions/september-2013/items/Ma%2FKS2%2FY3%2FF%2F5,unreviewed,mt_a1FdAsRKOF,uk-nc-2013:Ma/KS2/Y3/F/5
https://education.asfai.org/alignments/c147ed32-e161-593c-9180-35227aef5ae4,https://education.asfai.org/objectives/9b9dc6a9-89d7-5317-835a-8004fb344542,relatedTo,ngss-k5,4-PS4-1,https://education.asfai.org/frameworks/ngss-k5/versions/2013/items/4-PS4-1,unreviewed,mt_ph4xZVMiVq,ngss-k5:4-PS4-1
https://education.asfai.org/alignments/c169fd56-81d8-546f-a8c1-925b23b03d8a,https://education.asfai.org/objectives/887d6927-2085-5f5b-a3c8-73f00a280e58,relatedTo,uk-nc-2013,Eng_LKS2_Write_Trans_Spell_4,https://education.asfai.org/frameworks/uk-nc-2013/versions/september-2013/items/Eng_LKS2_Write_Trans_Spell_4,unreviewed,mt_HdI1y5KsBl,uk-nc-2013:Eng_LKS2_Write_Trans_Spell_4
https://education.asfai.org/alignments/c1a8dc9c-eaf2-5327-8c72-04120c411d9b,https://education.asfai.org/objectives/48f9ccc6-610c-5a2d-9d10-c5389ae1fc16,relatedTo,uk-nc-2013,KS3.Sci.Phys.MotionAndForces.7,https://education.asfai.org/frameworks/uk-nc-2013/versions/september-2013/items/KS3.Sci.Phys.MotionAndForces.7,unreviewed,mt_fbYbe3YSVj,uk-nc-2013:KS3.Sci.Phys.MotionAndForces.7
https://education.asfai.org/alignments/c1b0da2a-ca03-521c-8a76-2c649e0eb208,https://education.asfai.org/objectives/7ec14782-e4de-5ab1-bf31-0c47d6326784,relatedTo,uk-nc-2013,Eng/KS1/Y2/C/1d,https://education.asfai.org/frameworks/uk-nc-2013/versions/september-2013/items/Eng%2FKS1%2FY2%2FC%2F1d,unreviewed,mt_ZhUuT__i2H,uk-nc-2013:Eng/KS1/Y2/C/1d
https://education.asfai.org/alignments/c1bdd768-4199-56e3-ad7f-f8527b93a2cd,https://education.asfai.org/objectives/1bbe4420-64c2-56fa-9530-7d23af5937d9,relatedTo,uk-nc-2013,Eng.UKS2.Write.VGP.2d,https://education.asfai.org/frameworks/uk-nc-2013/versions/september-2013/items/Eng.UKS2.Write.VGP.2d,unreviewed,mt_xYjD_kA70s,uk-nc-2013:Eng.UKS2.Write.VGP.2d
https://education.asfai.org/alignments/c1cc097a-7ef2-5db1-971d-c1451e7f5ddc,https://education.asfai.org/objectives/31e9a1ff-6088-52cf-b863-cd789689a170,relatedTo,uk-nc-2013,Y3.Sci.L.1,https://education.asfai.org/frameworks/uk-nc-2013/versions/september-2013/items/Y3.Sci.L.1,unreviewed,mt_4i-FKXDDXh,uk-nc-2013:Y3.Sci.L.1
https://education.asfai.org/alignments/c1dbe77b-79d6-5558-904b-d9e2a2662611,https://education.asfai.org/objectives/afe0a8dc-4efa-561a-89ab-eb13483eedda,relatedTo,ccss-ela,RI.8.8,https://education.asfai.org/frameworks/ccss-ela/versions/2010/items/RI.8.8,unreviewed,mt_gMSFymQlrW,ccss-ela:RI.8.8
https://education.asfai.org/alignments/c20563b3-59b1-5623-86ec-4c21fb06153a,https://education.asfai.org/objectives/2119342c-7d01-5e26-b96a-f31eb37d692f,relatedTo,uk-nc-2013,Ma/KS2/Y4/NPV/5,https://education.asfai.org/frameworks/uk-nc-2013/versions/september-2013/items/Ma%2FKS2%2FY4%2FNPV%2F5,unreviewed,mt_MHaiUd2FLA,uk-nc-2013:Ma/KS2/Y4/NPV/5
https://education.asfai.org/alignments/c211c090-3044-5393-b84b-be67eeb5a1b5,https://education.asfai.org/objectives/242ee901-6b99-5acc-b884-69ca270f3fc6,relatedTo,uk-nc-2013,Eng.App2.Y2.Sent.3,https://education.asfai.org/frameworks/uk-nc-2013/versions/september-2013/items/Eng.App2.Y2.Sent.3,unreviewed,mt_u1-UfD0rTH,uk-nc-2013:Eng.App2.Y2.Sent.3
https://education.asfai.org/alignments/c21479b1-2b50-594b-94fb-fee567a36252,https://education.asfai.org/objectives/3f9d7beb-adad-540e-974d-cc1553e888d7,relatedTo,ccss-ela,L.1.1g,https://education.asfai.org/frameworks/ccss-ela/versions/2010/items/L.1.1g,unreviewed,mt_wq-1OJ_8s5,ccss-ela:L.1.1g
https://education.asfai.org/alignments/c2266503-80cd-5b6f-b60e-ab79dab58056,https://education.asfai.org/objectives/a52dffcc-61cf-51ab-8f08-c7e3a1804558,relatedTo,ngss-k5,5-PS2-1,https://education.asfai.org/frameworks/ngss-k5/versions/2013/items/5-PS2-1,unreviewed,mt_AvrQauS_zX,ngss-k5:5-PS2-1
https://education.asfai.org/alignments/c23c1566-440c-5ee7-b6d3-b5ab85c70f69,https://education.asfai.org/objectives/c9480c00-fc21-5f39-a8ad-18f2d3aa7539,relatedTo,ccss-math,7.RP.3,https://education.asfai.org/frameworks/ccss-math/versions/2010/items/7.RP.3,unreviewed,mt_iEXqN48w3x,ccss-math:7.RP.3
https://education.asfai.org/alignments/c26a3f74-6fc5-5452-ab5f-d2ab272a2eca,https://education.asfai.org/objectives/a44e791c-6347-5a35-b0c1-f5a7c15073aa,relatedTo,uk-nc-2013,KS3.Maths.Num.8,https://education.asfai.org/frameworks/uk-nc-2013/versions/september-2013/items/KS3.Maths.Num.8,unreviewed,mt_bO-njVOige,uk-nc-2013:KS3.Maths.Num.8
https://education.asfai.org/alignments/c26e96ac-5223-59fe-a19e-ce25ed5d8dc9,https://education.asfai.org/objectives/e0272412-787f-5d1f-8cb9-3e307e923207,relatedTo,uk-nc-2013,Eng/KS1/Y2/VGP/2e,https://education.asfai.org/frameworks/uk-nc-2013/versions/september-2013/items/Eng%2FKS1%2FY2%2FVGP%2F2e,unreviewed,mt_YXVQaufkKO,uk-nc-2013:Eng/KS1/Y2/VGP/2e
https://education.asfai.org/alignments/c2964b4b-ab02-5c32-b5e0-7dc2a683e797,https://education.asfai.org/objectives/d124cae8-2661-5041-867c-46c945c6422b,relatedTo,uk-nc-2013,Eng/KS1/Y2/VGP/1,https://education.asfai.org/frameworks/uk-nc-2013/versions/september-2013/items/Eng%2FKS1%2FY2%2FVGP%2F1,unreviewed,mt_ntqNLHsj5n,uk-nc-2013:Eng/KS1/Y2/VGP/1
https://education.asfai.org/alignments/c2be5891-2a1a-5dd5-bfbb-fb9f36a0211d,https://education.asfai.org/objectives/a1f39dfe-c704-5843-a540-622b39b2ae52,relatedTo,ccss-ela,W.1.1,https://education.asfai.org/frameworks/ccss-ela/versions/2010/items/W.1.1,unreviewed,mt_lIs10UMkPG,ccss-ela:W.1.1
https://education.asfai.org/alignments/c2d653cf-98ef-5ef9-a25d-38e007fd2c3c,https://education.asfai.org/objectives/261fa05e-877c-5074-a0e1-347fe48b4422,relatedTo,ngss-k5,3-PS2-4,https://education.asfai.org/frameworks/ngss-k5/versions/2013/items/3-PS2-4,unreviewed,mt_jgNB2752b9,ngss-k5:3-PS2-4
https://education.asfai.org/alignments/c332c3b8-ba31-5522-8efb-ecef921da0d9,https://education.asfai.org/objectives/1bebfc4e-298e-56b8-ac2a-bc8f02aca01f,relatedTo,ccss-ela,L.1.5c,https://education.asfai.org/frameworks/ccss-ela/versions/2010/items/L.1.5c,unreviewed,mt_VLu59hpQ4T,ccss-ela:L.1.5c
https://education.asfai.org/alignments/c38d5d9c-9350-56ce-aa1d-088294d94938,https://education.asfai.org/objectives/75f80d54-4e15-53a0-a73a-ab0d1c47d69a,relatedTo,ccss-ela,RF.K.3.d,https://education.asfai.org/frameworks/ccss-ela/versions/2010/items/RF.K.3.d,unreviewed,mt__KHQttMde3,ccss-ela:RF.K.3.d
https://education.asfai.org/alignments/c3c4f0af-84b2-59d2-b433-17cd81b047f3,https://education.asfai.org/objectives/0380d289-442c-510b-adb4-ecb0632e3379,relatedTo,uk-nc-2013,Eng_App1_Y1_54,https://education.asfai.org/frameworks/uk-nc-2013/versions/september-2013/items/Eng_App1_Y1_54,unreviewed,mt_70Ys4i1AB1,uk-nc-2013:Eng_App1_Y1_54
https://education.asfai.org/alignments/c3c6b1b0-ef0b-5906-aba4-6e7aa37a6431,https://education.asfai.org/objectives/14b6e104-dbf6-5f45-b6e1-fca64bc8b6fa,relatedTo,uk-nc-2013,Ma/KS2/Y4/NPV/2,https://education.asfai.org/frameworks/uk-nc-2013/versions/september-2013/items/Ma%2FKS2%2FY4%2FNPV%2F2,unreviewed,mt_9XVFje6Tyr,uk-nc-2013:Ma/KS2/Y4/NPV/2
https://education.asfai.org/alignments/c3e8780d-2130-562e-ad5a-a67c9bb06067,https://education.asfai.org/objectives/69a9eb4e-7bc9-57c2-bfbe-0ce5376bc3aa,relatedTo,ccss-math,K.CC.4.a,https://education.asfai.org/frameworks/ccss-math/versions/2010/items/K.CC.4.a,unreviewed,mt_WcfaSfVT33,ccss-math:K.CC.4.a
https://education.asfai.org/alignments/c3efce09-3e06-5947-8cb5-f0e46d4b7ba1,https://education.asfai.org/objectives/9d405b60-8638-5ef5-bd07-6f209a17d623,relatedTo,uk-nc-2013,Eng.UKS2.Write.Comp.2d,https://education.asfai.org/frameworks/uk-nc-2013/versions/september-2013/items/Eng.UKS2.Write.Comp.2d,unreviewed,mt_4-vfMgmCVB,uk-nc-2013:Eng.UKS2.Write.Comp.2d
https://education.asfai.org/alignments/c419ed2a-4740-5150-aae4-c2868692b740,https://education.asfai.org/objectives/6b573126-d220-5f41-aa99-7afa90015183,relatedTo,uk-nc-2013,Y3.Sci.R.1,https://education.asfai.org/frameworks/uk-nc-2013/versions/september-2013/items/Y3.Sci.R.1,unreviewed,mt_R6YoRXkRxS,uk-nc-2013:Y3.Sci.R.1
https://education.asfai.org/alignments/c473f217-7d13-56f0-846f-ee4cded9e247,https://education.asfai.org/objectives/38d429e1-d760-5b27-b1a4-a908c43e77fb,relatedTo,uk-nc-2013,KS3.Sci.Phys.MotionAndForces.10,https://education.asfai.org/frameworks/uk-nc-2013/versions/september-2013/items/KS3.Sci.Phys.MotionAndForces.10,unreviewed,mt_sUVeVXzRuq,uk-nc-2013:KS3.Sci.Phys.MotionAndForces.10
https://education.asfai.org/alignments/c4905115-1029-5b52-b71c-433ace841698,https://education.asfai.org/objectives/a3069524-5870-5b8b-a088-61bd7428b964,relatedTo,ccss-math,7.RP.1,https://education.asfai.org/frameworks/ccss-math/versions/2010/items/7.RP.1,unreviewed,mt_kLQOzZYrd5,ccss-math:7.RP.1
https://education.asfai.org/alignments/c49e0f35-6464-5d29-b8fa-0c4411452348,https://education.asfai.org/objectives/b5f24198-4b63-5058-91ab-cebee70ca998,relatedTo,ccss-math,6.RP.1,https://education.asfai.org/frameworks/ccss-math/versions/2010/items/6.RP.1,unreviewed,mt_XWSGuFW7It,ccss-math:6.RP.1
https://education.asfai.org/alignments/c4a193e6-7d71-5526-8394-d16ca3f9f640,https://education.asfai.org/objectives/19b1b5be-8f84-5184-ab2f-97ea9d2fa27d,relatedTo,uk-nc-2013,Y6.Sci.EI.1,https://education.asfai.org/frameworks/uk-nc-2013/versions/september-2013/items/Y6.Sci.EI.1,unreviewed,mt_gTDqxYkLs9,uk-nc-2013:Y6.Sci.EI.1
https://education.asfai.org/alignments/c4a2e61a-1bda-5bd4-828e-6ca28c086f41,https://education.asfai.org/objectives/19ffbfaf-fa77-5188-a7fe-a217f7712afb,relatedTo,uk-nc-2013,Eng.UKS2.Write.Comp.1a,https://education.asfai.org/frameworks/uk-nc-2013/versions/september-2013/items/Eng.UKS2.Write.Comp.1a,unreviewed,mt_v5DyOEpbbr,uk-nc-2013:Eng.UKS2.Write.Comp.1a
https://education.asfai.org/alignments/c4e1ec50-aed0-58af-be07-e969b3c7a308,https://education.asfai.org/objectives/8a1c3b95-4b9d-555a-8ed6-38c4c343b6ae,relatedTo,uk-nc-2013,Eng_LKS2_Read_Comp_7,https://education.asfai.org/frameworks/uk-nc-2013/versions/september-2013/items/Eng_LKS2_Read_Comp_7,unreviewed,mt_fL1Xz8ostr,uk-nc-2013:Eng_LKS2_Read_Comp_7
https://education.asfai.org/alignments/c4e929f7-689b-5f91-b6b5-a63712226a7c,https://education.asfai.org/objectives/4dd2c992-08d8-500d-be34-6ccaede03b6f,relatedTo,ccss-math,7.G.3,https://education.asfai.org/frameworks/ccss-math/versions/2010/items/7.G.3,unreviewed,mt_nRksLqt-iR,ccss-math:7.G.3
https://education.asfai.org/alignments/c529be15-6349-5c60-b4db-61403611b3ad,https://education.asfai.org/objectives/f26f58cc-205c-51a8-bb04-03456e50790c,relatedTo,ccss-ela,RF.3.3.b,https://education.asfai.org/frameworks/ccss-ela/versions/2010/items/RF.3.3.b,unreviewed,mt_HrgDjxcWvf,ccss-ela:RF.3.3.b
https://education.asfai.org/alignments/c566fdfb-1592-53c5-8a24-c03d2c094aba,https://education.asfai.org/objectives/3c2d8353-7fe8-543e-9e08-e8aece4784ab,relatedTo,uk-nc-2013,Eng_App1_Y2_09,https://education.asfai.org/frameworks/uk-nc-2013/versions/september-2013/items/Eng_App1_Y2_09,unreviewed,mt_OgJPbGkrYk,uk-nc-2013:Eng_App1_Y2_09
https://education.asfai.org/alignments/c5827d56-5370-5ed5-8501-09cf1f4023cc,https://education.asfai.org/objectives/5c9b4a80-5e1e-577c-bf2e-ee179b0af11f,relatedTo,ccss-ela,RI.3.2,https://education.asfai.org/frameworks/ccss-ela/versions/2010/items/RI.3.2,unreviewed,mt_QCWWmDMYZR,ccss-ela:RI.3.2
https://education.asfai.org/alignments/c5a877b9-f51e-549e-b7cf-6c05083e2c9c,https://education.asfai.org/objectives/acc7226d-7ec7-5587-abbf-f4ee5cdf23c6,relatedTo,uk-nc-2013,Eng/KS1/Y2/WC/1c,https://education.asfai.org/frameworks/uk-nc-2013/versions/september-2013/items/Eng%2FKS1%2FY2%2FWC%2F1c,unreviewed,mt_YNe6siFTFq,uk-nc-2013:Eng/KS1/Y2/WC/1c
https://education.asfai.org/alignments/c5c945ac-cb2d-5253-9f32-c1095f05d5ff,https://education.asfai.org/objectives/5e89b84c-0135-54fc-96c9-efdf1e6f7732,relatedTo,uk-nc-2013,Eng_App1_Y1_51,https://education.asfai.org/frameworks/uk-nc-2013/versions/september-2013/items/Eng_App1_Y1_51,unreviewed,mt_9-OHslmt1g,uk-nc-2013:Eng_App1_Y1_51
https://education.asfai.org/alignments/c5cade16-b584-5295-b625-65fa294f8281,https://education.asfai.org/objectives/28bce499-2139-5743-84ac-b14d69a3a961,relatedTo,uk-nc-2013,Maths/Y1/M/3,https://education.asfai.org/frameworks/uk-nc-2013/versions/september-2013/items/Maths%2FY1%2FM%2F3,unreviewed,mt_zkFbMLpu3U,uk-nc-2013:Maths/Y1/M/3
https://education.asfai.org/alignments/c5cf3691-05d4-5559-b2ce-1266d67a34c8,https://education.asfai.org/objectives/9971d69c-c22d-5e9d-b0b6-c8b4d472266b,relatedTo,ib-pyp-pspe,PSPE-ID-LO-P1-6,https://education.asfai.org/frameworks/ib-pyp-pspe/versions/2009/items/PSPE-ID-LO-P1-6,unreviewed,mt_LhkP_KKIRS,ib-pyp-pspe:PSPE-ID-LO-P1-6
https://education.asfai.org/alignments/c5ddef6b-c23f-56d7-9161-216fb5916f06,https://education.asfai.org/objectives/64f32aee-0d2b-5941-a949-28b497ac6a90,relatedTo,uk-nc-2013,Eng_App1_Y1_35,https://education.asfai.org/frameworks/uk-nc-2013/versions/september-2013/items/Eng_App1_Y1_35,unreviewed,mt_fMd7v87IiI,uk-nc-2013:Eng_App1_Y1_35
https://education.asfai.org/alignments/c5eef6d2-6bb2-5c2c-a082-ea946dbd75fc,https://education.asfai.org/objectives/e520016b-2a3a-578f-a43d-7c0a52bfd42f,relatedTo,uk-nc-2013,Eng_LKS2_Write_Trans_Hand_1,https://education.asfai.org/frameworks/uk-nc-2013/versions/september-2013/items/Eng_LKS2_Write_Trans_Hand_1,unreviewed,mt_02DH7sGXCi,uk-nc-2013:Eng_LKS2_Write_Trans_Hand_1
https://education.asfai.org/alignments/c6152a5a-b810-5e6c-a858-177e0f6077d8,https://education.asfai.org/objectives/3b376908-f7c8-59ff-926e-e39df0bbdf71,relatedTo,ib-pyp-pspe,PSPE.INT.P1.CU.2,https://education.asfai.org/frameworks/ib-pyp-pspe/versions/2009/items/PSPE.INT.P1.CU.2,unreviewed,mt_FwI7q7DSIx,ib-pyp-pspe:PSPE.INT.P1.CU.2
https://education.asfai.org/alignments/c63104b5-774a-5bbd-9748-667132a11438,https://education.asfai.org/objectives/7bf3ae49-49d1-5ab5-ab84-cc2823f3fbef,relatedTo,ccss-ela,RL.6.2,https://education.asfai.org/frameworks/ccss-ela/versions/2010/items/RL.6.2,unreviewed,mt_wGxq92Na5g,ccss-ela:RL.6.2
https://education.asfai.org/alignments/c6402b57-641e-581a-98ea-7c469429217d,https://education.asfai.org/objectives/c4ab5b76-64dd-5c67-a436-0cd2de8e66b9,relatedTo,uk-nc-2013,Maths/Y2/MD/1,https://education.asfai.org/frameworks/uk-nc-2013/versions/september-2013/items/Maths%2FY2%2FMD%2F1,unreviewed,mt_0u4KLbvBa1,uk-nc-2013:Maths/Y2/MD/1
https://education.asfai.org/alignments/c654d67f-f580-5bfd-a48d-1d1e7c2a4ac0,https://education.asfai.org/objectives/4e62058a-caa0-5e5d-b1a0-85c41e80c005,relatedTo,uk-nc-2013,Maths/Y1/AS/4,https://education.asfai.org/frameworks/uk-nc-2013/versions/september-2013/items/Maths%2FY1%2FAS%2F4,unreviewed,mt_PgsHGYJMH-,uk-nc-2013:Maths/Y1/AS/4
https://education.asfai.org/alignments/c6557428-573d-56dc-bed5-673dfd50569e,https://education.asfai.org/objectives/0c62de61-8c9a-5c5e-9b12-363aae81d1f5,relatedTo,ccss-ela,W.1.1,https://education.asfai.org/frameworks/ccss-ela/versions/2010/items/W.1.1,unreviewed,mt_9P9o6d0Qm3,ccss-ela:W.1.1
https://education.asfai.org/alignments/c655b8c2-2a99-514e-abae-055380c2b781,https://education.asfai.org/objectives/c951d042-beec-51bd-af73-d8d6cfd82a30,relatedTo,ccss-ela,SL.4.1.c,https://education.asfai.org/frameworks/ccss-ela/versions/2010/items/SL.4.1.c,unreviewed,mt_yrMniCJu_S,ccss-ela:SL.4.1.c
https://education.asfai.org/alignments/c65eeb3a-ec29-5694-b938-a1262950be45,https://education.asfai.org/objectives/e520016b-2a3a-578f-a43d-7c0a52bfd42f,relatedTo,uk-nc-2013,Eng/KS1/Y2/H/2,https://education.asfai.org/frameworks/uk-nc-2013/versions/september-2013/items/Eng%2FKS1%2FY2%2FH%2F2,unreviewed,mt_02DH7sGXCi,uk-nc-2013:Eng/KS1/Y2/H/2
https://education.asfai.org/alignments/c65f5ab7-4986-575a-9147-ef4036e697de,https://education.asfai.org/objectives/9fbe0478-2063-5e49-bc6b-10ac0b492f08,relatedTo,ccss-ela,W.5.9a,https://education.asfai.org/frameworks/ccss-ela/versions/2010/items/W.5.9a,unreviewed,mt_sdmm_m60qX,ccss-ela:W.5.9a
https://education.asfai.org/alignments/c68b8bd4-f916-5382-9d26-e4f1b39ba46c,https://education.asfai.org/objectives/e41f2a55-ad1a-5741-8c4e-09b8636af15a,relatedTo,uk-nc-2013,Y4.Sci.SM.3,https://education.asfai.org/frameworks/uk-nc-2013/versions/september-2013/items/Y4.Sci.SM.3,unreviewed,mt_Qkewo5M3_c,uk-nc-2013:Y4.Sci.SM.3
https://education.asfai.org/alignments/c6ab0533-e7f9-5c4e-b559-319b166ff81f,https://education.asfai.org/objectives/9fbe0478-2063-5e49-bc6b-10ac0b492f08,relatedTo,ccss-ela,W.4.9a,https://education.asfai.org/frameworks/ccss-ela/versions/2010/items/W.4.9a,unreviewed,mt_sdmm_m60qX,ccss-ela:W.4.9a
https://education.asfai.org/alignments/c6ad30f5-f5d4-5cfb-9799-74c856119785,https://education.asfai.org/objectives/aba45b38-bea2-507c-87e4-524921e1e372,relatedTo,uk-nc-2013,Eng_LKS2_Write_VGP_2,https://education.asfai.org/frameworks/uk-nc-2013/versions/september-2013/items/Eng_LKS2_Write_VGP_2,unreviewed,mt_7D-vlii8F-,uk-nc-2013:Eng_LKS2_Write_VGP_2
https://education.asfai.org/alignments/c6b2b8da-4b29-5c7e-b93c-b9434be3170d,https://education.asfai.org/objectives/3e27fd75-1db1-5d8d-accc-a6f68fea7cf0,relatedTo,ccss-ela,SL.2.4,https://education.asfai.org/frameworks/ccss-ela/versions/2010/items/SL.2.4,unreviewed,mt_4A7FYmvVhA,ccss-ela:SL.2.4
https://education.asfai.org/alignments/c6bacc35-0138-5409-98e1-ae1b2e62b9e5,https://education.asfai.org/objectives/95111b4a-e03f-5e23-83d4-57d3624bdeb8,relatedTo,ccss-math,7.SP.7b,https://education.asfai.org/frameworks/ccss-math/versions/2010/items/7.SP.7b,unreviewed,mt_sHJqh6UUya,ccss-math:7.SP.7b
https://education.asfai.org/alignments/c72f1baa-3782-5b16-8d1c-49cf9b612b4c,https://education.asfai.org/objectives/2c74f8a9-35c9-59e0-b108-2e2f9d988705,relatedTo,ccss-ela,L.K.5b,https://education.asfai.org/frameworks/ccss-ela/versions/2010/items/L.K.5b,unreviewed,mt_oL9s_bufDp,ccss-ela:L.K.5b
https://education.asfai.org/alignments/c7ad4190-506d-5838-95a7-3a88a46db67f,https://education.asfai.org/objectives/67dd3895-6ede-5c2d-80c9-f96b453110f5,relatedTo,ccss-ela,RF.3.4.c,https://education.asfai.org/frameworks/ccss-ela/versions/2010/items/RF.3.4.c,unreviewed,mt_V-ldQp56bF,ccss-ela:RF.3.4.c
https://education.asfai.org/alignments/c7b9b292-3bab-5de8-a1e2-ecfb32d0f57e,https://education.asfai.org/objectives/5c581536-886f-5dcd-a5b1-0f66a87ec0e4,relatedTo,ccss-math,K.G.5,https://education.asfai.org/frameworks/ccss-math/versions/2010/items/K.G.5,unreviewed,mt_2VR963szuk,ccss-math:K.G.5
https://education.asfai.org/alignments/c7bda8af-3749-56ad-a6cd-3f48bce5ee39,https://education.asfai.org/objectives/7d8fb027-3a9d-5e26-834b-7972e05e1167,relatedTo,uk-nc-2013,KS3.Sci.Bio.Nutrition.6,https://education.asfai.org/frameworks/uk-nc-2013/versions/september-2013/items/KS3.Sci.Bio.Nutrition.6,unreviewed,mt_zM5vu31jgl,uk-nc-2013:KS3.Sci.Bio.Nutrition.6
https://education.asfai.org/alignments/c7bf4931-83cd-5367-b9a7-a88b02102b37,https://education.asfai.org/objectives/3a85ed7f-75a5-50d9-b3bf-30db3b522a71,relatedTo,uk-nc-2013,KS3.Maths.Alg.11,https://education.asfai.org/frameworks/uk-nc-2013/versions/september-2013/items/KS3.Maths.Alg.11,unreviewed,mt_-3udyo6VyB,uk-nc-2013:KS3.Maths.Alg.11
https://education.asfai.org/alignments/c7e34693-f5fd-5a97-aabb-10aae6da8fa7,https://education.asfai.org/objectives/ccbd67a3-74ad-5045-a915-5582ed681248,relatedTo,ccss-math,3.OA.4,https://education.asfai.org/frameworks/ccss-math/versions/2010/items/3.OA.4,unreviewed,mt_xZvDCYA5Ae,ccss-math:3.OA.4
https://education.asfai.org/alignments/c7e3deb7-109d-51f5-a9d4-734660ae51ed,https://education.asfai.org/objectives/bd1602ca-b011-5c38-a067-d7ad33fbe59e,relatedTo,ccss-ela,W.5.2,https://education.asfai.org/frameworks/ccss-ela/versions/2010/items/W.5.2,unreviewed,mt_hp2qJ-QRBn,ccss-ela:W.5.2
https://education.asfai.org/alignments/c7f0f9d2-e139-545d-be55-83d49a574627,https://education.asfai.org/objectives/c9ad87b3-c43e-59ee-ae95-8ef9e619cf8f,relatedTo,ngss-ms,MS-PS4-1,https://education.asfai.org/frameworks/ngss-ms/versions/2013/items/MS-PS4-1,unreviewed,mt_LxK9OKZQZX,ngss-ms:MS-PS4-1
https://education.asfai.org/alignments/c80d56ae-79b2-5b5b-94a5-348f1222fc19,https://education.asfai.org/objectives/6d432c2f-af86-5030-808c-a5cca36d8238,relatedTo,ccss-ela,W.1.8,https://education.asfai.org/frameworks/ccss-ela/versions/2010/items/W.1.8,unreviewed,mt_4A4RpX-Go9,ccss-ela:W.1.8
https://education.asfai.org/alignments/c80d90f7-c735-588d-a575-386fab08b26e,https://education.asfai.org/objectives/d0c1d50a-83af-54ca-9171-2226e8c535bd,relatedTo,uk-nc-2013,Eng.UKS2.Write.Comp.2d,https://education.asfai.org/frameworks/uk-nc-2013/versions/september-2013/items/Eng.UKS2.Write.Comp.2d,unreviewed,mt_AvJMWQbDsr,uk-nc-2013:Eng.UKS2.Write.Comp.2d
https://education.asfai.org/alignments/c81ae868-5dd5-53d0-ab6d-3c1962819af8,https://education.asfai.org/objectives/c431be78-84ee-5e0d-8c04-72a507b9a2af,relatedTo,uk-nc-2013,Eng_App1_Y1_24,https://education.asfai.org/frameworks/uk-nc-2013/versions/september-2013/items/Eng_App1_Y1_24,unreviewed,mt_BtMbZibZUj,uk-nc-2013:Eng_App1_Y1_24
https://education.asfai.org/alignments/c820e6a2-65ea-5829-8354-6e58172e52f1,https://education.asfai.org/objectives/1208540f-50ca-51b9-8d7d-d037b14d4a01,relatedTo,uk-nc-2013,KS3.Sci.Chem.CR.5,https://education.asfai.org/frameworks/uk-nc-2013/versions/september-2013/items/KS3.Sci.Chem.CR.5,unreviewed,mt_QKRYLwaOU8,uk-nc-2013:KS3.Sci.Chem.CR.5
https://education.asfai.org/alignments/c83177db-aae6-5dc8-8b56-2cdb48088fb6,https://education.asfai.org/objectives/f4e7eee6-f86b-5254-851d-199cb9ecf0e8,relatedTo,uk-nc-2013,Eng_App1_Y2_13,https://education.asfai.org/frameworks/uk-nc-2013/versions/september-2013/items/Eng_App1_Y2_13,unreviewed,mt_FYK8m6eHQm,uk-nc-2013:Eng_App1_Y2_13
https://education.asfai.org/alignments/c85a362b-23c7-5e4a-bcd9-a0b910acc0a6,https://education.asfai.org/objectives/2a40157a-b447-54e2-a8aa-abeabf781e10,relatedTo,ccss-ela,L.6.5,https://education.asfai.org/frameworks/ccss-ela/versions/2010/items/L.6.5,unreviewed,mt_MlmIrLb_7x,ccss-ela:L.6.5
https://education.asfai.org/alignments/c86a6e90-2c6e-5466-8ad6-98c915c14aec,https://education.asfai.org/objectives/8921a704-6ae4-5456-a14d-ad98482abfb8,relatedTo,uk-nc-2013,KS3.Maths.Ratio.3,https://education.asfai.org/frameworks/uk-nc-2013/versions/september-2013/items/KS3.Maths.Ratio.3,unreviewed,mt_xAf2bu9wYK,uk-nc-2013:KS3.Maths.Ratio.3
https://education.asfai.org/alignments/c8af0add-a2e3-50ab-89a7-6cd546050324,https://education.asfai.org/objectives/6b67df1a-ecfe-5d71-a41b-f969587ca35c,relatedTo,uk-nc-2013,Maths/Y1/NPV/2,https://education.asfai.org/frameworks/uk-nc-2013/versions/september-2013/items/Maths%2FY1%2FNPV%2F2,unreviewed,mt_x8TshvbbQT,uk-nc-2013:Maths/Y1/NPV/2
https://education.asfai.org/alignments/c8fc0501-4796-5307-9629-d634bfb5004d,https://education.asfai.org/objectives/920ebef9-547f-53b0-a236-2fd76f69b867,relatedTo,uk-nc-2013,KS3-ENG-R-3e,https://education.asfai.org/frameworks/uk-nc-2013/versions/september-2013/items/KS3-ENG-R-3e,unreviewed,mt_1GF5MeNZPA,uk-nc-2013:KS3-ENG-R-3e
https://education.asfai.org/alignments/c95d5dd1-661e-5707-8040-d6996fa8bfb7,https://education.asfai.org/objectives/72d055d8-026d-5bf5-b947-1c37e17f15e4,relatedTo,ngss-k5,5-ESS2-1,https://education.asfai.org/frameworks/ngss-k5/versions/2013/items/5-ESS2-1,unreviewed,mt_LKagN9GJPX,ngss-k5:5-ESS2-1
https://education.asfai.org/alignments/c9837d35-c9a7-51bf-b3a9-0eb1d81b9d39,https://education.asfai.org/objectives/8aa9a0b5-e679-55fa-b9ac-18f1189578c6,relatedTo,uk-nc-2013,Eng_LKS2_Write_Trans_Spell_3,https://education.asfai.org/frameworks/uk-nc-2013/versions/september-2013/items/Eng_LKS2_Write_Trans_Spell_3,unreviewed,mt_Jq0MjURrRC,uk-nc-2013:Eng_LKS2_Write_Trans_Spell_3
https://education.asfai.org/alignments/c983f7dd-4a74-5b94-bb87-b370c6e905a8,https://education.asfai.org/objectives/0c62de61-8c9a-5c5e-9b12-363aae81d1f5,relatedTo,ccss-ela,W.3.4,https://education.asfai.org/frameworks/ccss-ela/versions/2010/items/W.3.4,unreviewed,mt_9P9o6d0Qm3,ccss-ela:W.3.4
https://education.asfai.org/alignments/c9845b87-734b-5b8e-a47e-ee20e24f9a69,https://education.asfai.org/objectives/593eb0ab-7bd5-5ee2-8dcd-01f3da3613fb,relatedTo,uk-nc-2013,KS3.Sci.Phys.MotionAndForces.9,https://education.asfai.org/frameworks/uk-nc-2013/versions/september-2013/items/KS3.Sci.Phys.MotionAndForces.9,unreviewed,mt_xkn2sf93WJ,uk-nc-2013:KS3.Sci.Phys.MotionAndForces.9
https://education.asfai.org/alignments/c99a699c-da52-51d1-a785-53d493ba3882,https://education.asfai.org/objectives/23b05ba7-5c0c-5363-af4a-5cbf696e385b,relatedTo,uk-nc-2013,Ma/KS2/Y3/NPV/1,https://education.asfai.org/frameworks/uk-nc-2013/versions/september-2013/items/Ma%2FKS2%2FY3%2FNPV%2F1,unreviewed,mt_izien3ZX51,uk-nc-2013:Ma/KS2/Y3/NPV/1
https://education.asfai.org/alignments/c9b2b1d6-aebf-5f9c-9e91-f7c8b36c2719,https://education.asfai.org/objectives/5c6713f3-612a-5080-b4b2-84a1d235c7e5,relatedTo,ccss-ela,L.7.2a,https://education.asfai.org/frameworks/ccss-ela/versions/2010/items/L.7.2a,unreviewed,mt_lsO9O-_eZH,ccss-ela:L.7.2a
https://education.asfai.org/alignments/c9bd539d-b668-53dc-b065-0f5c26ca74e5,https://education.asfai.org/objectives/bd1602ca-b011-5c38-a067-d7ad33fbe59e,relatedTo,ccss-ela,W.3.2b,https://education.asfai.org/frameworks/ccss-ela/versions/2010/items/W.3.2b,unreviewed,mt_hp2qJ-QRBn,ccss-ela:W.3.2b
https://education.asfai.org/alignments/ca01129a-cb7c-57ad-891e-348d4c49493c,https://education.asfai.org/objectives/cd462678-df3f-5e72-901e-3eb60eb9c8a2,relatedTo,ccss-math,2.OA.2,https://education.asfai.org/frameworks/ccss-math/versions/2010/items/2.OA.2,unreviewed,mt__t4afSyZRm,ccss-math:2.OA.2
https://education.asfai.org/alignments/ca31a4f9-0945-518b-916e-4a892c4b8dfd,https://education.asfai.org/objectives/d43ed4a8-82ba-534a-b6c1-4bece41db51f,relatedTo,ccss-ela,L.4.1d,https://education.asfai.org/frameworks/ccss-ela/versions/2010/items/L.4.1d,unreviewed,mt_VVx0hPPSKi,ccss-ela:L.4.1d
https://education.asfai.org/alignments/ca31d435-d338-59ec-8f09-fa6395001900,https://education.asfai.org/objectives/6291cc4f-df29-5cf3-b0d7-19a4bfd839f4,relatedTo,ccss-math,7.EE.4,https://education.asfai.org/frameworks/ccss-math/versions/2010/items/7.EE.4,unreviewed,mt_QhFEDyIwSO,ccss-math:7.EE.4
https://education.asfai.org/alignments/ca3da362-16e7-59b4-9615-f8e6d3908864,https://education.asfai.org/objectives/81b86de3-e718-54e8-b919-9ee2ea0d0cf6,relatedTo,uk-nc-2013,Eng.App2.Y2.Term.1,https://education.asfai.org/frameworks/uk-nc-2013/versions/september-2013/items/Eng.App2.Y2.Term.1,unreviewed,mt_qzwQAOfurw,uk-nc-2013:Eng.App2.Y2.Term.1
https://education.asfai.org/alignments/ca4a5846-a7fd-5ceb-88bd-d534f1ceff01,https://education.asfai.org/objectives/17121b57-59f3-55a6-a7fb-663727c79663,relatedTo,ccss-ela,RF.1.3.e,https://education.asfai.org/frameworks/ccss-ela/versions/2010/items/RF.1.3.e,unreviewed,mt_kVzAFMuFc4,ccss-ela:RF.1.3.e
https://education.asfai.org/alignments/ca5b58f7-f1f3-5098-9b01-325e25d5d619,https://education.asfai.org/objectives/cb819a12-7d17-58c3-936e-05e3d8230cf2,relatedTo,ccss-math,8.F.3,https://education.asfai.org/frameworks/ccss-math/versions/2010/items/8.F.3,unreviewed,mt_GZuoYaDdWd,ccss-math:8.F.3
https://education.asfai.org/alignments/ca6e4bf5-17f6-5d1f-a87e-9df1146fa620,https://education.asfai.org/objectives/cd811350-0a6f-5fa4-a426-3259ff79b3b1,relatedTo,ccss-ela,RL.1.3,https://education.asfai.org/frameworks/ccss-ela/versions/2010/items/RL.1.3,unreviewed,mt_zlSoIKPyId,ccss-ela:RL.1.3
https://education.asfai.org/alignments/ca707bc5-22e8-5daf-8794-386533b95e77,https://education.asfai.org/objectives/4ff57ecc-9591-5b3e-a48f-74e8a7b0a4a5,relatedTo,uk-nc-2013,KS3.Sci.Phys.SpacePhysics.4,https://education.asfai.org/frameworks/uk-nc-2013/versions/september-2013/items/KS3.Sci.Phys.SpacePhysics.4,unreviewed,mt_oLjz18CxDg,uk-nc-2013:KS3.Sci.Phys.SpacePhysics.4
https://education.asfai.org/alignments/ca729d18-6a7b-5d4e-a4fd-caef78745d90,https://education.asfai.org/objectives/0c3200a0-c62b-5db7-8d76-5120683fc046,relatedTo,ccss-math,K.MD.2,https://education.asfai.org/frameworks/ccss-math/versions/2010/items/K.MD.2,unreviewed,mt_-P1kdZhHbL,ccss-math:K.MD.2
https://education.asfai.org/alignments/caf89869-09ca-5dab-9124-bc59b92b5509,https://education.asfai.org/objectives/67dd3895-6ede-5c2d-80c9-f96b453110f5,relatedTo,uk-nc-2013,Eng.UKS2.Read.Word.1,https://education.asfai.org/frameworks/uk-nc-2013/versions/september-2013/items/Eng.UKS2.Read.Word.1,unreviewed,mt_V-ldQp56bF,uk-nc-2013:Eng.UKS2.Read.Word.1
https://education.asfai.org/alignments/cb0ec6fc-23f5-58b0-8069-82b2328add1b,https://education.asfai.org/objectives/e8fa9e45-2e14-5c5d-bd78-0d9aa8f1d371,relatedTo,ccss-math,2.NBT.1.b,https://education.asfai.org/frameworks/ccss-math/versions/2010/items/2.NBT.1.b,unreviewed,mt_R2ccrI-nKD,ccss-math:2.NBT.1.b
https://education.asfai.org/alignments/cb1ae56d-f385-590a-b49f-01cb36766b40,https://education.asfai.org/objectives/35909676-789a-523c-8b28-7a83d0f8a7e7,relatedTo,ccss-ela,W.8.7,https://education.asfai.org/frameworks/ccss-ela/versions/2010/items/W.8.7,unreviewed,mt_Qcsl1Z1x0l,ccss-ela:W.8.7
https://education.asfai.org/alignments/cb1ce315-3936-5fd8-8d74-6cd1cdd42bb7,https://education.asfai.org/objectives/6ba657e8-9c6c-564a-bd0e-72caf475def3,relatedTo,uk-nc-2013,Y3.Sci.P.4,https://education.asfai.org/frameworks/uk-nc-2013/versions/september-2013/items/Y3.Sci.P.4,unreviewed,mt_WNBHZ1d94L,uk-nc-2013:Y3.Sci.P.4
https://education.asfai.org/alignments/cb1e7da1-8aa2-56f8-be39-cb7bb89e4fd7,https://education.asfai.org/objectives/cdc40e1c-5fda-5d60-b0aa-cbd177189b00,relatedTo,uk-nc-2013,Eng_App1_Y1_07,https://education.asfai.org/frameworks/uk-nc-2013/versions/september-2013/items/Eng_App1_Y1_07,unreviewed,mt_F978c32kDr,uk-nc-2013:Eng_App1_Y1_07
https://education.asfai.org/alignments/cb21e24d-7e3d-5c95-8093-28396dfd62d2,https://education.asfai.org/objectives/940c6ab5-8081-5516-a37d-32cdc9b973e5,relatedTo,ccss-math,7.RP.2,https://education.asfai.org/frameworks/ccss-math/versions/2010/items/7.RP.2,unreviewed,mt_5mIcmKRCgA,ccss-math:7.RP.2
https://education.asfai.org/alignments/cb7b9a3d-a122-5cf7-a7ca-0c52ff3a7798,https://education.asfai.org/objectives/e520016b-2a3a-578f-a43d-7c0a52bfd42f,relatedTo,uk-nc-2013,Eng/KS1/Y2/H/3,https://education.asfai.org/frameworks/uk-nc-2013/versions/september-2013/items/Eng%2FKS1%2FY2%2FH%2F3,unreviewed,mt_02DH7sGXCi,uk-nc-2013:Eng/KS1/Y2/H/3
https://education.asfai.org/alignments/cb9316e7-44ee-5401-ba6d-00512a6f74ec,https://education.asfai.org/objectives/e6460a44-1356-5018-8b4e-9f5fd29f6890,relatedTo,ngss-k5,K-LS1-1,https://education.asfai.org/frameworks/ngss-k5/versions/2013/items/K-LS1-1,unreviewed,mt_L1469gt34A,ngss-k5:K-LS1-1
https://education.asfai.org/alignments/cc012a63-afb6-57d7-9c21-1472baffabc0,https://education.asfai.org/objectives/242ee901-6b99-5acc-b884-69ca270f3fc6,relatedTo,ccss-ela,RF.1.1.a,https://education.asfai.org/frameworks/ccss-ela/versions/2010/items/RF.1.1.a,unreviewed,mt_u1-UfD0rTH,ccss-ela:RF.1.1.a
https://education.asfai.org/alignments/cc48ce6b-9e19-5ae1-9e64-0c0036664b3c,https://education.asfai.org/objectives/a6632587-8ca1-5481-a149-e2455ac71198,relatedTo,ngss-ms,MS-PS4-2,https://education.asfai.org/frameworks/ngss-ms/versions/2013/items/MS-PS4-2,unreviewed,mt_XSp-S0wter,ngss-ms:MS-PS4-2
https://education.asfai.org/alignments/cc4ccd13-534a-5e06-b4aa-f0a69d249598,https://education.asfai.org/objectives/3c2d8353-7fe8-543e-9e08-e8aece4784ab,relatedTo,uk-nc-2013,Eng_App1_Y2_18,https://education.asfai.org/frameworks/uk-nc-2013/versions/september-2013/items/Eng_App1_Y2_18,unreviewed,mt_OgJPbGkrYk,uk-nc-2013:Eng_App1_Y2_18
https://education.asfai.org/alignments/cc83f04e-911e-5ccf-984a-ef805e02ea8f,https://education.asfai.org/objectives/c9776f6d-4d59-5fe3-b4f6-584ea52176d5,relatedTo,ib-pyp-pspe,PSPE-ID-LO-P1-4,https://education.asfai.org/frameworks/ib-pyp-pspe/versions/2009/items/PSPE-ID-LO-P1-4,unreviewed,mt_OJVkWvIaM_,ib-pyp-pspe:PSPE-ID-LO-P1-4
https://education.asfai.org/alignments/cc8c403e-d4d8-5c89-8e6d-ed371098cc7b,https://education.asfai.org/objectives/c431be78-84ee-5e0d-8c04-72a507b9a2af,relatedTo,uk-nc-2013,Eng_App1_Y1_33,https://education.asfai.org/frameworks/uk-nc-2013/versions/september-2013/items/Eng_App1_Y1_33,unreviewed,mt_BtMbZibZUj,uk-nc-2013:Eng_App1_Y1_33
https://education.asfai.org/alignments/cc9bb4c9-4992-5ec4-b25c-f3f998d4d08f,https://education.asfai.org/objectives/33c23590-2089-5ef7-9840-5a6a942051ae,relatedTo,ccss-ela,L.4.1g,https://education.asfai.org/frameworks/ccss-ela/versions/2010/items/L.4.1g,unreviewed,mt_u3OuIXqmAo,ccss-ela:L.4.1g
https://education.asfai.org/alignments/cca92c6d-6374-5507-a9f9-0546ebc723f2,https://education.asfai.org/objectives/d1e60a5c-9793-5be8-bb2d-ddecd03da7d2,relatedTo,uk-nc-2013,Y3.Sci.FM.1,https://education.asfai.org/frameworks/uk-nc-2013/versions/september-2013/items/Y3.Sci.FM.1,unreviewed,mt_-p_xp4hMvh,uk-nc-2013:Y3.Sci.FM.1
https://education.asfai.org/alignments/cdc95262-042e-5e38-9303-7d7f99a35156,https://education.asfai.org/objectives/978f707a-1dd3-5b1d-92d0-1c26ee2cd1c4,relatedTo,uk-nc-2013,KS3.Maths.Ratio.1,https://education.asfai.org/frameworks/uk-nc-2013/versions/september-2013/items/KS3.Maths.Ratio.1,unreviewed,mt_tpT9brpI6D,uk-nc-2013:KS3.Maths.Ratio.1
https://education.asfai.org/alignments/cdefa7de-cd9e-55eb-834d-1008575141f8,https://education.asfai.org/objectives/45e86b35-1e28-5476-96ed-032bc8b54629,relatedTo,ccss-ela,L.6.4b,https://education.asfai.org/frameworks/ccss-ela/versions/2010/items/L.6.4b,unreviewed,mt_WZnwITSWr8,ccss-ela:L.6.4b
https://education.asfai.org/alignments/cdfb3000-ea15-53c1-a583-56a4450a8b52,https://education.asfai.org/objectives/64f32aee-0d2b-5941-a949-28b497ac6a90,relatedTo,uk-nc-2013,Eng_App1_Y1_40,https://education.asfai.org/frameworks/uk-nc-2013/versions/september-2013/items/Eng_App1_Y1_40,unreviewed,mt_fMd7v87IiI,uk-nc-2013:Eng_App1_Y1_40
https://education.asfai.org/alignments/ce009d07-ab71-572d-a052-7a9223239a0d,https://education.asfai.org/objectives/b9f3528a-0675-52de-9875-1fc58d402617,relatedTo,uk-nc-2013,Y2.Sci.P.1,https://education.asfai.org/frameworks/uk-nc-2013/versions/september-2013/items/Y2.Sci.P.1,unreviewed,mt_0B64gfJf7j,uk-nc-2013:Y2.Sci.P.1
https://education.asfai.org/alignments/ce0d9ac1-1d84-55d5-bbf8-739e60433673,https://education.asfai.org/objectives/67dd3895-6ede-5c2d-80c9-f96b453110f5,relatedTo,ccss-ela,RF.4.3.a,https://education.asfai.org/frameworks/ccss-ela/versions/2010/items/RF.4.3.a,unreviewed,mt_V-ldQp56bF,ccss-ela:RF.4.3.a
https://education.asfai.org/alignments/ce434892-25b7-5245-b9c9-be95451df759,https://education.asfai.org/objectives/b7895115-d15a-5e36-806d-cdfe35cc5af6,relatedTo,uk-nc-2013,KS3-ENG-W-1a,https://education.asfai.org/frameworks/uk-nc-2013/versions/september-2013/items/KS3-ENG-W-1a,unreviewed,mt_zCUIJLdK_s,uk-nc-2013:KS3-ENG-W-1a
https://education.asfai.org/alignments/ce5f2a7e-c9ea-5135-a4eb-6696dae66952,https://education.asfai.org/objectives/6fdadc90-375f-5d2b-807d-8e707dfd2401,relatedTo,uk-nc-2013,Eng.App2.Y5.Punc.2,https://education.asfai.org/frameworks/uk-nc-2013/versions/september-2013/items/Eng.App2.Y5.Punc.2,unreviewed,mt_VMS3kDQ8sA,uk-nc-2013:Eng.App2.Y5.Punc.2
https://education.asfai.org/alignments/cf00a09a-484d-5119-be2f-686949e250a9,https://education.asfai.org/objectives/d677e283-0934-57cb-9d4c-6338c145e9be,relatedTo,uk-nc-2013,Eng_App1_Y1_49,https://education.asfai.org/frameworks/uk-nc-2013/versions/september-2013/items/Eng_App1_Y1_49,unreviewed,mt_roAgL1rQRF,uk-nc-2013:Eng_App1_Y1_49
https://education.asfai.org/alignments/cf1b3d34-ce09-55a0-a4fe-5d73a5e18b22,https://education.asfai.org/objectives/58a15572-291f-5eb9-95b5-15b68e873224,relatedTo,ccss-ela,L.K.2,https://education.asfai.org/frameworks/ccss-ela/versions/2010/items/L.K.2,unreviewed,mt_of2GggtxFl,ccss-ela:L.K.2
https://education.asfai.org/alignments/cf281657-93be-5435-97c6-6c226da6b489,https://education.asfai.org/objectives/d844ee14-b683-5b40-b3d2-daf47ba09c81,relatedTo,uk-nc-2013,Ma/KS2/Y3/NPV/4,https://education.asfai.org/frameworks/uk-nc-2013/versions/september-2013/items/Ma%2FKS2%2FY3%2FNPV%2F4,unreviewed,mt_9L3NQqgqRd,uk-nc-2013:Ma/KS2/Y3/NPV/4
https://education.asfai.org/alignments/cf957a1f-7da9-58f6-a8b4-e2ed0e238815,https://education.asfai.org/objectives/a960ed72-ddac-5ced-a70f-5e7d4c82b0e1,relatedTo,ccss-ela,RL.5.9,https://education.asfai.org/frameworks/ccss-ela/versions/2010/items/RL.5.9,unreviewed,mt_jO0gHMk7Ti,ccss-ela:RL.5.9
https://education.asfai.org/alignments/cfd62ce3-e99a-5f90-8012-9ebde5a3cd99,https://education.asfai.org/objectives/2419acff-1a4a-5978-8a32-8d80c2cd448d,relatedTo,ngss-ms,MS-PS2-3,https://education.asfai.org/frameworks/ngss-ms/versions/2013/items/MS-PS2-3,unreviewed,mt_2qkn8Lhc8e,ngss-ms:MS-PS2-3
https://education.asfai.org/alignments/cfe7e8e3-0533-5399-ac4b-c2543806631a,https://education.asfai.org/objectives/828d7668-ce97-5667-87e9-0f2908739705,relatedTo,ccss-math,8.SP.2,https://education.asfai.org/frameworks/ccss-math/versions/2010/items/8.SP.2,unreviewed,mt_8atyuvPUZc,ccss-math:8.SP.2
https://education.asfai.org/alignments/d0195f62-6677-578e-a32f-c080c244ea44,https://education.asfai.org/objectives/1bebfc4e-298e-56b8-ac2a-bc8f02aca01f,relatedTo,ccss-ela,L.1.5d,https://education.asfai.org/frameworks/ccss-ela/versions/2010/items/L.1.5d,unreviewed,mt_VLu59hpQ4T,ccss-ela:L.1.5d
https://education.asfai.org/alignments/d05b8a60-02f8-569e-b549-c0e4f1859547,https://education.asfai.org/objectives/939ae894-665a-5b09-bb63-d47617e540b5,relatedTo,ib-pyp-pspe,PSPE-ID-LO-P2-10,https://education.asfai.org/frameworks/ib-pyp-pspe/versions/2009/items/PSPE-ID-LO-P2-10,unreviewed,mt_rymBfJmvFl,ib-pyp-pspe:PSPE-ID-LO-P2-10
https://education.asfai.org/alignments/d08f7a38-5df4-5e44-ad86-812ec80b6c49,https://education.asfai.org/objectives/7d2feff8-2372-5363-9be0-651dd1e3c5d5,relatedTo,uk-nc-2013,Y5.Sci.ES.1,https://education.asfai.org/frameworks/uk-nc-2013/versions/september-2013/items/Y5.Sci.ES.1,unreviewed,mt_5l7iGkf1Tp,uk-nc-2013:Y5.Sci.ES.1
https://education.asfai.org/alignments/d0a0ca9e-e9ac-5878-b6b3-f8c4e6b51063,https://education.asfai.org/objectives/7f23b7eb-94cb-5442-9c25-e8620285c39d,relatedTo,ccss-ela,SL.5.2,https://education.asfai.org/frameworks/ccss-ela/versions/2010/items/SL.5.2,unreviewed,mt_A4YUbzUFan,ccss-ela:SL.5.2
https://education.asfai.org/alignments/d0a96c03-9c5a-5c8a-a84f-3be82b8b17cf,https://education.asfai.org/objectives/96f4a3ab-7220-565c-9822-39dbaafb5ede,relatedTo,ib-pyp-pspe,PSPE-ID-CU-P4-3,https://education.asfai.org/frameworks/ib-pyp-pspe/versions/2009/items/PSPE-ID-CU-P4-3,unreviewed,mt_2oswCNuapH,ib-pyp-pspe:PSPE-ID-CU-P4-3
https://education.asfai.org/alignments/d0b0e19f-14d0-5335-9ff2-54ef9747e957,https://education.asfai.org/objectives/02527c52-1a3d-5111-939e-31faa605923f,relatedTo,uk-nc-2013,KS3.Maths.Stat.1,https://education.asfai.org/frameworks/uk-nc-2013/versions/september-2013/items/KS3.Maths.Stat.1,unreviewed,mt_XSXnTQoQ4l,uk-nc-2013:KS3.Maths.Stat.1
https://education.asfai.org/alignments/d0c5048b-9c8b-55c1-aed6-8364de6161dd,https://education.asfai.org/objectives/52654326-8db4-5dd9-be1b-b58657e108b8,relatedTo,uk-nc-2013,Ma/KS2/Y3/M/2,https://education.asfai.org/frameworks/uk-nc-2013/versions/september-2013/items/Ma%2FKS2%2FY3%2FM%2F2,unreviewed,mt_wE7-Gs9ENL,uk-nc-2013:Ma/KS2/Y3/M/2
https://education.asfai.org/alignments/d0f88eec-ac1d-576b-b7e6-c09a8996f916,https://education.asfai.org/objectives/6117a017-e31e-5884-ae48-0cb38aad0e7d,relatedTo,uk-nc-2013,Eng_App1_Sp_Y56_03,https://education.asfai.org/frameworks/uk-nc-2013/versions/september-2013/items/Eng_App1_Sp_Y56_03,unreviewed,mt_2X9Cd38eSJ,uk-nc-2013:Eng_App1_Sp_Y56_03
https://education.asfai.org/alignments/d13d77f7-c76f-5fc7-83ba-cd61966bea0a,https://education.asfai.org/objectives/9d7d9d79-3f37-5e4b-8521-eb3b6f8f785a,relatedTo,uk-nc-2013,Y2.Sci.LTH.4,https://education.asfai.org/frameworks/uk-nc-2013/versions/september-2013/items/Y2.Sci.LTH.4,unreviewed,mt_EygMHKs8Ed,uk-nc-2013:Y2.Sci.LTH.4
https://education.asfai.org/alignments/d1557ceb-6a07-5105-9c71-e1c78841c1f0,https://education.asfai.org/objectives/1ad7044c-870a-5628-8607-c721bb6346e5,relatedTo,ccss-ela,L.4.1a,https://education.asfai.org/frameworks/ccss-ela/versions/2010/items/L.4.1a,unreviewed,mt_YQ64pzcLDl,ccss-ela:L.4.1a
https://education.asfai.org/alignments/d16d985e-ed1b-5269-bac6-fda155092c3c,https://education.asfai.org/objectives/e3e08833-8378-5946-b40b-80f59dfd39bb,relatedTo,uk-nc-2013,Eng.App2.Y1.Punc.3,https://education.asfai.org/frameworks/uk-nc-2013/versions/september-2013/items/Eng.App2.Y1.Punc.3,unreviewed,mt_uM6q_KBWKy,uk-nc-2013:Eng.App2.Y1.Punc.3
https://education.asfai.org/alignments/d16f853b-ce97-51e9-b048-92bfd0087341,https://education.asfai.org/objectives/6237762e-5591-59c3-b69c-706cddb0d91d,relatedTo,ccss-math,3.OA.8,https://education.asfai.org/frameworks/ccss-math/versions/2010/items/3.OA.8,unreviewed,mt_anAe11HAEH,ccss-math:3.OA.8
https://education.asfai.org/alignments/d179e408-207f-5146-a6c3-c4a670db2c93,https://education.asfai.org/objectives/993fac31-38b3-5f6c-992f-05f4c43bcb64,relatedTo,ccss-ela,RF.5.4.c,https://education.asfai.org/frameworks/ccss-ela/versions/2010/items/RF.5.4.c,unreviewed,mt_rQ2YJJi4uh,ccss-ela:RF.5.4.c
https://education.asfai.org/alignments/d18f045e-1ba6-53a8-8235-29e79d997223,https://education.asfai.org/objectives/32b6d561-49fe-591e-b9e2-fb5e27fd8809,relatedTo,ccss-ela,RI.7.6,https://education.asfai.org/frameworks/ccss-ela/versions/2010/items/RI.7.6,unreviewed,mt_x2sWtfTeYT,ccss-ela:RI.7.6
https://education.asfai.org/alignments/d191e78f-39da-56c3-bfe9-1141f2df19a3,https://education.asfai.org/objectives/4a804de8-a06a-56b5-9e19-f0a6305189b8,relatedTo,uk-nc-2013,Ma/KS2/Y3/AS/3,https://education.asfai.org/frameworks/uk-nc-2013/versions/september-2013/items/Ma%2FKS2%2FY3%2FAS%2F3,unreviewed,mt_QaYfeVL-0C,uk-nc-2013:Ma/KS2/Y3/AS/3
https://education.asfai.org/alignments/d1967b7a-1f8e-5105-9fb7-769847687fbe,https://education.asfai.org/objectives/8a1c3b95-4b9d-555a-8ed6-38c4c343b6ae,relatedTo,uk-nc-2013,Eng/KS1/Y2/C/1g,https://education.asfai.org/frameworks/uk-nc-2013/versions/september-2013/items/Eng%2FKS1%2FY2%2FC%2F1g,unreviewed,mt_fL1Xz8ostr,uk-nc-2013:Eng/KS1/Y2/C/1g
https://education.asfai.org/alignments/d1997936-44b5-5a72-b4ba-e8404bd54494,https://education.asfai.org/objectives/9c65aa78-1876-58df-96e5-5538a36f5a1e,relatedTo,ngss-k5,5-LS1-1,https://education.asfai.org/frameworks/ngss-k5/versions/2013/items/5-LS1-1,unreviewed,mt_3-ii06P4YS,ngss-k5:5-LS1-1
https://education.asfai.org/alignments/d1b50d17-235d-5903-9e11-cde25513e36e,https://education.asfai.org/objectives/77bbbcab-633b-5228-a3ac-193eb7ca3b75,relatedTo,uk-nc-2013,Eng_Y1_WT_05,https://education.asfai.org/frameworks/uk-nc-2013/versions/september-2013/items/Eng_Y1_WT_05,unreviewed,mt_frDIaXzWbx,uk-nc-2013:Eng_Y1_WT_05
https://education.asfai.org/alignments/d1c78850-c8f3-5b52-bee9-85a62cd45836,https://education.asfai.org/objectives/3be4730e-2de6-50e0-8cee-598d345bfd0e,relatedTo,ccss-math,1.MD.4,https://education.asfai.org/frameworks/ccss-math/versions/2010/items/1.MD.4,unreviewed,mt_ylXdiVRAYv,ccss-math:1.MD.4
https://education.asfai.org/alignments/d1ce0064-6881-560d-b40c-c54f44b3cf55,https://education.asfai.org/objectives/64f32aee-0d2b-5941-a949-28b497ac6a90,relatedTo,uk-nc-2013,Eng_App1_Y1_45,https://education.asfai.org/frameworks/uk-nc-2013/versions/september-2013/items/Eng_App1_Y1_45,unreviewed,mt_fMd7v87IiI,uk-nc-2013:Eng_App1_Y1_45
https://education.asfai.org/alignments/d1d89ca7-39ab-57a4-8847-ecbc51c35d5b,https://education.asfai.org/objectives/15e11dc8-c472-5e98-9fa3-c4d18ebfb65e,relatedTo,uk-nc-2013,Ma/KS2/Y3/NPV/2,https://education.asfai.org/frameworks/uk-nc-2013/versions/september-2013/items/Ma%2FKS2%2FY3%2FNPV%2F2,unreviewed,mt_aPBzD28_mT,uk-nc-2013:Ma/KS2/Y3/NPV/2
https://education.asfai.org/alignments/d1e3a4de-49b9-56bd-8f8c-3340143acbd8,https://education.asfai.org/objectives/a8ff161a-a36a-5d6e-be1b-7f245b34d9b6,relatedTo,ccss-ela,W.8.3.c,https://education.asfai.org/frameworks/ccss-ela/versions/2010/items/W.8.3.c,unreviewed,mt_tn1rY9GbEZ,ccss-ela:W.8.3.c
https://education.asfai.org/alignments/d1fa956d-858b-5901-9bff-f3dc998d7704,https://education.asfai.org/objectives/5aeed716-b975-5006-829c-d1301f038109,relatedTo,uk-nc-2013,KS3.Sci.Bio.Health.2,https://education.asfai.org/frameworks/uk-nc-2013/versions/september-2013/items/KS3.Sci.Bio.Health.2,unreviewed,mt_2R3xRpYhMa,uk-nc-2013:KS3.Sci.Bio.Health.2
https://education.asfai.org/alignments/d1fe5c2b-8643-5bd9-8e8b-891cb1d0a13e,https://education.asfai.org/objectives/cf11ce83-7d73-5350-947c-52c732fa85f4,relatedTo,uk-nc-2013,Eng_Y1_WH_02,https://education.asfai.org/frameworks/uk-nc-2013/versions/september-2013/items/Eng_Y1_WH_02,unreviewed,mt_WBfj79OqXz,uk-nc-2013:Eng_Y1_WH_02
https://education.asfai.org/alignments/d212dcb3-620d-5961-8ec0-e5974e634999,https://education.asfai.org/objectives/b2fef8b2-e058-5c60-96fd-542beb8f7f5e,relatedTo,ccss-math,2.G.3,https://education.asfai.org/frameworks/ccss-math/versions/2010/items/2.G.3,unreviewed,mt_Xp-rj46S2w,ccss-math:2.G.3
https://education.asfai.org/alignments/d2307c8e-16a3-5a80-b8c5-f764641380b6,https://education.asfai.org/objectives/8ac8b720-fbed-5b7d-970d-bf0d537dbad3,relatedTo,uk-nc-2013,Y3.Sci.P.4,https://education.asfai.org/frameworks/uk-nc-2013/versions/september-2013/items/Y3.Sci.P.4,unreviewed,mt_4IVWRAZoNC,uk-nc-2013:Y3.Sci.P.4
https://education.asfai.org/alignments/d2597ca1-081b-503e-84de-6710c6fed437,https://education.asfai.org/objectives/5f4f88ca-013b-55ba-89c5-b64a31db7d94,relatedTo,ccss-ela,L.K.2a,https://education.asfai.org/frameworks/ccss-ela/versions/2010/items/L.K.2a,unreviewed,mt_QEr24lqzvH,ccss-ela:L.K.2a
https://education.asfai.org/alignments/d290214d-1f19-5c22-bc3d-35ccb13388fb,https://education.asfai.org/objectives/d2f1e1bf-199b-5e23-99b5-e9663982f579,relatedTo,ngss-ms,MS-PS2-3,https://education.asfai.org/frameworks/ngss-ms/versions/2013/items/MS-PS2-3,unreviewed,mt_H3ZDK0EYNV,ngss-ms:MS-PS2-3
https://education.asfai.org/alignments/d29faee0-23c2-5c0d-8c36-1c6b61d168f9,https://education.asfai.org/objectives/ee47e170-74fe-5b53-81ac-9b04844fcb18,relatedTo,uk-nc-2013,KS3.Sci.Chem.CR.2,https://education.asfai.org/frameworks/uk-nc-2013/versions/september-2013/items/KS3.Sci.Chem.CR.2,unreviewed,mt_AN2kJE6I0s,uk-nc-2013:KS3.Sci.Chem.CR.2
https://education.asfai.org/alignments/d2d3de50-2ef6-565c-bcbf-70aa169b0710,https://education.asfai.org/objectives/4ae2a007-f408-537e-a5fa-c1a8237a1e42,relatedTo,ccss-ela,SL.1.6,https://education.asfai.org/frameworks/ccss-ela/versions/2010/items/SL.1.6,unreviewed,mt_ZBMcX2oRor,ccss-ela:SL.1.6
https://education.asfai.org/alignments/d307bce8-de32-518f-b9b6-bf8909db6c34,https://education.asfai.org/objectives/4a3b6ad2-4869-5a9d-b9c0-94c01edd3cf7,relatedTo,ib-pyp-pspe,PSPE.INT.P2.LO.9,https://education.asfai.org/frameworks/ib-pyp-pspe/versions/2009/items/PSPE.INT.P2.LO.9,unreviewed,mt_iWGnyUyN2j,ib-pyp-pspe:PSPE.INT.P2.LO.9
https://education.asfai.org/alignments/d38c10d9-eb1e-5da5-9376-99b63570ed74,https://education.asfai.org/objectives/aba45b38-bea2-507c-87e4-524921e1e372,relatedTo,uk-nc-2013,Eng.UKS2.Write.VGP.1c,https://education.asfai.org/frameworks/uk-nc-2013/versions/september-2013/items/Eng.UKS2.Write.VGP.1c,unreviewed,mt_7D-vlii8F-,uk-nc-2013:Eng.UKS2.Write.VGP.1c
https://education.asfai.org/alignments/d39c012d-31ae-5dc2-9ee9-657667dc4fe8,https://education.asfai.org/objectives/b465642d-99cf-56a8-9c76-9f2f2e29e350,relatedTo,uk-nc-2013,KS3.Sci.Bio.Adaptation.6,https://education.asfai.org/frameworks/uk-nc-2013/versions/september-2013/items/KS3.Sci.Bio.Adaptation.6,unreviewed,mt_o7FJPDsHiW,uk-nc-2013:KS3.Sci.Bio.Adaptation.6
https://education.asfai.org/alignments/d3d8b10f-72f1-54f1-9afe-818b4719ed3b,https://education.asfai.org/objectives/c305f376-392d-55c4-9a92-a6902eb0be15,relatedTo,ccss-ela,RL.8.10,https://education.asfai.org/frameworks/ccss-ela/versions/2010/items/RL.8.10,unreviewed,mt_9k1qcpvVi_,ccss-ela:RL.8.10
https://education.asfai.org/alignments/d411105a-3542-5cfa-a11d-eaf42508619b,https://education.asfai.org/objectives/21a64487-cc23-5698-aa33-1ef4e8470352,relatedTo,ngss-ms,MS-LS1-2,https://education.asfai.org/frameworks/ngss-ms/versions/2013/items/MS-LS1-2,unreviewed,mt_bABr-c2DfV,ngss-ms:MS-LS1-2
https://education.asfai.org/alignments/d436d60f-df10-5cf0-931a-8a7aeeda5574,https://education.asfai.org/objectives/2ad4f6e5-ddd3-5096-b0f2-a1b641e08eab,relatedTo,uk-nc-2013,Maths/Y2/AS/1,https://education.asfai.org/frameworks/uk-nc-2013/versions/september-2013/items/Maths%2FY2%2FAS%2F1,unreviewed,mt_wzAZ8qFDc4,uk-nc-2013:Maths/Y2/AS/1
https://education.asfai.org/alignments/d44c6f51-6bb7-55d0-ad21-14c6f0048c4d,https://education.asfai.org/objectives/edc86e9f-b47c-5d8c-a6c8-9cf2f859b894,relatedTo,ngss-k5,4-PS3-1,https://education.asfai.org/frameworks/ngss-k5/versions/2013/items/4-PS3-1,unreviewed,mt_2Um22lTBZV,ngss-k5:4-PS3-1
https://education.asfai.org/alignments/d473bea1-2f43-5051-9111-d782c03f512a,https://education.asfai.org/objectives/fba4238e-fe7e-5564-a1ed-dcbb61e6e337,relatedTo,uk-nc-2013,KS3.Sci.Bio.Ecosystem.5,https://education.asfai.org/frameworks/uk-nc-2013/versions/september-2013/items/KS3.Sci.Bio.Ecosystem.5,unreviewed,mt_V2lNzEex_a,uk-nc-2013:KS3.Sci.Bio.Ecosystem.5
https://education.asfai.org/alignments/d4cebd3c-708f-5d4a-b7fe-8c43a30972da,https://education.asfai.org/objectives/f005d214-3777-5009-a5c8-cfd537b7224b,relatedTo,ccss-ela,W.4.8,https://education.asfai.org/frameworks/ccss-ela/versions/2010/items/W.4.8,unreviewed,mt_FW9_8F52bw,ccss-ela:W.4.8
https://education.asfai.org/alignments/d51ffb2b-6ff6-560c-9d50-659aab3be01c,https://education.asfai.org/objectives/5e5fbcc6-49d2-5386-993b-e7949bcf0d0a,relatedTo,ccss-math,K.G.6,https://education.asfai.org/frameworks/ccss-math/versions/2010/items/K.G.6,unreviewed,mt_XjwUlmxdCT,ccss-math:K.G.6
https://education.asfai.org/alignments/d531bf8b-cc53-564d-8445-af2cdba58c37,https://education.asfai.org/objectives/6c1912cc-873d-5dc1-a536-896158f209ed,relatedTo,ngss-ms,MS-PS1-2,https://education.asfai.org/frameworks/ngss-ms/versions/2013/items/MS-PS1-2,unreviewed,mt_v0K6GRi4ZL,ngss-ms:MS-PS1-2
https://education.asfai.org/alignments/d54eea91-5aa7-5637-a083-0261b1bd3fce,https://education.asfai.org/objectives/73ebfbad-7cfd-517c-93ff-fdf0bb7c0f5f,relatedTo,uk-nc-2013,Maths/Y2/GPS/4,https://education.asfai.org/frameworks/uk-nc-2013/versions/september-2013/items/Maths%2FY2%2FGPS%2F4,unreviewed,mt_fEuoBYw6bU,uk-nc-2013:Maths/Y2/GPS/4
https://education.asfai.org/alignments/d5555a94-db41-56b6-b3d7-0211e194394d,https://education.asfai.org/objectives/abd8e425-76eb-5b23-9e70-1133dceaa425,relatedTo,uk-nc-2013,KS3.Sci.Bio.Adaptation.4,https://education.asfai.org/frameworks/uk-nc-2013/versions/september-2013/items/KS3.Sci.Bio.Adaptation.4,unreviewed,mt_ohUnzoI_nx,uk-nc-2013:KS3.Sci.Bio.Adaptation.4
https://education.asfai.org/alignments/d55dfa79-2161-5745-8cb6-718e77bb2e1c,https://education.asfai.org/objectives/c431be78-84ee-5e0d-8c04-72a507b9a2af,relatedTo,uk-nc-2013,Eng_App1_Y1_31,https://education.asfai.org/frameworks/uk-nc-2013/versions/september-2013/items/Eng_App1_Y1_31,unreviewed,mt_BtMbZibZUj,uk-nc-2013:Eng_App1_Y1_31
https://education.asfai.org/alignments/d5a3133c-c040-5b58-a0bc-e00abe659de1,https://education.asfai.org/objectives/20a5b622-00ac-51fa-9374-e4eb5bb29672,relatedTo,ccss-ela,L.7.1a,https://education.asfai.org/frameworks/ccss-ela/versions/2010/items/L.7.1a,unreviewed,mt_IdFxLz-UW9,ccss-ela:L.7.1a
https://education.asfai.org/alignments/d5b19b8a-6125-5a52-8bf8-12bc76d39d50,https://education.asfai.org/objectives/421d54ed-22d7-567e-a6d7-2cc099c0c5a2,relatedTo,uk-nc-2013,Eng_App1_Sp_Y34_18,https://education.asfai.org/frameworks/uk-nc-2013/versions/september-2013/items/Eng_App1_Sp_Y34_18,unreviewed,mt_O2dS6gvClw,uk-nc-2013:Eng_App1_Sp_Y34_18
https://education.asfai.org/alignments/d5be0709-8658-5089-b3ff-7c4e2f57174d,https://education.asfai.org/objectives/a9d4a0c2-bcc4-5a8d-93f2-7d2b22c12b59,relatedTo,uk-nc-2013,Maths/Y1/MD/1,https://education.asfai.org/frameworks/uk-nc-2013/versions/september-2013/items/Maths%2FY1%2FMD%2F1,unreviewed,mt_LpSuPgL31x,uk-nc-2013:Maths/Y1/MD/1
https://education.asfai.org/alignments/d5c3b0d3-45c4-5878-9f1e-3b5fea45edde,https://education.asfai.org/objectives/5f4f88ca-013b-55ba-89c5-b64a31db7d94,relatedTo,uk-nc-2013,Eng.App2.Y2.Punc.1,https://education.asfai.org/frameworks/uk-nc-2013/versions/september-2013/items/Eng.App2.Y2.Punc.1,unreviewed,mt_QEr24lqzvH,uk-nc-2013:Eng.App2.Y2.Punc.1
https://education.asfai.org/alignments/d5e897cc-21d1-53ba-bcab-79692e705522,https://education.asfai.org/objectives/3c2d8353-7fe8-543e-9e08-e8aece4784ab,relatedTo,uk-nc-2013,Eng_App1_Y2_15,https://education.asfai.org/frameworks/uk-nc-2013/versions/september-2013/items/Eng_App1_Y2_15,unreviewed,mt_OgJPbGkrYk,uk-nc-2013:Eng_App1_Y2_15
https://education.asfai.org/alignments/d6089f17-bc1c-5a75-8551-e902cebc6748,https://education.asfai.org/objectives/195f91cb-e697-5ba1-9a26-6ccc18f8980e,relatedTo,uk-nc-2013,Y5.Sci.PCM.5,https://education.asfai.org/frameworks/uk-nc-2013/versions/september-2013/items/Y5.Sci.PCM.5,unreviewed,mt_UKmtuAsSLN,uk-nc-2013:Y5.Sci.PCM.5
https://education.asfai.org/alignments/d61654bb-52d2-54f2-a970-064d068e6a2b,https://education.asfai.org/objectives/efead71c-33f2-5de0-b926-e633ab95a746,relatedTo,ccss-ela,W.3.5,https://education.asfai.org/frameworks/ccss-ela/versions/2010/items/W.3.5,unreviewed,mt_pis4novXWQ,ccss-ela:W.3.5
https://education.asfai.org/alignments/d62fff44-002b-554c-b081-e1a9c9fb459a,https://education.asfai.org/objectives/69a9eb4e-7bc9-57c2-bfbe-0ce5376bc3aa,relatedTo,ccss-math,K.CC.4,https://education.asfai.org/frameworks/ccss-math/versions/2010/items/K.CC.4,unreviewed,mt_WcfaSfVT33,ccss-math:K.CC.4
https://education.asfai.org/alignments/d63e5ffb-26f3-5458-bf45-a68f8610f020,https://education.asfai.org/objectives/b3affed8-3246-5ad0-92fa-229da9071b72,relatedTo,uk-nc-2013,KS3.Maths.Ratio.5,https://education.asfai.org/frameworks/uk-nc-2013/versions/september-2013/items/KS3.Maths.Ratio.5,unreviewed,mt_nOCPx5qw0Z,uk-nc-2013:KS3.Maths.Ratio.5
https://education.asfai.org/alignments/d66c41ab-ef7f-556d-9166-2e323334a347,https://education.asfai.org/objectives/d21a5105-3f05-5457-aa19-730e981808f5,relatedTo,ngss-k5,2-LS2-1,https://education.asfai.org/frameworks/ngss-k5/versions/2013/items/2-LS2-1,unreviewed,mt_3v0VNkwquK,ngss-k5:2-LS2-1
https://education.asfai.org/alignments/d66f790f-b839-517a-89f2-52e38c67298f,https://education.asfai.org/objectives/dcc590f7-7a02-5131-a481-4266f286777e,relatedTo,uk-nc-2013,Y5.Sci.A.1,https://education.asfai.org/frameworks/uk-nc-2013/versions/september-2013/items/Y5.Sci.A.1,unreviewed,mt_OSfCeIeBak,uk-nc-2013:Y5.Sci.A.1
https://education.asfai.org/alignments/d6c813c4-c9cd-5d48-bb65-a140c5ad6bd8,https://education.asfai.org/objectives/f54bb153-43f2-54a4-8a57-835090d0f829,relatedTo,ccss-math,7.G.2,https://education.asfai.org/frameworks/ccss-math/versions/2010/items/7.G.2,unreviewed,mt_ZrsqGVG-Wt,ccss-math:7.G.2
https://education.asfai.org/alignments/d6d01cd0-9294-573c-83b0-81a1c0c6479e,https://education.asfai.org/objectives/28bce499-2139-5743-84ac-b14d69a3a961,relatedTo,ccss-math,K.MD.1,https://education.asfai.org/frameworks/ccss-math/versions/2010/items/K.MD.1,unreviewed,mt_zkFbMLpu3U,ccss-math:K.MD.1
https://education.asfai.org/alignments/d77a6384-f23c-52b6-b205-b66b5ae249ad,https://education.asfai.org/objectives/9da2df4b-25af-50b8-94c7-e6e234716e81,relatedTo,uk-nc-2013,Maths/Y2/GPD/1,https://education.asfai.org/frameworks/uk-nc-2013/versions/september-2013/items/Maths%2FY2%2FGPD%2F1,unreviewed,mt_WXW0hjNhph,uk-nc-2013:Maths/Y2/GPD/1
https://education.asfai.org/alignments/d7a4815e-95a9-5e95-b7d4-eb992011476c,https://education.asfai.org/objectives/ed0e606c-a291-5854-a3c2-b6734f8ede7b,relatedTo,ib-pyp-pspe,PSPE-ID-LO-P1-6,https://education.asfai.org/frameworks/ib-pyp-pspe/versions/2009/items/PSPE-ID-LO-P1-6,unreviewed,mt_wzUzVEBqJb,ib-pyp-pspe:PSPE-ID-LO-P1-6
https://education.asfai.org/alignments/d7b18eda-4e82-53eb-ad2d-3cf411fe41a0,https://education.asfai.org/objectives/1e847110-2cd7-5586-ab8a-5210b9307e1e,relatedTo,uk-nc-2013,Eng.UKS2.Write.Trans.Spell.4,https://education.asfai.org/frameworks/uk-nc-2013/versions/september-2013/items/Eng.UKS2.Write.Trans.Spell.4,unreviewed,mt_y8sicbhMci,uk-nc-2013:Eng.UKS2.Write.Trans.Spell.4
https://education.asfai.org/alignments/d7d2c9c4-aa63-54c9-a2a2-8c521561931b,https://education.asfai.org/objectives/233fb51d-80a3-5047-9cd9-bfde0b4cd98f,relatedTo,ccss-math,7.RP.2a,https://education.asfai.org/frameworks/ccss-math/versions/2010/items/7.RP.2a,unreviewed,mt_yK51ZnKA8m,ccss-math:7.RP.2a
https://education.asfai.org/alignments/d7d81360-68bc-59aa-9e11-29993cea781e,https://education.asfai.org/objectives/cb819a12-7d17-58c3-936e-05e3d8230cf2,relatedTo,uk-nc-2013,KS3.Maths.Alg.9,https://education.asfai.org/frameworks/uk-nc-2013/versions/september-2013/items/KS3.Maths.Alg.9,unreviewed,mt_GZuoYaDdWd,uk-nc-2013:KS3.Maths.Alg.9
https://education.asfai.org/alignments/d7df78a9-a90e-53c3-8682-7b91e136281b,https://education.asfai.org/objectives/d5a55fa8-0218-5f1d-82c6-d5214e50f683,relatedTo,uk-nc-2013,Eng_Y1_WC_06,https://education.asfai.org/frameworks/uk-nc-2013/versions/september-2013/items/Eng_Y1_WC_06,unreviewed,mt_nYU6x2E2T8,uk-nc-2013:Eng_Y1_WC_06
https://education.asfai.org/alignments/d7e1d084-747d-5cce-9f2a-6a09fddb033e,https://education.asfai.org/objectives/33c1ff5b-3171-5438-9a2c-3088919c881b,relatedTo,ccss-math,3.OA.5,https://education.asfai.org/frameworks/ccss-math/versions/2010/items/3.OA.5,unreviewed,mt_Lb2ZnMdkYR,ccss-math:3.OA.5
https://education.asfai.org/alignments/d7ff9797-7089-5783-8f55-0fd640cdd2ea,https://education.asfai.org/objectives/ce9ef0eb-fac4-516f-8d98-1509aabb9d3e,relatedTo,uk-nc-2013,KS3.Maths.Num.13,https://education.asfai.org/frameworks/uk-nc-2013/versions/september-2013/items/KS3.Maths.Num.13,unreviewed,mt_U9sme87C32,uk-nc-2013:KS3.Maths.Num.13
https://education.asfai.org/alignments/d80154ff-a0a5-54aa-a36f-a4739dbf0797,https://education.asfai.org/objectives/4d48525f-c3fa-5303-a237-63d823a1d293,relatedTo,ccss-ela,W.8.3.d,https://education.asfai.org/frameworks/ccss-ela/versions/2010/items/W.8.3.d,unreviewed,mt_BLzNxSSdWu,ccss-ela:W.8.3.d
https://education.asfai.org/alignments/d8570271-6040-54bc-9dc3-3fd48d77d87f,https://education.asfai.org/objectives/1ed5a4be-6141-5e16-8b90-063649b55350,relatedTo,ccss-ela,RL.3.10,https://education.asfai.org/frameworks/ccss-ela/versions/2010/items/RL.3.10,unreviewed,mt_mLPEMpYb_R,ccss-ela:RL.3.10
https://education.asfai.org/alignments/d86d673c-2d13-50fb-ab64-858bdfcdbd91,https://education.asfai.org/objectives/cfcf4f2a-2ff1-575e-b2db-55933bc6009e,relatedTo,ccss-math,K.CC.4.c,https://education.asfai.org/frameworks/ccss-math/versions/2010/items/K.CC.4.c,unreviewed,mt_sYpKWbq5ra,ccss-math:K.CC.4.c
https://education.asfai.org/alignments/d9114d42-cd31-5cd7-8ca9-5adc4910554e,https://education.asfai.org/objectives/f7714ff5-8b94-5e7d-bcec-7b4aa92065ba,relatedTo,uk-nc-2013,KS3.Maths.Prob.4,https://education.asfai.org/frameworks/uk-nc-2013/versions/september-2013/items/KS3.Maths.Prob.4,unreviewed,mt_GDtFU5fyUv,uk-nc-2013:KS3.Maths.Prob.4
https://education.asfai.org/alignments/d929a2ee-d94e-5442-a3da-1cf3091da085,https://education.asfai.org/objectives/a5a52c4a-a4ca-50ef-b497-c2fd47572a33,relatedTo,uk-nc-2013,Eng.App2.Y6.Term.1,https://education.asfai.org/frameworks/uk-nc-2013/versions/september-2013/items/Eng.App2.Y6.Term.1,unreviewed,mt_hzkNpp2PdV,uk-nc-2013:Eng.App2.Y6.Term.1
https://education.asfai.org/alignments/d93be39b-aff6-5d99-a881-786fb4c86f67,https://education.asfai.org/objectives/9b48e3ec-253c-574d-8243-2de5230e2586,relatedTo,uk-nc-2013,Eng.App2.Y5.Text.2,https://education.asfai.org/frameworks/uk-nc-2013/versions/september-2013/items/Eng.App2.Y5.Text.2,unreviewed,mt_uvILgZq9HN,uk-nc-2013:Eng.App2.Y5.Text.2
https://education.asfai.org/alignments/d979df58-5368-5287-affd-5a7a70d229c6,https://education.asfai.org/objectives/1bebfc4e-298e-56b8-ac2a-bc8f02aca01f,relatedTo,ccss-ela,L.3.5b,https://education.asfai.org/frameworks/ccss-ela/versions/2010/items/L.3.5b,unreviewed,mt_VLu59hpQ4T,ccss-ela:L.3.5b
https://education.asfai.org/alignments/d97b35ca-e4cc-5ea9-a016-721e7abbd1b0,https://education.asfai.org/objectives/553eca39-bf50-5bdc-bef4-584254f58cc6,relatedTo,ccss-math,K.G.2,https://education.asfai.org/frameworks/ccss-math/versions/2010/items/K.G.2,unreviewed,mt_KJeEeTutJI,ccss-math:K.G.2
https://education.asfai.org/alignments/d9848094-5990-5839-9069-e6c89b428328,https://education.asfai.org/objectives/6b5c0a36-3844-5f57-8172-ec03259ba05a,relatedTo,uk-nc-2013,KS3.Maths.Alg.3,https://education.asfai.org/frameworks/uk-nc-2013/versions/september-2013/items/KS3.Maths.Alg.3,unreviewed,mt_g_fkAqmz72,uk-nc-2013:KS3.Maths.Alg.3
https://education.asfai.org/alignments/d9903580-4767-5822-afc7-a2173fc34198,https://education.asfai.org/objectives/c305f376-392d-55c4-9a92-a6902eb0be15,relatedTo,uk-nc-2013,KS3-ENG-R-1a,https://education.asfai.org/frameworks/uk-nc-2013/versions/september-2013/items/KS3-ENG-R-1a,unreviewed,mt_9k1qcpvVi_,uk-nc-2013:KS3-ENG-R-1a
https://education.asfai.org/alignments/d9bc6e68-14e8-5115-ac21-64202294f777,https://education.asfai.org/objectives/1b4b89ca-e9da-54ec-988b-d92cc90537cb,relatedTo,ccss-ela,L.1.2b,https://education.asfai.org/frameworks/ccss-ela/versions/2010/items/L.1.2b,unreviewed,mt_IntmJBg4VQ,ccss-ela:L.1.2b
https://education.asfai.org/alignments/d9cee894-1f68-5198-b6ae-74bd7d3a9bce,https://education.asfai.org/objectives/08ff554e-432b-53e3-9e20-33e0d28c71d7,relatedTo,uk-nc-2013,KS3.Sci.Chem.PIS.2,https://education.asfai.org/frameworks/uk-nc-2013/versions/september-2013/items/KS3.Sci.Chem.PIS.2,unreviewed,mt_U_tJvy3cbB,uk-nc-2013:KS3.Sci.Chem.PIS.2
https://education.asfai.org/alignments/d9ea78c9-d99e-5aa2-abdf-4d0573731984,https://education.asfai.org/objectives/083c64dc-6c8c-52a6-9874-8528a920ef3f,relatedTo,ngss-ms,MS-PS2-3,https://education.asfai.org/frameworks/ngss-ms/versions/2013/items/MS-PS2-3,unreviewed,mt_2bnXrfS4Iq,ngss-ms:MS-PS2-3
https://education.asfai.org/alignments/d9f1476e-de90-599a-9cf6-7ad7fa1751d9,https://education.asfai.org/objectives/3a85ed7f-75a5-50d9-b3bf-30db3b522a71,relatedTo,ccss-math,8.F.1,https://education.asfai.org/frameworks/ccss-math/versions/2010/items/8.F.1,unreviewed,mt_-3udyo6VyB,ccss-math:8.F.1
https://education.asfai.org/alignments/da09ed8c-0da7-570c-9fbd-b0da515d448c,https://education.asfai.org/objectives/9f7f12aa-cfaf-57d8-93ee-ec37bd2f5caf,relatedTo,uk-nc-2013,KS3.Sci.Bio.Cells.3,https://education.asfai.org/frameworks/uk-nc-2013/versions/september-2013/items/KS3.Sci.Bio.Cells.3,unreviewed,mt_fhqBH9scsU,uk-nc-2013:KS3.Sci.Bio.Cells.3
https://education.asfai.org/alignments/da39c5a2-0f87-584d-bedd-81d60387e093,https://education.asfai.org/objectives/3c2d8353-7fe8-543e-9e08-e8aece4784ab,relatedTo,uk-nc-2013,Eng_App1_Y2_06,https://education.asfai.org/frameworks/uk-nc-2013/versions/september-2013/items/Eng_App1_Y2_06,unreviewed,mt_OgJPbGkrYk,uk-nc-2013:Eng_App1_Y2_06
https://education.asfai.org/alignments/da4ece14-1815-5047-8d49-ce7ff6f28f25,https://education.asfai.org/objectives/dacb9895-6dae-5fed-bbff-b65c2407216b,relatedTo,ccss-ela,RF.3.3.a,https://education.asfai.org/frameworks/ccss-ela/versions/2010/items/RF.3.3.a,unreviewed,mt_T6nrrf2K43,ccss-ela:RF.3.3.a
https://education.asfai.org/alignments/daa8e1f1-d5e9-5e64-8dcb-2be7179e4cd4,https://education.asfai.org/objectives/96806439-b5f7-5880-b6e1-946b91cd3b09,relatedTo,ccss-ela,RL.6.1,https://education.asfai.org/frameworks/ccss-ela/versions/2010/items/RL.6.1,unreviewed,mt_dmFnJzxKwz,ccss-ela:RL.6.1
https://education.asfai.org/alignments/dab830a1-cb13-5d2e-905b-87054f35701d,https://education.asfai.org/objectives/be82b038-4d05-587d-a477-d35e592f8300,relatedTo,uk-nc-2013,KS3.Sci.Chem.PNM.1,https://education.asfai.org/frameworks/uk-nc-2013/versions/september-2013/items/KS3.Sci.Chem.PNM.1,unreviewed,mt_b6kZgqolEd,uk-nc-2013:KS3.Sci.Chem.PNM.1
https://education.asfai.org/alignments/db2a1104-1ee7-5b4f-aabb-c5e963fb1121,https://education.asfai.org/objectives/4d48525f-c3fa-5303-a237-63d823a1d293,relatedTo,ccss-ela,W.8.3.a,https://education.asfai.org/frameworks/ccss-ela/versions/2010/items/W.8.3.a,unreviewed,mt_BLzNxSSdWu,ccss-ela:W.8.3.a
https://education.asfai.org/alignments/db4f8456-f323-53a3-ae4c-411c5ca70142,https://education.asfai.org/objectives/13079489-800e-546d-9539-e3eb9354b410,relatedTo,uk-nc-2013,KS3.Sci.Bio.GasExchange.3,https://education.asfai.org/frameworks/uk-nc-2013/versions/september-2013/items/KS3.Sci.Bio.GasExchange.3,unreviewed,mt_i80I-1MLP2,uk-nc-2013:KS3.Sci.Bio.GasExchange.3
https://education.asfai.org/alignments/db5b6afb-f6f3-5c5b-abca-42d4d3343b0d,https://education.asfai.org/objectives/119ad0e1-cdf9-539c-90ec-7e036728bab2,relatedTo,uk-nc-2013,Eng_Y1_WT_01,https://education.asfai.org/frameworks/uk-nc-2013/versions/september-2013/items/Eng_Y1_WT_01,unreviewed,mt_BhYJZUsErp,uk-nc-2013:Eng_Y1_WT_01
https://education.asfai.org/alignments/db7ecf60-bf25-55c0-b593-7fc10d867208,https://education.asfai.org/objectives/b7895115-d15a-5e36-806d-cdfe35cc5af6,relatedTo,ccss-ela,W.8.2.d,https://education.asfai.org/frameworks/ccss-ela/versions/2010/items/W.8.2.d,unreviewed,mt_zCUIJLdK_s,ccss-ela:W.8.2.d
https://education.asfai.org/alignments/db966832-2126-5064-9083-5fd823c73ce4,https://education.asfai.org/objectives/f26f58cc-205c-51a8-bb04-03456e50790c,relatedTo,ccss-ela,RF.2.3.d,https://education.asfai.org/frameworks/ccss-ela/versions/2010/items/RF.2.3.d,unreviewed,mt_HrgDjxcWvf,ccss-ela:RF.2.3.d
https://education.asfai.org/alignments/dba5699c-8885-51c9-b671-0ed4c3404bae,https://education.asfai.org/objectives/48a09a76-28db-5d3c-a6dc-1b5e624ddaca,relatedTo,uk-nc-2013,KS3.Sci.Bio.Cells.6,https://education.asfai.org/frameworks/uk-nc-2013/versions/september-2013/items/KS3.Sci.Bio.Cells.6,unreviewed,mt_g9RcQOhU5d,uk-nc-2013:KS3.Sci.Bio.Cells.6
https://education.asfai.org/alignments/dbbece2d-fd95-58ad-b3d2-8c8a879ff63b,https://education.asfai.org/objectives/3c2d8353-7fe8-543e-9e08-e8aece4784ab,relatedTo,ccss-ela,RF.1.3,https://education.asfai.org/frameworks/ccss-ela/versions/2010/items/RF.1.3,unreviewed,mt_OgJPbGkrYk,ccss-ela:RF.1.3
https://education.asfai.org/alignments/dbc1fad2-5209-5d8c-8076-0e39659cc619,https://education.asfai.org/objectives/53ef8ff8-6fc8-57a4-862d-785be41e6b2f,relatedTo,uk-nc-2013,Eng/KS1/Y2/C/2a,https://education.asfai.org/frameworks/uk-nc-2013/versions/september-2013/items/Eng%2FKS1%2FY2%2FC%2F2a,unreviewed,mt_5n-O41lUgn,uk-nc-2013:Eng/KS1/Y2/C/2a
https://education.asfai.org/alignments/dbe8fdeb-3e46-5ba3-88c1-585f380a666f,https://education.asfai.org/objectives/f188387a-010c-597b-beba-e1f81c88c1f4,relatedTo,uk-nc-2013,Y5.Sci.F.3,https://education.asfai.org/frameworks/uk-nc-2013/versions/september-2013/items/Y5.Sci.F.3,unreviewed,mt_Q2k3fSwyzQ,uk-nc-2013:Y5.Sci.F.3
https://education.asfai.org/alignments/dbff8891-7b5d-5876-bea2-81733f78c54f,https://education.asfai.org/objectives/4ae2a007-f408-537e-a5fa-c1a8237a1e42,relatedTo,uk-nc-2013,Eng.SL.9,https://education.asfai.org/frameworks/uk-nc-2013/versions/september-2013/items/Eng.SL.9,unreviewed,mt_ZBMcX2oRor,uk-nc-2013:Eng.SL.9
https://education.asfai.org/alignments/dc06f970-ac4e-515d-bd4c-0f95823d3f95,https://education.asfai.org/objectives/ba6e8eee-73df-50fd-bf2c-261fad18d2ca,relatedTo,uk-nc-2013,Maths/Y1/AS/1,https://education.asfai.org/frameworks/uk-nc-2013/versions/september-2013/items/Maths%2FY1%2FAS%2F1,unreviewed,mt_8RmpkDxT9L,uk-nc-2013:Maths/Y1/AS/1
https://education.asfai.org/alignments/dc12b1dc-8c29-58ce-ad30-62e4f84dd027,https://education.asfai.org/objectives/c492f33b-6eb1-597a-8072-912009364f94,relatedTo,ccss-ela,L.6.1e,https://education.asfai.org/frameworks/ccss-ela/versions/2010/items/L.6.1e,unreviewed,mt_S2fP8rUwrl,ccss-ela:L.6.1e
https://education.asfai.org/alignments/dc159e95-3628-5219-bb7a-36e6f4013d56,https://education.asfai.org/objectives/233fb51d-80a3-5047-9cd9-bfde0b4cd98f,relatedTo,uk-nc-2013,KS3.Maths.Ratio.6,https://education.asfai.org/frameworks/uk-nc-2013/versions/september-2013/items/KS3.Maths.Ratio.6,unreviewed,mt_yK51ZnKA8m,uk-nc-2013:KS3.Maths.Ratio.6
https://education.asfai.org/alignments/dc43cb8d-3879-5a3b-8b7a-e41b622bf95f,https://education.asfai.org/objectives/db15c8fd-eb78-5b56-b3f5-a0db159635a2,relatedTo,ib-pyp-pspe,PSPE.INT.P3.LO.8,https://education.asfai.org/frameworks/ib-pyp-pspe/versions/2009/items/PSPE.INT.P3.LO.8,unreviewed,mt_33zncDHC3N,ib-pyp-pspe:PSPE.INT.P3.LO.8
https://education.asfai.org/alignments/dc5b225e-6dbd-5ce7-8638-ef3eedfaaf52,https://education.asfai.org/objectives/b70e1c00-a01b-51dc-9d07-83d6179bf3a4,relatedTo,ccss-math,1.NBT.2,https://education.asfai.org/frameworks/ccss-math/versions/2010/items/1.NBT.2,unreviewed,mt_THl9GLxwoL,ccss-math:1.NBT.2
https://education.asfai.org/alignments/dc6f434c-b811-5d4a-ad60-697c743ad80c,https://education.asfai.org/objectives/3c2d8353-7fe8-543e-9e08-e8aece4784ab,relatedTo,uk-nc-2013,Eng_App1_Y2_16,https://education.asfai.org/frameworks/uk-nc-2013/versions/september-2013/items/Eng_App1_Y2_16,unreviewed,mt_OgJPbGkrYk,uk-nc-2013:Eng_App1_Y2_16
https://education.asfai.org/alignments/dcb63afe-ee6b-5b2b-93f0-ff6827d37583,https://education.asfai.org/objectives/a10be1e5-4bfe-586c-bfb5-2c7d32e62f97,relatedTo,ccss-ela,W.8.1.b,https://education.asfai.org/frameworks/ccss-ela/versions/2010/items/W.8.1.b,unreviewed,mt_Qxyikkkzam,ccss-ela:W.8.1.b
https://education.asfai.org/alignments/dcfeb6b6-9328-54f7-b197-e2abd10c6412,https://education.asfai.org/objectives/05c43960-eda5-5c5a-ab9c-689b4b4aa023,relatedTo,ccss-ela,RF.K.1.b,https://education.asfai.org/frameworks/ccss-ela/versions/2010/items/RF.K.1.b,unreviewed,mt_1KCwbGvm1F,ccss-ela:RF.K.1.b
https://education.asfai.org/alignments/dd0bca69-2f36-530d-8b15-d5d9eeb85184,https://education.asfai.org/objectives/7a347ca5-7a16-5e31-a290-0dc9f0ff3cca,relatedTo,uk-nc-2013,KS3.Sci.WS.SA.5,https://education.asfai.org/frameworks/uk-nc-2013/versions/september-2013/items/KS3.Sci.WS.SA.5,unreviewed,mt_auJqTemMpI,uk-nc-2013:KS3.Sci.WS.SA.5
https://education.asfai.org/alignments/dd4ab29d-4a17-5b79-b791-38f7f9741530,https://education.asfai.org/objectives/3f9d7beb-adad-540e-974d-cc1553e888d7,relatedTo,uk-nc-2013,Eng.App2.Y2.Sent.1,https://education.asfai.org/frameworks/uk-nc-2013/versions/september-2013/items/Eng.App2.Y2.Sent.1,unreviewed,mt_wq-1OJ_8s5,uk-nc-2013:Eng.App2.Y2.Sent.1
https://education.asfai.org/alignments/dd8653ef-ba43-5b29-a906-97a2e119c4a6,https://education.asfai.org/objectives/5205ab49-2fa0-59fd-af49-75566888bc33,relatedTo,ib-pyp-pspe,PSPE-ID-CU-P3-1,https://education.asfai.org/frameworks/ib-pyp-pspe/versions/2009/items/PSPE-ID-CU-P3-1,unreviewed,mt_nIl1kKZHsk,ib-pyp-pspe:PSPE-ID-CU-P3-1
https://education.asfai.org/alignments/dd9d7a75-c18d-596e-a6b3-ed64fde288c8,https://education.asfai.org/objectives/1ed5a4be-6141-5e16-8b90-063649b55350,relatedTo,uk-nc-2013,Eng.UKS2.Read.Comp.1a,https://education.asfai.org/frameworks/uk-nc-2013/versions/september-2013/items/Eng.UKS2.Read.Comp.1a,unreviewed,mt_mLPEMpYb_R,uk-nc-2013:Eng.UKS2.Read.Comp.1a
https://education.asfai.org/alignments/ddc176a4-1058-58e0-a3d3-ac3071eced8e,https://education.asfai.org/objectives/c2aec65b-9484-5772-b0bf-035119f54552,relatedTo,ccss-ela,W.4.1c,https://education.asfai.org/frameworks/ccss-ela/versions/2010/items/W.4.1c,unreviewed,mt_WKxX-b86Vr,ccss-ela:W.4.1c
https://education.asfai.org/alignments/dddbc116-f113-5035-bbd0-088b3f08e53a,https://education.asfai.org/objectives/dcaf0553-20eb-52aa-83f3-f36d09cda5dc,relatedTo,ccss-math,6.EE.4,https://education.asfai.org/frameworks/ccss-math/versions/2010/items/6.EE.4,unreviewed,mt_nNNVrLqPW3,ccss-math:6.EE.4
https://education.asfai.org/alignments/ddf5f92b-714c-520b-9b91-4d1905417eb0,https://education.asfai.org/objectives/c2aec65b-9484-5772-b0bf-035119f54552,relatedTo,ccss-ela,W.3.1c,https://education.asfai.org/frameworks/ccss-ela/versions/2010/items/W.3.1c,unreviewed,mt_WKxX-b86Vr,ccss-ela:W.3.1c
https://education.asfai.org/alignments/de0d90dd-d3d9-51d7-b0aa-32ea32dfcfab,https://education.asfai.org/objectives/119ad0e1-cdf9-539c-90ec-7e036728bab2,relatedTo,ccss-ela,L.K.2c,https://education.asfai.org/frameworks/ccss-ela/versions/2010/items/L.K.2c,unreviewed,mt_BhYJZUsErp,ccss-ela:L.K.2c
https://education.asfai.org/alignments/de1e7f33-fd3c-5372-8354-431b990483d0,https://education.asfai.org/objectives/3f238728-b6a9-57f2-ae16-4e5224c55618,relatedTo,uk-nc-2013,KS3.Sci.Chem.PNM.2,https://education.asfai.org/frameworks/uk-nc-2013/versions/september-2013/items/KS3.Sci.Chem.PNM.2,unreviewed,mt_CyV7crZ8hl,uk-nc-2013:KS3.Sci.Chem.PNM.2
https://education.asfai.org/alignments/de267bcc-63a1-52a9-ad10-30a6455d8793,https://education.asfai.org/objectives/573c48f5-fee6-5ff6-9469-3bc58b6c2235,relatedTo,ccss-ela,RI.1.6,https://education.asfai.org/frameworks/ccss-ela/versions/2010/items/RI.1.6,unreviewed,mt_OlhMP7ShFT,ccss-ela:RI.1.6
https://education.asfai.org/alignments/de4c6dda-439a-5a1b-bb51-fc0348885ac5,https://education.asfai.org/objectives/f894593f-9785-5f08-ba65-b783ddddd814,relatedTo,ccss-math,8.NS.1,https://education.asfai.org/frameworks/ccss-math/versions/2010/items/8.NS.1,unreviewed,mt_b4lbTOJYwI,ccss-math:8.NS.1
https://education.asfai.org/alignments/de5fd714-de16-5b23-b28b-8d2ead6c7890,https://education.asfai.org/objectives/45e86b35-1e28-5476-96ed-032bc8b54629,relatedTo,ccss-ela,L.7.4a,https://education.asfai.org/frameworks/ccss-ela/versions/2010/items/L.7.4a,unreviewed,mt_WZnwITSWr8,ccss-ela:L.7.4a
https://education.asfai.org/alignments/deae281f-176e-536e-9c4e-3eb47ee3c759,https://education.asfai.org/objectives/4ae2a007-f408-537e-a5fa-c1a8237a1e42,relatedTo,uk-nc-2013,Eng.SL.10,https://education.asfai.org/frameworks/uk-nc-2013/versions/september-2013/items/Eng.SL.10,unreviewed,mt_ZBMcX2oRor,uk-nc-2013:Eng.SL.10
https://education.asfai.org/alignments/df6a46e4-75b5-5b8c-8625-1c483e0567f7,https://education.asfai.org/objectives/94681831-f2ea-5c24-946e-2d7a00423764,relatedTo,ccss-math,5.G.2,https://education.asfai.org/frameworks/ccss-math/versions/2010/items/5.G.2,unreviewed,mt_snlqRCiA1R,ccss-math:5.G.2
https://education.asfai.org/alignments/dfb457dc-71cc-5966-9084-21d0831f9fe9,https://education.asfai.org/objectives/26571e8b-c16a-57bd-b84b-4554a05f8410,relatedTo,ccss-ela,SL.5.3,https://education.asfai.org/frameworks/ccss-ela/versions/2010/items/SL.5.3,unreviewed,mt_on7FHCDmi-,ccss-ela:SL.5.3
https://education.asfai.org/alignments/dfbd173d-80e8-53d3-b560-9c80542061a0,https://education.asfai.org/objectives/363b9115-6946-55d7-94d9-8727fe19b6f2,relatedTo,ccss-ela,L.4.1e,https://education.asfai.org/frameworks/ccss-ela/versions/2010/items/L.4.1e,unreviewed,mt_7SfQuXgNtd,ccss-ela:L.4.1e
https://education.asfai.org/alignments/e0157047-1801-5421-ac72-9df36bae29a2,https://education.asfai.org/objectives/c431be78-84ee-5e0d-8c04-72a507b9a2af,relatedTo,uk-nc-2013,Eng_App1_Y1_30,https://education.asfai.org/frameworks/uk-nc-2013/versions/september-2013/items/Eng_App1_Y1_30,unreviewed,mt_BtMbZibZUj,uk-nc-2013:Eng_App1_Y1_30
https://education.asfai.org/alignments/e0216f56-d54d-5129-b8d1-098e3f1486c5,https://education.asfai.org/objectives/97e034d7-f794-54d5-95b3-fb54710918ea,relatedTo,uk-nc-2013,Maths/Y2/M/1,https://education.asfai.org/frameworks/uk-nc-2013/versions/september-2013/items/Maths%2FY2%2FM%2F1,unreviewed,mt_DOe893F6gN,uk-nc-2013:Maths/Y2/M/1
https://education.asfai.org/alignments/e0219a0c-4a3d-57c6-b461-30e791468633,https://education.asfai.org/objectives/5def2be3-7178-54ff-9f5b-bf97f0b65285,relatedTo,uk-nc-2013,Eng.UKS2.Read.Comp.5,https://education.asfai.org/frameworks/uk-nc-2013/versions/september-2013/items/Eng.UKS2.Read.Comp.5,unreviewed,mt_sMAcZW6vWM,uk-nc-2013:Eng.UKS2.Read.Comp.5
https://education.asfai.org/alignments/e059cd2a-cf82-5a1c-b2ad-20a733bf4288,https://education.asfai.org/objectives/ac42423e-4c2c-5b77-97f0-c391624fc2c8,relatedTo,uk-nc-2013,KS3.Sci.Phys.Waves.5,https://education.asfai.org/frameworks/uk-nc-2013/versions/september-2013/items/KS3.Sci.Phys.Waves.5,unreviewed,mt_qzGADV-NGe,uk-nc-2013:KS3.Sci.Phys.Waves.5
https://education.asfai.org/alignments/e0673c7b-8b15-572f-94fc-f8af2058798a,https://education.asfai.org/objectives/f005d214-3777-5009-a5c8-cfd537b7224b,relatedTo,ccss-ela,W.5.7,https://education.asfai.org/frameworks/ccss-ela/versions/2010/items/W.5.7,unreviewed,mt_FW9_8F52bw,ccss-ela:W.5.7
https://education.asfai.org/alignments/e06801bc-568a-54e3-9b06-169668d73c5b,https://education.asfai.org/objectives/541a004b-1289-5941-898b-dca05fc24331,relatedTo,uk-nc-2013,Ma/KS2/Y4/MD/4,https://education.asfai.org/frameworks/uk-nc-2013/versions/september-2013/items/Ma%2FKS2%2FY4%2FMD%2F4,unreviewed,mt_18fK9sQdIz,uk-nc-2013:Ma/KS2/Y4/MD/4
https://education.asfai.org/alignments/e078055c-055e-5cb5-bb22-254140356b63,https://education.asfai.org/objectives/3ec66aff-d27d-5a10-949d-7c52079f6762,relatedTo,uk-nc-2013,Eng.App2.Y6.Sent.2,https://education.asfai.org/frameworks/uk-nc-2013/versions/september-2013/items/Eng.App2.Y6.Sent.2,unreviewed,mt_k7VtbWdfDO,uk-nc-2013:Eng.App2.Y6.Sent.2
https://education.asfai.org/alignments/e079ac87-12d4-5eaa-8963-bedf5f1d1e77,https://education.asfai.org/objectives/36a71628-43c1-51ee-b9df-011de458ecc0,relatedTo,uk-nc-2013,KS3.Sci.Chem.AEC.1,https://education.asfai.org/frameworks/uk-nc-2013/versions/september-2013/items/KS3.Sci.Chem.AEC.1,unreviewed,mt_Z_Wu_77ybI,uk-nc-2013:KS3.Sci.Chem.AEC.1
https://education.asfai.org/alignments/e083d936-5d58-5f1f-be7f-b7a6fb87e00c,https://education.asfai.org/objectives/26f778a1-3e06-569b-8fbe-7b88ab283332,relatedTo,uk-nc-2013,KS3.Maths.Geo.5,https://education.asfai.org/frameworks/uk-nc-2013/versions/september-2013/items/KS3.Maths.Geo.5,unreviewed,mt_WtIFJSCQIT,uk-nc-2013:KS3.Maths.Geo.5
https://education.asfai.org/alignments/e0877936-770a-54df-95e7-5c13282af2f3,https://education.asfai.org/objectives/b76dd77e-4dfe-5cc2-bad0-940fa40f6c26,relatedTo,ccss-math,6.NS.7,https://education.asfai.org/frameworks/ccss-math/versions/2010/items/6.NS.7,unreviewed,mt_uDJY0X0hgo,ccss-math:6.NS.7
https://education.asfai.org/alignments/e0bcee8b-9389-5206-a11a-3a87ba8aec4b,https://education.asfai.org/objectives/c0e7ed78-dcb9-53d3-bff9-1a19259e1897,relatedTo,uk-nc-2013,KS1.Sci.WS.2,https://education.asfai.org/frameworks/uk-nc-2013/versions/september-2013/items/KS1.Sci.WS.2,unreviewed,mt_vJO5Bxk4z-,uk-nc-2013:KS1.Sci.WS.2
https://education.asfai.org/alignments/e0f645d4-2ec5-5101-a7d5-736235c19d02,https://education.asfai.org/objectives/62834cf8-e720-5e7c-82ee-91f087c14632,relatedTo,uk-nc-2013,Y4.Sci.Snd.1,https://education.asfai.org/frameworks/uk-nc-2013/versions/september-2013/items/Y4.Sci.Snd.1,unreviewed,mt_VBl1T1sFCM,uk-nc-2013:Y4.Sci.Snd.1
https://education.asfai.org/alignments/e1229b51-f466-554c-9706-907744665355,https://education.asfai.org/objectives/3b30f617-46c9-57f4-9a9a-cc4516661b88,relatedTo,uk-nc-2013,Eng.UKS2.Write.Comp.1c,https://education.asfai.org/frameworks/uk-nc-2013/versions/september-2013/items/Eng.UKS2.Write.Comp.1c,unreviewed,mt_j6ENpc8--_,uk-nc-2013:Eng.UKS2.Write.Comp.1c
https://education.asfai.org/alignments/e16a4d64-bec2-59be-9c8f-feb70b91d83b,https://education.asfai.org/objectives/8ed72434-be9b-550e-9bf9-1b6f0d9a4b1c,relatedTo,uk-nc-2013,KS2U.Sci.WS.3,https://education.asfai.org/frameworks/uk-nc-2013/versions/september-2013/items/KS2U.Sci.WS.3,unreviewed,mt_rDjtmDogJr,uk-nc-2013:KS2U.Sci.WS.3
https://education.asfai.org/alignments/e171901c-8db1-5800-933f-3c10caffefb7,https://education.asfai.org/objectives/b90c030b-5934-5d12-8e16-ba2ae3b35128,relatedTo,ccss-ela,L.6.3a,https://education.asfai.org/frameworks/ccss-ela/versions/2010/items/L.6.3a,unreviewed,mt_T9IXrlxfx2,ccss-ela:L.6.3a
https://education.asfai.org/alignments/e19d7cc2-a784-58f6-a55c-3e6ba4fe6ccb,https://education.asfai.org/objectives/19744b75-c196-57b0-be23-47e139d86928,relatedTo,ccss-math,K.CC.6,https://education.asfai.org/frameworks/ccss-math/versions/2010/items/K.CC.6,unreviewed,mt__h7hvT4tEb,ccss-math:K.CC.6
https://education.asfai.org/alignments/e1a7f2c2-9913-525b-8ed4-6a226c82b213,https://education.asfai.org/objectives/4d669376-cdef-51e6-b9fb-3a7832b79db1,relatedTo,uk-nc-2013,Eng_LKS2_Read_Comp_8,https://education.asfai.org/frameworks/uk-nc-2013/versions/september-2013/items/Eng_LKS2_Read_Comp_8,unreviewed,mt_gR5_n99Ntt,uk-nc-2013:Eng_LKS2_Read_Comp_8
https://education.asfai.org/alignments/e1bf60ea-6eea-5567-a5c4-7e1646ad3d12,https://education.asfai.org/objectives/90daa586-6d60-5bf8-ba99-c32a9296c6bd,relatedTo,uk-nc-2013,Eng_App1_Sp_Y34_08,https://education.asfai.org/frameworks/uk-nc-2013/versions/september-2013/items/Eng_App1_Sp_Y34_08,unreviewed,mt_tHtjfjjFrl,uk-nc-2013:Eng_App1_Sp_Y34_08
https://education.asfai.org/alignments/e1c15afe-a602-5b05-ba7d-2c53ba383f44,https://education.asfai.org/objectives/4b3af597-e8bf-5bd9-a217-29648da96e06,relatedTo,ngss-k5,3-LS3-1,https://education.asfai.org/frameworks/ngss-k5/versions/2013/items/3-LS3-1,unreviewed,mt_1wxwg782yX,ngss-k5:3-LS3-1
https://education.asfai.org/alignments/e1fb6e14-ab98-548c-b644-c1e60a8ded4f,https://education.asfai.org/objectives/bd1602ca-b011-5c38-a067-d7ad33fbe59e,relatedTo,ccss-ela,W.3.2d,https://education.asfai.org/frameworks/ccss-ela/versions/2010/items/W.3.2d,unreviewed,mt_hp2qJ-QRBn,ccss-ela:W.3.2d
https://education.asfai.org/alignments/e207f43b-2489-577f-9dc1-7b244bbbe634,https://education.asfai.org/objectives/e520016b-2a3a-578f-a43d-7c0a52bfd42f,relatedTo,uk-nc-2013,Eng/KS1/Y2/H/1,https://education.asfai.org/frameworks/uk-nc-2013/versions/september-2013/items/Eng%2FKS1%2FY2%2FH%2F1,unreviewed,mt_02DH7sGXCi,uk-nc-2013:Eng/KS1/Y2/H/1
https://education.asfai.org/alignments/e2575cee-4ef3-58e0-8c46-dd4ee5f6e025,https://education.asfai.org/objectives/119ad0e1-cdf9-539c-90ec-7e036728bab2,relatedTo,uk-nc-2013,Eng_App1_Y1_04,https://education.asfai.org/frameworks/uk-nc-2013/versions/september-2013/items/Eng_App1_Y1_04,unreviewed,mt_BhYJZUsErp,uk-nc-2013:Eng_App1_Y1_04
https://education.asfai.org/alignments/e2682cd0-72c8-527b-b8b2-50d25f52b41c,https://education.asfai.org/objectives/24660dbf-dd7b-5ac5-9a72-786d4cd0975e,relatedTo,ccss-math,7.G.6,https://education.asfai.org/frameworks/ccss-math/versions/2010/items/7.G.6,unreviewed,mt_tAJH5BrpOx,ccss-math:7.G.6
https://education.asfai.org/alignments/e2e47f0a-d85c-52af-97e1-518d88467324,https://education.asfai.org/objectives/f164fe80-22a8-540d-8022-3a8816a55eda,relatedTo,ccss-ela,SL.5.1.d,https://education.asfai.org/frameworks/ccss-ela/versions/2010/items/SL.5.1.d,unreviewed,mt_Cc-QHVo747,ccss-ela:SL.5.1.d
https://education.asfai.org/alignments/e3053d8c-ff00-5cd0-b95b-1a4588d47ed0,https://education.asfai.org/objectives/b90c030b-5934-5d12-8e16-ba2ae3b35128,relatedTo,uk-nc-2013,KS3-ENG-GV-1b,https://education.asfai.org/frameworks/uk-nc-2013/versions/september-2013/items/KS3-ENG-GV-1b,unreviewed,mt_T9IXrlxfx2,uk-nc-2013:KS3-ENG-GV-1b
https://education.asfai.org/alignments/e340872e-38e7-5533-95ea-7d762c371b74,https://education.asfai.org/objectives/3e27fd75-1db1-5d8d-accc-a6f68fea7cf0,relatedTo,ccss-ela,SL.K.6,https://education.asfai.org/frameworks/ccss-ela/versions/2010/items/SL.K.6,unreviewed,mt_4A7FYmvVhA,ccss-ela:SL.K.6
https://education.asfai.org/alignments/e3820908-dee6-55a3-9d9e-0428d102f933,https://education.asfai.org/objectives/3b81d030-84e1-5b78-8ed2-9e70a05aa38f,relatedTo,ccss-ela,RL.K.5,https://education.asfai.org/frameworks/ccss-ela/versions/2010/items/RL.K.5,unreviewed,mt_gZIo5oiBMt,ccss-ela:RL.K.5
https://education.asfai.org/alignments/e38ca72a-6aa8-5aeb-9306-0d92ebcb3f9f,https://education.asfai.org/objectives/aa3408e6-5c3c-59e7-8a48-2d3299c37e80,relatedTo,uk-nc-2013,KS3.Maths.Geo.3,https://education.asfai.org/frameworks/uk-nc-2013/versions/september-2013/items/KS3.Maths.Geo.3,unreviewed,mt_Jf8xcX4UTq,uk-nc-2013:KS3.Maths.Geo.3
https://education.asfai.org/alignments/e38e80bc-f547-5a6f-bd6f-da9eb466ba2e,https://education.asfai.org/objectives/baeb4daa-ff23-5aee-88e1-31da4363513f,relatedTo,uk-nc-2013,Y5.Sci.F.2,https://education.asfai.org/frameworks/uk-nc-2013/versions/september-2013/items/Y5.Sci.F.2,unreviewed,mt_Y9k86G8BBT,uk-nc-2013:Y5.Sci.F.2
https://education.asfai.org/alignments/e39c8bc5-e146-5df2-87f6-e30a12e74019,https://education.asfai.org/objectives/82d0a21a-c13b-5ab2-8203-4794c16da8f1,relatedTo,ib-pyp-pspe,PSPE-ID-LO-P3-7,https://education.asfai.org/frameworks/ib-pyp-pspe/versions/2009/items/PSPE-ID-LO-P3-7,unreviewed,mt_DkzsZdyaL2,ib-pyp-pspe:PSPE-ID-LO-P3-7
https://education.asfai.org/alignments/e39e22e5-ba2c-5f22-b18a-ad6f89a40988,https://education.asfai.org/objectives/f4e7eee6-f86b-5254-851d-199cb9ecf0e8,relatedTo,uk-nc-2013,Eng/KS1/Y2/S/2,https://education.asfai.org/frameworks/uk-nc-2013/versions/september-2013/items/Eng%2FKS1%2FY2%2FS%2F2,unreviewed,mt_FYK8m6eHQm,uk-nc-2013:Eng/KS1/Y2/S/2
https://education.asfai.org/alignments/e3a3d75f-88f9-55fa-b4e0-ea6021b2f877,https://education.asfai.org/objectives/709aba0f-881c-5bda-9a2d-2f0ea58227ab,relatedTo,ngss-k5,2-ESS2-2,https://education.asfai.org/frameworks/ngss-k5/versions/2013/items/2-ESS2-2,unreviewed,mt_KsKLVW_ssY,ngss-k5:2-ESS2-2
https://education.asfai.org/alignments/e3b3da26-c90a-52c6-81b0-265a25b3d914,https://education.asfai.org/objectives/3b21722e-5257-5992-a9a0-3319a93c2651,relatedTo,ccss-ela,RL.2.10,https://education.asfai.org/frameworks/ccss-ela/versions/2010/items/RL.2.10,unreviewed,mt_VEwM7ClYYE,ccss-ela:RL.2.10
https://education.asfai.org/alignments/e413a587-eba5-5101-a848-18245499ede2,https://education.asfai.org/objectives/7d8fb027-3a9d-5e26-834b-7972e05e1167,relatedTo,ngss-ms,MS-LS1-6,https://education.asfai.org/frameworks/ngss-ms/versions/2013/items/MS-LS1-6,unreviewed,mt_zM5vu31jgl,ngss-ms:MS-LS1-6
https://education.asfai.org/alignments/e460ab5a-1917-5614-a2c6-03d9db2556e6,https://education.asfai.org/objectives/6ec0588b-6797-578b-b5fa-6a6aae7f2189,relatedTo,uk-nc-2013,Y4.Sci.Snd.2,https://education.asfai.org/frameworks/uk-nc-2013/versions/september-2013/items/Y4.Sci.Snd.2,unreviewed,mt_ydtcIBwHB9,uk-nc-2013:Y4.Sci.Snd.2
https://education.asfai.org/alignments/e46972f1-9f7e-58fd-b0db-dae2986f8b76,https://education.asfai.org/objectives/1bebfc4e-298e-56b8-ac2a-bc8f02aca01f,relatedTo,ccss-ela,L.K.5c,https://education.asfai.org/frameworks/ccss-ela/versions/2010/items/L.K.5c,unreviewed,mt_VLu59hpQ4T,ccss-ela:L.K.5c
https://education.asfai.org/alignments/e47616e5-eac2-513a-befb-dab081601e44,https://education.asfai.org/objectives/afe0a8dc-4efa-561a-89ab-eb13483eedda,relatedTo,uk-nc-2013,KS3-ENG-R-3e,https://education.asfai.org/frameworks/uk-nc-2013/versions/september-2013/items/KS3-ENG-R-3e,unreviewed,mt_gMSFymQlrW,uk-nc-2013:KS3-ENG-R-3e
https://education.asfai.org/alignments/e47c72c0-b44c-5bcd-9347-6b85665674ea,https://education.asfai.org/objectives/a37ad33e-ce25-5531-abc6-0de33a4dfce6,relatedTo,uk-nc-2013,KS3.Sci.Bio.Ecosystem.1,https://education.asfai.org/frameworks/uk-nc-2013/versions/september-2013/items/KS3.Sci.Bio.Ecosystem.1,unreviewed,mt_BOG5zRYtQz,uk-nc-2013:KS3.Sci.Bio.Ecosystem.1
https://education.asfai.org/alignments/e4c0b3cc-4eb5-5707-89df-aa86462736c4,https://education.asfai.org/objectives/11ba7f33-29b1-591c-afa6-db64bdfab44e,relatedTo,ccss-ela,SL.1.3,https://education.asfai.org/frameworks/ccss-ela/versions/2010/items/SL.1.3,unreviewed,mt_f8n4txtLej,ccss-ela:SL.1.3
https://education.asfai.org/alignments/e4c8f677-a578-5726-9822-2fced832252d,https://education.asfai.org/objectives/4ff57ecc-9591-5b3e-a48f-74e8a7b0a4a5,relatedTo,ngss-ms,MS-ESS1-2,https://education.asfai.org/frameworks/ngss-ms/versions/2013/items/MS-ESS1-2,unreviewed,mt_oLjz18CxDg,ngss-ms:MS-ESS1-2
https://education.asfai.org/alignments/e4cfb573-2312-5b70-ac08-6ff6c1193b5e,https://education.asfai.org/objectives/2bd978d2-1525-5799-8faf-92e75f3b312d,relatedTo,ccss-ela,RI.7.5,https://education.asfai.org/frameworks/ccss-ela/versions/2010/items/RI.7.5,unreviewed,mt_II6iw4BmJI,ccss-ela:RI.7.5
https://education.asfai.org/alignments/e4dfcc42-f94e-53ef-9928-86ec938ae127,https://education.asfai.org/objectives/a6632587-8ca1-5481-a149-e2455ac71198,relatedTo,uk-nc-2013,KS3.Sci.Phys.Waves.1,https://education.asfai.org/frameworks/uk-nc-2013/versions/september-2013/items/KS3.Sci.Phys.Waves.1,unreviewed,mt_XSp-S0wter,uk-nc-2013:KS3.Sci.Phys.Waves.1
https://education.asfai.org/alignments/e578f739-3b33-5bb3-bba3-74a85a0618f6,https://education.asfai.org/objectives/c05ee0fa-4995-5e71-bcc1-928b22d28aca,relatedTo,uk-nc-2013,KS3.Sci.Phys.Energy.5,https://education.asfai.org/frameworks/uk-nc-2013/versions/september-2013/items/KS3.Sci.Phys.Energy.5,unreviewed,mt_ySnOkVIu22,uk-nc-2013:KS3.Sci.Phys.Energy.5
https://education.asfai.org/alignments/e57fb3eb-b82f-5167-b444-ab2de7d877ea,https://education.asfai.org/objectives/20a5b622-00ac-51fa-9374-e4eb5bb29672,relatedTo,uk-nc-2013,KS3-ENG-GV-1a,https://education.asfai.org/frameworks/uk-nc-2013/versions/september-2013/items/KS3-ENG-GV-1a,unreviewed,mt_IdFxLz-UW9,uk-nc-2013:KS3-ENG-GV-1a
https://education.asfai.org/alignments/e58bdb14-ce86-515e-9ecf-73547e009bd4,https://education.asfai.org/objectives/33ac9cbf-db36-5c47-a38a-01b15d693744,relatedTo,ccss-math,K.MD.1,https://education.asfai.org/frameworks/ccss-math/versions/2010/items/K.MD.1,unreviewed,mt_uhuxX8sg9f,ccss-math:K.MD.1
https://education.asfai.org/alignments/e58ff204-07e0-5269-8b6f-a601392a6072,https://education.asfai.org/objectives/944502d5-d572-5e53-91f2-63fdd19224e1,relatedTo,uk-nc-2013,Eng/KS1/Y2/WR/7,https://education.asfai.org/frameworks/uk-nc-2013/versions/september-2013/items/Eng%2FKS1%2FY2%2FWR%2F7,unreviewed,mt_ZhvwM6LMBL,uk-nc-2013:Eng/KS1/Y2/WR/7
https://education.asfai.org/alignments/e59194f7-b211-5487-8c39-93b571d82c88,https://education.asfai.org/objectives/1df62852-69e4-5d70-9388-bb5858156976,relatedTo,uk-nc-2013,Ma/KS2/Y3/NPV/3,https://education.asfai.org/frameworks/uk-nc-2013/versions/september-2013/items/Ma%2FKS2%2FY3%2FNPV%2F3,unreviewed,mt_AQcVRBddko,uk-nc-2013:Ma/KS2/Y3/NPV/3
https://education.asfai.org/alignments/e5989498-f809-50a2-b231-79b0c650b5a7,https://education.asfai.org/objectives/920ebef9-547f-53b0-a236-2fd76f69b867,relatedTo,ccss-ela,RL.7.9,https://education.asfai.org/frameworks/ccss-ela/versions/2010/items/RL.7.9,unreviewed,mt_1GF5MeNZPA,ccss-ela:RL.7.9
https://education.asfai.org/alignments/e5d0d996-261b-58a6-b118-0f68765f5c35,https://education.asfai.org/objectives/97341dca-d088-5621-b57a-bae9c0b1a60e,relatedTo,uk-nc-2013,Maths/Y2/NPV/1,https://education.asfai.org/frameworks/uk-nc-2013/versions/september-2013/items/Maths%2FY2%2FNPV%2F1,unreviewed,mt_OkSJfrmFb_,uk-nc-2013:Maths/Y2/NPV/1
https://education.asfai.org/alignments/e5d17d2c-1128-5e4d-9bbf-0fd76dfbe4b3,https://education.asfai.org/objectives/1f5ae03e-eb6e-5d88-8c4f-95234346e1f4,relatedTo,uk-nc-2013,KS3.Sci.Bio.Ecosystem.2,https://education.asfai.org/frameworks/uk-nc-2013/versions/september-2013/items/KS3.Sci.Bio.Ecosystem.2,unreviewed,mt_wWpa5fFDZP,uk-nc-2013:KS3.Sci.Bio.Ecosystem.2
https://education.asfai.org/alignments/e5f19acc-f76f-57e8-ac92-a9bcc484359e,https://education.asfai.org/objectives/11ba7f33-29b1-591c-afa6-db64bdfab44e,relatedTo,ccss-ela,SL.K.3,https://education.asfai.org/frameworks/ccss-ela/versions/2010/items/SL.K.3,unreviewed,mt_f8n4txtLej,ccss-ela:SL.K.3
https://education.asfai.org/alignments/e61c6789-e85d-53e7-bc9c-c5f11eea466b,https://education.asfai.org/objectives/ea2d47fe-1dee-5993-a66d-497814cfb308,relatedTo,ccss-math,8.F.3,https://education.asfai.org/frameworks/ccss-math/versions/2010/items/8.F.3,unreviewed,mt_WBdHkc2HTf,ccss-math:8.F.3
https://education.asfai.org/alignments/e63e3a2a-1aa2-54f7-a567-e90a8f6ac39b,https://education.asfai.org/objectives/3b81d030-84e1-5b78-8ed2-9e70a05aa38f,relatedTo,ccss-ela,RI.K.6,https://education.asfai.org/frameworks/ccss-ela/versions/2010/items/RI.K.6,unreviewed,mt_gZIo5oiBMt,ccss-ela:RI.K.6
https://education.asfai.org/alignments/e665cb59-c2fb-5029-92b4-e19bf747418e,https://education.asfai.org/objectives/95e96947-39c4-5033-b5c2-49f7f3c8852c,relatedTo,ccss-math,1.MD.4,https://education.asfai.org/frameworks/ccss-math/versions/2010/items/1.MD.4,unreviewed,mt_1VSfm9yiLn,ccss-math:1.MD.4
https://education.asfai.org/alignments/e69db40d-bbf4-58fe-a286-e71f2d12e65b,https://education.asfai.org/objectives/67dd3895-6ede-5c2d-80c9-f96b453110f5,relatedTo,ccss-ela,RF.1.4.c,https://education.asfai.org/frameworks/ccss-ela/versions/2010/items/RF.1.4.c,unreviewed,mt_V-ldQp56bF,ccss-ela:RF.1.4.c
https://education.asfai.org/alignments/e6f1e2f1-9cf7-52f8-8158-0e5200d2d497,https://education.asfai.org/objectives/c3813ac5-21fb-5123-ad4d-0990f45dc044,relatedTo,uk-nc-2013,Eng_LKS2_Read_Comp_7,https://education.asfai.org/frameworks/uk-nc-2013/versions/september-2013/items/Eng_LKS2_Read_Comp_7,unreviewed,mt_6-MYToNZ39,uk-nc-2013:Eng_LKS2_Read_Comp_7
https://education.asfai.org/alignments/e7013c3d-db26-5d25-8cf1-8db97583bd0b,https://education.asfai.org/objectives/1208540f-50ca-51b9-8d7d-d037b14d4a01,relatedTo,uk-nc-2013,KS3.Sci.Chem.CR.3,https://education.asfai.org/frameworks/uk-nc-2013/versions/september-2013/items/KS3.Sci.Chem.CR.3,unreviewed,mt_QKRYLwaOU8,uk-nc-2013:KS3.Sci.Chem.CR.3
https://education.asfai.org/alignments/e7022a80-b55e-5350-94ad-94559aad9952,https://education.asfai.org/objectives/c276325b-aeab-507d-926a-458a9b42c675,relatedTo,ccss-ela,SL.4.2,https://education.asfai.org/frameworks/ccss-ela/versions/2010/items/SL.4.2,unreviewed,mt_-DuXzMVVXQ,ccss-ela:SL.4.2
https://education.asfai.org/alignments/e71d05df-5a21-5b68-8499-269d3bbb85c3,https://education.asfai.org/objectives/67dd3895-6ede-5c2d-80c9-f96b453110f5,relatedTo,ccss-ela,RF.1.4.b,https://education.asfai.org/frameworks/ccss-ela/versions/2010/items/RF.1.4.b,unreviewed,mt_V-ldQp56bF,ccss-ela:RF.1.4.b
https://education.asfai.org/alignments/e71efff6-b6d1-520e-a86f-038c9401cd56,https://education.asfai.org/objectives/421d54ed-22d7-567e-a6d7-2cc099c0c5a2,relatedTo,uk-nc-2013,Eng_LKS2_Write_Trans_Spell_3,https://education.asfai.org/frameworks/uk-nc-2013/versions/september-2013/items/Eng_LKS2_Write_Trans_Spell_3,unreviewed,mt_O2dS6gvClw,uk-nc-2013:Eng_LKS2_Write_Trans_Spell_3
https://education.asfai.org/alignments/e7418a7d-4791-5776-8200-d74dec95b2c5,https://education.asfai.org/objectives/626fdfb2-2054-52a0-bf73-21534bf7b459,relatedTo,uk-nc-2013,Ma/KS2/Y3/M/6,https://education.asfai.org/frameworks/uk-nc-2013/versions/september-2013/items/Ma%2FKS2%2FY3%2FM%2F6,unreviewed,mt_EXlmTURK_o,uk-nc-2013:Ma/KS2/Y3/M/6
https://education.asfai.org/alignments/e7bdf33f-8804-53e7-ab39-15ca61bdab7d,https://education.asfai.org/objectives/bd1602ca-b011-5c38-a067-d7ad33fbe59e,relatedTo,ccss-ela,W.3.2c,https://education.asfai.org/frameworks/ccss-ela/versions/2010/items/W.3.2c,unreviewed,mt_hp2qJ-QRBn,ccss-ela:W.3.2c
https://education.asfai.org/alignments/e7c86caa-07ea-5952-9484-f6c9b3f166e9,https://education.asfai.org/objectives/6d5e9619-7d43-5fa4-a046-c91189ea7bab,relatedTo,ccss-math,8.F.1,https://education.asfai.org/frameworks/ccss-math/versions/2010/items/8.F.1,unreviewed,mt_yXO7lQ9Yn7,ccss-math:8.F.1
https://education.asfai.org/alignments/e7e67c43-6ee8-5a74-b575-9c67f5880d00,https://education.asfai.org/objectives/a09f51db-95cb-5312-9577-809b4874124d,relatedTo,ngss-ms,MS-LS4-5,https://education.asfai.org/frameworks/ngss-ms/versions/2013/items/MS-LS4-5,unreviewed,mt_-r3B4FQyX3,ngss-ms:MS-LS4-5
https://education.asfai.org/alignments/e7fadd3c-e232-5b2b-9ee7-2936317e49f8,https://education.asfai.org/objectives/cf11ce83-7d73-5350-947c-52c732fa85f4,relatedTo,uk-nc-2013,Eng_Y1_WH_01,https://education.asfai.org/frameworks/uk-nc-2013/versions/september-2013/items/Eng_Y1_WH_01,unreviewed,mt_WBfj79OqXz,uk-nc-2013:Eng_Y1_WH_01
https://education.asfai.org/alignments/e8070772-ad22-5dbd-8dcf-956f397f3131,https://education.asfai.org/objectives/6131ce5a-590d-5eed-b53f-0014b1278992,relatedTo,ccss-ela,RL.8.7,https://education.asfai.org/frameworks/ccss-ela/versions/2010/items/RL.8.7,unreviewed,mt_tIi6L1n7kF,ccss-ela:RL.8.7
https://education.asfai.org/alignments/e8473bde-732d-5151-8308-9c844c0fc833,https://education.asfai.org/objectives/1cc21830-231a-5d5f-a9eb-039dcc5fadcf,relatedTo,ccss-math,2.NBT.7,https://education.asfai.org/frameworks/ccss-math/versions/2010/items/2.NBT.7,unreviewed,mt_ewmuMMPAzP,ccss-math:2.NBT.7
https://education.asfai.org/alignments/e8590f67-16dc-5c99-ba9f-ddd46316b161,https://education.asfai.org/objectives/67dd3895-6ede-5c2d-80c9-f96b453110f5,relatedTo,ccss-ela,RF.3.4.a,https://education.asfai.org/frameworks/ccss-ela/versions/2010/items/RF.3.4.a,unreviewed,mt_V-ldQp56bF,ccss-ela:RF.3.4.a
https://education.asfai.org/alignments/e86b00a4-377d-5ef3-8814-16968961ed01,https://education.asfai.org/objectives/63d21eb1-8951-556e-89d3-3f7072529f6e,relatedTo,ngss-k5,4-LS1-1,https://education.asfai.org/frameworks/ngss-k5/versions/2013/items/4-LS1-1,unreviewed,mt_8VA40Tumth,ngss-k5:4-LS1-1
https://education.asfai.org/alignments/e8de6cfd-308d-5c9d-8947-3b0536965fe7,https://education.asfai.org/objectives/5eb850af-bcc6-5818-b34c-f51bf0f2fc9d,relatedTo,uk-nc-2013,Maths/Y1/NPV/4,https://education.asfai.org/frameworks/uk-nc-2013/versions/september-2013/items/Maths%2FY1%2FNPV%2F4,unreviewed,mt_pAcaehday5,uk-nc-2013:Maths/Y1/NPV/4
https://education.asfai.org/alignments/e8f81faa-b83b-5e01-b714-126245e42c0c,https://education.asfai.org/objectives/598e9b23-ea1a-56d3-8ddc-7683d685ca2d,relatedTo,ccss-math,8.SP.1,https://education.asfai.org/frameworks/ccss-math/versions/2010/items/8.SP.1,unreviewed,mt_BdAeZJUOir,ccss-math:8.SP.1
https://education.asfai.org/alignments/e8fd8d48-1662-5837-9e83-2c3e50ab73c2,https://education.asfai.org/objectives/841959dc-4bdf-56b2-b92a-ac975b5122bf,relatedTo,ngss-ms,MS-PS2-1,https://education.asfai.org/frameworks/ngss-ms/versions/2013/items/MS-PS2-1,unreviewed,mt_AiWlJfvC3O,ngss-ms:MS-PS2-1
https://education.asfai.org/alignments/e92df193-f00e-58be-a781-2801e5e12486,https://education.asfai.org/objectives/340033ef-dc71-5c8b-ae17-9669a6a902e5,relatedTo,ccss-math,K.CC.4.b,https://education.asfai.org/frameworks/ccss-math/versions/2010/items/K.CC.4.b,unreviewed,mt_dmNvjroCPT,ccss-math:K.CC.4.b
https://education.asfai.org/alignments/e93c36dd-aeba-543a-9557-43b65e98a6f7,https://education.asfai.org/objectives/304466e5-b322-5022-a89f-d13926b3c2ac,relatedTo,ib-pyp-pspe,PSPE.INT.P4.CU.2,https://education.asfai.org/frameworks/ib-pyp-pspe/versions/2009/items/PSPE.INT.P4.CU.2,unreviewed,mt_z98J_Zg2L3,ib-pyp-pspe:PSPE.INT.P4.CU.2
https://education.asfai.org/alignments/e948a2ea-3e10-5e82-bf6c-820aa6cd4b4d,https://education.asfai.org/objectives/b76dd77e-4dfe-5cc2-bad0-940fa40f6c26,relatedTo,uk-nc-2013,KS3.Maths.Num.2,https://education.asfai.org/frameworks/uk-nc-2013/versions/september-2013/items/KS3.Maths.Num.2,unreviewed,mt_uDJY0X0hgo,uk-nc-2013:KS3.Maths.Num.2
https://education.asfai.org/alignments/e976a0f5-6c57-577d-b976-d2275532b4e8,https://education.asfai.org/objectives/b7895115-d15a-5e36-806d-cdfe35cc5af6,relatedTo,uk-nc-2013,KS3-ENG-W-1b,https://education.asfai.org/frameworks/uk-nc-2013/versions/september-2013/items/KS3-ENG-W-1b,unreviewed,mt_zCUIJLdK_s,uk-nc-2013:KS3-ENG-W-1b
https://education.asfai.org/alignments/e978f6b2-d5c2-527a-ba0b-94c5bf071e1f,https://education.asfai.org/objectives/4ae2a007-f408-537e-a5fa-c1a8237a1e42,relatedTo,ccss-ela,SL.2.5,https://education.asfai.org/frameworks/ccss-ela/versions/2010/items/SL.2.5,unreviewed,mt_ZBMcX2oRor,ccss-ela:SL.2.5
https://education.asfai.org/alignments/e999b734-0023-50c6-9b44-db9ea29fbee1,https://education.asfai.org/objectives/467f0c8d-1bed-58b7-88ec-8b3df6675102,relatedTo,ngss-k5,K-ESS2-2,https://education.asfai.org/frameworks/ngss-k5/versions/2013/items/K-ESS2-2,unreviewed,mt_qixeaiswFP,ngss-k5:K-ESS2-2
https://education.asfai.org/alignments/e9c26703-7e0b-525e-8f88-bef79ad36915,https://education.asfai.org/objectives/1ed5a4be-6141-5e16-8b90-063649b55350,relatedTo,uk-nc-2013,Eng.UKS2.Read.Comp.1b,https://education.asfai.org/frameworks/uk-nc-2013/versions/september-2013/items/Eng.UKS2.Read.Comp.1b,unreviewed,mt_mLPEMpYb_R,uk-nc-2013:Eng.UKS2.Read.Comp.1b
https://education.asfai.org/alignments/e9c2bf33-a464-5d08-b2e5-e4b281bb7886,https://education.asfai.org/objectives/593eb0ab-7bd5-5ee2-8dcd-01f3da3613fb,relatedTo,uk-nc-2013,KS3.Sci.WS.SA.3,https://education.asfai.org/frameworks/uk-nc-2013/versions/september-2013/items/KS3.Sci.WS.SA.3,unreviewed,mt_xkn2sf93WJ,uk-nc-2013:KS3.Sci.WS.SA.3
https://education.asfai.org/alignments/e9d12b85-7c9c-5b96-a599-450677471074,https://education.asfai.org/objectives/bd1602ca-b011-5c38-a067-d7ad33fbe59e,relatedTo,ccss-ela,W.5.2d,https://education.asfai.org/frameworks/ccss-ela/versions/2010/items/W.5.2d,unreviewed,mt_hp2qJ-QRBn,ccss-ela:W.5.2d
https://education.asfai.org/alignments/e9eee98e-bb1e-5a19-b3f0-0d80e89125b2,https://education.asfai.org/objectives/be6d5e50-f84b-5aca-ade8-9d2abb888f22,relatedTo,uk-nc-2013,Ma/KS2/Y3/F/6,https://education.asfai.org/frameworks/uk-nc-2013/versions/september-2013/items/Ma%2FKS2%2FY3%2FF%2F6,unreviewed,mt_IfEgu0X449,uk-nc-2013:Ma/KS2/Y3/F/6
https://education.asfai.org/alignments/e9f008e2-9fa7-593b-bea6-8425201bce51,https://education.asfai.org/objectives/34407653-cf88-5ebb-9e1c-dd5aa76ab1e8,relatedTo,ccss-ela,RI.7.4,https://education.asfai.org/frameworks/ccss-ela/versions/2010/items/RI.7.4,unreviewed,mt_DVSHx3YMkN,ccss-ela:RI.7.4
https://education.asfai.org/alignments/e9f9f6c2-9c65-50e0-8185-4c65bf79db69,https://education.asfai.org/objectives/34407653-cf88-5ebb-9e1c-dd5aa76ab1e8,relatedTo,ccss-ela,RL.6.4,https://education.asfai.org/frameworks/ccss-ela/versions/2010/items/RL.6.4,unreviewed,mt_DVSHx3YMkN,ccss-ela:RL.6.4
https://education.asfai.org/alignments/ea054a83-5c2c-5b91-9961-4b50209c3438,https://education.asfai.org/objectives/e0272412-787f-5d1f-8cb9-3e307e923207,relatedTo,uk-nc-2013,Eng.App2.Y1.Sent.2,https://education.asfai.org/frameworks/uk-nc-2013/versions/september-2013/items/Eng.App2.Y1.Sent.2,unreviewed,mt_YXVQaufkKO,uk-nc-2013:Eng.App2.Y1.Sent.2
https://education.asfai.org/alignments/ea132cd7-1a05-57b6-bb42-0868b05a4296,https://education.asfai.org/objectives/5a4cc094-32a1-5d88-afcb-50c09b3cc3e6,relatedTo,uk-nc-2013,Eng_LKS2_Write_Trans_Spell_2,https://education.asfai.org/frameworks/uk-nc-2013/versions/september-2013/items/Eng_LKS2_Write_Trans_Spell_2,unreviewed,mt_37QCuGOxFe,uk-nc-2013:Eng_LKS2_Write_Trans_Spell_2
https://education.asfai.org/alignments/ea537657-e19b-5532-b9dc-c8d0cd0dcebe,https://education.asfai.org/objectives/02527c52-1a3d-5111-939e-31faa605923f,relatedTo,ccss-math,7.SP.4,https://education.asfai.org/frameworks/ccss-math/versions/2010/items/7.SP.4,unreviewed,mt_XSXnTQoQ4l,ccss-math:7.SP.4
https://education.asfai.org/alignments/ea8878dc-0f3b-544a-a467-2d69d2100b84,https://education.asfai.org/objectives/92792886-fa64-506e-92b3-a438a510e989,relatedTo,ib-pyp-pspe,PSPE-ID-CU-P1-2,https://education.asfai.org/frameworks/ib-pyp-pspe/versions/2009/items/PSPE-ID-CU-P1-2,unreviewed,mt_UGf6jICEhs,ib-pyp-pspe:PSPE-ID-CU-P1-2
https://education.asfai.org/alignments/eaa0bc91-b908-5f0b-9a9c-d87d626c4484,https://education.asfai.org/objectives/3e27fd75-1db1-5d8d-accc-a6f68fea7cf0,relatedTo,ccss-ela,SL.2.6,https://education.asfai.org/frameworks/ccss-ela/versions/2010/items/SL.2.6,unreviewed,mt_4A7FYmvVhA,ccss-ela:SL.2.6
https://education.asfai.org/alignments/eae39356-1d3b-538b-8b0e-d6c1237c3907,https://education.asfai.org/objectives/0a70711f-e42e-5a0d-aece-6d9bae185cc8,relatedTo,ccss-ela,W.7.5,https://education.asfai.org/frameworks/ccss-ela/versions/2010/items/W.7.5,unreviewed,mt_av-uRBrhwT,ccss-ela:W.7.5
https://education.asfai.org/alignments/eaedd3f5-7b4f-5f8e-8a8b-13c40b3b6fbf,https://education.asfai.org/objectives/4b1bea2b-ddc9-5797-9e3e-94100d6b7a23,relatedTo,uk-nc-2013,KS2L.Sci.WS.4,https://education.asfai.org/frameworks/uk-nc-2013/versions/september-2013/items/KS2L.Sci.WS.4,unreviewed,mt_7IFpDVNsmt,uk-nc-2013:KS2L.Sci.WS.4
https://education.asfai.org/alignments/eb23272f-c206-5f62-8f17-9ca3fa42640c,https://education.asfai.org/objectives/640ceb7b-b1be-5f8b-af72-8338761d62c2,relatedTo,uk-nc-2013,KS3-ENG-W-1a,https://education.asfai.org/frameworks/uk-nc-2013/versions/september-2013/items/KS3-ENG-W-1a,unreviewed,mt_9lN0SpKlEH,uk-nc-2013:KS3-ENG-W-1a
https://education.asfai.org/alignments/ebb270d0-8799-5f74-95c5-a7a45224a081,https://education.asfai.org/objectives/bea6b39e-ee1b-5f1d-aaf0-efc01af3717c,relatedTo,ngss-ms,MS-PS4-2,https://education.asfai.org/frameworks/ngss-ms/versions/2013/items/MS-PS4-2,unreviewed,mt_w5HzPpOUmj,ngss-ms:MS-PS4-2
https://education.asfai.org/alignments/ebc1e67d-71d7-5a4b-9ecc-c2992ca2098a,https://education.asfai.org/objectives/8f1fd161-6d5c-58a5-be8f-669df8985c27,relatedTo,uk-nc-2013,Eng.App2.Y4.Punc.1,https://education.asfai.org/frameworks/uk-nc-2013/versions/september-2013/items/Eng.App2.Y4.Punc.1,unreviewed,mt_-mw3JeIjhU,uk-nc-2013:Eng.App2.Y4.Punc.1
https://education.asfai.org/alignments/ebf9c4ef-bf6a-5015-8253-0e72bd55861d,https://education.asfai.org/objectives/c431be78-84ee-5e0d-8c04-72a507b9a2af,relatedTo,uk-nc-2013,Eng_App1_Y1_25,https://education.asfai.org/frameworks/uk-nc-2013/versions/september-2013/items/Eng_App1_Y1_25,unreviewed,mt_BtMbZibZUj,uk-nc-2013:Eng_App1_Y1_25
https://education.asfai.org/alignments/ec22eb13-402c-5f5b-a894-195e1ad25a4c,https://education.asfai.org/objectives/cb819a12-7d17-58c3-936e-05e3d8230cf2,relatedTo,uk-nc-2013,KS3.Maths.Alg.12,https://education.asfai.org/frameworks/uk-nc-2013/versions/september-2013/items/KS3.Maths.Alg.12,unreviewed,mt_GZuoYaDdWd,uk-nc-2013:KS3.Maths.Alg.12
https://education.asfai.org/alignments/ec29b3e7-7fe7-5a04-8451-9790c38cffe9,https://education.asfai.org/objectives/f4e7eee6-f86b-5254-851d-199cb9ecf0e8,relatedTo,uk-nc-2013,Eng_App1_Y2_12,https://education.asfai.org/frameworks/uk-nc-2013/versions/september-2013/items/Eng_App1_Y2_12,unreviewed,mt_FYK8m6eHQm,uk-nc-2013:Eng_App1_Y2_12
https://education.asfai.org/alignments/ec8e87e2-1982-5952-b247-ca43bfd7ad61,https://education.asfai.org/objectives/1a502893-d290-5e93-a185-6433211affbc,relatedTo,uk-nc-2013,KS3.Sci.Chem.MAT.2,https://education.asfai.org/frameworks/uk-nc-2013/versions/september-2013/items/KS3.Sci.Chem.MAT.2,unreviewed,mt_zsYW61cn_q,uk-nc-2013:KS3.Sci.Chem.MAT.2
https://education.asfai.org/alignments/ec9f1809-0a58-5333-b78b-1583ae73c48c,https://education.asfai.org/objectives/17121b57-59f3-55a6-a7fb-663727c79663,relatedTo,ccss-ela,RF.2.3.c,https://education.asfai.org/frameworks/ccss-ela/versions/2010/items/RF.2.3.c,unreviewed,mt_kVzAFMuFc4,ccss-ela:RF.2.3.c
https://education.asfai.org/alignments/eca0c5cf-41e4-56e7-a213-73e88a223768,https://education.asfai.org/objectives/6fd8125d-ec25-599b-817d-ec3f05ca82b2,relatedTo,uk-nc-2013,Eng.UKS2.Read.Comp.3,https://education.asfai.org/frameworks/uk-nc-2013/versions/september-2013/items/Eng.UKS2.Read.Comp.3,unreviewed,mt_furAIwoO9t,uk-nc-2013:Eng.UKS2.Read.Comp.3
https://education.asfai.org/alignments/ecb1a149-9a8f-5e98-8c83-2b646203dc35,https://education.asfai.org/objectives/87754087-381a-55de-8389-646e1a435bba,relatedTo,ccss-math,8.G.5,https://education.asfai.org/frameworks/ccss-math/versions/2010/items/8.G.5,unreviewed,mt_J03RFlVdas,ccss-math:8.G.5
https://education.asfai.org/alignments/ecbf379d-b583-509d-b8d6-f0bc32a979ce,https://education.asfai.org/objectives/f894593f-9785-5f08-ba65-b783ddddd814,relatedTo,ccss-math,8.NS.2,https://education.asfai.org/frameworks/ccss-math/versions/2010/items/8.NS.2,unreviewed,mt_b4lbTOJYwI,ccss-math:8.NS.2
https://education.asfai.org/alignments/ecd294a8-c1da-5c25-88bd-a9d47120cf6f,https://education.asfai.org/objectives/54c615e2-9870-5d56-a3c1-d37f7dcfbdbd,relatedTo,ngss-ms,MS-LS2-1,https://education.asfai.org/frameworks/ngss-ms/versions/2013/items/MS-LS2-1,unreviewed,mt_URTJbS3hhs,ngss-ms:MS-LS2-1
https://education.asfai.org/alignments/ecffa763-cd58-5dc4-afee-e7661b9357d9,https://education.asfai.org/objectives/ebaba824-82c9-5d77-ae96-aea26c2081b7,relatedTo,ccss-math,2.MD.8,https://education.asfai.org/frameworks/ccss-math/versions/2010/items/2.MD.8,unreviewed,mt_3tz3Otap5j,ccss-math:2.MD.8
https://education.asfai.org/alignments/ed013762-a002-519a-94d1-5eba1419b928,https://education.asfai.org/objectives/5f4f88ca-013b-55ba-89c5-b64a31db7d94,relatedTo,uk-nc-2013,Eng_Y1_WVGP_03,https://education.asfai.org/frameworks/uk-nc-2013/versions/september-2013/items/Eng_Y1_WVGP_03,unreviewed,mt_QEr24lqzvH,uk-nc-2013:Eng_Y1_WVGP_03
https://education.asfai.org/alignments/ed0c136d-056a-5bce-ac15-8ca3b89227c5,https://education.asfai.org/objectives/3c2d8353-7fe8-543e-9e08-e8aece4784ab,relatedTo,uk-nc-2013,Eng_App1_Y2_03,https://education.asfai.org/frameworks/uk-nc-2013/versions/september-2013/items/Eng_App1_Y2_03,unreviewed,mt_OgJPbGkrYk,uk-nc-2013:Eng_App1_Y2_03
https://education.asfai.org/alignments/ed19f37b-4040-5f4c-aedd-8cfe104f5794,https://education.asfai.org/objectives/121abdcb-1abd-5011-98f6-b254a06c6fc5,relatedTo,uk-nc-2013,Eng.App2.Y1.Sent.1,https://education.asfai.org/frameworks/uk-nc-2013/versions/september-2013/items/Eng.App2.Y1.Sent.1,unreviewed,mt_N8CpN1EJrP,uk-nc-2013:Eng.App2.Y1.Sent.1
https://education.asfai.org/alignments/ed661fa6-1fec-5ce6-abb9-08ee2ec87cf9,https://education.asfai.org/objectives/020f829d-5a25-550c-b07f-ae6eba5de656,relatedTo,uk-nc-2013,Eng_App1_Y1_20,https://education.asfai.org/frameworks/uk-nc-2013/versions/september-2013/items/Eng_App1_Y1_20,unreviewed,mt_C7abt7pRr6,uk-nc-2013:Eng_App1_Y1_20
https://education.asfai.org/alignments/ed75ddd7-ec87-543a-8d50-8c49765c5468,https://education.asfai.org/objectives/7ec14782-e4de-5ab1-bf31-0c47d6326784,relatedTo,ccss-ela,RI.2.5,https://education.asfai.org/frameworks/ccss-ela/versions/2010/items/RI.2.5,unreviewed,mt_ZhUuT__i2H,ccss-ela:RI.2.5
https://education.asfai.org/alignments/ed9298cf-e472-5bf7-affe-9624c43231be,https://education.asfai.org/objectives/e32e1aeb-2067-5046-b870-cd96340768e8,relatedTo,uk-nc-2013,Eng.App2.Y3.Word.2,https://education.asfai.org/frameworks/uk-nc-2013/versions/september-2013/items/Eng.App2.Y3.Word.2,unreviewed,mt_2l06snztdP,uk-nc-2013:Eng.App2.Y3.Word.2
https://education.asfai.org/alignments/edc63b6b-a4ce-5b24-9f79-fc0b642ca4cb,https://education.asfai.org/objectives/95111b4a-e03f-5e23-83d4-57d3624bdeb8,relatedTo,uk-nc-2013,KS3.Maths.Prob.1,https://education.asfai.org/frameworks/uk-nc-2013/versions/september-2013/items/KS3.Maths.Prob.1,unreviewed,mt_sHJqh6UUya,uk-nc-2013:KS3.Maths.Prob.1
https://education.asfai.org/alignments/ede6d8fc-bf8c-5044-834c-28ae1d29a597,https://education.asfai.org/objectives/270c72de-bb31-5211-b199-1256b6b4e3ef,relatedTo,uk-nc-2013,KS3.Sci.Phys.MotionAndForces.7,https://education.asfai.org/frameworks/uk-nc-2013/versions/september-2013/items/KS3.Sci.Phys.MotionAndForces.7,unreviewed,mt_tXxxCFl32J,uk-nc-2013:KS3.Sci.Phys.MotionAndForces.7
https://education.asfai.org/alignments/ee141002-bf29-5713-82e3-9466dfb146de,https://education.asfai.org/objectives/709dc7df-2d87-5ddc-af7b-c8e404bcad81,relatedTo,ccss-ela,L.4.2a,https://education.asfai.org/frameworks/ccss-ela/versions/2010/items/L.4.2a,unreviewed,mt_2NfIKEYdbm,ccss-ela:L.4.2a
https://education.asfai.org/alignments/ee21a3bc-30d5-5737-87da-a5ad5dc6d913,https://education.asfai.org/objectives/7e9a4a8f-1a44-56b8-ae3e-c1786a3de93b,relatedTo,uk-nc-2013,KS2U.Sci.WS.4,https://education.asfai.org/frameworks/uk-nc-2013/versions/september-2013/items/KS2U.Sci.WS.4,unreviewed,mt_5PgQB0QkWi,uk-nc-2013:KS2U.Sci.WS.4
https://education.asfai.org/alignments/ee228ab4-f4c8-58d7-87e7-5c0083795e04,https://education.asfai.org/objectives/6131ce5a-590d-5eed-b53f-0014b1278992,relatedTo,ccss-ela,RL.6.7,https://education.asfai.org/frameworks/ccss-ela/versions/2010/items/RL.6.7,unreviewed,mt_tIi6L1n7kF,ccss-ela:RL.6.7
https://education.asfai.org/alignments/ee4ce0e9-d37f-5b0b-b757-a3cdd55d5f04,https://education.asfai.org/objectives/3fa0fe96-3001-526b-9c1c-17a3f0daceff,relatedTo,uk-nc-2013,Eng.App2.Y2.Word.1,https://education.asfai.org/frameworks/uk-nc-2013/versions/september-2013/items/Eng.App2.Y2.Word.1,unreviewed,mt_UEe3MC5RZc,uk-nc-2013:Eng.App2.Y2.Word.1
https://education.asfai.org/alignments/ee5de43c-7419-52a1-9329-06f08c602de7,https://education.asfai.org/objectives/3c2d8353-7fe8-543e-9e08-e8aece4784ab,relatedTo,ccss-ela,RF.2.3,https://education.asfai.org/frameworks/ccss-ela/versions/2010/items/RF.2.3,unreviewed,mt_OgJPbGkrYk,ccss-ela:RF.2.3
https://education.asfai.org/alignments/ee7bc252-1605-5f6f-a61a-42ce29b3ba14,https://education.asfai.org/objectives/90daa586-6d60-5bf8-ba99-c32a9296c6bd,relatedTo,uk-nc-2013,Eng_App1_Sp_Y34_07,https://education.asfai.org/frameworks/uk-nc-2013/versions/september-2013/items/Eng_App1_Sp_Y34_07,unreviewed,mt_tHtjfjjFrl,uk-nc-2013:Eng_App1_Sp_Y34_07
https://education.asfai.org/alignments/eeace48d-7ba8-5809-a478-e340515b7b35,https://education.asfai.org/objectives/5f4f88ca-013b-55ba-89c5-b64a31db7d94,relatedTo,uk-nc-2013,Eng.App2.Y1.Punc.2,https://education.asfai.org/frameworks/uk-nc-2013/versions/september-2013/items/Eng.App2.Y1.Punc.2,unreviewed,mt_QEr24lqzvH,uk-nc-2013:Eng.App2.Y1.Punc.2
https://education.asfai.org/alignments/eeca319f-e6ed-5549-ad6c-ed942514e21a,https://education.asfai.org/objectives/26024e60-242f-5127-88ca-793f696835ba,relatedTo,uk-nc-2013,KS3.Maths.Prob.2,https://education.asfai.org/frameworks/uk-nc-2013/versions/september-2013/items/KS3.Maths.Prob.2,unreviewed,mt_XfyqXLqzpx,uk-nc-2013:KS3.Maths.Prob.2
https://education.asfai.org/alignments/ef2b4c21-8a4c-5c0b-b0a8-e2da34bba32f,https://education.asfai.org/objectives/afe0a8dc-4efa-561a-89ab-eb13483eedda,relatedTo,uk-nc-2013,KS3-ENG-R-2b,https://education.asfai.org/frameworks/uk-nc-2013/versions/september-2013/items/KS3-ENG-R-2b,unreviewed,mt_gMSFymQlrW,uk-nc-2013:KS3-ENG-R-2b
https://education.asfai.org/alignments/ef302cb4-76f4-5e90-a114-7f14e5445a15,https://education.asfai.org/objectives/eccf9b5f-9e26-50d8-800b-9882962887f6,relatedTo,ngss-k5,K-PS2-1,https://education.asfai.org/frameworks/ngss-k5/versions/2013/items/K-PS2-1,unreviewed,mt_B3W5EfimJw,ngss-k5:K-PS2-1
https://education.asfai.org/alignments/ef53feb8-c6a7-5cb0-aa8a-4171347c23ac,https://education.asfai.org/objectives/993fac31-38b3-5f6c-992f-05f4c43bcb64,relatedTo,uk-nc-2013,Eng_Y1_RC_08,https://education.asfai.org/frameworks/uk-nc-2013/versions/september-2013/items/Eng_Y1_RC_08,unreviewed,mt_rQ2YJJi4uh,uk-nc-2013:Eng_Y1_RC_08
https://education.asfai.org/alignments/f01086e3-0fa7-5107-8837-7de22e516227,https://education.asfai.org/objectives/45e86b35-1e28-5476-96ed-032bc8b54629,relatedTo,ccss-ela,L.8.4a,https://education.asfai.org/frameworks/ccss-ela/versions/2010/items/L.8.4a,unreviewed,mt_WZnwITSWr8,ccss-ela:L.8.4a
https://education.asfai.org/alignments/f042beda-ce54-5668-8f37-c42cbf45aa28,https://education.asfai.org/objectives/eba045df-c294-54d6-901f-e563d9399313,relatedTo,uk-nc-2013,Ma/KS2/Y4/MD/2,https://education.asfai.org/frameworks/uk-nc-2013/versions/september-2013/items/Ma%2FKS2%2FY4%2FMD%2F2,unreviewed,mt_pjfmCMMPjO,uk-nc-2013:Ma/KS2/Y4/MD/2
https://education.asfai.org/alignments/f054db17-2f55-5c17-8c6e-61ccce54d4ae,https://education.asfai.org/objectives/c1ee9899-2584-585a-9fe2-74a36105d79c,relatedTo,ib-pyp-pspe,PSPE-ID-CU-P1-3,https://education.asfai.org/frameworks/ib-pyp-pspe/versions/2009/items/PSPE-ID-CU-P1-3,unreviewed,mt_ggcamLzXAy,ib-pyp-pspe:PSPE-ID-CU-P1-3
https://education.asfai.org/alignments/f061fd99-96a3-5240-b1c0-81826fd03533,https://education.asfai.org/objectives/e6c1b527-9c8d-5796-bc3c-77fe87904961,relatedTo,uk-nc-2013,Maths/Y2/GPS/2,https://education.asfai.org/frameworks/uk-nc-2013/versions/september-2013/items/Maths%2FY2%2FGPS%2F2,unreviewed,mt_Mnodea7mG_,uk-nc-2013:Maths/Y2/GPS/2
https://education.asfai.org/alignments/f06ef4b5-0c01-5530-a196-01aa9d5d3538,https://education.asfai.org/objectives/64f32aee-0d2b-5941-a949-28b497ac6a90,relatedTo,uk-nc-2013,Eng_App1_Y1_36,https://education.asfai.org/frameworks/uk-nc-2013/versions/september-2013/items/Eng_App1_Y1_36,unreviewed,mt_fMd7v87IiI,uk-nc-2013:Eng_App1_Y1_36
https://education.asfai.org/alignments/f0727bda-b073-51a1-8971-cc60745e435e,https://education.asfai.org/objectives/843f4744-a397-5ac3-8a36-29b75c423ffe,relatedTo,ib-pyp-pspe,PSPE-ID-CU-P4-7,https://education.asfai.org/frameworks/ib-pyp-pspe/versions/2009/items/PSPE-ID-CU-P4-7,unreviewed,mt_Jd2aWEUJ9G,ib-pyp-pspe:PSPE-ID-CU-P4-7
https://education.asfai.org/alignments/f082bce2-1a2d-509b-8e05-7e43d9570284,https://education.asfai.org/objectives/d6174fc0-d4ff-58c1-b8c3-0d9f83d9da4c,relatedTo,ngss-k5,3-LS3-2,https://education.asfai.org/frameworks/ngss-k5/versions/2013/items/3-LS3-2,unreviewed,mt_Tls5qJ4p0L,ngss-k5:3-LS3-2
https://education.asfai.org/alignments/f08b4f6b-fa8f-5b3a-9a7e-ad0e490d1818,https://education.asfai.org/objectives/31df5a57-73ac-51a5-8081-cc6aed716632,relatedTo,ib-pyp-pspe,PSPE.INT.P1.LO.4,https://education.asfai.org/frameworks/ib-pyp-pspe/versions/2009/items/PSPE.INT.P1.LO.4,unreviewed,mt_kvrvpQris4,ib-pyp-pspe:PSPE.INT.P1.LO.4
https://education.asfai.org/alignments/f0a0a97a-7ee9-582e-87b7-1f83ebd46337,https://education.asfai.org/objectives/220ef1a1-c0f7-5370-928c-692f9de067f6,relatedTo,uk-nc-2013,Y5.Sci.ES.4,https://education.asfai.org/frameworks/uk-nc-2013/versions/september-2013/items/Y5.Sci.ES.4,unreviewed,mt_q15w--Fb5H,uk-nc-2013:Y5.Sci.ES.4
https://education.asfai.org/alignments/f0c9af1e-9038-5d93-9c0b-5bf187b98ed1,https://education.asfai.org/objectives/37ba2255-708f-5ea4-97f0-40fe3bba9547,relatedTo,ccss-ela,L.1.5c,https://education.asfai.org/frameworks/ccss-ela/versions/2010/items/L.1.5c,unreviewed,mt_f_dMmvzxwo,ccss-ela:L.1.5c
https://education.asfai.org/alignments/f1037de2-3176-5a71-9f50-084be10d2b58,https://education.asfai.org/objectives/e6c5650a-dbeb-5f11-8190-e84856738cc4,relatedTo,uk-nc-2013,KS3-ENG-SE-1d,https://education.asfai.org/frameworks/uk-nc-2013/versions/september-2013/items/KS3-ENG-SE-1d,unreviewed,mt_ylFTYS80d1,uk-nc-2013:KS3-ENG-SE-1d
https://education.asfai.org/alignments/f16f9d59-2510-525a-bdbf-83f9a15960ac,https://education.asfai.org/objectives/95e96947-39c4-5033-b5c2-49f7f3c8852c,relatedTo,uk-nc-2013,Maths/Y2/S/3,https://education.asfai.org/frameworks/uk-nc-2013/versions/september-2013/items/Maths%2FY2%2FS%2F3,unreviewed,mt_1VSfm9yiLn,uk-nc-2013:Maths/Y2/S/3
https://education.asfai.org/alignments/f17c7774-e872-5ffb-8d96-b0d2c8e9c122,https://education.asfai.org/objectives/e6460a44-1356-5018-8b4e-9f5fd29f6890,relatedTo,uk-nc-2013,Y2.Sci.P.2,https://education.asfai.org/frameworks/uk-nc-2013/versions/september-2013/items/Y2.Sci.P.2,unreviewed,mt_L1469gt34A,uk-nc-2013:Y2.Sci.P.2
https://education.asfai.org/alignments/f1952c28-04d5-5f4f-b7e7-a3a71eece1ea,https://education.asfai.org/objectives/9105ce7e-4258-51cd-ab62-f15d4e87b17a,relatedTo,ib-pyp-pspe,PSPE.INT.P2.LO.8,https://education.asfai.org/frameworks/ib-pyp-pspe/versions/2009/items/PSPE.INT.P2.LO.8,unreviewed,mt_rqLMfiw61L,ib-pyp-pspe:PSPE.INT.P2.LO.8
https://education.asfai.org/alignments/f1b7eee9-0d21-5795-9a0c-95f08554ae96,https://education.asfai.org/objectives/3e27fd75-1db1-5d8d-accc-a6f68fea7cf0,relatedTo,ccss-ela,SL.3.4,https://education.asfai.org/frameworks/ccss-ela/versions/2010/items/SL.3.4,unreviewed,mt_4A7FYmvVhA,ccss-ela:SL.3.4
https://education.asfai.org/alignments/f215dd52-fc40-52d9-8b5d-e01b91a2eded,https://education.asfai.org/objectives/0ff7fe6a-e92e-514b-b88f-b3a784dc51e8,relatedTo,ccss-ela,RI.6.6,https://education.asfai.org/frameworks/ccss-ela/versions/2010/items/RI.6.6,unreviewed,mt_jIcgbCmziD,ccss-ela:RI.6.6
https://education.asfai.org/alignments/f22dedfd-f811-5bf6-b9a0-d32073a486b8,https://education.asfai.org/objectives/7394d649-7dd4-5787-b061-ed630a0c0f13,relatedTo,uk-nc-2013,Eng.UKS2.Write.VGP.1e,https://education.asfai.org/frameworks/uk-nc-2013/versions/september-2013/items/Eng.UKS2.Write.VGP.1e,unreviewed,mt_N9zffZxuu5,uk-nc-2013:Eng.UKS2.Write.VGP.1e
https://education.asfai.org/alignments/f24160b4-bf83-5608-9790-2e1a617e5588,https://education.asfai.org/objectives/1bebfc4e-298e-56b8-ac2a-bc8f02aca01f,relatedTo,ccss-ela,L.2.5b,https://education.asfai.org/frameworks/ccss-ela/versions/2010/items/L.2.5b,unreviewed,mt_VLu59hpQ4T,ccss-ela:L.2.5b
https://education.asfai.org/alignments/f26c578a-7910-503a-b186-a7449fbc3139,https://education.asfai.org/objectives/87ed8bfb-85cc-5e38-9b85-8f8c823acbb1,relatedTo,ngss-k5,K-LS1-1,https://education.asfai.org/frameworks/ngss-k5/versions/2013/items/K-LS1-1,unreviewed,mt_zVLOm6U7bh,ngss-k5:K-LS1-1
https://education.asfai.org/alignments/f2dfec35-f5cd-588f-b52f-4435ca12f2af,https://education.asfai.org/objectives/512047d3-e974-5184-b993-ffe5683886bf,relatedTo,uk-nc-2013,Eng.App2.Y3.Term.1,https://education.asfai.org/frameworks/uk-nc-2013/versions/september-2013/items/Eng.App2.Y3.Term.1,unreviewed,mt_B8JOz79O6t,uk-nc-2013:Eng.App2.Y3.Term.1
https://education.asfai.org/alignments/f2f1aa5e-0770-5a80-b190-0960b9d5ea7b,https://education.asfai.org/objectives/62128ac9-c681-57d0-a12f-8543d0802585,relatedTo,uk-nc-2013,KS3-ENG-GV-1f,https://education.asfai.org/frameworks/uk-nc-2013/versions/september-2013/items/KS3-ENG-GV-1f,unreviewed,mt_HCweOHWSiu,uk-nc-2013:KS3-ENG-GV-1f
https://education.asfai.org/alignments/f2f2028a-cee6-555d-a201-5189bf89005b,https://education.asfai.org/objectives/91870c1d-1a0d-58f3-926b-4c89a4f0684e,relatedTo,ccss-math,3.OA.1,https://education.asfai.org/frameworks/ccss-math/versions/2010/items/3.OA.1,unreviewed,mt_gtTl3R5buH,ccss-math:3.OA.1
https://education.asfai.org/alignments/f317d4aa-3bc9-5c7e-8819-4cab6de6d707,https://education.asfai.org/objectives/abd8e425-76eb-5b23-9e70-1133dceaa425,relatedTo,ngss-ms,MS-LS4-1,https://education.asfai.org/frameworks/ngss-ms/versions/2013/items/MS-LS4-1,unreviewed,mt_ohUnzoI_nx,ngss-ms:MS-LS4-1
https://education.asfai.org/alignments/f3263da1-b6e0-5eb5-848d-dc36c1d999c1,https://education.asfai.org/objectives/e3e08833-8378-5946-b40b-80f59dfd39bb,relatedTo,ccss-ela,L.1.2a,https://education.asfai.org/frameworks/ccss-ela/versions/2010/items/L.1.2a,unreviewed,mt_uM6q_KBWKy,ccss-ela:L.1.2a
https://education.asfai.org/alignments/f3c6e3c6-ce7a-5cd8-b2f9-14a48e03df10,https://education.asfai.org/objectives/18c04286-e8b3-5e18-bbfc-99954d04abb8,relatedTo,uk-nc-2013,KS3.Sci.Bio.Health.4,https://education.asfai.org/frameworks/uk-nc-2013/versions/september-2013/items/KS3.Sci.Bio.Health.4,unreviewed,mt_1VIE8FlZvL,uk-nc-2013:KS3.Sci.Bio.Health.4
https://education.asfai.org/alignments/f3ee7ad3-8b8f-5327-b331-67cd144a4277,https://education.asfai.org/objectives/40aa0045-b08c-5c46-b2cc-90ff7e3057ee,relatedTo,ccss-math,2.NBT.3,https://education.asfai.org/frameworks/ccss-math/versions/2010/items/2.NBT.3,unreviewed,mt_VFsuftfvYM,ccss-math:2.NBT.3
https://education.asfai.org/alignments/f3f4ecb4-a164-59c4-85b4-2f1df8121c32,https://education.asfai.org/objectives/67dd3895-6ede-5c2d-80c9-f96b453110f5,relatedTo,uk-nc-2013,Eng/KS1/Y2/WR/7,https://education.asfai.org/frameworks/uk-nc-2013/versions/september-2013/items/Eng%2FKS1%2FY2%2FWR%2F7,unreviewed,mt_V-ldQp56bF,uk-nc-2013:Eng/KS1/Y2/WR/7
https://education.asfai.org/alignments/f4268c1d-bd98-5b67-9ee5-5739b7d16cfb,https://education.asfai.org/objectives/18c04286-e8b3-5e18-bbfc-99954d04abb8,relatedTo,uk-nc-2013,KS3.Sci.Bio.Health.3,https://education.asfai.org/frameworks/uk-nc-2013/versions/september-2013/items/KS3.Sci.Bio.Health.3,unreviewed,mt_1VIE8FlZvL,uk-nc-2013:KS3.Sci.Bio.Health.3
https://education.asfai.org/alignments/f430c36d-4105-50cf-b2d5-07fb12dd6ab6,https://education.asfai.org/objectives/f8033091-d092-5803-942b-9f34f0235626,relatedTo,uk-nc-2013,Ma/KS2/Y4/NPV/7,https://education.asfai.org/frameworks/uk-nc-2013/versions/september-2013/items/Ma%2FKS2%2FY4%2FNPV%2F7,unreviewed,mt_NLSfvB9vUl,uk-nc-2013:Ma/KS2/Y4/NPV/7
https://education.asfai.org/alignments/f45f9a2d-2ecd-574b-a988-36f7bcbee3c0,https://education.asfai.org/objectives/af8f6273-2100-5bff-aab3-c1879d9f579d,relatedTo,uk-nc-2013,KS3.Sci.Bio.Reproduction.2,https://education.asfai.org/frameworks/uk-nc-2013/versions/september-2013/items/KS3.Sci.Bio.Reproduction.2,unreviewed,mt_ck57CDFGet,uk-nc-2013:KS3.Sci.Bio.Reproduction.2
https://education.asfai.org/alignments/f4653a2e-6848-5dc7-af5c-04e97fb75d9a,https://education.asfai.org/objectives/96806439-b5f7-5880-b6e1-946b91cd3b09,relatedTo,ccss-ela,RL.7.1,https://education.asfai.org/frameworks/ccss-ela/versions/2010/items/RL.7.1,unreviewed,mt_dmFnJzxKwz,ccss-ela:RL.7.1
https://education.asfai.org/alignments/f477bf4f-0eba-5ef9-81c2-e257af34d0f8,https://education.asfai.org/objectives/4e62058a-caa0-5e5d-b1a0-85c41e80c005,relatedTo,ccss-math,K.OA.1,https://education.asfai.org/frameworks/ccss-math/versions/2010/items/K.OA.1,unreviewed,mt_PgsHGYJMH-,ccss-math:K.OA.1
https://education.asfai.org/alignments/f486a178-89f1-5bf7-b950-b1e150aa6eb8,https://education.asfai.org/objectives/54c615e2-9870-5d56-a3c1-d37f7dcfbdbd,relatedTo,uk-nc-2013,KS3.Sci.Bio.Ecosystem.1,https://education.asfai.org/frameworks/uk-nc-2013/versions/september-2013/items/KS3.Sci.Bio.Ecosystem.1,unreviewed,mt_URTJbS3hhs,uk-nc-2013:KS3.Sci.Bio.Ecosystem.1
https://education.asfai.org/alignments/f4acb476-d44e-5907-ad71-27546585aca1,https://education.asfai.org/objectives/11ba7f33-29b1-591c-afa6-db64bdfab44e,relatedTo,ccss-ela,SL.2.3,https://education.asfai.org/frameworks/ccss-ela/versions/2010/items/SL.2.3,unreviewed,mt_f8n4txtLej,ccss-ela:SL.2.3
https://education.asfai.org/alignments/f4d43a87-a58d-5fe1-a7ba-2a9827e2d075,https://education.asfai.org/objectives/3775d2ef-0cee-5316-9b3c-4d074ba19bd0,relatedTo,uk-nc-2013,Eng_Y1_WC_04,https://education.asfai.org/frameworks/uk-nc-2013/versions/september-2013/items/Eng_Y1_WC_04,unreviewed,mt_OyOYHlZ2_T,uk-nc-2013:Eng_Y1_WC_04
https://education.asfai.org/alignments/f4d9f388-ee0e-5470-92e3-b2332800f10a,https://education.asfai.org/objectives/573c48f5-fee6-5ff6-9469-3bc58b6c2235,relatedTo,ccss-ela,RI.3.7,https://education.asfai.org/frameworks/ccss-ela/versions/2010/items/RI.3.7,unreviewed,mt_OlhMP7ShFT,ccss-ela:RI.3.7
https://education.asfai.org/alignments/f50f0368-22ca-51de-a309-d2e57214682b,https://education.asfai.org/objectives/22124dd3-6773-5e56-8b85-32fb394f84a7,relatedTo,uk-nc-2013,KS1.Sci.WS.5,https://education.asfai.org/frameworks/uk-nc-2013/versions/september-2013/items/KS1.Sci.WS.5,unreviewed,mt_Wa44s-f8Ws,uk-nc-2013:KS1.Sci.WS.5
https://education.asfai.org/alignments/f511eb41-4772-5f4c-a6c9-04758df7853b,https://education.asfai.org/objectives/edd86251-53ae-57d7-8a6f-63683764599e,relatedTo,uk-nc-2013,Y3.Sci.L.5,https://education.asfai.org/frameworks/uk-nc-2013/versions/september-2013/items/Y3.Sci.L.5,unreviewed,mt_Oru08pKlxd,uk-nc-2013:Y3.Sci.L.5
https://education.asfai.org/alignments/f54433d3-6940-5e99-bac9-f4f87edada02,https://education.asfai.org/objectives/303102b8-54ea-575b-843e-dc77796b3749,relatedTo,uk-nc-2013,Eng.App2.Y6.Word.2,https://education.asfai.org/frameworks/uk-nc-2013/versions/september-2013/items/Eng.App2.Y6.Word.2,unreviewed,mt_E5YbLvMgLL,uk-nc-2013:Eng.App2.Y6.Word.2
https://education.asfai.org/alignments/f5463b39-a4a2-56f8-96b0-d946ebf02b43,https://education.asfai.org/objectives/f4addb58-f10b-50dc-bc94-9a45636b38ab,relatedTo,uk-nc-2013,Y6.Sci.L.3,https://education.asfai.org/frameworks/uk-nc-2013/versions/september-2013/items/Y6.Sci.L.3,unreviewed,mt_6w2g7aoPgz,uk-nc-2013:Y6.Sci.L.3
https://education.asfai.org/alignments/f589c4a0-0d9f-552e-b91e-41b58f2c4da5,https://education.asfai.org/objectives/3d35d793-3458-52bd-a77b-60fecc241c79,relatedTo,ccss-math,1.OA.6,https://education.asfai.org/frameworks/ccss-math/versions/2010/items/1.OA.6,unreviewed,mt_m1W6nTQJ2b,ccss-math:1.OA.6
https://education.asfai.org/alignments/f5b111a5-9af8-5970-9378-b491a4068c22,https://education.asfai.org/objectives/6937d4da-46c0-55d4-8203-8e46756f4549,relatedTo,uk-nc-2013,KS3.Maths.Alg.15,https://education.asfai.org/frameworks/uk-nc-2013/versions/september-2013/items/KS3.Maths.Alg.15,unreviewed,mt_HRKzwEQJgO,uk-nc-2013:KS3.Maths.Alg.15
https://education.asfai.org/alignments/f5bbf387-bf77-5150-8795-5a7bcb1ef8b6,https://education.asfai.org/objectives/e6fd5b7b-2bb4-5aa7-88a6-8eecc4c0da42,relatedTo,ccss-ela,W.4.3b,https://education.asfai.org/frameworks/ccss-ela/versions/2010/items/W.4.3b,unreviewed,mt_vauULTecMH,ccss-ela:W.4.3b
https://education.asfai.org/alignments/f5ce6db7-02be-59f8-9d69-2b10c3ce58fc,https://education.asfai.org/objectives/fdd7e101-68c6-50b2-858e-f7cfa88b7e1e,relatedTo,uk-nc-2013,Maths/Y2/NPV/4,https://education.asfai.org/frameworks/uk-nc-2013/versions/september-2013/items/Maths%2FY2%2FNPV%2F4,unreviewed,mt_U0waNfD8PB,uk-nc-2013:Maths/Y2/NPV/4
https://education.asfai.org/alignments/f6376f34-215f-5bfa-8835-be549687e2e7,https://education.asfai.org/objectives/32eab91f-d31b-5d5a-99b9-ff5f24a96700,relatedTo,ccss-math,6.NS.7d,https://education.asfai.org/frameworks/ccss-math/versions/2010/items/6.NS.7d,unreviewed,mt_RWUY7_IXvw,ccss-math:6.NS.7d
https://education.asfai.org/alignments/f649674d-7b95-5d5b-9c28-7f1ae8620dfa,https://education.asfai.org/objectives/d8287563-226f-589c-bcfd-5245e11156df,relatedTo,uk-nc-2013,Y4.Sci.E.4,https://education.asfai.org/frameworks/uk-nc-2013/versions/september-2013/items/Y4.Sci.E.4,unreviewed,mt_Hah24nbToi,uk-nc-2013:Y4.Sci.E.4
https://education.asfai.org/alignments/f64f6ae2-7aa8-5c05-8b03-78f85ecc18f6,https://education.asfai.org/objectives/0c62de61-8c9a-5c5e-9b12-363aae81d1f5,relatedTo,uk-nc-2013,Eng_LKS2_Write_Comp_1,https://education.asfai.org/frameworks/uk-nc-2013/versions/september-2013/items/Eng_LKS2_Write_Comp_1,unreviewed,mt_9P9o6d0Qm3,uk-nc-2013:Eng_LKS2_Write_Comp_1
https://education.asfai.org/alignments/f65c29e3-5034-59ef-ac45-f1b6625754e8,https://education.asfai.org/objectives/703267ee-cba3-5e6a-bc65-071c5a36c0ce,relatedTo,ib-pyp-pspe,PSPE-ID-CU-P2-4,https://education.asfai.org/frameworks/ib-pyp-pspe/versions/2009/items/PSPE-ID-CU-P2-4,unreviewed,mt_pAuo9Op89t,ib-pyp-pspe:PSPE-ID-CU-P2-4
https://education.asfai.org/alignments/f6731328-0926-54ca-97da-ea38cf377e69,https://education.asfai.org/objectives/7bf3ae49-49d1-5ab5-ab84-cc2823f3fbef,relatedTo,ccss-ela,RL.8.2,https://education.asfai.org/frameworks/ccss-ela/versions/2010/items/RL.8.2,unreviewed,mt_wGxq92Na5g,ccss-ela:RL.8.2
https://education.asfai.org/alignments/f694e77f-50dc-55e5-9b3e-1a6b6ea39cb1,https://education.asfai.org/objectives/821e99b3-1dcc-5e54-918c-f6ec349e1f25,relatedTo,ngss-k5,5-ESS3-1,https://education.asfai.org/frameworks/ngss-k5/versions/2013/items/5-ESS3-1,unreviewed,mt_7e-lG7YOWa,ngss-k5:5-ESS3-1
https://education.asfai.org/alignments/f6bf20c6-0b50-5b37-a9e2-8f3ecd41b180,https://education.asfai.org/objectives/ffc6e82b-511f-51a4-ab28-398597491a5e,relatedTo,ccss-ela,L.6.6,https://education.asfai.org/frameworks/ccss-ela/versions/2010/items/L.6.6,unreviewed,mt_OLwNsTI6C7,ccss-ela:L.6.6
https://education.asfai.org/alignments/f6e41fd1-ec4e-5904-ab1e-4cca6d1123a0,https://education.asfai.org/objectives/424c55fd-6fef-5160-93a0-7fc88c1d9f72,relatedTo,uk-nc-2013,Maths/Y2/AS/4,https://education.asfai.org/frameworks/uk-nc-2013/versions/september-2013/items/Maths%2FY2%2FAS%2F4,unreviewed,mt_AKAtWEwpcj,uk-nc-2013:Maths/Y2/AS/4
https://education.asfai.org/alignments/f740fe20-31ef-5fef-bebf-06e2013254e9,https://education.asfai.org/objectives/b7895115-d15a-5e36-806d-cdfe35cc5af6,relatedTo,ccss-ela,W.8.2.f,https://education.asfai.org/frameworks/ccss-ela/versions/2010/items/W.8.2.f,unreviewed,mt_zCUIJLdK_s,ccss-ela:W.8.2.f
https://education.asfai.org/alignments/f7423c6f-91c7-5e40-af82-02f04a165e0e,https://education.asfai.org/objectives/99be72bc-7be2-5738-a195-ef69161a05ad,relatedTo,ngss-k5,3-LS4-1,https://education.asfai.org/frameworks/ngss-k5/versions/2013/items/3-LS4-1,unreviewed,mt_6Z42wJaKYG,ngss-k5:3-LS4-1
https://education.asfai.org/alignments/f770c4cd-5617-56b1-a0ae-2a38241343cd,https://education.asfai.org/objectives/77bbbcab-633b-5228-a3ac-193eb7ca3b75,relatedTo,uk-nc-2013,Eng_App1_Y1_01,https://education.asfai.org/frameworks/uk-nc-2013/versions/september-2013/items/Eng_App1_Y1_01,unreviewed,mt_frDIaXzWbx,uk-nc-2013:Eng_App1_Y1_01
https://education.asfai.org/alignments/f784abeb-f88f-517f-a027-01d949785c37,https://education.asfai.org/objectives/993fac31-38b3-5f6c-992f-05f4c43bcb64,relatedTo,uk-nc-2013,Eng_LKS2_Read_Comp_9,https://education.asfai.org/frameworks/uk-nc-2013/versions/september-2013/items/Eng_LKS2_Read_Comp_9,unreviewed,mt_rQ2YJJi4uh,uk-nc-2013:Eng_LKS2_Read_Comp_9
https://education.asfai.org/alignments/f8049123-9f0a-5812-8ca0-a97bf1f21311,https://education.asfai.org/objectives/90daa586-6d60-5bf8-ba99-c32a9296c6bd,relatedTo,uk-nc-2013,Eng_App1_Sp_Y34_05,https://education.asfai.org/frameworks/uk-nc-2013/versions/september-2013/items/Eng_App1_Sp_Y34_05,unreviewed,mt_tHtjfjjFrl,uk-nc-2013:Eng_App1_Sp_Y34_05
https://education.asfai.org/alignments/f8567bd6-d576-52cc-abc5-03d204a2c2e4,https://education.asfai.org/objectives/c9480c00-fc21-5f39-a8ad-18f2d3aa7539,relatedTo,uk-nc-2013,KS3.Maths.Ratio.8,https://education.asfai.org/frameworks/uk-nc-2013/versions/september-2013/items/KS3.Maths.Ratio.8,unreviewed,mt_iEXqN48w3x,uk-nc-2013:KS3.Maths.Ratio.8
https://education.asfai.org/alignments/f8a633bb-62cf-5ea2-8f4f-edda4defac0d,https://education.asfai.org/objectives/d1eae421-5d17-5a26-9f73-4aedd699d043,relatedTo,uk-nc-2013,Maths/Y1/AS/4,https://education.asfai.org/frameworks/uk-nc-2013/versions/september-2013/items/Maths%2FY1%2FAS%2F4,unreviewed,mt_VAWV_l7J0D,uk-nc-2013:Maths/Y1/AS/4
https://education.asfai.org/alignments/f8bf8ee0-73ed-5f91-b356-e2d553c1a3f6,https://education.asfai.org/objectives/573c48f5-fee6-5ff6-9469-3bc58b6c2235,relatedTo,ccss-ela,RI.K.7,https://education.asfai.org/frameworks/ccss-ela/versions/2010/items/RI.K.7,unreviewed,mt_OlhMP7ShFT,ccss-ela:RI.K.7
https://education.asfai.org/alignments/f8f15ab8-3a65-5f77-9bfb-fae420effed3,https://education.asfai.org/objectives/640ceb7b-b1be-5f8b-af72-8338761d62c2,relatedTo,ccss-ela,W.6.4,https://education.asfai.org/frameworks/ccss-ela/versions/2010/items/W.6.4,unreviewed,mt_9lN0SpKlEH,ccss-ela:W.6.4
https://education.asfai.org/alignments/f8f92c26-d063-5ced-9ea2-8cd1908e612a,https://education.asfai.org/objectives/5e89b84c-0135-54fc-96c9-efdf1e6f7732,relatedTo,uk-nc-2013,Eng_App1_Y1_11,https://education.asfai.org/frameworks/uk-nc-2013/versions/september-2013/items/Eng_App1_Y1_11,unreviewed,mt_9-OHslmt1g,uk-nc-2013:Eng_App1_Y1_11
https://education.asfai.org/alignments/f9013e9f-5a81-5aeb-a242-3b96c8067d04,https://education.asfai.org/objectives/a1f39dfe-c704-5843-a540-622b39b2ae52,relatedTo,uk-nc-2013,Eng/KS1/Y2/WC/1d,https://education.asfai.org/frameworks/uk-nc-2013/versions/september-2013/items/Eng%2FKS1%2FY2%2FWC%2F1d,unreviewed,mt_lIs10UMkPG,uk-nc-2013:Eng/KS1/Y2/WC/1d
https://education.asfai.org/alignments/f90a6b75-1721-56cb-9d6d-7c6abe52c2ff,https://education.asfai.org/objectives/593eb0ab-7bd5-5ee2-8dcd-01f3da3613fb,relatedTo,ngss-ms,MS-PS2-1,https://education.asfai.org/frameworks/ngss-ms/versions/2013/items/MS-PS2-1,unreviewed,mt_xkn2sf93WJ,ngss-ms:MS-PS2-1
https://education.asfai.org/alignments/f91b5b01-1283-532d-8483-5ffa69c66cdb,https://education.asfai.org/objectives/77bbbcab-633b-5228-a3ac-193eb7ca3b75,relatedTo,uk-nc-2013,Eng_Y1_WT_04,https://education.asfai.org/frameworks/uk-nc-2013/versions/september-2013/items/Eng_Y1_WT_04,unreviewed,mt_frDIaXzWbx,uk-nc-2013:Eng_Y1_WT_04
https://education.asfai.org/alignments/f924a11f-e3d7-5089-93bb-9dc54dcf0e8c,https://education.asfai.org/objectives/64f32aee-0d2b-5941-a949-28b497ac6a90,relatedTo,uk-nc-2013,Eng_App1_Y1_50,https://education.asfai.org/frameworks/uk-nc-2013/versions/september-2013/items/Eng_App1_Y1_50,unreviewed,mt_fMd7v87IiI,uk-nc-2013:Eng_App1_Y1_50
https://education.asfai.org/alignments/f9331abb-301e-5075-aeba-5f319260d21a,https://education.asfai.org/objectives/843f4744-a397-5ac3-8a36-29b75c423ffe,relatedTo,ib-pyp-pspe,PSPE-ID-CU-P3-6,https://education.asfai.org/frameworks/ib-pyp-pspe/versions/2009/items/PSPE-ID-CU-P3-6,unreviewed,mt_Jd2aWEUJ9G,ib-pyp-pspe:PSPE-ID-CU-P3-6
https://education.asfai.org/alignments/f93d0698-56ae-5960-a5d1-ee5cf8d84b95,https://education.asfai.org/objectives/bab55908-6b09-5be1-bed4-ae223bd2648f,relatedTo,uk-nc-2013,KS3.Sci.Bio.GasExchange.5,https://education.asfai.org/frameworks/uk-nc-2013/versions/september-2013/items/KS3.Sci.Bio.GasExchange.5,unreviewed,mt_TR2oTy9c2M,uk-nc-2013:KS3.Sci.Bio.GasExchange.5
https://education.asfai.org/alignments/f94e6ee5-6d39-5a72-b576-e09d75edb5ed,https://education.asfai.org/objectives/a695c1ae-3597-5144-80fb-0e943669df2e,relatedTo,uk-nc-2013,Ma/KS2/Y4/NPV/8,https://education.asfai.org/frameworks/uk-nc-2013/versions/september-2013/items/Ma%2FKS2%2FY4%2FNPV%2F8,unreviewed,mt__sMrmOv3bx,uk-nc-2013:Ma/KS2/Y4/NPV/8
https://education.asfai.org/alignments/f958e45c-2dfa-5682-983d-9ecc906b56f5,https://education.asfai.org/objectives/351afcf6-d4ea-5f01-9357-0dff537f6be2,relatedTo,uk-nc-2013,Eng_LKS2_Write_VGP_4,https://education.asfai.org/frameworks/uk-nc-2013/versions/september-2013/items/Eng_LKS2_Write_VGP_4,unreviewed,mt_uorNrPTh6U,uk-nc-2013:Eng_LKS2_Write_VGP_4
https://education.asfai.org/alignments/f964fb46-4d9e-59f6-ac1d-dd2f58b245f3,https://education.asfai.org/objectives/caa06d4b-f587-5182-8d90-98ac74926f5c,relatedTo,uk-nc-2013,Maths/Y2/GPS/1,https://education.asfai.org/frameworks/uk-nc-2013/versions/september-2013/items/Maths%2FY2%2FGPS%2F1,unreviewed,mt_sBcRdUfAzV,uk-nc-2013:Maths/Y2/GPS/1
https://education.asfai.org/alignments/f981df9e-30ba-53ae-b03f-d23e3e59b28e,https://education.asfai.org/objectives/82336274-87ba-514b-9316-80fd13b7065a,relatedTo,ccss-math,2.MD.4,https://education.asfai.org/frameworks/ccss-math/versions/2010/items/2.MD.4,unreviewed,mt_xWg0lI_gG4,ccss-math:2.MD.4
https://education.asfai.org/alignments/f9a4369e-3757-5ca5-b2c5-259a41d98d1e,https://education.asfai.org/objectives/3a85ed7f-75a5-50d9-b3bf-30db3b522a71,relatedTo,uk-nc-2013,KS3.Maths.Alg.10,https://education.asfai.org/frameworks/uk-nc-2013/versions/september-2013/items/KS3.Maths.Alg.10,unreviewed,mt_-3udyo6VyB,uk-nc-2013:KS3.Maths.Alg.10
https://education.asfai.org/alignments/fa0fa9c2-95bb-57bb-b9a2-5d24398c9e9a,https://education.asfai.org/objectives/8b474c74-f669-5ba4-8b07-19538c0cac3f,relatedTo,uk-nc-2013,Y3.Sci.A.2,https://education.asfai.org/frameworks/uk-nc-2013/versions/september-2013/items/Y3.Sci.A.2,unreviewed,mt_g4YSiOCS8g,uk-nc-2013:Y3.Sci.A.2
https://education.asfai.org/alignments/fa4f271d-aae1-5d5b-9e69-aad8e43644f8,https://education.asfai.org/objectives/53fc5073-6f5a-5691-9865-42c4e3639f8f,relatedTo,ccss-ela,RI.5.5,https://education.asfai.org/frameworks/ccss-ela/versions/2010/items/RI.5.5,unreviewed,mt_-1okUh0Jdv,ccss-ela:RI.5.5
https://education.asfai.org/alignments/faa6049b-f23f-5911-a1ff-f99ed05590f3,https://education.asfai.org/objectives/0e2ee271-4a6d-550e-ba9d-756de58c283a,relatedTo,ccss-ela,RI.1.8,https://education.asfai.org/frameworks/ccss-ela/versions/2010/items/RI.1.8,unreviewed,mt_XeMZdf2Y9W,ccss-ela:RI.1.8
https://education.asfai.org/alignments/fac4c724-4a9a-5c99-befa-ec3010366125,https://education.asfai.org/objectives/9dd3929a-9fac-5baf-9674-9fb5552b2ba8,relatedTo,ccss-ela,RL.5.4,https://education.asfai.org/frameworks/ccss-ela/versions/2010/items/RL.5.4,unreviewed,mt_hJW7hVflm3,ccss-ela:RL.5.4
https://education.asfai.org/alignments/fad69502-a9fa-5791-a2ad-ad37574f2fc5,https://education.asfai.org/objectives/34407653-cf88-5ebb-9e1c-dd5aa76ab1e8,relatedTo,ccss-ela,RL.7.4,https://education.asfai.org/frameworks/ccss-ela/versions/2010/items/RL.7.4,unreviewed,mt_DVSHx3YMkN,ccss-ela:RL.7.4
https://education.asfai.org/alignments/fad9e58e-7ef9-50d6-bc69-5f9874566cc7,https://education.asfai.org/objectives/a88188bf-4339-59fc-8eca-817aecb45bea,relatedTo,uk-nc-2013,KS3.Sci.WS.SA.2,https://education.asfai.org/frameworks/uk-nc-2013/versions/september-2013/items/KS3.Sci.WS.SA.2,unreviewed,mt_Ae56umVlTT,uk-nc-2013:KS3.Sci.WS.SA.2
https://education.asfai.org/alignments/fae2a8bb-d609-553d-ae98-b63a3637c53c,https://education.asfai.org/objectives/c951d042-beec-51bd-af73-d8d6cfd82a30,relatedTo,ccss-ela,SL.4.1,https://education.asfai.org/frameworks/ccss-ela/versions/2010/items/SL.4.1,unreviewed,mt_yrMniCJu_S,ccss-ela:SL.4.1
https://education.asfai.org/alignments/faf64fee-3eda-5dde-81c7-f866f295a192,https://education.asfai.org/objectives/8675da09-3c4a-5510-a7ad-e2cdb5fc66ce,relatedTo,ccss-ela,RL.6.5,https://education.asfai.org/frameworks/ccss-ela/versions/2010/items/RL.6.5,unreviewed,mt_aClzPBiS9k,ccss-ela:RL.6.5
https://education.asfai.org/alignments/fb113aa8-89c9-51e5-b47c-d2b30b5cf89a,https://education.asfai.org/objectives/30c07d60-74d2-5117-8340-ee36e2700400,relatedTo,uk-nc-2013,KS3.Sci.Chem.CR.6,https://education.asfai.org/frameworks/uk-nc-2013/versions/september-2013/items/KS3.Sci.Chem.CR.6,unreviewed,mt_w83U-_noVR,uk-nc-2013:KS3.Sci.Chem.CR.6
https://education.asfai.org/alignments/fb21a83d-f51b-5bb0-bb1f-374bcecdf9e7,https://education.asfai.org/objectives/e6fd5b7b-2bb4-5aa7-88a6-8eecc4c0da42,relatedTo,ccss-ela,W.5.3b,https://education.asfai.org/frameworks/ccss-ela/versions/2010/items/W.5.3b,unreviewed,mt_vauULTecMH,ccss-ela:W.5.3b
https://education.asfai.org/alignments/fbd4fc21-d4bd-5211-8f20-0c1441e4c9fa,https://education.asfai.org/objectives/64f32aee-0d2b-5941-a949-28b497ac6a90,relatedTo,uk-nc-2013,Eng_App1_Y1_39,https://education.asfai.org/frameworks/uk-nc-2013/versions/september-2013/items/Eng_App1_Y1_39,unreviewed,mt_fMd7v87IiI,uk-nc-2013:Eng_App1_Y1_39
https://education.asfai.org/alignments/fc05d82a-4bfd-5629-ae0a-0bcffbf71b46,https://education.asfai.org/objectives/d677e283-0934-57cb-9d4c-6338c145e9be,relatedTo,uk-nc-2013,Eng_App1_Y1_48,https://education.asfai.org/frameworks/uk-nc-2013/versions/september-2013/items/Eng_App1_Y1_48,unreviewed,mt_roAgL1rQRF,uk-nc-2013:Eng_App1_Y1_48
https://education.asfai.org/alignments/fcb6da95-f278-52b1-aeec-623c4b277670,https://education.asfai.org/objectives/3b21722e-5257-5992-a9a0-3319a93c2651,relatedTo,ccss-ela,RI.2.10,https://education.asfai.org/frameworks/ccss-ela/versions/2010/items/RI.2.10,unreviewed,mt_VEwM7ClYYE,ccss-ela:RI.2.10
https://education.asfai.org/alignments/fcbb45e5-af42-5085-9785-99ef106cbbc2,https://education.asfai.org/objectives/c6b8c99b-3df4-5f0d-818a-325eb6af7713,relatedTo,uk-nc-2013,Eng_App1_Y2_18,https://education.asfai.org/frameworks/uk-nc-2013/versions/september-2013/items/Eng_App1_Y2_18,unreviewed,mt_p_jxNLdus4,uk-nc-2013:Eng_App1_Y2_18
https://education.asfai.org/alignments/fcc701e1-12a6-5c41-bd92-c212f6451839,https://education.asfai.org/objectives/96c9c754-344d-5a39-9a48-85389f928e50,relatedTo,uk-nc-2013,Y3.Sci.FM.2,https://education.asfai.org/frameworks/uk-nc-2013/versions/september-2013/items/Y3.Sci.FM.2,unreviewed,mt_lcf8lx-LkZ,uk-nc-2013:Y3.Sci.FM.2
https://education.asfai.org/alignments/fcdd38d7-ab4c-50e6-a884-c88d308258cb,https://education.asfai.org/objectives/232d9c59-ecd6-5029-829b-caa4808777ff,relatedTo,uk-nc-2013,KS3.Sci.Bio.SkeletalMuscular.1,https://education.asfai.org/frameworks/uk-nc-2013/versions/september-2013/items/KS3.Sci.Bio.SkeletalMuscular.1,unreviewed,mt_Qkl46lyris,uk-nc-2013:KS3.Sci.Bio.SkeletalMuscular.1
https://education.asfai.org/alignments/fce8d585-bc9a-56f2-9e4d-19e1d026cbd3,https://education.asfai.org/objectives/9dd3929a-9fac-5baf-9674-9fb5552b2ba8,relatedTo,ccss-ela,L.4.5a,https://education.asfai.org/frameworks/ccss-ela/versions/2010/items/L.4.5a,unreviewed,mt_hJW7hVflm3,ccss-ela:L.4.5a
https://education.asfai.org/alignments/fcead643-6833-574f-86a5-07eb046a1a87,https://education.asfai.org/objectives/9971d69c-c22d-5e9d-b0b6-c8b4d472266b,relatedTo,ib-pyp-pspe,PSPE-ID-LO-P1-5,https://education.asfai.org/frameworks/ib-pyp-pspe/versions/2009/items/PSPE-ID-LO-P1-5,unreviewed,mt_LhkP_KKIRS,ib-pyp-pspe:PSPE-ID-LO-P1-5
https://education.asfai.org/alignments/fd363c6c-12b4-55f8-bde7-fff2e9782be4,https://education.asfai.org/objectives/2bd978d2-1525-5799-8faf-92e75f3b312d,relatedTo,ccss-ela,RL.6.5,https://education.asfai.org/frameworks/ccss-ela/versions/2010/items/RL.6.5,unreviewed,mt_II6iw4BmJI,ccss-ela:RL.6.5
https://education.asfai.org/alignments/fd36bfb1-3c31-5b08-9fa5-8df09223e030,https://education.asfai.org/objectives/b90c030b-5934-5d12-8e16-ba2ae3b35128,relatedTo,uk-nc-2013,KS3-ENG-GV-1a,https://education.asfai.org/frameworks/uk-nc-2013/versions/september-2013/items/KS3-ENG-GV-1a,unreviewed,mt_T9IXrlxfx2,uk-nc-2013:KS3-ENG-GV-1a
https://education.asfai.org/alignments/fd4117d1-685c-5888-ba46-23aa4321516b,https://education.asfai.org/objectives/1d91826f-abe6-55d7-96c7-f230ba37ff72,relatedTo,uk-nc-2013,Y5.Sci.PCM.3,https://education.asfai.org/frameworks/uk-nc-2013/versions/september-2013/items/Y5.Sci.PCM.3,unreviewed,mt_2b6CB0w3Yx,uk-nc-2013:Y5.Sci.PCM.3
https://education.asfai.org/alignments/fd802d55-ce61-5d14-b997-065bf2090e1a,https://education.asfai.org/objectives/efead71c-33f2-5de0-b926-e633ab95a746,relatedTo,uk-nc-2013,Eng.UKS2.Write.Comp.3a,https://education.asfai.org/frameworks/uk-nc-2013/versions/september-2013/items/Eng.UKS2.Write.Comp.3a,unreviewed,mt_pis4novXWQ,uk-nc-2013:Eng.UKS2.Write.Comp.3a
https://education.asfai.org/alignments/fdec10ae-fc43-519e-b905-a26a2e46ca0d,https://education.asfai.org/objectives/422dc567-e2c5-5c14-b4ab-84ce9f490f2f,relatedTo,uk-nc-2013,KS3.Sci.Phys.SpacePhysics.6,https://education.asfai.org/frameworks/uk-nc-2013/versions/september-2013/items/KS3.Sci.Phys.SpacePhysics.6,unreviewed,mt_lHasFmgvnT,uk-nc-2013:KS3.Sci.Phys.SpacePhysics.6
https://education.asfai.org/alignments/fe0dd938-797b-560a-acf5-425078858b51,https://education.asfai.org/objectives/f7714ff5-8b94-5e7d-bcec-7b4aa92065ba,relatedTo,ccss-math,7.SP.8a,https://education.asfai.org/frameworks/ccss-math/versions/2010/items/7.SP.8a,unreviewed,mt_GDtFU5fyUv,ccss-math:7.SP.8a
https://education.asfai.org/alignments/fe2750dd-4018-5620-9912-3bcc6a87fdb2,https://education.asfai.org/objectives/cd81c595-4ee9-5754-9a58-482127c75151,relatedTo,uk-nc-2013,KS3.Maths.Alg.1c,https://education.asfai.org/frameworks/uk-nc-2013/versions/september-2013/items/KS3.Maths.Alg.1c,unreviewed,mt_KwdjWEmMNo,uk-nc-2013:KS3.Maths.Alg.1c
https://education.asfai.org/alignments/fe498a98-febe-576c-9f54-53dc1fa14a57,https://education.asfai.org/objectives/05150e37-2615-5209-af28-3bd97083ea08,relatedTo,ccss-math,6.NS.3,https://education.asfai.org/frameworks/ccss-math/versions/2010/items/6.NS.3,unreviewed,mt_gNUE4B3vuk,ccss-math:6.NS.3
https://education.asfai.org/alignments/fe5b7687-f592-517a-b896-e2dbf1b360aa,https://education.asfai.org/objectives/7bf3ae49-49d1-5ab5-ab84-cc2823f3fbef,relatedTo,ccss-ela,RI.6.2,https://education.asfai.org/frameworks/ccss-ela/versions/2010/items/RI.6.2,unreviewed,mt_wGxq92Na5g,ccss-ela:RI.6.2
https://education.asfai.org/alignments/fe994046-ca10-586c-92fe-2d6d79e722e8,https://education.asfai.org/objectives/67dd3895-6ede-5c2d-80c9-f96b453110f5,relatedTo,uk-nc-2013,Eng_LKS2_Read_Comp_6,https://education.asfai.org/frameworks/uk-nc-2013/versions/september-2013/items/Eng_LKS2_Read_Comp_6,unreviewed,mt_V-ldQp56bF,uk-nc-2013:Eng_LKS2_Read_Comp_6
https://education.asfai.org/alignments/fee080ac-8bc9-54b0-8e7e-6a7925e65d59,https://education.asfai.org/objectives/3c2d8353-7fe8-543e-9e08-e8aece4784ab,relatedTo,uk-nc-2013,Eng_App1_Y2_14,https://education.asfai.org/frameworks/uk-nc-2013/versions/september-2013/items/Eng_App1_Y2_14,unreviewed,mt_OgJPbGkrYk,uk-nc-2013:Eng_App1_Y2_14
https://education.asfai.org/alignments/fee3f62b-bda5-5e56-bb57-62fd30b51eed,https://education.asfai.org/objectives/ca2756f1-1622-5be6-91fb-622ee665c4ff,relatedTo,uk-nc-2013,Eng.App2.Y6.Punc.2,https://education.asfai.org/frameworks/uk-nc-2013/versions/september-2013/items/Eng.App2.Y6.Punc.2,unreviewed,mt_uycuqPaiJ1,uk-nc-2013:Eng.App2.Y6.Punc.2
https://education.asfai.org/alignments/ff018a0f-9a13-5a79-ac58-bbb201528df7,https://education.asfai.org/objectives/e7b279f8-2b02-5437-9361-87e87d119af0,relatedTo,uk-nc-2013,KS3.Sci.Phys.Energy.4,https://education.asfai.org/frameworks/uk-nc-2013/versions/september-2013/items/KS3.Sci.Phys.Energy.4,unreviewed,mt_ckpA3oZQ44,uk-nc-2013:KS3.Sci.Phys.Energy.4
https://education.asfai.org/alignments/ff2b0d87-3dc5-52fc-a144-a3758864c27b,https://education.asfai.org/objectives/67dd3895-6ede-5c2d-80c9-f96b453110f5,relatedTo,ccss-ela,RL.4.10,https://education.asfai.org/frameworks/ccss-ela/versions/2010/items/RL.4.10,unreviewed,mt_V-ldQp56bF,ccss-ela:RL.4.10
https://education.asfai.org/alignments/ff34dd6a-a36b-52e2-b724-15b0c58d47f1,https://education.asfai.org/objectives/35909676-789a-523c-8b28-7a83d0f8a7e7,relatedTo,ccss-ela,W.7.8,https://education.asfai.org/frameworks/ccss-ela/versions/2010/items/W.7.8,unreviewed,mt_Qcsl1Z1x0l,ccss-ela:W.7.8
https://education.asfai.org/alignments/ff454497-9c5c-5192-ab27-b14641c73973,https://education.asfai.org/objectives/0c62de61-8c9a-5c5e-9b12-363aae81d1f5,relatedTo,uk-nc-2013,Eng.UKS2.Write.Comp.1b,https://education.asfai.org/frameworks/uk-nc-2013/versions/september-2013/items/Eng.UKS2.Write.Comp.1b,unreviewed,mt_9P9o6d0Qm3,uk-nc-2013:Eng.UKS2.Write.Comp.1b
https://education.asfai.org/alignments/ff5731ef-7244-5a8c-bc0f-19a8bc7282cd,https://education.asfai.org/objectives/19744b75-c196-57b0-be23-47e139d86928,relatedTo,uk-nc-2013,Maths/Y1/NPV/4,https://education.asfai.org/frameworks/uk-nc-2013/versions/september-2013/items/Maths%2FY1%2FNPV%2F4,unreviewed,mt__h7hvT4tEb,uk-nc-2013:Maths/Y1/NPV/4
https://education.asfai.org/alignments/ffdc48f2-1f8f-5bbe-ab4f-ebbad44f0c14,https://education.asfai.org/objectives/eb5e16a7-abe0-54f3-99cd-af50bace6c71,relatedTo,ngss-k5,K-ESS2-1,https://education.asfai.org/frameworks/ngss-k5/versions/2013/items/K-ESS2-1,unreviewed,mt_go5i87u2b9,ngss-k5:K-ESS2-1
