id,framework,code,sourceKey,sourceVersion,linkedObjectiveCount,textIncludedInAsfaiPackage,sourceLandingPage
https://education.asfai.org/frameworks/c3-social-studies/versions/2013-rev-2017/items/D1.1.3-5,c3-social-studies,D1.1.3-5,c3-social-studies:D1.1.3-5,2013 (rev. 2017),0,false,https://www.socialstudies.org/sites/default/files/c3/C3-Framework-for-Social-Studies.pdf
https://education.asfai.org/frameworks/c3-social-studies/versions/2013-rev-2017/items/D1.1.6-8,c3-social-studies,D1.1.6-8,c3-social-studies:D1.1.6-8,2013 (rev. 2017),0,false,https://www.socialstudies.org/sites/default/files/c3/C3-Framework-for-Social-Studies.pdf
https://education.asfai.org/frameworks/c3-social-studies/versions/2013-rev-2017/items/D1.1.9-12,c3-social-studies,D1.1.9-12,c3-social-studies:D1.1.9-12,2013 (rev. 2017),0,false,https://www.socialstudies.org/sites/default/files/c3/C3-Framework-for-Social-Studies.pdf
https://education.asfai.org/frameworks/c3-social-studies/versions/2013-rev-2017/items/D1.1.K-2,c3-social-studies,D1.1.K-2,c3-social-studies:D1.1.K-2,2013 (rev. 2017),0,false,https://www.socialstudies.org/sites/default/files/c3/C3-Framework-for-Social-Studies.pdf
https://education.asfai.org/frameworks/c3-social-studies/versions/2013-rev-2017/items/D1.2.3-5,c3-social-studies,D1.2.3-5,c3-social-studies:D1.2.3-5,2013 (rev. 2017),0,false,https://www.socialstudies.org/sites/default/files/c3/C3-Framework-for-Social-Studies.pdf
https://education.asfai.org/frameworks/c3-social-studies/versions/2013-rev-2017/items/D1.2.6-8,c3-social-studies,D1.2.6-8,c3-social-studies:D1.2.6-8,2013 (rev. 2017),0,false,https://www.socialstudies.org/sites/default/files/c3/C3-Framework-for-Social-Studies.pdf
https://education.asfai.org/frameworks/c3-social-studies/versions/2013-rev-2017/items/D1.2.9-12,c3-social-studies,D1.2.9-12,c3-social-studies:D1.2.9-12,2013 (rev. 2017),0,false,https://www.socialstudies.org/sites/default/files/c3/C3-Framework-for-Social-Studies.pdf
https://education.asfai.org/frameworks/c3-social-studies/versions/2013-rev-2017/items/D1.2.K-2,c3-social-studies,D1.2.K-2,c3-social-studies:D1.2.K-2,2013 (rev. 2017),0,false,https://www.socialstudies.org/sites/default/files/c3/C3-Framework-for-Social-Studies.pdf
https://education.asfai.org/frameworks/c3-social-studies/versions/2013-rev-2017/items/D1.3.3-5,c3-social-studies,D1.3.3-5,c3-social-studies:D1.3.3-5,2013 (rev. 2017),0,false,https://www.socialstudies.org/sites/default/files/c3/C3-Framework-for-Social-Studies.pdf
https://education.asfai.org/frameworks/c3-social-studies/versions/2013-rev-2017/items/D1.3.9-12,c3-social-studies,D1.3.9-12,c3-social-studies:D1.3.9-12,2013 (rev. 2017),0,false,https://www.socialstudies.org/sites/default/files/c3/C3-Framework-for-Social-Studies.pdf
https://education.asfai.org/frameworks/c3-social-studies/versions/2013-rev-2017/items/D1.3.K-2,c3-social-studies,D1.3.K-2,c3-social-studies:D1.3.K-2,2013 (rev. 2017),0,false,https://www.socialstudies.org/sites/default/files/c3/C3-Framework-for-Social-Studies.pdf
https://education.asfai.org/frameworks/c3-social-studies/versions/2013-rev-2017/items/D1.4.3-5,c3-social-studies,D1.4.3-5,c3-social-studies:D1.4.3-5,2013 (rev. 2017),0,false,https://www.socialstudies.org/sites/default/files/c3/C3-Framework-for-Social-Studies.pdf
https://education.asfai.org/frameworks/c3-social-studies/versions/2013-rev-2017/items/D1.4.6-8,c3-social-studies,D1.4.6-8,c3-social-studies:D1.4.6-8,2013 (rev. 2017),0,false,https://www.socialstudies.org/sites/default/files/c3/C3-Framework-for-Social-Studies.pdf
https://education.asfai.org/frameworks/c3-social-studies/versions/2013-rev-2017/items/D1.4.9-12,c3-social-studies,D1.4.9-12,c3-social-studies:D1.4.9-12,2013 (rev. 2017),0,false,https://www.socialstudies.org/sites/default/files/c3/C3-Framework-for-Social-Studies.pdf
https://education.asfai.org/frameworks/c3-social-studies/versions/2013-rev-2017/items/D1.4.K-2,c3-social-studies,D1.4.K-2,c3-social-studies:D1.4.K-2,2013 (rev. 2017),0,false,https://www.socialstudies.org/sites/default/files/c3/C3-Framework-for-Social-Studies.pdf
https://education.asfai.org/frameworks/c3-social-studies/versions/2013-rev-2017/items/D1.5.3-5,c3-social-studies,D1.5.3-5,c3-social-studies:D1.5.3-5,2013 (rev. 2017),0,false,https://www.socialstudies.org/sites/default/files/c3/C3-Framework-for-Social-Studies.pdf
https://education.asfai.org/frameworks/c3-social-studies/versions/2013-rev-2017/items/D1.5.6-8,c3-social-studies,D1.5.6-8,c3-social-studies:D1.5.6-8,2013 (rev. 2017),0,false,https://www.socialstudies.org/sites/default/files/c3/C3-Framework-for-Social-Studies.pdf
https://education.asfai.org/frameworks/c3-social-studies/versions/2013-rev-2017/items/D1.5.9-12,c3-social-studies,D1.5.9-12,c3-social-studies:D1.5.9-12,2013 (rev. 2017),0,false,https://www.socialstudies.org/sites/default/files/c3/C3-Framework-for-Social-Studies.pdf
https://education.asfai.org/frameworks/c3-social-studies/versions/2013-rev-2017/items/D1.5.K-2,c3-social-studies,D1.5.K-2,c3-social-studies:D1.5.K-2,2013 (rev. 2017),0,false,https://www.socialstudies.org/sites/default/files/c3/C3-Framework-for-Social-Studies.pdf
https://education.asfai.org/frameworks/c3-social-studies/versions/2013-rev-2017/items/D2.Anth.1.9-12,c3-social-studies,D2.Anth.1.9-12,c3-social-studies:D2.Anth.1.9-12,2013 (rev. 2017),0,false,https://www.socialstudies.org/sites/default/files/c3/C3-Framework-for-Social-Studies.pdf
https://education.asfai.org/frameworks/c3-social-studies/versions/2013-rev-2017/items/D2.Anth.10.9-12,c3-social-studies,D2.Anth.10.9-12,c3-social-studies:D2.Anth.10.9-12,2013 (rev. 2017),0,false,https://www.socialstudies.org/sites/default/files/c3/C3-Framework-for-Social-Studies.pdf
https://education.asfai.org/frameworks/c3-social-studies/versions/2013-rev-2017/items/D2.Anth.11.9-12,c3-social-studies,D2.Anth.11.9-12,c3-social-studies:D2.Anth.11.9-12,2013 (rev. 2017),0,false,https://www.socialstudies.org/sites/default/files/c3/C3-Framework-for-Social-Studies.pdf
https://education.asfai.org/frameworks/c3-social-studies/versions/2013-rev-2017/items/D2.Anth.12.9-12,c3-social-studies,D2.Anth.12.9-12,c3-social-studies:D2.Anth.12.9-12,2013 (rev. 2017),0,false,https://www.socialstudies.org/sites/default/files/c3/C3-Framework-for-Social-Studies.pdf
https://education.asfai.org/frameworks/c3-social-studies/versions/2013-rev-2017/items/D2.Anth.13.9-12,c3-social-studies,D2.Anth.13.9-12,c3-social-studies:D2.Anth.13.9-12,2013 (rev. 2017),0,false,https://www.socialstudies.org/sites/default/files/c3/C3-Framework-for-Social-Studies.pdf
https://education.asfai.org/frameworks/c3-social-studies/versions/2013-rev-2017/items/D2.Anth.14.9-12,c3-social-studies,D2.Anth.14.9-12,c3-social-studies:D2.Anth.14.9-12,2013 (rev. 2017),0,false,https://www.socialstudies.org/sites/default/files/c3/C3-Framework-for-Social-Studies.pdf
https://education.asfai.org/frameworks/c3-social-studies/versions/2013-rev-2017/items/D2.Anth.15.9-12,c3-social-studies,D2.Anth.15.9-12,c3-social-studies:D2.Anth.15.9-12,2013 (rev. 2017),0,false,https://www.socialstudies.org/sites/default/files/c3/C3-Framework-for-Social-Studies.pdf
https://education.asfai.org/frameworks/c3-social-studies/versions/2013-rev-2017/items/D2.Anth.2.9-12,c3-social-studies,D2.Anth.2.9-12,c3-social-studies:D2.Anth.2.9-12,2013 (rev. 2017),0,false,https://www.socialstudies.org/sites/default/files/c3/C3-Framework-for-Social-Studies.pdf
https://education.asfai.org/frameworks/c3-social-studies/versions/2013-rev-2017/items/D2.Anth.3.9-12,c3-social-studies,D2.Anth.3.9-12,c3-social-studies:D2.Anth.3.9-12,2013 (rev. 2017),0,false,https://www.socialstudies.org/sites/default/files/c3/C3-Framework-for-Social-Studies.pdf
https://education.asfai.org/frameworks/c3-social-studies/versions/2013-rev-2017/items/D2.Anth.4.9-12,c3-social-studies,D2.Anth.4.9-12,c3-social-studies:D2.Anth.4.9-12,2013 (rev. 2017),0,false,https://www.socialstudies.org/sites/default/files/c3/C3-Framework-for-Social-Studies.pdf
https://education.asfai.org/frameworks/c3-social-studies/versions/2013-rev-2017/items/D2.Anth.5.9-12,c3-social-studies,D2.Anth.5.9-12,c3-social-studies:D2.Anth.5.9-12,2013 (rev. 2017),0,false,https://www.socialstudies.org/sites/default/files/c3/C3-Framework-for-Social-Studies.pdf
https://education.asfai.org/frameworks/c3-social-studies/versions/2013-rev-2017/items/D2.Anth.6.9-12,c3-social-studies,D2.Anth.6.9-12,c3-social-studies:D2.Anth.6.9-12,2013 (rev. 2017),0,false,https://www.socialstudies.org/sites/default/files/c3/C3-Framework-for-Social-Studies.pdf
https://education.asfai.org/frameworks/c3-social-studies/versions/2013-rev-2017/items/D2.Anth.7.9-12,c3-social-studies,D2.Anth.7.9-12,c3-social-studies:D2.Anth.7.9-12,2013 (rev. 2017),0,false,https://www.socialstudies.org/sites/default/files/c3/C3-Framework-for-Social-Studies.pdf
https://education.asfai.org/frameworks/c3-social-studies/versions/2013-rev-2017/items/D2.Anth.8.9-12,c3-social-studies,D2.Anth.8.9-12,c3-social-studies:D2.Anth.8.9-12,2013 (rev. 2017),0,false,https://www.socialstudies.org/sites/default/files/c3/C3-Framework-for-Social-Studies.pdf
https://education.asfai.org/frameworks/c3-social-studies/versions/2013-rev-2017/items/D2.Anth.9.9-12,c3-social-studies,D2.Anth.9.9-12,c3-social-studies:D2.Anth.9.9-12,2013 (rev. 2017),0,false,https://www.socialstudies.org/sites/default/files/c3/C3-Framework-for-Social-Studies.pdf
https://education.asfai.org/frameworks/c3-social-studies/versions/2013-rev-2017/items/D2.Civ.1.3-5,c3-social-studies,D2.Civ.1.3-5,c3-social-studies:D2.Civ.1.3-5,2013 (rev. 2017),0,false,https://www.socialstudies.org/sites/default/files/c3/C3-Framework-for-Social-Studies.pdf
https://education.asfai.org/frameworks/c3-social-studies/versions/2013-rev-2017/items/D2.Civ.1.6-8,c3-social-studies,D2.Civ.1.6-8,c3-social-studies:D2.Civ.1.6-8,2013 (rev. 2017),0,false,https://www.socialstudies.org/sites/default/files/c3/C3-Framework-for-Social-Studies.pdf
https://education.asfai.org/frameworks/c3-social-studies/versions/2013-rev-2017/items/D2.Civ.1.9-12,c3-social-studies,D2.Civ.1.9-12,c3-social-studies:D2.Civ.1.9-12,2013 (rev. 2017),0,false,https://www.socialstudies.org/sites/default/files/c3/C3-Framework-for-Social-Studies.pdf
https://education.asfai.org/frameworks/c3-social-studies/versions/2013-rev-2017/items/D2.Civ.1.K-2,c3-social-studies,D2.Civ.1.K-2,c3-social-studies:D2.Civ.1.K-2,2013 (rev. 2017),0,false,https://www.socialstudies.org/sites/default/files/c3/C3-Framework-for-Social-Studies.pdf
https://education.asfai.org/frameworks/c3-social-studies/versions/2013-rev-2017/items/D2.Civ.10.3-5,c3-social-studies,D2.Civ.10.3-5,c3-social-studies:D2.Civ.10.3-5,2013 (rev. 2017),0,false,https://www.socialstudies.org/sites/default/files/c3/C3-Framework-for-Social-Studies.pdf
https://education.asfai.org/frameworks/c3-social-studies/versions/2013-rev-2017/items/D2.Civ.10.6-8,c3-social-studies,D2.Civ.10.6-8,c3-social-studies:D2.Civ.10.6-8,2013 (rev. 2017),0,false,https://www.socialstudies.org/sites/default/files/c3/C3-Framework-for-Social-Studies.pdf
https://education.asfai.org/frameworks/c3-social-studies/versions/2013-rev-2017/items/D2.Civ.10.9-12,c3-social-studies,D2.Civ.10.9-12,c3-social-studies:D2.Civ.10.9-12,2013 (rev. 2017),0,false,https://www.socialstudies.org/sites/default/files/c3/C3-Framework-for-Social-Studies.pdf
https://education.asfai.org/frameworks/c3-social-studies/versions/2013-rev-2017/items/D2.Civ.10.K-2,c3-social-studies,D2.Civ.10.K-2,c3-social-studies:D2.Civ.10.K-2,2013 (rev. 2017),0,false,https://www.socialstudies.org/sites/default/files/c3/C3-Framework-for-Social-Studies.pdf
https://education.asfai.org/frameworks/c3-social-studies/versions/2013-rev-2017/items/D2.Civ.11.3-5,c3-social-studies,D2.Civ.11.3-5,c3-social-studies:D2.Civ.11.3-5,2013 (rev. 2017),0,false,https://www.socialstudies.org/sites/default/files/c3/C3-Framework-for-Social-Studies.pdf
https://education.asfai.org/frameworks/c3-social-studies/versions/2013-rev-2017/items/D2.Civ.11.6-8,c3-social-studies,D2.Civ.11.6-8,c3-social-studies:D2.Civ.11.6-8,2013 (rev. 2017),0,false,https://www.socialstudies.org/sites/default/files/c3/C3-Framework-for-Social-Studies.pdf
https://education.asfai.org/frameworks/c3-social-studies/versions/2013-rev-2017/items/D2.Civ.11.9-12,c3-social-studies,D2.Civ.11.9-12,c3-social-studies:D2.Civ.11.9-12,2013 (rev. 2017),0,false,https://www.socialstudies.org/sites/default/files/c3/C3-Framework-for-Social-Studies.pdf
https://education.asfai.org/frameworks/c3-social-studies/versions/2013-rev-2017/items/D2.Civ.11.K-2,c3-social-studies,D2.Civ.11.K-2,c3-social-studies:D2.Civ.11.K-2,2013 (rev. 2017),0,false,https://www.socialstudies.org/sites/default/files/c3/C3-Framework-for-Social-Studies.pdf
https://education.asfai.org/frameworks/c3-social-studies/versions/2013-rev-2017/items/D2.Civ.12.3-5,c3-social-studies,D2.Civ.12.3-5,c3-social-studies:D2.Civ.12.3-5,2013 (rev. 2017),0,false,https://www.socialstudies.org/sites/default/files/c3/C3-Framework-for-Social-Studies.pdf
https://education.asfai.org/frameworks/c3-social-studies/versions/2013-rev-2017/items/D2.Civ.12.6-8,c3-social-studies,D2.Civ.12.6-8,c3-social-studies:D2.Civ.12.6-8,2013 (rev. 2017),0,false,https://www.socialstudies.org/sites/default/files/c3/C3-Framework-for-Social-Studies.pdf
https://education.asfai.org/frameworks/c3-social-studies/versions/2013-rev-2017/items/D2.Civ.12.9-12,c3-social-studies,D2.Civ.12.9-12,c3-social-studies:D2.Civ.12.9-12,2013 (rev. 2017),0,false,https://www.socialstudies.org/sites/default/files/c3/C3-Framework-for-Social-Studies.pdf
https://education.asfai.org/frameworks/c3-social-studies/versions/2013-rev-2017/items/D2.Civ.12.K-2,c3-social-studies,D2.Civ.12.K-2,c3-social-studies:D2.Civ.12.K-2,2013 (rev. 2017),0,false,https://www.socialstudies.org/sites/default/files/c3/C3-Framework-for-Social-Studies.pdf
https://education.asfai.org/frameworks/c3-social-studies/versions/2013-rev-2017/items/D2.Civ.13.3-5,c3-social-studies,D2.Civ.13.3-5,c3-social-studies:D2.Civ.13.3-5,2013 (rev. 2017),0,false,https://www.socialstudies.org/sites/default/files/c3/C3-Framework-for-Social-Studies.pdf
https://education.asfai.org/frameworks/c3-social-studies/versions/2013-rev-2017/items/D2.Civ.13.6-8,c3-social-studies,D2.Civ.13.6-8,c3-social-studies:D2.Civ.13.6-8,2013 (rev. 2017),0,false,https://www.socialstudies.org/sites/default/files/c3/C3-Framework-for-Social-Studies.pdf
https://education.asfai.org/frameworks/c3-social-studies/versions/2013-rev-2017/items/D2.Civ.13.9-12,c3-social-studies,D2.Civ.13.9-12,c3-social-studies:D2.Civ.13.9-12,2013 (rev. 2017),0,false,https://www.socialstudies.org/sites/default/files/c3/C3-Framework-for-Social-Studies.pdf
https://education.asfai.org/frameworks/c3-social-studies/versions/2013-rev-2017/items/D2.Civ.14.3-5,c3-social-studies,D2.Civ.14.3-5,c3-social-studies:D2.Civ.14.3-5,2013 (rev. 2017),0,false,https://www.socialstudies.org/sites/default/files/c3/C3-Framework-for-Social-Studies.pdf
https://education.asfai.org/frameworks/c3-social-studies/versions/2013-rev-2017/items/D2.Civ.14.6-8,c3-social-studies,D2.Civ.14.6-8,c3-social-studies:D2.Civ.14.6-8,2013 (rev. 2017),0,false,https://www.socialstudies.org/sites/default/files/c3/C3-Framework-for-Social-Studies.pdf
https://education.asfai.org/frameworks/c3-social-studies/versions/2013-rev-2017/items/D2.Civ.14.9-12,c3-social-studies,D2.Civ.14.9-12,c3-social-studies:D2.Civ.14.9-12,2013 (rev. 2017),0,false,https://www.socialstudies.org/sites/default/files/c3/C3-Framework-for-Social-Studies.pdf
https://education.asfai.org/frameworks/c3-social-studies/versions/2013-rev-2017/items/D2.Civ.14.K-2,c3-social-studies,D2.Civ.14.K-2,c3-social-studies:D2.Civ.14.K-2,2013 (rev. 2017),0,false,https://www.socialstudies.org/sites/default/files/c3/C3-Framework-for-Social-Studies.pdf
https://education.asfai.org/frameworks/c3-social-studies/versions/2013-rev-2017/items/D2.Civ.2.3-5,c3-social-studies,D2.Civ.2.3-5,c3-social-studies:D2.Civ.2.3-5,2013 (rev. 2017),0,false,https://www.socialstudies.org/sites/default/files/c3/C3-Framework-for-Social-Studies.pdf
https://education.asfai.org/frameworks/c3-social-studies/versions/2013-rev-2017/items/D2.Civ.2.6-8,c3-social-studies,D2.Civ.2.6-8,c3-social-studies:D2.Civ.2.6-8,2013 (rev. 2017),0,false,https://www.socialstudies.org/sites/default/files/c3/C3-Framework-for-Social-Studies.pdf
https://education.asfai.org/frameworks/c3-social-studies/versions/2013-rev-2017/items/D2.Civ.2.9-12,c3-social-studies,D2.Civ.2.9-12,c3-social-studies:D2.Civ.2.9-12,2013 (rev. 2017),0,false,https://www.socialstudies.org/sites/default/files/c3/C3-Framework-for-Social-Studies.pdf
https://education.asfai.org/frameworks/c3-social-studies/versions/2013-rev-2017/items/D2.Civ.2.K-2,c3-social-studies,D2.Civ.2.K-2,c3-social-studies:D2.Civ.2.K-2,2013 (rev. 2017),0,false,https://www.socialstudies.org/sites/default/files/c3/C3-Framework-for-Social-Studies.pdf
https://education.asfai.org/frameworks/c3-social-studies/versions/2013-rev-2017/items/D2.Civ.3.3-5,c3-social-studies,D2.Civ.3.3-5,c3-social-studies:D2.Civ.3.3-5,2013 (rev. 2017),0,false,https://www.socialstudies.org/sites/default/files/c3/C3-Framework-for-Social-Studies.pdf
https://education.asfai.org/frameworks/c3-social-studies/versions/2013-rev-2017/items/D2.Civ.3.6-8,c3-social-studies,D2.Civ.3.6-8,c3-social-studies:D2.Civ.3.6-8,2013 (rev. 2017),0,false,https://www.socialstudies.org/sites/default/files/c3/C3-Framework-for-Social-Studies.pdf
https://education.asfai.org/frameworks/c3-social-studies/versions/2013-rev-2017/items/D2.Civ.3.9-12,c3-social-studies,D2.Civ.3.9-12,c3-social-studies:D2.Civ.3.9-12,2013 (rev. 2017),0,false,https://www.socialstudies.org/sites/default/files/c3/C3-Framework-for-Social-Studies.pdf
https://education.asfai.org/frameworks/c3-social-studies/versions/2013-rev-2017/items/D2.Civ.3.K-2,c3-social-studies,D2.Civ.3.K-2,c3-social-studies:D2.Civ.3.K-2,2013 (rev. 2017),0,false,https://www.socialstudies.org/sites/default/files/c3/C3-Framework-for-Social-Studies.pdf
https://education.asfai.org/frameworks/c3-social-studies/versions/2013-rev-2017/items/D2.Civ.4.3-5,c3-social-studies,D2.Civ.4.3-5,c3-social-studies:D2.Civ.4.3-5,2013 (rev. 2017),0,false,https://www.socialstudies.org/sites/default/files/c3/C3-Framework-for-Social-Studies.pdf
https://education.asfai.org/frameworks/c3-social-studies/versions/2013-rev-2017/items/D2.Civ.4.6-8,c3-social-studies,D2.Civ.4.6-8,c3-social-studies:D2.Civ.4.6-8,2013 (rev. 2017),0,false,https://www.socialstudies.org/sites/default/files/c3/C3-Framework-for-Social-Studies.pdf
https://education.asfai.org/frameworks/c3-social-studies/versions/2013-rev-2017/items/D2.Civ.4.9-12,c3-social-studies,D2.Civ.4.9-12,c3-social-studies:D2.Civ.4.9-12,2013 (rev. 2017),0,false,https://www.socialstudies.org/sites/default/files/c3/C3-Framework-for-Social-Studies.pdf
https://education.asfai.org/frameworks/c3-social-studies/versions/2013-rev-2017/items/D2.Civ.5.3-5,c3-social-studies,D2.Civ.5.3-5,c3-social-studies:D2.Civ.5.3-5,2013 (rev. 2017),0,false,https://www.socialstudies.org/sites/default/files/c3/C3-Framework-for-Social-Studies.pdf
https://education.asfai.org/frameworks/c3-social-studies/versions/2013-rev-2017/items/D2.Civ.5.6-8,c3-social-studies,D2.Civ.5.6-8,c3-social-studies:D2.Civ.5.6-8,2013 (rev. 2017),0,false,https://www.socialstudies.org/sites/default/files/c3/C3-Framework-for-Social-Studies.pdf
https://education.asfai.org/frameworks/c3-social-studies/versions/2013-rev-2017/items/D2.Civ.5.9-12,c3-social-studies,D2.Civ.5.9-12,c3-social-studies:D2.Civ.5.9-12,2013 (rev. 2017),0,false,https://www.socialstudies.org/sites/default/files/c3/C3-Framework-for-Social-Studies.pdf
https://education.asfai.org/frameworks/c3-social-studies/versions/2013-rev-2017/items/D2.Civ.5.K-2,c3-social-studies,D2.Civ.5.K-2,c3-social-studies:D2.Civ.5.K-2,2013 (rev. 2017),0,false,https://www.socialstudies.org/sites/default/files/c3/C3-Framework-for-Social-Studies.pdf
https://education.asfai.org/frameworks/c3-social-studies/versions/2013-rev-2017/items/D2.Civ.6.3-5,c3-social-studies,D2.Civ.6.3-5,c3-social-studies:D2.Civ.6.3-5,2013 (rev. 2017),0,false,https://www.socialstudies.org/sites/default/files/c3/C3-Framework-for-Social-Studies.pdf
https://education.asfai.org/frameworks/c3-social-studies/versions/2013-rev-2017/items/D2.Civ.6.6-8,c3-social-studies,D2.Civ.6.6-8,c3-social-studies:D2.Civ.6.6-8,2013 (rev. 2017),0,false,https://www.socialstudies.org/sites/default/files/c3/C3-Framework-for-Social-Studies.pdf
https://education.asfai.org/frameworks/c3-social-studies/versions/2013-rev-2017/items/D2.Civ.6.9-12,c3-social-studies,D2.Civ.6.9-12,c3-social-studies:D2.Civ.6.9-12,2013 (rev. 2017),0,false,https://www.socialstudies.org/sites/default/files/c3/C3-Framework-for-Social-Studies.pdf
https://education.asfai.org/frameworks/c3-social-studies/versions/2013-rev-2017/items/D2.Civ.6.K-2,c3-social-studies,D2.Civ.6.K-2,c3-social-studies:D2.Civ.6.K-2,2013 (rev. 2017),0,false,https://www.socialstudies.org/sites/default/files/c3/C3-Framework-for-Social-Studies.pdf
https://education.asfai.org/frameworks/c3-social-studies/versions/2013-rev-2017/items/D2.Civ.7.3-5,c3-social-studies,D2.Civ.7.3-5,c3-social-studies:D2.Civ.7.3-5,2013 (rev. 2017),0,false,https://www.socialstudies.org/sites/default/files/c3/C3-Framework-for-Social-Studies.pdf
https://education.asfai.org/frameworks/c3-social-studies/versions/2013-rev-2017/items/D2.Civ.7.6-8,c3-social-studies,D2.Civ.7.6-8,c3-social-studies:D2.Civ.7.6-8,2013 (rev. 2017),0,false,https://www.socialstudies.org/sites/default/files/c3/C3-Framework-for-Social-Studies.pdf
https://education.asfai.org/frameworks/c3-social-studies/versions/2013-rev-2017/items/D2.Civ.7.9-12,c3-social-studies,D2.Civ.7.9-12,c3-social-studies:D2.Civ.7.9-12,2013 (rev. 2017),0,false,https://www.socialstudies.org/sites/default/files/c3/C3-Framework-for-Social-Studies.pdf
https://education.asfai.org/frameworks/c3-social-studies/versions/2013-rev-2017/items/D2.Civ.7.K-2,c3-social-studies,D2.Civ.7.K-2,c3-social-studies:D2.Civ.7.K-2,2013 (rev. 2017),0,false,https://www.socialstudies.org/sites/default/files/c3/C3-Framework-for-Social-Studies.pdf
https://education.asfai.org/frameworks/c3-social-studies/versions/2013-rev-2017/items/D2.Civ.8.3-5,c3-social-studies,D2.Civ.8.3-5,c3-social-studies:D2.Civ.8.3-5,2013 (rev. 2017),0,false,https://www.socialstudies.org/sites/default/files/c3/C3-Framework-for-Social-Studies.pdf
https://education.asfai.org/frameworks/c3-social-studies/versions/2013-rev-2017/items/D2.Civ.8.6-8,c3-social-studies,D2.Civ.8.6-8,c3-social-studies:D2.Civ.8.6-8,2013 (rev. 2017),0,false,https://www.socialstudies.org/sites/default/files/c3/C3-Framework-for-Social-Studies.pdf
https://education.asfai.org/frameworks/c3-social-studies/versions/2013-rev-2017/items/D2.Civ.8.9-12,c3-social-studies,D2.Civ.8.9-12,c3-social-studies:D2.Civ.8.9-12,2013 (rev. 2017),0,false,https://www.socialstudies.org/sites/default/files/c3/C3-Framework-for-Social-Studies.pdf
https://education.asfai.org/frameworks/c3-social-studies/versions/2013-rev-2017/items/D2.Civ.8.K-2,c3-social-studies,D2.Civ.8.K-2,c3-social-studies:D2.Civ.8.K-2,2013 (rev. 2017),0,false,https://www.socialstudies.org/sites/default/files/c3/C3-Framework-for-Social-Studies.pdf
https://education.asfai.org/frameworks/c3-social-studies/versions/2013-rev-2017/items/D2.Civ.9.3-5,c3-social-studies,D2.Civ.9.3-5,c3-social-studies:D2.Civ.9.3-5,2013 (rev. 2017),0,false,https://www.socialstudies.org/sites/default/files/c3/C3-Framework-for-Social-Studies.pdf
https://education.asfai.org/frameworks/c3-social-studies/versions/2013-rev-2017/items/D2.Civ.9.6-8,c3-social-studies,D2.Civ.9.6-8,c3-social-studies:D2.Civ.9.6-8,2013 (rev. 2017),0,false,https://www.socialstudies.org/sites/default/files/c3/C3-Framework-for-Social-Studies.pdf
https://education.asfai.org/frameworks/c3-social-studies/versions/2013-rev-2017/items/D2.Civ.9.9-12,c3-social-studies,D2.Civ.9.9-12,c3-social-studies:D2.Civ.9.9-12,2013 (rev. 2017),0,false,https://www.socialstudies.org/sites/default/files/c3/C3-Framework-for-Social-Studies.pdf
https://education.asfai.org/frameworks/c3-social-studies/versions/2013-rev-2017/items/D2.Civ.9.K-2,c3-social-studies,D2.Civ.9.K-2,c3-social-studies:D2.Civ.9.K-2,2013 (rev. 2017),0,false,https://www.socialstudies.org/sites/default/files/c3/C3-Framework-for-Social-Studies.pdf
https://education.asfai.org/frameworks/c3-social-studies/versions/2013-rev-2017/items/D2.Eco.1.3-5,c3-social-studies,D2.Eco.1.3-5,c3-social-studies:D2.Eco.1.3-5,2013 (rev. 2017),0,false,https://www.socialstudies.org/sites/default/files/c3/C3-Framework-for-Social-Studies.pdf
https://education.asfai.org/frameworks/c3-social-studies/versions/2013-rev-2017/items/D2.Eco.1.6-8,c3-social-studies,D2.Eco.1.6-8,c3-social-studies:D2.Eco.1.6-8,2013 (rev. 2017),0,false,https://www.socialstudies.org/sites/default/files/c3/C3-Framework-for-Social-Studies.pdf
https://education.asfai.org/frameworks/c3-social-studies/versions/2013-rev-2017/items/D2.Eco.1.9-12,c3-social-studies,D2.Eco.1.9-12,c3-social-studies:D2.Eco.1.9-12,2013 (rev. 2017),0,false,https://www.socialstudies.org/sites/default/files/c3/C3-Framework-for-Social-Studies.pdf
https://education.asfai.org/frameworks/c3-social-studies/versions/2013-rev-2017/items/D2.Eco.1.K-2,c3-social-studies,D2.Eco.1.K-2,c3-social-studies:D2.Eco.1.K-2,2013 (rev. 2017),0,false,https://www.socialstudies.org/sites/default/files/c3/C3-Framework-for-Social-Studies.pdf
https://education.asfai.org/frameworks/c3-social-studies/versions/2013-rev-2017/items/D2.Eco.10.3-5,c3-social-studies,D2.Eco.10.3-5,c3-social-studies:D2.Eco.10.3-5,2013 (rev. 2017),0,false,https://www.socialstudies.org/sites/default/files/c3/C3-Framework-for-Social-Studies.pdf
https://education.asfai.org/frameworks/c3-social-studies/versions/2013-rev-2017/items/D2.Eco.10.6-8,c3-social-studies,D2.Eco.10.6-8,c3-social-studies:D2.Eco.10.6-8,2013 (rev. 2017),0,false,https://www.socialstudies.org/sites/default/files/c3/C3-Framework-for-Social-Studies.pdf
https://education.asfai.org/frameworks/c3-social-studies/versions/2013-rev-2017/items/D2.Eco.10.9-12,c3-social-studies,D2.Eco.10.9-12,c3-social-studies:D2.Eco.10.9-12,2013 (rev. 2017),0,false,https://www.socialstudies.org/sites/default/files/c3/C3-Framework-for-Social-Studies.pdf
https://education.asfai.org/frameworks/c3-social-studies/versions/2013-rev-2017/items/D2.Eco.10.K-2,c3-social-studies,D2.Eco.10.K-2,c3-social-studies:D2.Eco.10.K-2,2013 (rev. 2017),0,false,https://www.socialstudies.org/sites/default/files/c3/C3-Framework-for-Social-Studies.pdf
https://education.asfai.org/frameworks/c3-social-studies/versions/2013-rev-2017/items/D2.Eco.11.3-5,c3-social-studies,D2.Eco.11.3-5,c3-social-studies:D2.Eco.11.3-5,2013 (rev. 2017),0,false,https://www.socialstudies.org/sites/default/files/c3/C3-Framework-for-Social-Studies.pdf
https://education.asfai.org/frameworks/c3-social-studies/versions/2013-rev-2017/items/D2.Eco.11.6-8,c3-social-studies,D2.Eco.11.6-8,c3-social-studies:D2.Eco.11.6-8,2013 (rev. 2017),0,false,https://www.socialstudies.org/sites/default/files/c3/C3-Framework-for-Social-Studies.pdf
https://education.asfai.org/frameworks/c3-social-studies/versions/2013-rev-2017/items/D2.Eco.11.9-12,c3-social-studies,D2.Eco.11.9-12,c3-social-studies:D2.Eco.11.9-12,2013 (rev. 2017),0,false,https://www.socialstudies.org/sites/default/files/c3/C3-Framework-for-Social-Studies.pdf
https://education.asfai.org/frameworks/c3-social-studies/versions/2013-rev-2017/items/D2.Eco.12.3-5,c3-social-studies,D2.Eco.12.3-5,c3-social-studies:D2.Eco.12.3-5,2013 (rev. 2017),0,false,https://www.socialstudies.org/sites/default/files/c3/C3-Framework-for-Social-Studies.pdf
https://education.asfai.org/frameworks/c3-social-studies/versions/2013-rev-2017/items/D2.Eco.12.6-8,c3-social-studies,D2.Eco.12.6-8,c3-social-studies:D2.Eco.12.6-8,2013 (rev. 2017),0,false,https://www.socialstudies.org/sites/default/files/c3/C3-Framework-for-Social-Studies.pdf
https://education.asfai.org/frameworks/c3-social-studies/versions/2013-rev-2017/items/D2.Eco.12.9-12,c3-social-studies,D2.Eco.12.9-12,c3-social-studies:D2.Eco.12.9-12,2013 (rev. 2017),0,false,https://www.socialstudies.org/sites/default/files/c3/C3-Framework-for-Social-Studies.pdf
https://education.asfai.org/frameworks/c3-social-studies/versions/2013-rev-2017/items/D2.Eco.12.K-2,c3-social-studies,D2.Eco.12.K-2,c3-social-studies:D2.Eco.12.K-2,2013 (rev. 2017),0,false,https://www.socialstudies.org/sites/default/files/c3/C3-Framework-for-Social-Studies.pdf
https://education.asfai.org/frameworks/c3-social-studies/versions/2013-rev-2017/items/D2.Eco.13.3-5,c3-social-studies,D2.Eco.13.3-5,c3-social-studies:D2.Eco.13.3-5,2013 (rev. 2017),0,false,https://www.socialstudies.org/sites/default/files/c3/C3-Framework-for-Social-Studies.pdf
https://education.asfai.org/frameworks/c3-social-studies/versions/2013-rev-2017/items/D2.Eco.13.6-8,c3-social-studies,D2.Eco.13.6-8,c3-social-studies:D2.Eco.13.6-8,2013 (rev. 2017),0,false,https://www.socialstudies.org/sites/default/files/c3/C3-Framework-for-Social-Studies.pdf
https://education.asfai.org/frameworks/c3-social-studies/versions/2013-rev-2017/items/D2.Eco.13.9-12,c3-social-studies,D2.Eco.13.9-12,c3-social-studies:D2.Eco.13.9-12,2013 (rev. 2017),0,false,https://www.socialstudies.org/sites/default/files/c3/C3-Framework-for-Social-Studies.pdf
https://education.asfai.org/frameworks/c3-social-studies/versions/2013-rev-2017/items/D2.Eco.13.K-2,c3-social-studies,D2.Eco.13.K-2,c3-social-studies:D2.Eco.13.K-2,2013 (rev. 2017),0,false,https://www.socialstudies.org/sites/default/files/c3/C3-Framework-for-Social-Studies.pdf
https://education.asfai.org/frameworks/c3-social-studies/versions/2013-rev-2017/items/D2.Eco.14.3-5,c3-social-studies,D2.Eco.14.3-5,c3-social-studies:D2.Eco.14.3-5,2013 (rev. 2017),0,false,https://www.socialstudies.org/sites/default/files/c3/C3-Framework-for-Social-Studies.pdf
https://education.asfai.org/frameworks/c3-social-studies/versions/2013-rev-2017/items/D2.Eco.14.6-8,c3-social-studies,D2.Eco.14.6-8,c3-social-studies:D2.Eco.14.6-8,2013 (rev. 2017),0,false,https://www.socialstudies.org/sites/default/files/c3/C3-Framework-for-Social-Studies.pdf
https://education.asfai.org/frameworks/c3-social-studies/versions/2013-rev-2017/items/D2.Eco.14.9-12,c3-social-studies,D2.Eco.14.9-12,c3-social-studies:D2.Eco.14.9-12,2013 (rev. 2017),0,false,https://www.socialstudies.org/sites/default/files/c3/C3-Framework-for-Social-Studies.pdf
https://education.asfai.org/frameworks/c3-social-studies/versions/2013-rev-2017/items/D2.Eco.14.K-2,c3-social-studies,D2.Eco.14.K-2,c3-social-studies:D2.Eco.14.K-2,2013 (rev. 2017),0,false,https://www.socialstudies.org/sites/default/files/c3/C3-Framework-for-Social-Studies.pdf
https://education.asfai.org/frameworks/c3-social-studies/versions/2013-rev-2017/items/D2.Eco.15.3-5,c3-social-studies,D2.Eco.15.3-5,c3-social-studies:D2.Eco.15.3-5,2013 (rev. 2017),0,false,https://www.socialstudies.org/sites/default/files/c3/C3-Framework-for-Social-Studies.pdf
https://education.asfai.org/frameworks/c3-social-studies/versions/2013-rev-2017/items/D2.Eco.15.6-8,c3-social-studies,D2.Eco.15.6-8,c3-social-studies:D2.Eco.15.6-8,2013 (rev. 2017),0,false,https://www.socialstudies.org/sites/default/files/c3/C3-Framework-for-Social-Studies.pdf
https://education.asfai.org/frameworks/c3-social-studies/versions/2013-rev-2017/items/D2.Eco.15.9-12,c3-social-studies,D2.Eco.15.9-12,c3-social-studies:D2.Eco.15.9-12,2013 (rev. 2017),0,false,https://www.socialstudies.org/sites/default/files/c3/C3-Framework-for-Social-Studies.pdf
https://education.asfai.org/frameworks/c3-social-studies/versions/2013-rev-2017/items/D2.Eco.15.K-2,c3-social-studies,D2.Eco.15.K-2,c3-social-studies:D2.Eco.15.K-2,2013 (rev. 2017),0,false,https://www.socialstudies.org/sites/default/files/c3/C3-Framework-for-Social-Studies.pdf
https://education.asfai.org/frameworks/c3-social-studies/versions/2013-rev-2017/items/D2.Eco.2.3-5,c3-social-studies,D2.Eco.2.3-5,c3-social-studies:D2.Eco.2.3-5,2013 (rev. 2017),0,false,https://www.socialstudies.org/sites/default/files/c3/C3-Framework-for-Social-Studies.pdf
https://education.asfai.org/frameworks/c3-social-studies/versions/2013-rev-2017/items/D2.Eco.2.6-8,c3-social-studies,D2.Eco.2.6-8,c3-social-studies:D2.Eco.2.6-8,2013 (rev. 2017),0,false,https://www.socialstudies.org/sites/default/files/c3/C3-Framework-for-Social-Studies.pdf
https://education.asfai.org/frameworks/c3-social-studies/versions/2013-rev-2017/items/D2.Eco.2.9-12,c3-social-studies,D2.Eco.2.9-12,c3-social-studies:D2.Eco.2.9-12,2013 (rev. 2017),0,false,https://www.socialstudies.org/sites/default/files/c3/C3-Framework-for-Social-Studies.pdf
https://education.asfai.org/frameworks/c3-social-studies/versions/2013-rev-2017/items/D2.Eco.2.K-2,c3-social-studies,D2.Eco.2.K-2,c3-social-studies:D2.Eco.2.K-2,2013 (rev. 2017),0,false,https://www.socialstudies.org/sites/default/files/c3/C3-Framework-for-Social-Studies.pdf
https://education.asfai.org/frameworks/c3-social-studies/versions/2013-rev-2017/items/D2.Eco.3.3-5,c3-social-studies,D2.Eco.3.3-5,c3-social-studies:D2.Eco.3.3-5,2013 (rev. 2017),0,false,https://www.socialstudies.org/sites/default/files/c3/C3-Framework-for-Social-Studies.pdf
https://education.asfai.org/frameworks/c3-social-studies/versions/2013-rev-2017/items/D2.Eco.3.6-8,c3-social-studies,D2.Eco.3.6-8,c3-social-studies:D2.Eco.3.6-8,2013 (rev. 2017),0,false,https://www.socialstudies.org/sites/default/files/c3/C3-Framework-for-Social-Studies.pdf
https://education.asfai.org/frameworks/c3-social-studies/versions/2013-rev-2017/items/D2.Eco.3.9-12,c3-social-studies,D2.Eco.3.9-12,c3-social-studies:D2.Eco.3.9-12,2013 (rev. 2017),0,false,https://www.socialstudies.org/sites/default/files/c3/C3-Framework-for-Social-Studies.pdf
https://education.asfai.org/frameworks/c3-social-studies/versions/2013-rev-2017/items/D2.Eco.3.K-2,c3-social-studies,D2.Eco.3.K-2,c3-social-studies:D2.Eco.3.K-2,2013 (rev. 2017),0,false,https://www.socialstudies.org/sites/default/files/c3/C3-Framework-for-Social-Studies.pdf
https://education.asfai.org/frameworks/c3-social-studies/versions/2013-rev-2017/items/D2.Eco.4.3-5,c3-social-studies,D2.Eco.4.3-5,c3-social-studies:D2.Eco.4.3-5,2013 (rev. 2017),0,false,https://www.socialstudies.org/sites/default/files/c3/C3-Framework-for-Social-Studies.pdf
https://education.asfai.org/frameworks/c3-social-studies/versions/2013-rev-2017/items/D2.Eco.4.6-8,c3-social-studies,D2.Eco.4.6-8,c3-social-studies:D2.Eco.4.6-8,2013 (rev. 2017),0,false,https://www.socialstudies.org/sites/default/files/c3/C3-Framework-for-Social-Studies.pdf
https://education.asfai.org/frameworks/c3-social-studies/versions/2013-rev-2017/items/D2.Eco.4.9-12,c3-social-studies,D2.Eco.4.9-12,c3-social-studies:D2.Eco.4.9-12,2013 (rev. 2017),0,false,https://www.socialstudies.org/sites/default/files/c3/C3-Framework-for-Social-Studies.pdf
https://education.asfai.org/frameworks/c3-social-studies/versions/2013-rev-2017/items/D2.Eco.4.K-2,c3-social-studies,D2.Eco.4.K-2,c3-social-studies:D2.Eco.4.K-2,2013 (rev. 2017),0,false,https://www.socialstudies.org/sites/default/files/c3/C3-Framework-for-Social-Studies.pdf
https://education.asfai.org/frameworks/c3-social-studies/versions/2013-rev-2017/items/D2.Eco.5.3-5,c3-social-studies,D2.Eco.5.3-5,c3-social-studies:D2.Eco.5.3-5,2013 (rev. 2017),0,false,https://www.socialstudies.org/sites/default/files/c3/C3-Framework-for-Social-Studies.pdf
https://education.asfai.org/frameworks/c3-social-studies/versions/2013-rev-2017/items/D2.Eco.5.6-8,c3-social-studies,D2.Eco.5.6-8,c3-social-studies:D2.Eco.5.6-8,2013 (rev. 2017),0,false,https://www.socialstudies.org/sites/default/files/c3/C3-Framework-for-Social-Studies.pdf
https://education.asfai.org/frameworks/c3-social-studies/versions/2013-rev-2017/items/D2.Eco.5.9-12,c3-social-studies,D2.Eco.5.9-12,c3-social-studies:D2.Eco.5.9-12,2013 (rev. 2017),0,false,https://www.socialstudies.org/sites/default/files/c3/C3-Framework-for-Social-Studies.pdf
https://education.asfai.org/frameworks/c3-social-studies/versions/2013-rev-2017/items/D2.Eco.5.K-2,c3-social-studies,D2.Eco.5.K-2,c3-social-studies:D2.Eco.5.K-2,2013 (rev. 2017),0,false,https://www.socialstudies.org/sites/default/files/c3/C3-Framework-for-Social-Studies.pdf
https://education.asfai.org/frameworks/c3-social-studies/versions/2013-rev-2017/items/D2.Eco.6.3-5,c3-social-studies,D2.Eco.6.3-5,c3-social-studies:D2.Eco.6.3-5,2013 (rev. 2017),0,false,https://www.socialstudies.org/sites/default/files/c3/C3-Framework-for-Social-Studies.pdf
https://education.asfai.org/frameworks/c3-social-studies/versions/2013-rev-2017/items/D2.Eco.6.6-8,c3-social-studies,D2.Eco.6.6-8,c3-social-studies:D2.Eco.6.6-8,2013 (rev. 2017),0,false,https://www.socialstudies.org/sites/default/files/c3/C3-Framework-for-Social-Studies.pdf
https://education.asfai.org/frameworks/c3-social-studies/versions/2013-rev-2017/items/D2.Eco.6.9-12,c3-social-studies,D2.Eco.6.9-12,c3-social-studies:D2.Eco.6.9-12,2013 (rev. 2017),0,false,https://www.socialstudies.org/sites/default/files/c3/C3-Framework-for-Social-Studies.pdf
https://education.asfai.org/frameworks/c3-social-studies/versions/2013-rev-2017/items/D2.Eco.6.K-2,c3-social-studies,D2.Eco.6.K-2,c3-social-studies:D2.Eco.6.K-2,2013 (rev. 2017),0,false,https://www.socialstudies.org/sites/default/files/c3/C3-Framework-for-Social-Studies.pdf
https://education.asfai.org/frameworks/c3-social-studies/versions/2013-rev-2017/items/D2.Eco.7.3-5,c3-social-studies,D2.Eco.7.3-5,c3-social-studies:D2.Eco.7.3-5,2013 (rev. 2017),0,false,https://www.socialstudies.org/sites/default/files/c3/C3-Framework-for-Social-Studies.pdf
https://education.asfai.org/frameworks/c3-social-studies/versions/2013-rev-2017/items/D2.Eco.7.6-8,c3-social-studies,D2.Eco.7.6-8,c3-social-studies:D2.Eco.7.6-8,2013 (rev. 2017),0,false,https://www.socialstudies.org/sites/default/files/c3/C3-Framework-for-Social-Studies.pdf
https://education.asfai.org/frameworks/c3-social-studies/versions/2013-rev-2017/items/D2.Eco.7.9-12,c3-social-studies,D2.Eco.7.9-12,c3-social-studies:D2.Eco.7.9-12,2013 (rev. 2017),0,false,https://www.socialstudies.org/sites/default/files/c3/C3-Framework-for-Social-Studies.pdf
https://education.asfai.org/frameworks/c3-social-studies/versions/2013-rev-2017/items/D2.Eco.7.K-2,c3-social-studies,D2.Eco.7.K-2,c3-social-studies:D2.Eco.7.K-2,2013 (rev. 2017),0,false,https://www.socialstudies.org/sites/default/files/c3/C3-Framework-for-Social-Studies.pdf
https://education.asfai.org/frameworks/c3-social-studies/versions/2013-rev-2017/items/D2.Eco.8.3-5,c3-social-studies,D2.Eco.8.3-5,c3-social-studies:D2.Eco.8.3-5,2013 (rev. 2017),0,false,https://www.socialstudies.org/sites/default/files/c3/C3-Framework-for-Social-Studies.pdf
https://education.asfai.org/frameworks/c3-social-studies/versions/2013-rev-2017/items/D2.Eco.8.6-8,c3-social-studies,D2.Eco.8.6-8,c3-social-studies:D2.Eco.8.6-8,2013 (rev. 2017),0,false,https://www.socialstudies.org/sites/default/files/c3/C3-Framework-for-Social-Studies.pdf
https://education.asfai.org/frameworks/c3-social-studies/versions/2013-rev-2017/items/D2.Eco.8.9-12,c3-social-studies,D2.Eco.8.9-12,c3-social-studies:D2.Eco.8.9-12,2013 (rev. 2017),0,false,https://www.socialstudies.org/sites/default/files/c3/C3-Framework-for-Social-Studies.pdf
https://education.asfai.org/frameworks/c3-social-studies/versions/2013-rev-2017/items/D2.Eco.9.3-5,c3-social-studies,D2.Eco.9.3-5,c3-social-studies:D2.Eco.9.3-5,2013 (rev. 2017),0,false,https://www.socialstudies.org/sites/default/files/c3/C3-Framework-for-Social-Studies.pdf
https://education.asfai.org/frameworks/c3-social-studies/versions/2013-rev-2017/items/D2.Eco.9.6-8,c3-social-studies,D2.Eco.9.6-8,c3-social-studies:D2.Eco.9.6-8,2013 (rev. 2017),0,false,https://www.socialstudies.org/sites/default/files/c3/C3-Framework-for-Social-Studies.pdf
https://education.asfai.org/frameworks/c3-social-studies/versions/2013-rev-2017/items/D2.Eco.9.9-12,c3-social-studies,D2.Eco.9.9-12,c3-social-studies:D2.Eco.9.9-12,2013 (rev. 2017),0,false,https://www.socialstudies.org/sites/default/files/c3/C3-Framework-for-Social-Studies.pdf
https://education.asfai.org/frameworks/c3-social-studies/versions/2013-rev-2017/items/D2.Eco.9.K-2,c3-social-studies,D2.Eco.9.K-2,c3-social-studies:D2.Eco.9.K-2,2013 (rev. 2017),0,false,https://www.socialstudies.org/sites/default/files/c3/C3-Framework-for-Social-Studies.pdf
https://education.asfai.org/frameworks/c3-social-studies/versions/2013-rev-2017/items/D2.Geo.1.3-5,c3-social-studies,D2.Geo.1.3-5,c3-social-studies:D2.Geo.1.3-5,2013 (rev. 2017),0,false,https://www.socialstudies.org/sites/default/files/c3/C3-Framework-for-Social-Studies.pdf
https://education.asfai.org/frameworks/c3-social-studies/versions/2013-rev-2017/items/D2.Geo.1.6-8,c3-social-studies,D2.Geo.1.6-8,c3-social-studies:D2.Geo.1.6-8,2013 (rev. 2017),0,false,https://www.socialstudies.org/sites/default/files/c3/C3-Framework-for-Social-Studies.pdf
https://education.asfai.org/frameworks/c3-social-studies/versions/2013-rev-2017/items/D2.Geo.1.9-12,c3-social-studies,D2.Geo.1.9-12,c3-social-studies:D2.Geo.1.9-12,2013 (rev. 2017),0,false,https://www.socialstudies.org/sites/default/files/c3/C3-Framework-for-Social-Studies.pdf
https://education.asfai.org/frameworks/c3-social-studies/versions/2013-rev-2017/items/D2.Geo.1.K-2,c3-social-studies,D2.Geo.1.K-2,c3-social-studies:D2.Geo.1.K-2,2013 (rev. 2017),0,false,https://www.socialstudies.org/sites/default/files/c3/C3-Framework-for-Social-Studies.pdf
https://education.asfai.org/frameworks/c3-social-studies/versions/2013-rev-2017/items/D2.Geo.10.3-5,c3-social-studies,D2.Geo.10.3-5,c3-social-studies:D2.Geo.10.3-5,2013 (rev. 2017),0,false,https://www.socialstudies.org/sites/default/files/c3/C3-Framework-for-Social-Studies.pdf
https://education.asfai.org/frameworks/c3-social-studies/versions/2013-rev-2017/items/D2.Geo.10.6-8,c3-social-studies,D2.Geo.10.6-8,c3-social-studies:D2.Geo.10.6-8,2013 (rev. 2017),0,false,https://www.socialstudies.org/sites/default/files/c3/C3-Framework-for-Social-Studies.pdf
https://education.asfai.org/frameworks/c3-social-studies/versions/2013-rev-2017/items/D2.Geo.10.9-12,c3-social-studies,D2.Geo.10.9-12,c3-social-studies:D2.Geo.10.9-12,2013 (rev. 2017),0,false,https://www.socialstudies.org/sites/default/files/c3/C3-Framework-for-Social-Studies.pdf
https://education.asfai.org/frameworks/c3-social-studies/versions/2013-rev-2017/items/D2.Geo.10.K-2,c3-social-studies,D2.Geo.10.K-2,c3-social-studies:D2.Geo.10.K-2,2013 (rev. 2017),0,false,https://www.socialstudies.org/sites/default/files/c3/C3-Framework-for-Social-Studies.pdf
https://education.asfai.org/frameworks/c3-social-studies/versions/2013-rev-2017/items/D2.Geo.11.3-5,c3-social-studies,D2.Geo.11.3-5,c3-social-studies:D2.Geo.11.3-5,2013 (rev. 2017),0,false,https://www.socialstudies.org/sites/default/files/c3/C3-Framework-for-Social-Studies.pdf
https://education.asfai.org/frameworks/c3-social-studies/versions/2013-rev-2017/items/D2.Geo.11.6-8,c3-social-studies,D2.Geo.11.6-8,c3-social-studies:D2.Geo.11.6-8,2013 (rev. 2017),0,false,https://www.socialstudies.org/sites/default/files/c3/C3-Framework-for-Social-Studies.pdf
https://education.asfai.org/frameworks/c3-social-studies/versions/2013-rev-2017/items/D2.Geo.11.9-12,c3-social-studies,D2.Geo.11.9-12,c3-social-studies:D2.Geo.11.9-12,2013 (rev. 2017),0,false,https://www.socialstudies.org/sites/default/files/c3/C3-Framework-for-Social-Studies.pdf
https://education.asfai.org/frameworks/c3-social-studies/versions/2013-rev-2017/items/D2.Geo.11.K-2,c3-social-studies,D2.Geo.11.K-2,c3-social-studies:D2.Geo.11.K-2,2013 (rev. 2017),0,false,https://www.socialstudies.org/sites/default/files/c3/C3-Framework-for-Social-Studies.pdf
https://education.asfai.org/frameworks/c3-social-studies/versions/2013-rev-2017/items/D2.Geo.12.3-5,c3-social-studies,D2.Geo.12.3-5,c3-social-studies:D2.Geo.12.3-5,2013 (rev. 2017),0,false,https://www.socialstudies.org/sites/default/files/c3/C3-Framework-for-Social-Studies.pdf
https://education.asfai.org/frameworks/c3-social-studies/versions/2013-rev-2017/items/D2.Geo.12.6-8,c3-social-studies,D2.Geo.12.6-8,c3-social-studies:D2.Geo.12.6-8,2013 (rev. 2017),0,false,https://www.socialstudies.org/sites/default/files/c3/C3-Framework-for-Social-Studies.pdf
https://education.asfai.org/frameworks/c3-social-studies/versions/2013-rev-2017/items/D2.Geo.12.9-12,c3-social-studies,D2.Geo.12.9-12,c3-social-studies:D2.Geo.12.9-12,2013 (rev. 2017),0,false,https://www.socialstudies.org/sites/default/files/c3/C3-Framework-for-Social-Studies.pdf
https://education.asfai.org/frameworks/c3-social-studies/versions/2013-rev-2017/items/D2.Geo.12.K-2,c3-social-studies,D2.Geo.12.K-2,c3-social-studies:D2.Geo.12.K-2,2013 (rev. 2017),0,false,https://www.socialstudies.org/sites/default/files/c3/C3-Framework-for-Social-Studies.pdf
https://education.asfai.org/frameworks/c3-social-studies/versions/2013-rev-2017/items/D2.Geo.2.3-5,c3-social-studies,D2.Geo.2.3-5,c3-social-studies:D2.Geo.2.3-5,2013 (rev. 2017),0,false,https://www.socialstudies.org/sites/default/files/c3/C3-Framework-for-Social-Studies.pdf
https://education.asfai.org/frameworks/c3-social-studies/versions/2013-rev-2017/items/D2.Geo.2.6-8,c3-social-studies,D2.Geo.2.6-8,c3-social-studies:D2.Geo.2.6-8,2013 (rev. 2017),0,false,https://www.socialstudies.org/sites/default/files/c3/C3-Framework-for-Social-Studies.pdf
https://education.asfai.org/frameworks/c3-social-studies/versions/2013-rev-2017/items/D2.Geo.2.9-12,c3-social-studies,D2.Geo.2.9-12,c3-social-studies:D2.Geo.2.9-12,2013 (rev. 2017),0,false,https://www.socialstudies.org/sites/default/files/c3/C3-Framework-for-Social-Studies.pdf
https://education.asfai.org/frameworks/c3-social-studies/versions/2013-rev-2017/items/D2.Geo.2.K-2,c3-social-studies,D2.Geo.2.K-2,c3-social-studies:D2.Geo.2.K-2,2013 (rev. 2017),0,false,https://www.socialstudies.org/sites/default/files/c3/C3-Framework-for-Social-Studies.pdf
https://education.asfai.org/frameworks/c3-social-studies/versions/2013-rev-2017/items/D2.Geo.3.3-5,c3-social-studies,D2.Geo.3.3-5,c3-social-studies:D2.Geo.3.3-5,2013 (rev. 2017),0,false,https://www.socialstudies.org/sites/default/files/c3/C3-Framework-for-Social-Studies.pdf
https://education.asfai.org/frameworks/c3-social-studies/versions/2013-rev-2017/items/D2.Geo.3.6-8,c3-social-studies,D2.Geo.3.6-8,c3-social-studies:D2.Geo.3.6-8,2013 (rev. 2017),0,false,https://www.socialstudies.org/sites/default/files/c3/C3-Framework-for-Social-Studies.pdf
https://education.asfai.org/frameworks/c3-social-studies/versions/2013-rev-2017/items/D2.Geo.3.9-12,c3-social-studies,D2.Geo.3.9-12,c3-social-studies:D2.Geo.3.9-12,2013 (rev. 2017),0,false,https://www.socialstudies.org/sites/default/files/c3/C3-Framework-for-Social-Studies.pdf
https://education.asfai.org/frameworks/c3-social-studies/versions/2013-rev-2017/items/D2.Geo.3.K-2,c3-social-studies,D2.Geo.3.K-2,c3-social-studies:D2.Geo.3.K-2,2013 (rev. 2017),0,false,https://www.socialstudies.org/sites/default/files/c3/C3-Framework-for-Social-Studies.pdf
https://education.asfai.org/frameworks/c3-social-studies/versions/2013-rev-2017/items/D2.Geo.4.3-5,c3-social-studies,D2.Geo.4.3-5,c3-social-studies:D2.Geo.4.3-5,2013 (rev. 2017),0,false,https://www.socialstudies.org/sites/default/files/c3/C3-Framework-for-Social-Studies.pdf
https://education.asfai.org/frameworks/c3-social-studies/versions/2013-rev-2017/items/D2.Geo.4.6-8,c3-social-studies,D2.Geo.4.6-8,c3-social-studies:D2.Geo.4.6-8,2013 (rev. 2017),0,false,https://www.socialstudies.org/sites/default/files/c3/C3-Framework-for-Social-Studies.pdf
https://education.asfai.org/frameworks/c3-social-studies/versions/2013-rev-2017/items/D2.Geo.4.9-12,c3-social-studies,D2.Geo.4.9-12,c3-social-studies:D2.Geo.4.9-12,2013 (rev. 2017),0,false,https://www.socialstudies.org/sites/default/files/c3/C3-Framework-for-Social-Studies.pdf
https://education.asfai.org/frameworks/c3-social-studies/versions/2013-rev-2017/items/D2.Geo.4.K-2,c3-social-studies,D2.Geo.4.K-2,c3-social-studies:D2.Geo.4.K-2,2013 (rev. 2017),0,false,https://www.socialstudies.org/sites/default/files/c3/C3-Framework-for-Social-Studies.pdf
https://education.asfai.org/frameworks/c3-social-studies/versions/2013-rev-2017/items/D2.Geo.5.3-5,c3-social-studies,D2.Geo.5.3-5,c3-social-studies:D2.Geo.5.3-5,2013 (rev. 2017),0,false,https://www.socialstudies.org/sites/default/files/c3/C3-Framework-for-Social-Studies.pdf
https://education.asfai.org/frameworks/c3-social-studies/versions/2013-rev-2017/items/D2.Geo.5.6-8,c3-social-studies,D2.Geo.5.6-8,c3-social-studies:D2.Geo.5.6-8,2013 (rev. 2017),0,false,https://www.socialstudies.org/sites/default/files/c3/C3-Framework-for-Social-Studies.pdf
https://education.asfai.org/frameworks/c3-social-studies/versions/2013-rev-2017/items/D2.Geo.5.9-12,c3-social-studies,D2.Geo.5.9-12,c3-social-studies:D2.Geo.5.9-12,2013 (rev. 2017),0,false,https://www.socialstudies.org/sites/default/files/c3/C3-Framework-for-Social-Studies.pdf
https://education.asfai.org/frameworks/c3-social-studies/versions/2013-rev-2017/items/D2.Geo.5.K-2,c3-social-studies,D2.Geo.5.K-2,c3-social-studies:D2.Geo.5.K-2,2013 (rev. 2017),0,false,https://www.socialstudies.org/sites/default/files/c3/C3-Framework-for-Social-Studies.pdf
https://education.asfai.org/frameworks/c3-social-studies/versions/2013-rev-2017/items/D2.Geo.6.3-5,c3-social-studies,D2.Geo.6.3-5,c3-social-studies:D2.Geo.6.3-5,2013 (rev. 2017),0,false,https://www.socialstudies.org/sites/default/files/c3/C3-Framework-for-Social-Studies.pdf
https://education.asfai.org/frameworks/c3-social-studies/versions/2013-rev-2017/items/D2.Geo.6.6-8,c3-social-studies,D2.Geo.6.6-8,c3-social-studies:D2.Geo.6.6-8,2013 (rev. 2017),0,false,https://www.socialstudies.org/sites/default/files/c3/C3-Framework-for-Social-Studies.pdf
https://education.asfai.org/frameworks/c3-social-studies/versions/2013-rev-2017/items/D2.Geo.6.9-12,c3-social-studies,D2.Geo.6.9-12,c3-social-studies:D2.Geo.6.9-12,2013 (rev. 2017),0,false,https://www.socialstudies.org/sites/default/files/c3/C3-Framework-for-Social-Studies.pdf
https://education.asfai.org/frameworks/c3-social-studies/versions/2013-rev-2017/items/D2.Geo.6.K-2,c3-social-studies,D2.Geo.6.K-2,c3-social-studies:D2.Geo.6.K-2,2013 (rev. 2017),0,false,https://www.socialstudies.org/sites/default/files/c3/C3-Framework-for-Social-Studies.pdf
https://education.asfai.org/frameworks/c3-social-studies/versions/2013-rev-2017/items/D2.Geo.7.3-5,c3-social-studies,D2.Geo.7.3-5,c3-social-studies:D2.Geo.7.3-5,2013 (rev. 2017),0,false,https://www.socialstudies.org/sites/default/files/c3/C3-Framework-for-Social-Studies.pdf
https://education.asfai.org/frameworks/c3-social-studies/versions/2013-rev-2017/items/D2.Geo.7.6-8,c3-social-studies,D2.Geo.7.6-8,c3-social-studies:D2.Geo.7.6-8,2013 (rev. 2017),0,false,https://www.socialstudies.org/sites/default/files/c3/C3-Framework-for-Social-Studies.pdf
https://education.asfai.org/frameworks/c3-social-studies/versions/2013-rev-2017/items/D2.Geo.7.9-12,c3-social-studies,D2.Geo.7.9-12,c3-social-studies:D2.Geo.7.9-12,2013 (rev. 2017),0,false,https://www.socialstudies.org/sites/default/files/c3/C3-Framework-for-Social-Studies.pdf
https://education.asfai.org/frameworks/c3-social-studies/versions/2013-rev-2017/items/D2.Geo.7.K-2,c3-social-studies,D2.Geo.7.K-2,c3-social-studies:D2.Geo.7.K-2,2013 (rev. 2017),0,false,https://www.socialstudies.org/sites/default/files/c3/C3-Framework-for-Social-Studies.pdf
https://education.asfai.org/frameworks/c3-social-studies/versions/2013-rev-2017/items/D2.Geo.8.3-5,c3-social-studies,D2.Geo.8.3-5,c3-social-studies:D2.Geo.8.3-5,2013 (rev. 2017),0,false,https://www.socialstudies.org/sites/default/files/c3/C3-Framework-for-Social-Studies.pdf
https://education.asfai.org/frameworks/c3-social-studies/versions/2013-rev-2017/items/D2.Geo.8.6-8,c3-social-studies,D2.Geo.8.6-8,c3-social-studies:D2.Geo.8.6-8,2013 (rev. 2017),0,false,https://www.socialstudies.org/sites/default/files/c3/C3-Framework-for-Social-Studies.pdf
https://education.asfai.org/frameworks/c3-social-studies/versions/2013-rev-2017/items/D2.Geo.8.9-12,c3-social-studies,D2.Geo.8.9-12,c3-social-studies:D2.Geo.8.9-12,2013 (rev. 2017),0,false,https://www.socialstudies.org/sites/default/files/c3/C3-Framework-for-Social-Studies.pdf
https://education.asfai.org/frameworks/c3-social-studies/versions/2013-rev-2017/items/D2.Geo.8.K-2,c3-social-studies,D2.Geo.8.K-2,c3-social-studies:D2.Geo.8.K-2,2013 (rev. 2017),0,false,https://www.socialstudies.org/sites/default/files/c3/C3-Framework-for-Social-Studies.pdf
https://education.asfai.org/frameworks/c3-social-studies/versions/2013-rev-2017/items/D2.Geo.9.3-5,c3-social-studies,D2.Geo.9.3-5,c3-social-studies:D2.Geo.9.3-5,2013 (rev. 2017),0,false,https://www.socialstudies.org/sites/default/files/c3/C3-Framework-for-Social-Studies.pdf
https://education.asfai.org/frameworks/c3-social-studies/versions/2013-rev-2017/items/D2.Geo.9.6-8,c3-social-studies,D2.Geo.9.6-8,c3-social-studies:D2.Geo.9.6-8,2013 (rev. 2017),0,false,https://www.socialstudies.org/sites/default/files/c3/C3-Framework-for-Social-Studies.pdf
https://education.asfai.org/frameworks/c3-social-studies/versions/2013-rev-2017/items/D2.Geo.9.9-12,c3-social-studies,D2.Geo.9.9-12,c3-social-studies:D2.Geo.9.9-12,2013 (rev. 2017),0,false,https://www.socialstudies.org/sites/default/files/c3/C3-Framework-for-Social-Studies.pdf
https://education.asfai.org/frameworks/c3-social-studies/versions/2013-rev-2017/items/D2.Geo.9.K-2,c3-social-studies,D2.Geo.9.K-2,c3-social-studies:D2.Geo.9.K-2,2013 (rev. 2017),0,false,https://www.socialstudies.org/sites/default/files/c3/C3-Framework-for-Social-Studies.pdf
https://education.asfai.org/frameworks/c3-social-studies/versions/2013-rev-2017/items/D2.His.1.3-5,c3-social-studies,D2.His.1.3-5,c3-social-studies:D2.His.1.3-5,2013 (rev. 2017),0,false,https://www.socialstudies.org/sites/default/files/c3/C3-Framework-for-Social-Studies.pdf
https://education.asfai.org/frameworks/c3-social-studies/versions/2013-rev-2017/items/D2.His.1.6-8,c3-social-studies,D2.His.1.6-8,c3-social-studies:D2.His.1.6-8,2013 (rev. 2017),0,false,https://www.socialstudies.org/sites/default/files/c3/C3-Framework-for-Social-Studies.pdf
https://education.asfai.org/frameworks/c3-social-studies/versions/2013-rev-2017/items/D2.His.1.9-12,c3-social-studies,D2.His.1.9-12,c3-social-studies:D2.His.1.9-12,2013 (rev. 2017),0,false,https://www.socialstudies.org/sites/default/files/c3/C3-Framework-for-Social-Studies.pdf
https://education.asfai.org/frameworks/c3-social-studies/versions/2013-rev-2017/items/D2.His.1.K-2,c3-social-studies,D2.His.1.K-2,c3-social-studies:D2.His.1.K-2,2013 (rev. 2017),0,false,https://www.socialstudies.org/sites/default/files/c3/C3-Framework-for-Social-Studies.pdf
https://education.asfai.org/frameworks/c3-social-studies/versions/2013-rev-2017/items/D2.His.10.3-5,c3-social-studies,D2.His.10.3-5,c3-social-studies:D2.His.10.3-5,2013 (rev. 2017),0,false,https://www.socialstudies.org/sites/default/files/c3/C3-Framework-for-Social-Studies.pdf
https://education.asfai.org/frameworks/c3-social-studies/versions/2013-rev-2017/items/D2.His.10.6-8,c3-social-studies,D2.His.10.6-8,c3-social-studies:D2.His.10.6-8,2013 (rev. 2017),0,false,https://www.socialstudies.org/sites/default/files/c3/C3-Framework-for-Social-Studies.pdf
https://education.asfai.org/frameworks/c3-social-studies/versions/2013-rev-2017/items/D2.His.10.9-12,c3-social-studies,D2.His.10.9-12,c3-social-studies:D2.His.10.9-12,2013 (rev. 2017),0,false,https://www.socialstudies.org/sites/default/files/c3/C3-Framework-for-Social-Studies.pdf
https://education.asfai.org/frameworks/c3-social-studies/versions/2013-rev-2017/items/D2.His.10.K-2,c3-social-studies,D2.His.10.K-2,c3-social-studies:D2.His.10.K-2,2013 (rev. 2017),0,false,https://www.socialstudies.org/sites/default/files/c3/C3-Framework-for-Social-Studies.pdf
https://education.asfai.org/frameworks/c3-social-studies/versions/2013-rev-2017/items/D2.His.11.3-5,c3-social-studies,D2.His.11.3-5,c3-social-studies:D2.His.11.3-5,2013 (rev. 2017),0,false,https://www.socialstudies.org/sites/default/files/c3/C3-Framework-for-Social-Studies.pdf
https://education.asfai.org/frameworks/c3-social-studies/versions/2013-rev-2017/items/D2.His.11.6-8,c3-social-studies,D2.His.11.6-8,c3-social-studies:D2.His.11.6-8,2013 (rev. 2017),0,false,https://www.socialstudies.org/sites/default/files/c3/C3-Framework-for-Social-Studies.pdf
https://education.asfai.org/frameworks/c3-social-studies/versions/2013-rev-2017/items/D2.His.11.9-12,c3-social-studies,D2.His.11.9-12,c3-social-studies:D2.His.11.9-12,2013 (rev. 2017),0,false,https://www.socialstudies.org/sites/default/files/c3/C3-Framework-for-Social-Studies.pdf
https://education.asfai.org/frameworks/c3-social-studies/versions/2013-rev-2017/items/D2.His.11.K-2,c3-social-studies,D2.His.11.K-2,c3-social-studies:D2.His.11.K-2,2013 (rev. 2017),0,false,https://www.socialstudies.org/sites/default/files/c3/C3-Framework-for-Social-Studies.pdf
https://education.asfai.org/frameworks/c3-social-studies/versions/2013-rev-2017/items/D2.His.12.3-5,c3-social-studies,D2.His.12.3-5,c3-social-studies:D2.His.12.3-5,2013 (rev. 2017),0,false,https://www.socialstudies.org/sites/default/files/c3/C3-Framework-for-Social-Studies.pdf
https://education.asfai.org/frameworks/c3-social-studies/versions/2013-rev-2017/items/D2.His.12.6-8,c3-social-studies,D2.His.12.6-8,c3-social-studies:D2.His.12.6-8,2013 (rev. 2017),0,false,https://www.socialstudies.org/sites/default/files/c3/C3-Framework-for-Social-Studies.pdf
https://education.asfai.org/frameworks/c3-social-studies/versions/2013-rev-2017/items/D2.His.12.9-12,c3-social-studies,D2.His.12.9-12,c3-social-studies:D2.His.12.9-12,2013 (rev. 2017),0,false,https://www.socialstudies.org/sites/default/files/c3/C3-Framework-for-Social-Studies.pdf
https://education.asfai.org/frameworks/c3-social-studies/versions/2013-rev-2017/items/D2.His.12.K-2,c3-social-studies,D2.His.12.K-2,c3-social-studies:D2.His.12.K-2,2013 (rev. 2017),0,false,https://www.socialstudies.org/sites/default/files/c3/C3-Framework-for-Social-Studies.pdf
https://education.asfai.org/frameworks/c3-social-studies/versions/2013-rev-2017/items/D2.His.13.3-5,c3-social-studies,D2.His.13.3-5,c3-social-studies:D2.His.13.3-5,2013 (rev. 2017),0,false,https://www.socialstudies.org/sites/default/files/c3/C3-Framework-for-Social-Studies.pdf
https://education.asfai.org/frameworks/c3-social-studies/versions/2013-rev-2017/items/D2.His.13.6-8,c3-social-studies,D2.His.13.6-8,c3-social-studies:D2.His.13.6-8,2013 (rev. 2017),0,false,https://www.socialstudies.org/sites/default/files/c3/C3-Framework-for-Social-Studies.pdf
https://education.asfai.org/frameworks/c3-social-studies/versions/2013-rev-2017/items/D2.His.13.9-12,c3-social-studies,D2.His.13.9-12,c3-social-studies:D2.His.13.9-12,2013 (rev. 2017),0,false,https://www.socialstudies.org/sites/default/files/c3/C3-Framework-for-Social-Studies.pdf
https://education.asfai.org/frameworks/c3-social-studies/versions/2013-rev-2017/items/D2.His.14.3-5,c3-social-studies,D2.His.14.3-5,c3-social-studies:D2.His.14.3-5,2013 (rev. 2017),0,false,https://www.socialstudies.org/sites/default/files/c3/C3-Framework-for-Social-Studies.pdf
https://education.asfai.org/frameworks/c3-social-studies/versions/2013-rev-2017/items/D2.His.14.6-8,c3-social-studies,D2.His.14.6-8,c3-social-studies:D2.His.14.6-8,2013 (rev. 2017),0,false,https://www.socialstudies.org/sites/default/files/c3/C3-Framework-for-Social-Studies.pdf
https://education.asfai.org/frameworks/c3-social-studies/versions/2013-rev-2017/items/D2.His.14.9-12,c3-social-studies,D2.His.14.9-12,c3-social-studies:D2.His.14.9-12,2013 (rev. 2017),0,false,https://www.socialstudies.org/sites/default/files/c3/C3-Framework-for-Social-Studies.pdf
https://education.asfai.org/frameworks/c3-social-studies/versions/2013-rev-2017/items/D2.His.14.K-2,c3-social-studies,D2.His.14.K-2,c3-social-studies:D2.His.14.K-2,2013 (rev. 2017),0,false,https://www.socialstudies.org/sites/default/files/c3/C3-Framework-for-Social-Studies.pdf
https://education.asfai.org/frameworks/c3-social-studies/versions/2013-rev-2017/items/D2.His.15.6-8,c3-social-studies,D2.His.15.6-8,c3-social-studies:D2.His.15.6-8,2013 (rev. 2017),0,false,https://www.socialstudies.org/sites/default/files/c3/C3-Framework-for-Social-Studies.pdf
https://education.asfai.org/frameworks/c3-social-studies/versions/2013-rev-2017/items/D2.His.15.9-12,c3-social-studies,D2.His.15.9-12,c3-social-studies:D2.His.15.9-12,2013 (rev. 2017),0,false,https://www.socialstudies.org/sites/default/files/c3/C3-Framework-for-Social-Studies.pdf
https://education.asfai.org/frameworks/c3-social-studies/versions/2013-rev-2017/items/D2.His.16.3-5,c3-social-studies,D2.His.16.3-5,c3-social-studies:D2.His.16.3-5,2013 (rev. 2017),0,false,https://www.socialstudies.org/sites/default/files/c3/C3-Framework-for-Social-Studies.pdf
https://education.asfai.org/frameworks/c3-social-studies/versions/2013-rev-2017/items/D2.His.16.6-8,c3-social-studies,D2.His.16.6-8,c3-social-studies:D2.His.16.6-8,2013 (rev. 2017),0,false,https://www.socialstudies.org/sites/default/files/c3/C3-Framework-for-Social-Studies.pdf
https://education.asfai.org/frameworks/c3-social-studies/versions/2013-rev-2017/items/D2.His.16.9-12,c3-social-studies,D2.His.16.9-12,c3-social-studies:D2.His.16.9-12,2013 (rev. 2017),0,false,https://www.socialstudies.org/sites/default/files/c3/C3-Framework-for-Social-Studies.pdf
https://education.asfai.org/frameworks/c3-social-studies/versions/2013-rev-2017/items/D2.His.16.K-2,c3-social-studies,D2.His.16.K-2,c3-social-studies:D2.His.16.K-2,2013 (rev. 2017),0,false,https://www.socialstudies.org/sites/default/files/c3/C3-Framework-for-Social-Studies.pdf
https://education.asfai.org/frameworks/c3-social-studies/versions/2013-rev-2017/items/D2.His.17.3-5,c3-social-studies,D2.His.17.3-5,c3-social-studies:D2.His.17.3-5,2013 (rev. 2017),0,false,https://www.socialstudies.org/sites/default/files/c3/C3-Framework-for-Social-Studies.pdf
https://education.asfai.org/frameworks/c3-social-studies/versions/2013-rev-2017/items/D2.His.17.6-8,c3-social-studies,D2.His.17.6-8,c3-social-studies:D2.His.17.6-8,2013 (rev. 2017),0,false,https://www.socialstudies.org/sites/default/files/c3/C3-Framework-for-Social-Studies.pdf
https://education.asfai.org/frameworks/c3-social-studies/versions/2013-rev-2017/items/D2.His.17.9-12,c3-social-studies,D2.His.17.9-12,c3-social-studies:D2.His.17.9-12,2013 (rev. 2017),0,false,https://www.socialstudies.org/sites/default/files/c3/C3-Framework-for-Social-Studies.pdf
https://education.asfai.org/frameworks/c3-social-studies/versions/2013-rev-2017/items/D2.His.2.3-5,c3-social-studies,D2.His.2.3-5,c3-social-studies:D2.His.2.3-5,2013 (rev. 2017),0,false,https://www.socialstudies.org/sites/default/files/c3/C3-Framework-for-Social-Studies.pdf
https://education.asfai.org/frameworks/c3-social-studies/versions/2013-rev-2017/items/D2.His.2.6-8,c3-social-studies,D2.His.2.6-8,c3-social-studies:D2.His.2.6-8,2013 (rev. 2017),0,false,https://www.socialstudies.org/sites/default/files/c3/C3-Framework-for-Social-Studies.pdf
https://education.asfai.org/frameworks/c3-social-studies/versions/2013-rev-2017/items/D2.His.2.9-12,c3-social-studies,D2.His.2.9-12,c3-social-studies:D2.His.2.9-12,2013 (rev. 2017),0,false,https://www.socialstudies.org/sites/default/files/c3/C3-Framework-for-Social-Studies.pdf
https://education.asfai.org/frameworks/c3-social-studies/versions/2013-rev-2017/items/D2.His.2.K-2,c3-social-studies,D2.His.2.K-2,c3-social-studies:D2.His.2.K-2,2013 (rev. 2017),0,false,https://www.socialstudies.org/sites/default/files/c3/C3-Framework-for-Social-Studies.pdf
https://education.asfai.org/frameworks/c3-social-studies/versions/2013-rev-2017/items/D2.His.3.3-5,c3-social-studies,D2.His.3.3-5,c3-social-studies:D2.His.3.3-5,2013 (rev. 2017),0,false,https://www.socialstudies.org/sites/default/files/c3/C3-Framework-for-Social-Studies.pdf
https://education.asfai.org/frameworks/c3-social-studies/versions/2013-rev-2017/items/D2.His.3.6-8,c3-social-studies,D2.His.3.6-8,c3-social-studies:D2.His.3.6-8,2013 (rev. 2017),0,false,https://www.socialstudies.org/sites/default/files/c3/C3-Framework-for-Social-Studies.pdf
https://education.asfai.org/frameworks/c3-social-studies/versions/2013-rev-2017/items/D2.His.3.9-12,c3-social-studies,D2.His.3.9-12,c3-social-studies:D2.His.3.9-12,2013 (rev. 2017),0,false,https://www.socialstudies.org/sites/default/files/c3/C3-Framework-for-Social-Studies.pdf
https://education.asfai.org/frameworks/c3-social-studies/versions/2013-rev-2017/items/D2.His.3.K-2,c3-social-studies,D2.His.3.K-2,c3-social-studies:D2.His.3.K-2,2013 (rev. 2017),0,false,https://www.socialstudies.org/sites/default/files/c3/C3-Framework-for-Social-Studies.pdf
https://education.asfai.org/frameworks/c3-social-studies/versions/2013-rev-2017/items/D2.His.4.3-5,c3-social-studies,D2.His.4.3-5,c3-social-studies:D2.His.4.3-5,2013 (rev. 2017),0,false,https://www.socialstudies.org/sites/default/files/c3/C3-Framework-for-Social-Studies.pdf
https://education.asfai.org/frameworks/c3-social-studies/versions/2013-rev-2017/items/D2.His.4.6-8,c3-social-studies,D2.His.4.6-8,c3-social-studies:D2.His.4.6-8,2013 (rev. 2017),0,false,https://www.socialstudies.org/sites/default/files/c3/C3-Framework-for-Social-Studies.pdf
https://education.asfai.org/frameworks/c3-social-studies/versions/2013-rev-2017/items/D2.His.4.9-12,c3-social-studies,D2.His.4.9-12,c3-social-studies:D2.His.4.9-12,2013 (rev. 2017),0,false,https://www.socialstudies.org/sites/default/files/c3/C3-Framework-for-Social-Studies.pdf
https://education.asfai.org/frameworks/c3-social-studies/versions/2013-rev-2017/items/D2.His.4.K-2,c3-social-studies,D2.His.4.K-2,c3-social-studies:D2.His.4.K-2,2013 (rev. 2017),0,false,https://www.socialstudies.org/sites/default/files/c3/C3-Framework-for-Social-Studies.pdf
https://education.asfai.org/frameworks/c3-social-studies/versions/2013-rev-2017/items/D2.His.5.3-5,c3-social-studies,D2.His.5.3-5,c3-social-studies:D2.His.5.3-5,2013 (rev. 2017),0,false,https://www.socialstudies.org/sites/default/files/c3/C3-Framework-for-Social-Studies.pdf
https://education.asfai.org/frameworks/c3-social-studies/versions/2013-rev-2017/items/D2.His.5.6-8,c3-social-studies,D2.His.5.6-8,c3-social-studies:D2.His.5.6-8,2013 (rev. 2017),0,false,https://www.socialstudies.org/sites/default/files/c3/C3-Framework-for-Social-Studies.pdf
https://education.asfai.org/frameworks/c3-social-studies/versions/2013-rev-2017/items/D2.His.5.9-12,c3-social-studies,D2.His.5.9-12,c3-social-studies:D2.His.5.9-12,2013 (rev. 2017),0,false,https://www.socialstudies.org/sites/default/files/c3/C3-Framework-for-Social-Studies.pdf
https://education.asfai.org/frameworks/c3-social-studies/versions/2013-rev-2017/items/D2.His.6.3-5,c3-social-studies,D2.His.6.3-5,c3-social-studies:D2.His.6.3-5,2013 (rev. 2017),0,false,https://www.socialstudies.org/sites/default/files/c3/C3-Framework-for-Social-Studies.pdf
https://education.asfai.org/frameworks/c3-social-studies/versions/2013-rev-2017/items/D2.His.6.6-8,c3-social-studies,D2.His.6.6-8,c3-social-studies:D2.His.6.6-8,2013 (rev. 2017),0,false,https://www.socialstudies.org/sites/default/files/c3/C3-Framework-for-Social-Studies.pdf
https://education.asfai.org/frameworks/c3-social-studies/versions/2013-rev-2017/items/D2.His.6.9-12,c3-social-studies,D2.His.6.9-12,c3-social-studies:D2.His.6.9-12,2013 (rev. 2017),0,false,https://www.socialstudies.org/sites/default/files/c3/C3-Framework-for-Social-Studies.pdf
https://education.asfai.org/frameworks/c3-social-studies/versions/2013-rev-2017/items/D2.His.6.K-2,c3-social-studies,D2.His.6.K-2,c3-social-studies:D2.His.6.K-2,2013 (rev. 2017),0,false,https://www.socialstudies.org/sites/default/files/c3/C3-Framework-for-Social-Studies.pdf
https://education.asfai.org/frameworks/c3-social-studies/versions/2013-rev-2017/items/D2.His.7.9-12,c3-social-studies,D2.His.7.9-12,c3-social-studies:D2.His.7.9-12,2013 (rev. 2017),0,false,https://www.socialstudies.org/sites/default/files/c3/C3-Framework-for-Social-Studies.pdf
https://education.asfai.org/frameworks/c3-social-studies/versions/2013-rev-2017/items/D2.His.8.9-12,c3-social-studies,D2.His.8.9-12,c3-social-studies:D2.His.8.9-12,2013 (rev. 2017),0,false,https://www.socialstudies.org/sites/default/files/c3/C3-Framework-for-Social-Studies.pdf
https://education.asfai.org/frameworks/c3-social-studies/versions/2013-rev-2017/items/D2.His.9.3-5,c3-social-studies,D2.His.9.3-5,c3-social-studies:D2.His.9.3-5,2013 (rev. 2017),0,false,https://www.socialstudies.org/sites/default/files/c3/C3-Framework-for-Social-Studies.pdf
https://education.asfai.org/frameworks/c3-social-studies/versions/2013-rev-2017/items/D2.His.9.6-8,c3-social-studies,D2.His.9.6-8,c3-social-studies:D2.His.9.6-8,2013 (rev. 2017),0,false,https://www.socialstudies.org/sites/default/files/c3/C3-Framework-for-Social-Studies.pdf
https://education.asfai.org/frameworks/c3-social-studies/versions/2013-rev-2017/items/D2.His.9.9-12,c3-social-studies,D2.His.9.9-12,c3-social-studies:D2.His.9.9-12,2013 (rev. 2017),0,false,https://www.socialstudies.org/sites/default/files/c3/C3-Framework-for-Social-Studies.pdf
https://education.asfai.org/frameworks/c3-social-studies/versions/2013-rev-2017/items/D2.His.9.K-2,c3-social-studies,D2.His.9.K-2,c3-social-studies:D2.His.9.K-2,2013 (rev. 2017),0,false,https://www.socialstudies.org/sites/default/files/c3/C3-Framework-for-Social-Studies.pdf
https://education.asfai.org/frameworks/c3-social-studies/versions/2013-rev-2017/items/D2.Psy.1.9-12,c3-social-studies,D2.Psy.1.9-12,c3-social-studies:D2.Psy.1.9-12,2013 (rev. 2017),0,false,https://www.socialstudies.org/sites/default/files/c3/C3-Framework-for-Social-Studies.pdf
https://education.asfai.org/frameworks/c3-social-studies/versions/2013-rev-2017/items/D2.Psy.10.9-12,c3-social-studies,D2.Psy.10.9-12,c3-social-studies:D2.Psy.10.9-12,2013 (rev. 2017),0,false,https://www.socialstudies.org/sites/default/files/c3/C3-Framework-for-Social-Studies.pdf
https://education.asfai.org/frameworks/c3-social-studies/versions/2013-rev-2017/items/D2.Psy.11.9-12,c3-social-studies,D2.Psy.11.9-12,c3-social-studies:D2.Psy.11.9-12,2013 (rev. 2017),0,false,https://www.socialstudies.org/sites/default/files/c3/C3-Framework-for-Social-Studies.pdf
https://education.asfai.org/frameworks/c3-social-studies/versions/2013-rev-2017/items/D2.Psy.12.9-12,c3-social-studies,D2.Psy.12.9-12,c3-social-studies:D2.Psy.12.9-12,2013 (rev. 2017),0,false,https://www.socialstudies.org/sites/default/files/c3/C3-Framework-for-Social-Studies.pdf
https://education.asfai.org/frameworks/c3-social-studies/versions/2013-rev-2017/items/D2.Psy.13.9-12,c3-social-studies,D2.Psy.13.9-12,c3-social-studies:D2.Psy.13.9-12,2013 (rev. 2017),0,false,https://www.socialstudies.org/sites/default/files/c3/C3-Framework-for-Social-Studies.pdf
https://education.asfai.org/frameworks/c3-social-studies/versions/2013-rev-2017/items/D2.Psy.14.9-12,c3-social-studies,D2.Psy.14.9-12,c3-social-studies:D2.Psy.14.9-12,2013 (rev. 2017),0,false,https://www.socialstudies.org/sites/default/files/c3/C3-Framework-for-Social-Studies.pdf
https://education.asfai.org/frameworks/c3-social-studies/versions/2013-rev-2017/items/D2.Psy.15.9-12,c3-social-studies,D2.Psy.15.9-12,c3-social-studies:D2.Psy.15.9-12,2013 (rev. 2017),0,false,https://www.socialstudies.org/sites/default/files/c3/C3-Framework-for-Social-Studies.pdf
https://education.asfai.org/frameworks/c3-social-studies/versions/2013-rev-2017/items/D2.Psy.16.9-12,c3-social-studies,D2.Psy.16.9-12,c3-social-studies:D2.Psy.16.9-12,2013 (rev. 2017),0,false,https://www.socialstudies.org/sites/default/files/c3/C3-Framework-for-Social-Studies.pdf
https://education.asfai.org/frameworks/c3-social-studies/versions/2013-rev-2017/items/D2.Psy.17.9-12,c3-social-studies,D2.Psy.17.9-12,c3-social-studies:D2.Psy.17.9-12,2013 (rev. 2017),0,false,https://www.socialstudies.org/sites/default/files/c3/C3-Framework-for-Social-Studies.pdf
https://education.asfai.org/frameworks/c3-social-studies/versions/2013-rev-2017/items/D2.Psy.18.9-12,c3-social-studies,D2.Psy.18.9-12,c3-social-studies:D2.Psy.18.9-12,2013 (rev. 2017),0,false,https://www.socialstudies.org/sites/default/files/c3/C3-Framework-for-Social-Studies.pdf
https://education.asfai.org/frameworks/c3-social-studies/versions/2013-rev-2017/items/D2.Psy.19.9-12,c3-social-studies,D2.Psy.19.9-12,c3-social-studies:D2.Psy.19.9-12,2013 (rev. 2017),0,false,https://www.socialstudies.org/sites/default/files/c3/C3-Framework-for-Social-Studies.pdf
https://education.asfai.org/frameworks/c3-social-studies/versions/2013-rev-2017/items/D2.Psy.2.9-12,c3-social-studies,D2.Psy.2.9-12,c3-social-studies:D2.Psy.2.9-12,2013 (rev. 2017),0,false,https://www.socialstudies.org/sites/default/files/c3/C3-Framework-for-Social-Studies.pdf
https://education.asfai.org/frameworks/c3-social-studies/versions/2013-rev-2017/items/D2.Psy.20.9-12,c3-social-studies,D2.Psy.20.9-12,c3-social-studies:D2.Psy.20.9-12,2013 (rev. 2017),0,false,https://www.socialstudies.org/sites/default/files/c3/C3-Framework-for-Social-Studies.pdf
https://education.asfai.org/frameworks/c3-social-studies/versions/2013-rev-2017/items/D2.Psy.21.9-12,c3-social-studies,D2.Psy.21.9-12,c3-social-studies:D2.Psy.21.9-12,2013 (rev. 2017),0,false,https://www.socialstudies.org/sites/default/files/c3/C3-Framework-for-Social-Studies.pdf
https://education.asfai.org/frameworks/c3-social-studies/versions/2013-rev-2017/items/D2.Psy.22.9-12,c3-social-studies,D2.Psy.22.9-12,c3-social-studies:D2.Psy.22.9-12,2013 (rev. 2017),0,false,https://www.socialstudies.org/sites/default/files/c3/C3-Framework-for-Social-Studies.pdf
https://education.asfai.org/frameworks/c3-social-studies/versions/2013-rev-2017/items/D2.Psy.23.9-12,c3-social-studies,D2.Psy.23.9-12,c3-social-studies:D2.Psy.23.9-12,2013 (rev. 2017),0,false,https://www.socialstudies.org/sites/default/files/c3/C3-Framework-for-Social-Studies.pdf
https://education.asfai.org/frameworks/c3-social-studies/versions/2013-rev-2017/items/D2.Psy.3.9-12,c3-social-studies,D2.Psy.3.9-12,c3-social-studies:D2.Psy.3.9-12,2013 (rev. 2017),0,false,https://www.socialstudies.org/sites/default/files/c3/C3-Framework-for-Social-Studies.pdf
https://education.asfai.org/frameworks/c3-social-studies/versions/2013-rev-2017/items/D2.Psy.4.9-12,c3-social-studies,D2.Psy.4.9-12,c3-social-studies:D2.Psy.4.9-12,2013 (rev. 2017),0,false,https://www.socialstudies.org/sites/default/files/c3/C3-Framework-for-Social-Studies.pdf
https://education.asfai.org/frameworks/c3-social-studies/versions/2013-rev-2017/items/D2.Psy.5.9-12,c3-social-studies,D2.Psy.5.9-12,c3-social-studies:D2.Psy.5.9-12,2013 (rev. 2017),0,false,https://www.socialstudies.org/sites/default/files/c3/C3-Framework-for-Social-Studies.pdf
https://education.asfai.org/frameworks/c3-social-studies/versions/2013-rev-2017/items/D2.Psy.6.9-12,c3-social-studies,D2.Psy.6.9-12,c3-social-studies:D2.Psy.6.9-12,2013 (rev. 2017),0,false,https://www.socialstudies.org/sites/default/files/c3/C3-Framework-for-Social-Studies.pdf
https://education.asfai.org/frameworks/c3-social-studies/versions/2013-rev-2017/items/D2.Psy.7.9-12,c3-social-studies,D2.Psy.7.9-12,c3-social-studies:D2.Psy.7.9-12,2013 (rev. 2017),0,false,https://www.socialstudies.org/sites/default/files/c3/C3-Framework-for-Social-Studies.pdf
https://education.asfai.org/frameworks/c3-social-studies/versions/2013-rev-2017/items/D2.Psy.8.9-12,c3-social-studies,D2.Psy.8.9-12,c3-social-studies:D2.Psy.8.9-12,2013 (rev. 2017),0,false,https://www.socialstudies.org/sites/default/files/c3/C3-Framework-for-Social-Studies.pdf
https://education.asfai.org/frameworks/c3-social-studies/versions/2013-rev-2017/items/D2.Psy.9.9-12,c3-social-studies,D2.Psy.9.9-12,c3-social-studies:D2.Psy.9.9-12,2013 (rev. 2017),0,false,https://www.socialstudies.org/sites/default/files/c3/C3-Framework-for-Social-Studies.pdf
https://education.asfai.org/frameworks/c3-social-studies/versions/2013-rev-2017/items/D2.Soc.1.9-12,c3-social-studies,D2.Soc.1.9-12,c3-social-studies:D2.Soc.1.9-12,2013 (rev. 2017),0,false,https://www.socialstudies.org/sites/default/files/c3/C3-Framework-for-Social-Studies.pdf
https://education.asfai.org/frameworks/c3-social-studies/versions/2013-rev-2017/items/D2.Soc.10.9-12,c3-social-studies,D2.Soc.10.9-12,c3-social-studies:D2.Soc.10.9-12,2013 (rev. 2017),0,false,https://www.socialstudies.org/sites/default/files/c3/C3-Framework-for-Social-Studies.pdf
https://education.asfai.org/frameworks/c3-social-studies/versions/2013-rev-2017/items/D2.Soc.11.9-12,c3-social-studies,D2.Soc.11.9-12,c3-social-studies:D2.Soc.11.9-12,2013 (rev. 2017),0,false,https://www.socialstudies.org/sites/default/files/c3/C3-Framework-for-Social-Studies.pdf
https://education.asfai.org/frameworks/c3-social-studies/versions/2013-rev-2017/items/D2.Soc.12.9-12,c3-social-studies,D2.Soc.12.9-12,c3-social-studies:D2.Soc.12.9-12,2013 (rev. 2017),0,false,https://www.socialstudies.org/sites/default/files/c3/C3-Framework-for-Social-Studies.pdf
https://education.asfai.org/frameworks/c3-social-studies/versions/2013-rev-2017/items/D2.Soc.13.9-12,c3-social-studies,D2.Soc.13.9-12,c3-social-studies:D2.Soc.13.9-12,2013 (rev. 2017),0,false,https://www.socialstudies.org/sites/default/files/c3/C3-Framework-for-Social-Studies.pdf
https://education.asfai.org/frameworks/c3-social-studies/versions/2013-rev-2017/items/D2.Soc.14.9-12,c3-social-studies,D2.Soc.14.9-12,c3-social-studies:D2.Soc.14.9-12,2013 (rev. 2017),0,false,https://www.socialstudies.org/sites/default/files/c3/C3-Framework-for-Social-Studies.pdf
https://education.asfai.org/frameworks/c3-social-studies/versions/2013-rev-2017/items/D2.Soc.15.9-12,c3-social-studies,D2.Soc.15.9-12,c3-social-studies:D2.Soc.15.9-12,2013 (rev. 2017),0,false,https://www.socialstudies.org/sites/default/files/c3/C3-Framework-for-Social-Studies.pdf
https://education.asfai.org/frameworks/c3-social-studies/versions/2013-rev-2017/items/D2.Soc.16.9-12,c3-social-studies,D2.Soc.16.9-12,c3-social-studies:D2.Soc.16.9-12,2013 (rev. 2017),0,false,https://www.socialstudies.org/sites/default/files/c3/C3-Framework-for-Social-Studies.pdf
https://education.asfai.org/frameworks/c3-social-studies/versions/2013-rev-2017/items/D2.Soc.17.9-12,c3-social-studies,D2.Soc.17.9-12,c3-social-studies:D2.Soc.17.9-12,2013 (rev. 2017),0,false,https://www.socialstudies.org/sites/default/files/c3/C3-Framework-for-Social-Studies.pdf
https://education.asfai.org/frameworks/c3-social-studies/versions/2013-rev-2017/items/D2.Soc.18.9-12,c3-social-studies,D2.Soc.18.9-12,c3-social-studies:D2.Soc.18.9-12,2013 (rev. 2017),0,false,https://www.socialstudies.org/sites/default/files/c3/C3-Framework-for-Social-Studies.pdf
https://education.asfai.org/frameworks/c3-social-studies/versions/2013-rev-2017/items/D2.Soc.2.9-12,c3-social-studies,D2.Soc.2.9-12,c3-social-studies:D2.Soc.2.9-12,2013 (rev. 2017),0,false,https://www.socialstudies.org/sites/default/files/c3/C3-Framework-for-Social-Studies.pdf
https://education.asfai.org/frameworks/c3-social-studies/versions/2013-rev-2017/items/D2.Soc.3.9-12,c3-social-studies,D2.Soc.3.9-12,c3-social-studies:D2.Soc.3.9-12,2013 (rev. 2017),0,false,https://www.socialstudies.org/sites/default/files/c3/C3-Framework-for-Social-Studies.pdf
https://education.asfai.org/frameworks/c3-social-studies/versions/2013-rev-2017/items/D2.Soc.4.9-12,c3-social-studies,D2.Soc.4.9-12,c3-social-studies:D2.Soc.4.9-12,2013 (rev. 2017),0,false,https://www.socialstudies.org/sites/default/files/c3/C3-Framework-for-Social-Studies.pdf
https://education.asfai.org/frameworks/c3-social-studies/versions/2013-rev-2017/items/D2.Soc.5.9-12,c3-social-studies,D2.Soc.5.9-12,c3-social-studies:D2.Soc.5.9-12,2013 (rev. 2017),0,false,https://www.socialstudies.org/sites/default/files/c3/C3-Framework-for-Social-Studies.pdf
https://education.asfai.org/frameworks/c3-social-studies/versions/2013-rev-2017/items/D2.Soc.6.9-12,c3-social-studies,D2.Soc.6.9-12,c3-social-studies:D2.Soc.6.9-12,2013 (rev. 2017),0,false,https://www.socialstudies.org/sites/default/files/c3/C3-Framework-for-Social-Studies.pdf
https://education.asfai.org/frameworks/c3-social-studies/versions/2013-rev-2017/items/D2.Soc.7.9-12,c3-social-studies,D2.Soc.7.9-12,c3-social-studies:D2.Soc.7.9-12,2013 (rev. 2017),0,false,https://www.socialstudies.org/sites/default/files/c3/C3-Framework-for-Social-Studies.pdf
https://education.asfai.org/frameworks/c3-social-studies/versions/2013-rev-2017/items/D2.Soc.8.9-12,c3-social-studies,D2.Soc.8.9-12,c3-social-studies:D2.Soc.8.9-12,2013 (rev. 2017),0,false,https://www.socialstudies.org/sites/default/files/c3/C3-Framework-for-Social-Studies.pdf
https://education.asfai.org/frameworks/c3-social-studies/versions/2013-rev-2017/items/D2.Soc.9.9-12,c3-social-studies,D2.Soc.9.9-12,c3-social-studies:D2.Soc.9.9-12,2013 (rev. 2017),0,false,https://www.socialstudies.org/sites/default/files/c3/C3-Framework-for-Social-Studies.pdf
https://education.asfai.org/frameworks/c3-social-studies/versions/2013-rev-2017/items/D3.1.3-5,c3-social-studies,D3.1.3-5,c3-social-studies:D3.1.3-5,2013 (rev. 2017),0,false,https://www.socialstudies.org/sites/default/files/c3/C3-Framework-for-Social-Studies.pdf
https://education.asfai.org/frameworks/c3-social-studies/versions/2013-rev-2017/items/D3.1.6-8,c3-social-studies,D3.1.6-8,c3-social-studies:D3.1.6-8,2013 (rev. 2017),0,false,https://www.socialstudies.org/sites/default/files/c3/C3-Framework-for-Social-Studies.pdf
https://education.asfai.org/frameworks/c3-social-studies/versions/2013-rev-2017/items/D3.1.9-12,c3-social-studies,D3.1.9-12,c3-social-studies:D3.1.9-12,2013 (rev. 2017),0,false,https://www.socialstudies.org/sites/default/files/c3/C3-Framework-for-Social-Studies.pdf
https://education.asfai.org/frameworks/c3-social-studies/versions/2013-rev-2017/items/D3.1.K-2,c3-social-studies,D3.1.K-2,c3-social-studies:D3.1.K-2,2013 (rev. 2017),0,false,https://www.socialstudies.org/sites/default/files/c3/C3-Framework-for-Social-Studies.pdf
https://education.asfai.org/frameworks/c3-social-studies/versions/2013-rev-2017/items/D3.2.3-5,c3-social-studies,D3.2.3-5,c3-social-studies:D3.2.3-5,2013 (rev. 2017),0,false,https://www.socialstudies.org/sites/default/files/c3/C3-Framework-for-Social-Studies.pdf
https://education.asfai.org/frameworks/c3-social-studies/versions/2013-rev-2017/items/D3.2.6-8,c3-social-studies,D3.2.6-8,c3-social-studies:D3.2.6-8,2013 (rev. 2017),0,false,https://www.socialstudies.org/sites/default/files/c3/C3-Framework-for-Social-Studies.pdf
https://education.asfai.org/frameworks/c3-social-studies/versions/2013-rev-2017/items/D3.2.9-12,c3-social-studies,D3.2.9-12,c3-social-studies:D3.2.9-12,2013 (rev. 2017),0,false,https://www.socialstudies.org/sites/default/files/c3/C3-Framework-for-Social-Studies.pdf
https://education.asfai.org/frameworks/c3-social-studies/versions/2013-rev-2017/items/D3.2.K-2,c3-social-studies,D3.2.K-2,c3-social-studies:D3.2.K-2,2013 (rev. 2017),0,false,https://www.socialstudies.org/sites/default/files/c3/C3-Framework-for-Social-Studies.pdf
https://education.asfai.org/frameworks/c3-social-studies/versions/2013-rev-2017/items/D3.3.3-5,c3-social-studies,D3.3.3-5,c3-social-studies:D3.3.3-5,2013 (rev. 2017),0,false,https://www.socialstudies.org/sites/default/files/c3/C3-Framework-for-Social-Studies.pdf
https://education.asfai.org/frameworks/c3-social-studies/versions/2013-rev-2017/items/D3.3.6-8,c3-social-studies,D3.3.6-8,c3-social-studies:D3.3.6-8,2013 (rev. 2017),0,false,https://www.socialstudies.org/sites/default/files/c3/C3-Framework-for-Social-Studies.pdf
https://education.asfai.org/frameworks/c3-social-studies/versions/2013-rev-2017/items/D3.3.9-12,c3-social-studies,D3.3.9-12,c3-social-studies:D3.3.9-12,2013 (rev. 2017),0,false,https://www.socialstudies.org/sites/default/files/c3/C3-Framework-for-Social-Studies.pdf
https://education.asfai.org/frameworks/c3-social-studies/versions/2013-rev-2017/items/D3.4.3-5,c3-social-studies,D3.4.3-5,c3-social-studies:D3.4.3-5,2013 (rev. 2017),0,false,https://www.socialstudies.org/sites/default/files/c3/C3-Framework-for-Social-Studies.pdf
https://education.asfai.org/frameworks/c3-social-studies/versions/2013-rev-2017/items/D3.4.6-8,c3-social-studies,D3.4.6-8,c3-social-studies:D3.4.6-8,2013 (rev. 2017),0,false,https://www.socialstudies.org/sites/default/files/c3/C3-Framework-for-Social-Studies.pdf
https://education.asfai.org/frameworks/c3-social-studies/versions/2013-rev-2017/items/D3.4.9-12,c3-social-studies,D3.4.9-12,c3-social-studies:D3.4.9-12,2013 (rev. 2017),0,false,https://www.socialstudies.org/sites/default/files/c3/C3-Framework-for-Social-Studies.pdf
https://education.asfai.org/frameworks/c3-social-studies/versions/2013-rev-2017/items/D4.1.3-5,c3-social-studies,D4.1.3-5,c3-social-studies:D4.1.3-5,2013 (rev. 2017),0,false,https://www.socialstudies.org/sites/default/files/c3/C3-Framework-for-Social-Studies.pdf
https://education.asfai.org/frameworks/c3-social-studies/versions/2013-rev-2017/items/D4.1.6-8,c3-social-studies,D4.1.6-8,c3-social-studies:D4.1.6-8,2013 (rev. 2017),0,false,https://www.socialstudies.org/sites/default/files/c3/C3-Framework-for-Social-Studies.pdf
https://education.asfai.org/frameworks/c3-social-studies/versions/2013-rev-2017/items/D4.1.9-12,c3-social-studies,D4.1.9-12,c3-social-studies:D4.1.9-12,2013 (rev. 2017),0,false,https://www.socialstudies.org/sites/default/files/c3/C3-Framework-for-Social-Studies.pdf
https://education.asfai.org/frameworks/c3-social-studies/versions/2013-rev-2017/items/D4.1.K-2,c3-social-studies,D4.1.K-2,c3-social-studies:D4.1.K-2,2013 (rev. 2017),0,false,https://www.socialstudies.org/sites/default/files/c3/C3-Framework-for-Social-Studies.pdf
https://education.asfai.org/frameworks/c3-social-studies/versions/2013-rev-2017/items/D4.2.3-5,c3-social-studies,D4.2.3-5,c3-social-studies:D4.2.3-5,2013 (rev. 2017),0,false,https://www.socialstudies.org/sites/default/files/c3/C3-Framework-for-Social-Studies.pdf
https://education.asfai.org/frameworks/c3-social-studies/versions/2013-rev-2017/items/D4.2.6-8,c3-social-studies,D4.2.6-8,c3-social-studies:D4.2.6-8,2013 (rev. 2017),0,false,https://www.socialstudies.org/sites/default/files/c3/C3-Framework-for-Social-Studies.pdf
https://education.asfai.org/frameworks/c3-social-studies/versions/2013-rev-2017/items/D4.2.9-12,c3-social-studies,D4.2.9-12,c3-social-studies:D4.2.9-12,2013 (rev. 2017),0,false,https://www.socialstudies.org/sites/default/files/c3/C3-Framework-for-Social-Studies.pdf
https://education.asfai.org/frameworks/c3-social-studies/versions/2013-rev-2017/items/D4.2.K-2,c3-social-studies,D4.2.K-2,c3-social-studies:D4.2.K-2,2013 (rev. 2017),0,false,https://www.socialstudies.org/sites/default/files/c3/C3-Framework-for-Social-Studies.pdf
https://education.asfai.org/frameworks/c3-social-studies/versions/2013-rev-2017/items/D4.3.3-5,c3-social-studies,D4.3.3-5,c3-social-studies:D4.3.3-5,2013 (rev. 2017),0,false,https://www.socialstudies.org/sites/default/files/c3/C3-Framework-for-Social-Studies.pdf
https://education.asfai.org/frameworks/c3-social-studies/versions/2013-rev-2017/items/D4.3.6-8,c3-social-studies,D4.3.6-8,c3-social-studies:D4.3.6-8,2013 (rev. 2017),0,false,https://www.socialstudies.org/sites/default/files/c3/C3-Framework-for-Social-Studies.pdf
https://education.asfai.org/frameworks/c3-social-studies/versions/2013-rev-2017/items/D4.3.9-12,c3-social-studies,D4.3.9-12,c3-social-studies:D4.3.9-12,2013 (rev. 2017),0,false,https://www.socialstudies.org/sites/default/files/c3/C3-Framework-for-Social-Studies.pdf
https://education.asfai.org/frameworks/c3-social-studies/versions/2013-rev-2017/items/D4.3.K-2,c3-social-studies,D4.3.K-2,c3-social-studies:D4.3.K-2,2013 (rev. 2017),0,false,https://www.socialstudies.org/sites/default/files/c3/C3-Framework-for-Social-Studies.pdf
https://education.asfai.org/frameworks/c3-social-studies/versions/2013-rev-2017/items/D4.4.3-5,c3-social-studies,D4.4.3-5,c3-social-studies:D4.4.3-5,2013 (rev. 2017),0,false,https://www.socialstudies.org/sites/default/files/c3/C3-Framework-for-Social-Studies.pdf
https://education.asfai.org/frameworks/c3-social-studies/versions/2013-rev-2017/items/D4.4.6-8,c3-social-studies,D4.4.6-8,c3-social-studies:D4.4.6-8,2013 (rev. 2017),0,false,https://www.socialstudies.org/sites/default/files/c3/C3-Framework-for-Social-Studies.pdf
https://education.asfai.org/frameworks/c3-social-studies/versions/2013-rev-2017/items/D4.4.9-12,c3-social-studies,D4.4.9-12,c3-social-studies:D4.4.9-12,2013 (rev. 2017),0,false,https://www.socialstudies.org/sites/default/files/c3/C3-Framework-for-Social-Studies.pdf
https://education.asfai.org/frameworks/c3-social-studies/versions/2013-rev-2017/items/D4.4.K-2,c3-social-studies,D4.4.K-2,c3-social-studies:D4.4.K-2,2013 (rev. 2017),0,false,https://www.socialstudies.org/sites/default/files/c3/C3-Framework-for-Social-Studies.pdf
https://education.asfai.org/frameworks/c3-social-studies/versions/2013-rev-2017/items/D4.5.3-5,c3-social-studies,D4.5.3-5,c3-social-studies:D4.5.3-5,2013 (rev. 2017),0,false,https://www.socialstudies.org/sites/default/files/c3/C3-Framework-for-Social-Studies.pdf
https://education.asfai.org/frameworks/c3-social-studies/versions/2013-rev-2017/items/D4.5.6-8,c3-social-studies,D4.5.6-8,c3-social-studies:D4.5.6-8,2013 (rev. 2017),0,false,https://www.socialstudies.org/sites/default/files/c3/C3-Framework-for-Social-Studies.pdf
https://education.asfai.org/frameworks/c3-social-studies/versions/2013-rev-2017/items/D4.5.9-12,c3-social-studies,D4.5.9-12,c3-social-studies:D4.5.9-12,2013 (rev. 2017),0,false,https://www.socialstudies.org/sites/default/files/c3/C3-Framework-for-Social-Studies.pdf
https://education.asfai.org/frameworks/c3-social-studies/versions/2013-rev-2017/items/D4.5.K-2,c3-social-studies,D4.5.K-2,c3-social-studies:D4.5.K-2,2013 (rev. 2017),0,false,https://www.socialstudies.org/sites/default/files/c3/C3-Framework-for-Social-Studies.pdf
https://education.asfai.org/frameworks/c3-social-studies/versions/2013-rev-2017/items/D4.6.3-5,c3-social-studies,D4.6.3-5,c3-social-studies:D4.6.3-5,2013 (rev. 2017),0,false,https://www.socialstudies.org/sites/default/files/c3/C3-Framework-for-Social-Studies.pdf
https://education.asfai.org/frameworks/c3-social-studies/versions/2013-rev-2017/items/D4.6.6-8,c3-social-studies,D4.6.6-8,c3-social-studies:D4.6.6-8,2013 (rev. 2017),0,false,https://www.socialstudies.org/sites/default/files/c3/C3-Framework-for-Social-Studies.pdf
https://education.asfai.org/frameworks/c3-social-studies/versions/2013-rev-2017/items/D4.6.9-12,c3-social-studies,D4.6.9-12,c3-social-studies:D4.6.9-12,2013 (rev. 2017),0,false,https://www.socialstudies.org/sites/default/files/c3/C3-Framework-for-Social-Studies.pdf
https://education.asfai.org/frameworks/c3-social-studies/versions/2013-rev-2017/items/D4.6.K-2,c3-social-studies,D4.6.K-2,c3-social-studies:D4.6.K-2,2013 (rev. 2017),0,false,https://www.socialstudies.org/sites/default/files/c3/C3-Framework-for-Social-Studies.pdf
https://education.asfai.org/frameworks/c3-social-studies/versions/2013-rev-2017/items/D4.7.3-5,c3-social-studies,D4.7.3-5,c3-social-studies:D4.7.3-5,2013 (rev. 2017),0,false,https://www.socialstudies.org/sites/default/files/c3/C3-Framework-for-Social-Studies.pdf
https://education.asfai.org/frameworks/c3-social-studies/versions/2013-rev-2017/items/D4.7.6-8,c3-social-studies,D4.7.6-8,c3-social-studies:D4.7.6-8,2013 (rev. 2017),0,false,https://www.socialstudies.org/sites/default/files/c3/C3-Framework-for-Social-Studies.pdf
https://education.asfai.org/frameworks/c3-social-studies/versions/2013-rev-2017/items/D4.7.9-12,c3-social-studies,D4.7.9-12,c3-social-studies:D4.7.9-12,2013 (rev. 2017),0,false,https://www.socialstudies.org/sites/default/files/c3/C3-Framework-for-Social-Studies.pdf
https://education.asfai.org/frameworks/c3-social-studies/versions/2013-rev-2017/items/D4.7.K-2,c3-social-studies,D4.7.K-2,c3-social-studies:D4.7.K-2,2013 (rev. 2017),0,false,https://www.socialstudies.org/sites/default/files/c3/C3-Framework-for-Social-Studies.pdf
https://education.asfai.org/frameworks/c3-social-studies/versions/2013-rev-2017/items/D4.8.3-5,c3-social-studies,D4.8.3-5,c3-social-studies:D4.8.3-5,2013 (rev. 2017),0,false,https://www.socialstudies.org/sites/default/files/c3/C3-Framework-for-Social-Studies.pdf
https://education.asfai.org/frameworks/c3-social-studies/versions/2013-rev-2017/items/D4.8.6-8,c3-social-studies,D4.8.6-8,c3-social-studies:D4.8.6-8,2013 (rev. 2017),0,false,https://www.socialstudies.org/sites/default/files/c3/C3-Framework-for-Social-Studies.pdf
https://education.asfai.org/frameworks/c3-social-studies/versions/2013-rev-2017/items/D4.8.9-12,c3-social-studies,D4.8.9-12,c3-social-studies:D4.8.9-12,2013 (rev. 2017),0,false,https://www.socialstudies.org/sites/default/files/c3/C3-Framework-for-Social-Studies.pdf
https://education.asfai.org/frameworks/c3-social-studies/versions/2013-rev-2017/items/D4.8.K-2,c3-social-studies,D4.8.K-2,c3-social-studies:D4.8.K-2,2013 (rev. 2017),0,false,https://www.socialstudies.org/sites/default/files/c3/C3-Framework-for-Social-Studies.pdf
https://education.asfai.org/frameworks/ccss-ela/versions/2010/items/CCRA.R.1,ccss-ela,CCRA.R.1,ccss-ela:CCRA.R.1,2010,0,false,https://corestandards.org/english-language-arts-standards/
https://education.asfai.org/frameworks/ccss-ela/versions/2010/items/CCRA.R.10,ccss-ela,CCRA.R.10,ccss-ela:CCRA.R.10,2010,0,false,https://corestandards.org/english-language-arts-standards/
https://education.asfai.org/frameworks/ccss-ela/versions/2010/items/CCRA.R.2,ccss-ela,CCRA.R.2,ccss-ela:CCRA.R.2,2010,0,false,https://corestandards.org/english-language-arts-standards/
https://education.asfai.org/frameworks/ccss-ela/versions/2010/items/CCRA.R.3,ccss-ela,CCRA.R.3,ccss-ela:CCRA.R.3,2010,0,false,https://corestandards.org/english-language-arts-standards/
https://education.asfai.org/frameworks/ccss-ela/versions/2010/items/CCRA.R.4,ccss-ela,CCRA.R.4,ccss-ela:CCRA.R.4,2010,0,false,https://corestandards.org/english-language-arts-standards/
https://education.asfai.org/frameworks/ccss-ela/versions/2010/items/CCRA.R.5,ccss-ela,CCRA.R.5,ccss-ela:CCRA.R.5,2010,0,false,https://corestandards.org/english-language-arts-standards/
https://education.asfai.org/frameworks/ccss-ela/versions/2010/items/CCRA.R.6,ccss-ela,CCRA.R.6,ccss-ela:CCRA.R.6,2010,0,false,https://corestandards.org/english-language-arts-standards/
https://education.asfai.org/frameworks/ccss-ela/versions/2010/items/CCRA.R.7,ccss-ela,CCRA.R.7,ccss-ela:CCRA.R.7,2010,0,false,https://corestandards.org/english-language-arts-standards/
https://education.asfai.org/frameworks/ccss-ela/versions/2010/items/CCRA.R.8,ccss-ela,CCRA.R.8,ccss-ela:CCRA.R.8,2010,0,false,https://corestandards.org/english-language-arts-standards/
https://education.asfai.org/frameworks/ccss-ela/versions/2010/items/CCRA.R.9,ccss-ela,CCRA.R.9,ccss-ela:CCRA.R.9,2010,0,false,https://corestandards.org/english-language-arts-standards/
https://education.asfai.org/frameworks/ccss-ela/versions/2010/items/CCRA.SL.1,ccss-ela,CCRA.SL.1,ccss-ela:CCRA.SL.1,2010,0,false,https://corestandards.org/english-language-arts-standards/
https://education.asfai.org/frameworks/ccss-ela/versions/2010/items/CCRA.SL.2,ccss-ela,CCRA.SL.2,ccss-ela:CCRA.SL.2,2010,0,false,https://corestandards.org/english-language-arts-standards/
https://education.asfai.org/frameworks/ccss-ela/versions/2010/items/CCRA.SL.3,ccss-ela,CCRA.SL.3,ccss-ela:CCRA.SL.3,2010,0,false,https://corestandards.org/english-language-arts-standards/
https://education.asfai.org/frameworks/ccss-ela/versions/2010/items/CCRA.SL.4,ccss-ela,CCRA.SL.4,ccss-ela:CCRA.SL.4,2010,0,false,https://corestandards.org/english-language-arts-standards/
https://education.asfai.org/frameworks/ccss-ela/versions/2010/items/CCRA.SL.5,ccss-ela,CCRA.SL.5,ccss-ela:CCRA.SL.5,2010,0,false,https://corestandards.org/english-language-arts-standards/
https://education.asfai.org/frameworks/ccss-ela/versions/2010/items/CCRA.SL.6,ccss-ela,CCRA.SL.6,ccss-ela:CCRA.SL.6,2010,0,false,https://corestandards.org/english-language-arts-standards/
https://education.asfai.org/frameworks/ccss-ela/versions/2010/items/CCRA.W.1,ccss-ela,CCRA.W.1,ccss-ela:CCRA.W.1,2010,0,false,https://corestandards.org/english-language-arts-standards/
https://education.asfai.org/frameworks/ccss-ela/versions/2010/items/CCRA.W.10,ccss-ela,CCRA.W.10,ccss-ela:CCRA.W.10,2010,0,false,https://corestandards.org/english-language-arts-standards/
https://education.asfai.org/frameworks/ccss-ela/versions/2010/items/CCRA.W.2,ccss-ela,CCRA.W.2,ccss-ela:CCRA.W.2,2010,0,false,https://corestandards.org/english-language-arts-standards/
https://education.asfai.org/frameworks/ccss-ela/versions/2010/items/CCRA.W.3,ccss-ela,CCRA.W.3,ccss-ela:CCRA.W.3,2010,0,false,https://corestandards.org/english-language-arts-standards/
https://education.asfai.org/frameworks/ccss-ela/versions/2010/items/CCRA.W.4,ccss-ela,CCRA.W.4,ccss-ela:CCRA.W.4,2010,0,false,https://corestandards.org/english-language-arts-standards/
https://education.asfai.org/frameworks/ccss-ela/versions/2010/items/CCRA.W.5,ccss-ela,CCRA.W.5,ccss-ela:CCRA.W.5,2010,0,false,https://corestandards.org/english-language-arts-standards/
https://education.asfai.org/frameworks/ccss-ela/versions/2010/items/CCRA.W.6,ccss-ela,CCRA.W.6,ccss-ela:CCRA.W.6,2010,0,false,https://corestandards.org/english-language-arts-standards/
https://education.asfai.org/frameworks/ccss-ela/versions/2010/items/CCRA.W.7,ccss-ela,CCRA.W.7,ccss-ela:CCRA.W.7,2010,0,false,https://corestandards.org/english-language-arts-standards/
https://education.asfai.org/frameworks/ccss-ela/versions/2010/items/CCRA.W.8,ccss-ela,CCRA.W.8,ccss-ela:CCRA.W.8,2010,0,false,https://corestandards.org/english-language-arts-standards/
https://education.asfai.org/frameworks/ccss-ela/versions/2010/items/CCRA.W.9,ccss-ela,CCRA.W.9,ccss-ela:CCRA.W.9,2010,0,false,https://corestandards.org/english-language-arts-standards/
https://education.asfai.org/frameworks/ccss-ela/versions/2010/items/CCSS.ELA-Literacy.CCRA.SL.1,ccss-ela,CCSS.ELA-Literacy.CCRA.SL.1,ccss-ela:CCSS.ELA-Literacy.CCRA.SL.1,2010,0,false,https://corestandards.org/english-language-arts-standards/
https://education.asfai.org/frameworks/ccss-ela/versions/2010/items/CCSS.ELA-Literacy.CCRA.SL.2,ccss-ela,CCSS.ELA-Literacy.CCRA.SL.2,ccss-ela:CCSS.ELA-Literacy.CCRA.SL.2,2010,0,false,https://corestandards.org/english-language-arts-standards/
https://education.asfai.org/frameworks/ccss-ela/versions/2010/items/CCSS.ELA-Literacy.CCRA.SL.3,ccss-ela,CCSS.ELA-Literacy.CCRA.SL.3,ccss-ela:CCSS.ELA-Literacy.CCRA.SL.3,2010,0,false,https://corestandards.org/english-language-arts-standards/
https://education.asfai.org/frameworks/ccss-ela/versions/2010/items/CCSS.ELA-Literacy.CCRA.SL.4,ccss-ela,CCSS.ELA-Literacy.CCRA.SL.4,ccss-ela:CCSS.ELA-Literacy.CCRA.SL.4,2010,0,false,https://corestandards.org/english-language-arts-standards/
https://education.asfai.org/frameworks/ccss-ela/versions/2010/items/CCSS.ELA-Literacy.CCRA.SL.5,ccss-ela,CCSS.ELA-Literacy.CCRA.SL.5,ccss-ela:CCSS.ELA-Literacy.CCRA.SL.5,2010,0,false,https://corestandards.org/english-language-arts-standards/
https://education.asfai.org/frameworks/ccss-ela/versions/2010/items/CCSS.ELA-Literacy.CCRA.SL.6,ccss-ela,CCSS.ELA-Literacy.CCRA.SL.6,ccss-ela:CCSS.ELA-Literacy.CCRA.SL.6,2010,0,false,https://corestandards.org/english-language-arts-standards/
https://education.asfai.org/frameworks/ccss-ela/versions/2010/items/CCSS.ELA-Literacy.SL.11-12.1,ccss-ela,CCSS.ELA-Literacy.SL.11-12.1,ccss-ela:CCSS.ELA-Literacy.SL.11-12.1,2010,0,false,https://corestandards.org/english-language-arts-standards/
https://education.asfai.org/frameworks/ccss-ela/versions/2010/items/CCSS.ELA-Literacy.SL.11-12.1a,ccss-ela,CCSS.ELA-Literacy.SL.11-12.1a,ccss-ela:CCSS.ELA-Literacy.SL.11-12.1a,2010,0,false,https://corestandards.org/english-language-arts-standards/
https://education.asfai.org/frameworks/ccss-ela/versions/2010/items/CCSS.ELA-Literacy.SL.11-12.1b,ccss-ela,CCSS.ELA-Literacy.SL.11-12.1b,ccss-ela:CCSS.ELA-Literacy.SL.11-12.1b,2010,0,false,https://corestandards.org/english-language-arts-standards/
https://education.asfai.org/frameworks/ccss-ela/versions/2010/items/CCSS.ELA-Literacy.SL.11-12.1c,ccss-ela,CCSS.ELA-Literacy.SL.11-12.1c,ccss-ela:CCSS.ELA-Literacy.SL.11-12.1c,2010,0,false,https://corestandards.org/english-language-arts-standards/
https://education.asfai.org/frameworks/ccss-ela/versions/2010/items/CCSS.ELA-Literacy.SL.11-12.1d,ccss-ela,CCSS.ELA-Literacy.SL.11-12.1d,ccss-ela:CCSS.ELA-Literacy.SL.11-12.1d,2010,0,false,https://corestandards.org/english-language-arts-standards/
https://education.asfai.org/frameworks/ccss-ela/versions/2010/items/CCSS.ELA-Literacy.SL.11-12.2,ccss-ela,CCSS.ELA-Literacy.SL.11-12.2,ccss-ela:CCSS.ELA-Literacy.SL.11-12.2,2010,0,false,https://corestandards.org/english-language-arts-standards/
https://education.asfai.org/frameworks/ccss-ela/versions/2010/items/CCSS.ELA-Literacy.SL.11-12.3,ccss-ela,CCSS.ELA-Literacy.SL.11-12.3,ccss-ela:CCSS.ELA-Literacy.SL.11-12.3,2010,0,false,https://corestandards.org/english-language-arts-standards/
https://education.asfai.org/frameworks/ccss-ela/versions/2010/items/CCSS.ELA-Literacy.SL.11-12.4,ccss-ela,CCSS.ELA-Literacy.SL.11-12.4,ccss-ela:CCSS.ELA-Literacy.SL.11-12.4,2010,0,false,https://corestandards.org/english-language-arts-standards/
https://education.asfai.org/frameworks/ccss-ela/versions/2010/items/CCSS.ELA-Literacy.SL.11-12.5,ccss-ela,CCSS.ELA-Literacy.SL.11-12.5,ccss-ela:CCSS.ELA-Literacy.SL.11-12.5,2010,0,false,https://corestandards.org/english-language-arts-standards/
https://education.asfai.org/frameworks/ccss-ela/versions/2010/items/CCSS.ELA-Literacy.SL.11-12.6,ccss-ela,CCSS.ELA-Literacy.SL.11-12.6,ccss-ela:CCSS.ELA-Literacy.SL.11-12.6,2010,0,false,https://corestandards.org/english-language-arts-standards/
https://education.asfai.org/frameworks/ccss-ela/versions/2010/items/CCSS.ELA-Literacy.SL.6.1,ccss-ela,CCSS.ELA-Literacy.SL.6.1,ccss-ela:CCSS.ELA-Literacy.SL.6.1,2010,0,false,https://corestandards.org/english-language-arts-standards/
https://education.asfai.org/frameworks/ccss-ela/versions/2010/items/CCSS.ELA-Literacy.SL.6.1a,ccss-ela,CCSS.ELA-Literacy.SL.6.1a,ccss-ela:CCSS.ELA-Literacy.SL.6.1a,2010,0,false,https://corestandards.org/english-language-arts-standards/
https://education.asfai.org/frameworks/ccss-ela/versions/2010/items/CCSS.ELA-Literacy.SL.6.1b,ccss-ela,CCSS.ELA-Literacy.SL.6.1b,ccss-ela:CCSS.ELA-Literacy.SL.6.1b,2010,0,false,https://corestandards.org/english-language-arts-standards/
https://education.asfai.org/frameworks/ccss-ela/versions/2010/items/CCSS.ELA-Literacy.SL.6.1c,ccss-ela,CCSS.ELA-Literacy.SL.6.1c,ccss-ela:CCSS.ELA-Literacy.SL.6.1c,2010,0,false,https://corestandards.org/english-language-arts-standards/
https://education.asfai.org/frameworks/ccss-ela/versions/2010/items/CCSS.ELA-Literacy.SL.6.1d,ccss-ela,CCSS.ELA-Literacy.SL.6.1d,ccss-ela:CCSS.ELA-Literacy.SL.6.1d,2010,0,false,https://corestandards.org/english-language-arts-standards/
https://education.asfai.org/frameworks/ccss-ela/versions/2010/items/CCSS.ELA-Literacy.SL.6.2,ccss-ela,CCSS.ELA-Literacy.SL.6.2,ccss-ela:CCSS.ELA-Literacy.SL.6.2,2010,0,false,https://corestandards.org/english-language-arts-standards/
https://education.asfai.org/frameworks/ccss-ela/versions/2010/items/CCSS.ELA-Literacy.SL.6.3,ccss-ela,CCSS.ELA-Literacy.SL.6.3,ccss-ela:CCSS.ELA-Literacy.SL.6.3,2010,0,false,https://corestandards.org/english-language-arts-standards/
https://education.asfai.org/frameworks/ccss-ela/versions/2010/items/CCSS.ELA-Literacy.SL.6.4,ccss-ela,CCSS.ELA-Literacy.SL.6.4,ccss-ela:CCSS.ELA-Literacy.SL.6.4,2010,0,false,https://corestandards.org/english-language-arts-standards/
https://education.asfai.org/frameworks/ccss-ela/versions/2010/items/CCSS.ELA-Literacy.SL.6.5,ccss-ela,CCSS.ELA-Literacy.SL.6.5,ccss-ela:CCSS.ELA-Literacy.SL.6.5,2010,0,false,https://corestandards.org/english-language-arts-standards/
https://education.asfai.org/frameworks/ccss-ela/versions/2010/items/CCSS.ELA-Literacy.SL.6.6,ccss-ela,CCSS.ELA-Literacy.SL.6.6,ccss-ela:CCSS.ELA-Literacy.SL.6.6,2010,0,false,https://corestandards.org/english-language-arts-standards/
https://education.asfai.org/frameworks/ccss-ela/versions/2010/items/CCSS.ELA-Literacy.SL.7.1,ccss-ela,CCSS.ELA-Literacy.SL.7.1,ccss-ela:CCSS.ELA-Literacy.SL.7.1,2010,0,false,https://corestandards.org/english-language-arts-standards/
https://education.asfai.org/frameworks/ccss-ela/versions/2010/items/CCSS.ELA-Literacy.SL.7.1a,ccss-ela,CCSS.ELA-Literacy.SL.7.1a,ccss-ela:CCSS.ELA-Literacy.SL.7.1a,2010,0,false,https://corestandards.org/english-language-arts-standards/
https://education.asfai.org/frameworks/ccss-ela/versions/2010/items/CCSS.ELA-Literacy.SL.7.1b,ccss-ela,CCSS.ELA-Literacy.SL.7.1b,ccss-ela:CCSS.ELA-Literacy.SL.7.1b,2010,0,false,https://corestandards.org/english-language-arts-standards/
https://education.asfai.org/frameworks/ccss-ela/versions/2010/items/CCSS.ELA-Literacy.SL.7.1c,ccss-ela,CCSS.ELA-Literacy.SL.7.1c,ccss-ela:CCSS.ELA-Literacy.SL.7.1c,2010,0,false,https://corestandards.org/english-language-arts-standards/
https://education.asfai.org/frameworks/ccss-ela/versions/2010/items/CCSS.ELA-Literacy.SL.7.1d,ccss-ela,CCSS.ELA-Literacy.SL.7.1d,ccss-ela:CCSS.ELA-Literacy.SL.7.1d,2010,0,false,https://corestandards.org/english-language-arts-standards/
https://education.asfai.org/frameworks/ccss-ela/versions/2010/items/CCSS.ELA-Literacy.SL.7.2,ccss-ela,CCSS.ELA-Literacy.SL.7.2,ccss-ela:CCSS.ELA-Literacy.SL.7.2,2010,0,false,https://corestandards.org/english-language-arts-standards/
https://education.asfai.org/frameworks/ccss-ela/versions/2010/items/CCSS.ELA-Literacy.SL.7.3,ccss-ela,CCSS.ELA-Literacy.SL.7.3,ccss-ela:CCSS.ELA-Literacy.SL.7.3,2010,0,false,https://corestandards.org/english-language-arts-standards/
https://education.asfai.org/frameworks/ccss-ela/versions/2010/items/CCSS.ELA-Literacy.SL.7.4,ccss-ela,CCSS.ELA-Literacy.SL.7.4,ccss-ela:CCSS.ELA-Literacy.SL.7.4,2010,0,false,https://corestandards.org/english-language-arts-standards/
https://education.asfai.org/frameworks/ccss-ela/versions/2010/items/CCSS.ELA-Literacy.SL.7.5,ccss-ela,CCSS.ELA-Literacy.SL.7.5,ccss-ela:CCSS.ELA-Literacy.SL.7.5,2010,0,false,https://corestandards.org/english-language-arts-standards/
https://education.asfai.org/frameworks/ccss-ela/versions/2010/items/CCSS.ELA-Literacy.SL.7.6,ccss-ela,CCSS.ELA-Literacy.SL.7.6,ccss-ela:CCSS.ELA-Literacy.SL.7.6,2010,0,false,https://corestandards.org/english-language-arts-standards/
https://education.asfai.org/frameworks/ccss-ela/versions/2010/items/CCSS.ELA-Literacy.SL.8.1,ccss-ela,CCSS.ELA-Literacy.SL.8.1,ccss-ela:CCSS.ELA-Literacy.SL.8.1,2010,0,false,https://corestandards.org/english-language-arts-standards/
https://education.asfai.org/frameworks/ccss-ela/versions/2010/items/CCSS.ELA-Literacy.SL.8.1a,ccss-ela,CCSS.ELA-Literacy.SL.8.1a,ccss-ela:CCSS.ELA-Literacy.SL.8.1a,2010,0,false,https://corestandards.org/english-language-arts-standards/
https://education.asfai.org/frameworks/ccss-ela/versions/2010/items/CCSS.ELA-Literacy.SL.8.1b,ccss-ela,CCSS.ELA-Literacy.SL.8.1b,ccss-ela:CCSS.ELA-Literacy.SL.8.1b,2010,0,false,https://corestandards.org/english-language-arts-standards/
https://education.asfai.org/frameworks/ccss-ela/versions/2010/items/CCSS.ELA-Literacy.SL.8.1c,ccss-ela,CCSS.ELA-Literacy.SL.8.1c,ccss-ela:CCSS.ELA-Literacy.SL.8.1c,2010,0,false,https://corestandards.org/english-language-arts-standards/
https://education.asfai.org/frameworks/ccss-ela/versions/2010/items/CCSS.ELA-Literacy.SL.8.1d,ccss-ela,CCSS.ELA-Literacy.SL.8.1d,ccss-ela:CCSS.ELA-Literacy.SL.8.1d,2010,0,false,https://corestandards.org/english-language-arts-standards/
https://education.asfai.org/frameworks/ccss-ela/versions/2010/items/CCSS.ELA-Literacy.SL.8.2,ccss-ela,CCSS.ELA-Literacy.SL.8.2,ccss-ela:CCSS.ELA-Literacy.SL.8.2,2010,0,false,https://corestandards.org/english-language-arts-standards/
https://education.asfai.org/frameworks/ccss-ela/versions/2010/items/CCSS.ELA-Literacy.SL.8.3,ccss-ela,CCSS.ELA-Literacy.SL.8.3,ccss-ela:CCSS.ELA-Literacy.SL.8.3,2010,0,false,https://corestandards.org/english-language-arts-standards/
https://education.asfai.org/frameworks/ccss-ela/versions/2010/items/CCSS.ELA-Literacy.SL.8.4,ccss-ela,CCSS.ELA-Literacy.SL.8.4,ccss-ela:CCSS.ELA-Literacy.SL.8.4,2010,0,false,https://corestandards.org/english-language-arts-standards/
https://education.asfai.org/frameworks/ccss-ela/versions/2010/items/CCSS.ELA-Literacy.SL.8.5,ccss-ela,CCSS.ELA-Literacy.SL.8.5,ccss-ela:CCSS.ELA-Literacy.SL.8.5,2010,0,false,https://corestandards.org/english-language-arts-standards/
https://education.asfai.org/frameworks/ccss-ela/versions/2010/items/CCSS.ELA-Literacy.SL.8.6,ccss-ela,CCSS.ELA-Literacy.SL.8.6,ccss-ela:CCSS.ELA-Literacy.SL.8.6,2010,0,false,https://corestandards.org/english-language-arts-standards/
https://education.asfai.org/frameworks/ccss-ela/versions/2010/items/CCSS.ELA-Literacy.SL.9-10.1,ccss-ela,CCSS.ELA-Literacy.SL.9-10.1,ccss-ela:CCSS.ELA-Literacy.SL.9-10.1,2010,0,false,https://corestandards.org/english-language-arts-standards/
https://education.asfai.org/frameworks/ccss-ela/versions/2010/items/CCSS.ELA-Literacy.SL.9-10.1a,ccss-ela,CCSS.ELA-Literacy.SL.9-10.1a,ccss-ela:CCSS.ELA-Literacy.SL.9-10.1a,2010,0,false,https://corestandards.org/english-language-arts-standards/
https://education.asfai.org/frameworks/ccss-ela/versions/2010/items/CCSS.ELA-Literacy.SL.9-10.1b,ccss-ela,CCSS.ELA-Literacy.SL.9-10.1b,ccss-ela:CCSS.ELA-Literacy.SL.9-10.1b,2010,0,false,https://corestandards.org/english-language-arts-standards/
https://education.asfai.org/frameworks/ccss-ela/versions/2010/items/CCSS.ELA-Literacy.SL.9-10.1c,ccss-ela,CCSS.ELA-Literacy.SL.9-10.1c,ccss-ela:CCSS.ELA-Literacy.SL.9-10.1c,2010,0,false,https://corestandards.org/english-language-arts-standards/
https://education.asfai.org/frameworks/ccss-ela/versions/2010/items/CCSS.ELA-Literacy.SL.9-10.1d,ccss-ela,CCSS.ELA-Literacy.SL.9-10.1d,ccss-ela:CCSS.ELA-Literacy.SL.9-10.1d,2010,0,false,https://corestandards.org/english-language-arts-standards/
https://education.asfai.org/frameworks/ccss-ela/versions/2010/items/CCSS.ELA-Literacy.SL.9-10.2,ccss-ela,CCSS.ELA-Literacy.SL.9-10.2,ccss-ela:CCSS.ELA-Literacy.SL.9-10.2,2010,0,false,https://corestandards.org/english-language-arts-standards/
https://education.asfai.org/frameworks/ccss-ela/versions/2010/items/CCSS.ELA-Literacy.SL.9-10.3,ccss-ela,CCSS.ELA-Literacy.SL.9-10.3,ccss-ela:CCSS.ELA-Literacy.SL.9-10.3,2010,0,false,https://corestandards.org/english-language-arts-standards/
https://education.asfai.org/frameworks/ccss-ela/versions/2010/items/CCSS.ELA-Literacy.SL.9-10.4,ccss-ela,CCSS.ELA-Literacy.SL.9-10.4,ccss-ela:CCSS.ELA-Literacy.SL.9-10.4,2010,0,false,https://corestandards.org/english-language-arts-standards/
https://education.asfai.org/frameworks/ccss-ela/versions/2010/items/CCSS.ELA-Literacy.SL.9-10.5,ccss-ela,CCSS.ELA-Literacy.SL.9-10.5,ccss-ela:CCSS.ELA-Literacy.SL.9-10.5,2010,0,false,https://corestandards.org/english-language-arts-standards/
https://education.asfai.org/frameworks/ccss-ela/versions/2010/items/CCSS.ELA-Literacy.SL.9-10.6,ccss-ela,CCSS.ELA-Literacy.SL.9-10.6,ccss-ela:CCSS.ELA-Literacy.SL.9-10.6,2010,0,false,https://corestandards.org/english-language-arts-standards/
https://education.asfai.org/frameworks/ccss-ela/versions/2010/items/L.1.1,ccss-ela,L.1.1,ccss-ela:L.1.1,2010,0,false,https://corestandards.org/english-language-arts-standards/
https://education.asfai.org/frameworks/ccss-ela/versions/2010/items/L.1.1a,ccss-ela,L.1.1a,ccss-ela:L.1.1a,2010,1,false,https://corestandards.org/english-language-arts-standards/
https://education.asfai.org/frameworks/ccss-ela/versions/2010/items/L.1.1b,ccss-ela,L.1.1b,ccss-ela:L.1.1b,2010,0,false,https://corestandards.org/english-language-arts-standards/
https://education.asfai.org/frameworks/ccss-ela/versions/2010/items/L.1.1c,ccss-ela,L.1.1c,ccss-ela:L.1.1c,2010,1,false,https://corestandards.org/english-language-arts-standards/
https://education.asfai.org/frameworks/ccss-ela/versions/2010/items/L.1.1d,ccss-ela,L.1.1d,ccss-ela:L.1.1d,2010,0,false,https://corestandards.org/english-language-arts-standards/
https://education.asfai.org/frameworks/ccss-ela/versions/2010/items/L.1.1e,ccss-ela,L.1.1e,ccss-ela:L.1.1e,2010,0,false,https://corestandards.org/english-language-arts-standards/
https://education.asfai.org/frameworks/ccss-ela/versions/2010/items/L.1.1f,ccss-ela,L.1.1f,ccss-ela:L.1.1f,2010,0,false,https://corestandards.org/english-language-arts-standards/
https://education.asfai.org/frameworks/ccss-ela/versions/2010/items/L.1.1g,ccss-ela,L.1.1g,ccss-ela:L.1.1g,2010,1,false,https://corestandards.org/english-language-arts-standards/
https://education.asfai.org/frameworks/ccss-ela/versions/2010/items/L.1.1h,ccss-ela,L.1.1h,ccss-ela:L.1.1h,2010,1,false,https://corestandards.org/english-language-arts-standards/
https://education.asfai.org/frameworks/ccss-ela/versions/2010/items/L.1.1i,ccss-ela,L.1.1i,ccss-ela:L.1.1i,2010,1,false,https://corestandards.org/english-language-arts-standards/
https://education.asfai.org/frameworks/ccss-ela/versions/2010/items/L.1.1j,ccss-ela,L.1.1j,ccss-ela:L.1.1j,2010,1,false,https://corestandards.org/english-language-arts-standards/
https://education.asfai.org/frameworks/ccss-ela/versions/2010/items/L.1.2,ccss-ela,L.1.2,ccss-ela:L.1.2,2010,0,false,https://corestandards.org/english-language-arts-standards/
https://education.asfai.org/frameworks/ccss-ela/versions/2010/items/L.1.2a,ccss-ela,L.1.2a,ccss-ela:L.1.2a,2010,2,false,https://corestandards.org/english-language-arts-standards/
https://education.asfai.org/frameworks/ccss-ela/versions/2010/items/L.1.2b,ccss-ela,L.1.2b,ccss-ela:L.1.2b,2010,2,false,https://corestandards.org/english-language-arts-standards/
https://education.asfai.org/frameworks/ccss-ela/versions/2010/items/L.1.2c,ccss-ela,L.1.2c,ccss-ela:L.1.2c,2010,1,false,https://corestandards.org/english-language-arts-standards/
https://education.asfai.org/frameworks/ccss-ela/versions/2010/items/L.1.2d,ccss-ela,L.1.2d,ccss-ela:L.1.2d,2010,3,false,https://corestandards.org/english-language-arts-standards/
https://education.asfai.org/frameworks/ccss-ela/versions/2010/items/L.1.2e,ccss-ela,L.1.2e,ccss-ela:L.1.2e,2010,2,false,https://corestandards.org/english-language-arts-standards/
https://education.asfai.org/frameworks/ccss-ela/versions/2010/items/L.1.4,ccss-ela,L.1.4,ccss-ela:L.1.4,2010,1,false,https://corestandards.org/english-language-arts-standards/
https://education.asfai.org/frameworks/ccss-ela/versions/2010/items/L.1.4a,ccss-ela,L.1.4a,ccss-ela:L.1.4a,2010,1,false,https://corestandards.org/english-language-arts-standards/
https://education.asfai.org/frameworks/ccss-ela/versions/2010/items/L.1.4b,ccss-ela,L.1.4b,ccss-ela:L.1.4b,2010,2,false,https://corestandards.org/english-language-arts-standards/
https://education.asfai.org/frameworks/ccss-ela/versions/2010/items/L.1.4c,ccss-ela,L.1.4c,ccss-ela:L.1.4c,2010,1,false,https://corestandards.org/english-language-arts-standards/
https://education.asfai.org/frameworks/ccss-ela/versions/2010/items/L.1.5,ccss-ela,L.1.5,ccss-ela:L.1.5,2010,0,false,https://corestandards.org/english-language-arts-standards/
https://education.asfai.org/frameworks/ccss-ela/versions/2010/items/L.1.5a,ccss-ela,L.1.5a,ccss-ela:L.1.5a,2010,2,false,https://corestandards.org/english-language-arts-standards/
https://education.asfai.org/frameworks/ccss-ela/versions/2010/items/L.1.5b,ccss-ela,L.1.5b,ccss-ela:L.1.5b,2010,1,false,https://corestandards.org/english-language-arts-standards/
https://education.asfai.org/frameworks/ccss-ela/versions/2010/items/L.1.5c,ccss-ela,L.1.5c,ccss-ela:L.1.5c,2010,2,false,https://corestandards.org/english-language-arts-standards/
https://education.asfai.org/frameworks/ccss-ela/versions/2010/items/L.1.5d,ccss-ela,L.1.5d,ccss-ela:L.1.5d,2010,1,false,https://corestandards.org/english-language-arts-standards/
https://education.asfai.org/frameworks/ccss-ela/versions/2010/items/L.1.6,ccss-ela,L.1.6,ccss-ela:L.1.6,2010,1,false,https://corestandards.org/english-language-arts-standards/
https://education.asfai.org/frameworks/ccss-ela/versions/2010/items/L.11-12.1,ccss-ela,L.11-12.1,ccss-ela:L.11-12.1,2010,0,false,https://corestandards.org/english-language-arts-standards/
https://education.asfai.org/frameworks/ccss-ela/versions/2010/items/L.11-12.1a,ccss-ela,L.11-12.1a,ccss-ela:L.11-12.1a,2010,0,false,https://corestandards.org/english-language-arts-standards/
https://education.asfai.org/frameworks/ccss-ela/versions/2010/items/L.11-12.1b,ccss-ela,L.11-12.1b,ccss-ela:L.11-12.1b,2010,0,false,https://corestandards.org/english-language-arts-standards/
https://education.asfai.org/frameworks/ccss-ela/versions/2010/items/L.11-12.2,ccss-ela,L.11-12.2,ccss-ela:L.11-12.2,2010,0,false,https://corestandards.org/english-language-arts-standards/
https://education.asfai.org/frameworks/ccss-ela/versions/2010/items/L.11-12.2a,ccss-ela,L.11-12.2a,ccss-ela:L.11-12.2a,2010,0,false,https://corestandards.org/english-language-arts-standards/
https://education.asfai.org/frameworks/ccss-ela/versions/2010/items/L.11-12.2b,ccss-ela,L.11-12.2b,ccss-ela:L.11-12.2b,2010,0,false,https://corestandards.org/english-language-arts-standards/
https://education.asfai.org/frameworks/ccss-ela/versions/2010/items/L.11-12.3,ccss-ela,L.11-12.3,ccss-ela:L.11-12.3,2010,0,false,https://corestandards.org/english-language-arts-standards/
https://education.asfai.org/frameworks/ccss-ela/versions/2010/items/L.11-12.3a,ccss-ela,L.11-12.3a,ccss-ela:L.11-12.3a,2010,0,false,https://corestandards.org/english-language-arts-standards/
https://education.asfai.org/frameworks/ccss-ela/versions/2010/items/L.11-12.4,ccss-ela,L.11-12.4,ccss-ela:L.11-12.4,2010,0,false,https://corestandards.org/english-language-arts-standards/
https://education.asfai.org/frameworks/ccss-ela/versions/2010/items/L.11-12.4a,ccss-ela,L.11-12.4a,ccss-ela:L.11-12.4a,2010,0,false,https://corestandards.org/english-language-arts-standards/
https://education.asfai.org/frameworks/ccss-ela/versions/2010/items/L.11-12.4b,ccss-ela,L.11-12.4b,ccss-ela:L.11-12.4b,2010,0,false,https://corestandards.org/english-language-arts-standards/
https://education.asfai.org/frameworks/ccss-ela/versions/2010/items/L.11-12.4c,ccss-ela,L.11-12.4c,ccss-ela:L.11-12.4c,2010,0,false,https://corestandards.org/english-language-arts-standards/
https://education.asfai.org/frameworks/ccss-ela/versions/2010/items/L.11-12.4d,ccss-ela,L.11-12.4d,ccss-ela:L.11-12.4d,2010,0,false,https://corestandards.org/english-language-arts-standards/
https://education.asfai.org/frameworks/ccss-ela/versions/2010/items/L.11-12.5,ccss-ela,L.11-12.5,ccss-ela:L.11-12.5,2010,0,false,https://corestandards.org/english-language-arts-standards/
https://education.asfai.org/frameworks/ccss-ela/versions/2010/items/L.11-12.5a,ccss-ela,L.11-12.5a,ccss-ela:L.11-12.5a,2010,0,false,https://corestandards.org/english-language-arts-standards/
https://education.asfai.org/frameworks/ccss-ela/versions/2010/items/L.11-12.5b,ccss-ela,L.11-12.5b,ccss-ela:L.11-12.5b,2010,0,false,https://corestandards.org/english-language-arts-standards/
https://education.asfai.org/frameworks/ccss-ela/versions/2010/items/L.11-12.6,ccss-ela,L.11-12.6,ccss-ela:L.11-12.6,2010,0,false,https://corestandards.org/english-language-arts-standards/
https://education.asfai.org/frameworks/ccss-ela/versions/2010/items/L.2.1,ccss-ela,L.2.1,ccss-ela:L.2.1,2010,0,false,https://corestandards.org/english-language-arts-standards/
https://education.asfai.org/frameworks/ccss-ela/versions/2010/items/L.2.1a,ccss-ela,L.2.1a,ccss-ela:L.2.1a,2010,1,false,https://corestandards.org/english-language-arts-standards/
https://education.asfai.org/frameworks/ccss-ela/versions/2010/items/L.2.1b,ccss-ela,L.2.1b,ccss-ela:L.2.1b,2010,1,false,https://corestandards.org/english-language-arts-standards/
https://education.asfai.org/frameworks/ccss-ela/versions/2010/items/L.2.1c,ccss-ela,L.2.1c,ccss-ela:L.2.1c,2010,0,false,https://corestandards.org/english-language-arts-standards/
https://education.asfai.org/frameworks/ccss-ela/versions/2010/items/L.2.1d,ccss-ela,L.2.1d,ccss-ela:L.2.1d,2010,0,false,https://corestandards.org/english-language-arts-standards/
https://education.asfai.org/frameworks/ccss-ela/versions/2010/items/L.2.1e,ccss-ela,L.2.1e,ccss-ela:L.2.1e,2010,0,false,https://corestandards.org/english-language-arts-standards/
https://education.asfai.org/frameworks/ccss-ela/versions/2010/items/L.2.1f,ccss-ela,L.2.1f,ccss-ela:L.2.1f,2010,1,false,https://corestandards.org/english-language-arts-standards/
https://education.asfai.org/frameworks/ccss-ela/versions/2010/items/L.2.2,ccss-ela,L.2.2,ccss-ela:L.2.2,2010,0,false,https://corestandards.org/english-language-arts-standards/
https://education.asfai.org/frameworks/ccss-ela/versions/2010/items/L.2.2a,ccss-ela,L.2.2a,ccss-ela:L.2.2a,2010,1,false,https://corestandards.org/english-language-arts-standards/
https://education.asfai.org/frameworks/ccss-ela/versions/2010/items/L.2.2b,ccss-ela,L.2.2b,ccss-ela:L.2.2b,2010,1,false,https://corestandards.org/english-language-arts-standards/
https://education.asfai.org/frameworks/ccss-ela/versions/2010/items/L.2.2c,ccss-ela,L.2.2c,ccss-ela:L.2.2c,2010,0,false,https://corestandards.org/english-language-arts-standards/
https://education.asfai.org/frameworks/ccss-ela/versions/2010/items/L.2.2d,ccss-ela,L.2.2d,ccss-ela:L.2.2d,2010,1,false,https://corestandards.org/english-language-arts-standards/
https://education.asfai.org/frameworks/ccss-ela/versions/2010/items/L.2.2e,ccss-ela,L.2.2e,ccss-ela:L.2.2e,2010,1,false,https://corestandards.org/english-language-arts-standards/
https://education.asfai.org/frameworks/ccss-ela/versions/2010/items/L.2.3,ccss-ela,L.2.3,ccss-ela:L.2.3,2010,1,false,https://corestandards.org/english-language-arts-standards/
https://education.asfai.org/frameworks/ccss-ela/versions/2010/items/L.2.3a,ccss-ela,L.2.3a,ccss-ela:L.2.3a,2010,1,false,https://corestandards.org/english-language-arts-standards/
https://education.asfai.org/frameworks/ccss-ela/versions/2010/items/L.2.4,ccss-ela,L.2.4,ccss-ela:L.2.4,2010,1,false,https://corestandards.org/english-language-arts-standards/
https://education.asfai.org/frameworks/ccss-ela/versions/2010/items/L.2.4a,ccss-ela,L.2.4a,ccss-ela:L.2.4a,2010,1,false,https://corestandards.org/english-language-arts-standards/
https://education.asfai.org/frameworks/ccss-ela/versions/2010/items/L.2.4b,ccss-ela,L.2.4b,ccss-ela:L.2.4b,2010,1,false,https://corestandards.org/english-language-arts-standards/
https://education.asfai.org/frameworks/ccss-ela/versions/2010/items/L.2.4c,ccss-ela,L.2.4c,ccss-ela:L.2.4c,2010,1,false,https://corestandards.org/english-language-arts-standards/
https://education.asfai.org/frameworks/ccss-ela/versions/2010/items/L.2.4d,ccss-ela,L.2.4d,ccss-ela:L.2.4d,2010,1,false,https://corestandards.org/english-language-arts-standards/
https://education.asfai.org/frameworks/ccss-ela/versions/2010/items/L.2.4e,ccss-ela,L.2.4e,ccss-ela:L.2.4e,2010,0,false,https://corestandards.org/english-language-arts-standards/
https://education.asfai.org/frameworks/ccss-ela/versions/2010/items/L.2.5,ccss-ela,L.2.5,ccss-ela:L.2.5,2010,1,false,https://corestandards.org/english-language-arts-standards/
https://education.asfai.org/frameworks/ccss-ela/versions/2010/items/L.2.5a,ccss-ela,L.2.5a,ccss-ela:L.2.5a,2010,1,false,https://corestandards.org/english-language-arts-standards/
https://education.asfai.org/frameworks/ccss-ela/versions/2010/items/L.2.5b,ccss-ela,L.2.5b,ccss-ela:L.2.5b,2010,1,false,https://corestandards.org/english-language-arts-standards/
https://education.asfai.org/frameworks/ccss-ela/versions/2010/items/L.2.6,ccss-ela,L.2.6,ccss-ela:L.2.6,2010,1,false,https://corestandards.org/english-language-arts-standards/
https://education.asfai.org/frameworks/ccss-ela/versions/2010/items/L.3.1,ccss-ela,L.3.1,ccss-ela:L.3.1,2010,0,false,https://corestandards.org/english-language-arts-standards/
https://education.asfai.org/frameworks/ccss-ela/versions/2010/items/L.3.1a,ccss-ela,L.3.1a,ccss-ela:L.3.1a,2010,1,false,https://corestandards.org/english-language-arts-standards/
https://education.asfai.org/frameworks/ccss-ela/versions/2010/items/L.3.1b,ccss-ela,L.3.1b,ccss-ela:L.3.1b,2010,1,false,https://corestandards.org/english-language-arts-standards/
https://education.asfai.org/frameworks/ccss-ela/versions/2010/items/L.3.1c,ccss-ela,L.3.1c,ccss-ela:L.3.1c,2010,0,false,https://corestandards.org/english-language-arts-standards/
https://education.asfai.org/frameworks/ccss-ela/versions/2010/items/L.3.1d,ccss-ela,L.3.1d,ccss-ela:L.3.1d,2010,1,false,https://corestandards.org/english-language-arts-standards/
https://education.asfai.org/frameworks/ccss-ela/versions/2010/items/L.3.1e,ccss-ela,L.3.1e,ccss-ela:L.3.1e,2010,0,false,https://corestandards.org/english-language-arts-standards/
https://education.asfai.org/frameworks/ccss-ela/versions/2010/items/L.3.1f,ccss-ela,L.3.1f,ccss-ela:L.3.1f,2010,0,false,https://corestandards.org/english-language-arts-standards/
https://education.asfai.org/frameworks/ccss-ela/versions/2010/items/L.3.1g,ccss-ela,L.3.1g,ccss-ela:L.3.1g,2010,0,false,https://corestandards.org/english-language-arts-standards/
https://education.asfai.org/frameworks/ccss-ela/versions/2010/items/L.3.1h,ccss-ela,L.3.1h,ccss-ela:L.3.1h,2010,1,false,https://corestandards.org/english-language-arts-standards/
https://education.asfai.org/frameworks/ccss-ela/versions/2010/items/L.3.1i,ccss-ela,L.3.1i,ccss-ela:L.3.1i,2010,1,false,https://corestandards.org/english-language-arts-standards/
https://education.asfai.org/frameworks/ccss-ela/versions/2010/items/L.3.2,ccss-ela,L.3.2,ccss-ela:L.3.2,2010,0,false,https://corestandards.org/english-language-arts-standards/
https://education.asfai.org/frameworks/ccss-ela/versions/2010/items/L.3.2a,ccss-ela,L.3.2a,ccss-ela:L.3.2a,2010,1,false,https://corestandards.org/english-language-arts-standards/
https://education.asfai.org/frameworks/ccss-ela/versions/2010/items/L.3.2b,ccss-ela,L.3.2b,ccss-ela:L.3.2b,2010,1,false,https://corestandards.org/english-language-arts-standards/
https://education.asfai.org/frameworks/ccss-ela/versions/2010/items/L.3.2c,ccss-ela,L.3.2c,ccss-ela:L.3.2c,2010,1,false,https://corestandards.org/english-language-arts-standards/
https://education.asfai.org/frameworks/ccss-ela/versions/2010/items/L.3.2d,ccss-ela,L.3.2d,ccss-ela:L.3.2d,2010,1,false,https://corestandards.org/english-language-arts-standards/
https://education.asfai.org/frameworks/ccss-ela/versions/2010/items/L.3.2e,ccss-ela,L.3.2e,ccss-ela:L.3.2e,2010,1,false,https://corestandards.org/english-language-arts-standards/
https://education.asfai.org/frameworks/ccss-ela/versions/2010/items/L.3.2f,ccss-ela,L.3.2f,ccss-ela:L.3.2f,2010,1,false,https://corestandards.org/english-language-arts-standards/
https://education.asfai.org/frameworks/ccss-ela/versions/2010/items/L.3.2g,ccss-ela,L.3.2g,ccss-ela:L.3.2g,2010,1,false,https://corestandards.org/english-language-arts-standards/
https://education.asfai.org/frameworks/ccss-ela/versions/2010/items/L.3.3,ccss-ela,L.3.3,ccss-ela:L.3.3,2010,0,false,https://corestandards.org/english-language-arts-standards/
https://education.asfai.org/frameworks/ccss-ela/versions/2010/items/L.3.3a,ccss-ela,L.3.3a,ccss-ela:L.3.3a,2010,0,false,https://corestandards.org/english-language-arts-standards/
https://education.asfai.org/frameworks/ccss-ela/versions/2010/items/L.3.3b,ccss-ela,L.3.3b,ccss-ela:L.3.3b,2010,1,false,https://corestandards.org/english-language-arts-standards/
https://education.asfai.org/frameworks/ccss-ela/versions/2010/items/L.3.4,ccss-ela,L.3.4,ccss-ela:L.3.4,2010,0,false,https://corestandards.org/english-language-arts-standards/
https://education.asfai.org/frameworks/ccss-ela/versions/2010/items/L.3.4a,ccss-ela,L.3.4a,ccss-ela:L.3.4a,2010,1,false,https://corestandards.org/english-language-arts-standards/
https://education.asfai.org/frameworks/ccss-ela/versions/2010/items/L.3.4b,ccss-ela,L.3.4b,ccss-ela:L.3.4b,2010,1,false,https://corestandards.org/english-language-arts-standards/
https://education.asfai.org/frameworks/ccss-ela/versions/2010/items/L.3.4c,ccss-ela,L.3.4c,ccss-ela:L.3.4c,2010,1,false,https://corestandards.org/english-language-arts-standards/
https://education.asfai.org/frameworks/ccss-ela/versions/2010/items/L.3.4d,ccss-ela,L.3.4d,ccss-ela:L.3.4d,2010,1,false,https://corestandards.org/english-language-arts-standards/
https://education.asfai.org/frameworks/ccss-ela/versions/2010/items/L.3.5,ccss-ela,L.3.5,ccss-ela:L.3.5,2010,0,false,https://corestandards.org/english-language-arts-standards/
https://education.asfai.org/frameworks/ccss-ela/versions/2010/items/L.3.5a,ccss-ela,L.3.5a,ccss-ela:L.3.5a,2010,0,false,https://corestandards.org/english-language-arts-standards/
https://education.asfai.org/frameworks/ccss-ela/versions/2010/items/L.3.5b,ccss-ela,L.3.5b,ccss-ela:L.3.5b,2010,1,false,https://corestandards.org/english-language-arts-standards/
https://education.asfai.org/frameworks/ccss-ela/versions/2010/items/L.3.5c,ccss-ela,L.3.5c,ccss-ela:L.3.5c,2010,1,false,https://corestandards.org/english-language-arts-standards/
https://education.asfai.org/frameworks/ccss-ela/versions/2010/items/L.3.6,ccss-ela,L.3.6,ccss-ela:L.3.6,2010,1,false,https://corestandards.org/english-language-arts-standards/
https://education.asfai.org/frameworks/ccss-ela/versions/2010/items/L.4.1,ccss-ela,L.4.1,ccss-ela:L.4.1,2010,0,false,https://corestandards.org/english-language-arts-standards/
https://education.asfai.org/frameworks/ccss-ela/versions/2010/items/L.4.1a,ccss-ela,L.4.1a,ccss-ela:L.4.1a,2010,1,false,https://corestandards.org/english-language-arts-standards/
https://education.asfai.org/frameworks/ccss-ela/versions/2010/items/L.4.1b,ccss-ela,L.4.1b,ccss-ela:L.4.1b,2010,1,false,https://corestandards.org/english-language-arts-standards/
https://education.asfai.org/frameworks/ccss-ela/versions/2010/items/L.4.1c,ccss-ela,L.4.1c,ccss-ela:L.4.1c,2010,1,false,https://corestandards.org/english-language-arts-standards/
https://education.asfai.org/frameworks/ccss-ela/versions/2010/items/L.4.1d,ccss-ela,L.4.1d,ccss-ela:L.4.1d,2010,1,false,https://corestandards.org/english-language-arts-standards/
https://education.asfai.org/frameworks/ccss-ela/versions/2010/items/L.4.1e,ccss-ela,L.4.1e,ccss-ela:L.4.1e,2010,1,false,https://corestandards.org/english-language-arts-standards/
https://education.asfai.org/frameworks/ccss-ela/versions/2010/items/L.4.1f,ccss-ela,L.4.1f,ccss-ela:L.4.1f,2010,1,false,https://corestandards.org/english-language-arts-standards/
https://education.asfai.org/frameworks/ccss-ela/versions/2010/items/L.4.1g,ccss-ela,L.4.1g,ccss-ela:L.4.1g,2010,1,false,https://corestandards.org/english-language-arts-standards/
https://education.asfai.org/frameworks/ccss-ela/versions/2010/items/L.4.2,ccss-ela,L.4.2,ccss-ela:L.4.2,2010,0,false,https://corestandards.org/english-language-arts-standards/
https://education.asfai.org/frameworks/ccss-ela/versions/2010/items/L.4.2a,ccss-ela,L.4.2a,ccss-ela:L.4.2a,2010,1,false,https://corestandards.org/english-language-arts-standards/
https://education.asfai.org/frameworks/ccss-ela/versions/2010/items/L.4.2b,ccss-ela,L.4.2b,ccss-ela:L.4.2b,2010,1,false,https://corestandards.org/english-language-arts-standards/
https://education.asfai.org/frameworks/ccss-ela/versions/2010/items/L.4.2c,ccss-ela,L.4.2c,ccss-ela:L.4.2c,2010,1,false,https://corestandards.org/english-language-arts-standards/
https://education.asfai.org/frameworks/ccss-ela/versions/2010/items/L.4.2d,ccss-ela,L.4.2d,ccss-ela:L.4.2d,2010,1,false,https://corestandards.org/english-language-arts-standards/
https://education.asfai.org/frameworks/ccss-ela/versions/2010/items/L.4.3,ccss-ela,L.4.3,ccss-ela:L.4.3,2010,0,false,https://corestandards.org/english-language-arts-standards/
https://education.asfai.org/frameworks/ccss-ela/versions/2010/items/L.4.3a,ccss-ela,L.4.3a,ccss-ela:L.4.3a,2010,1,false,https://corestandards.org/english-language-arts-standards/
https://education.asfai.org/frameworks/ccss-ela/versions/2010/items/L.4.3b,ccss-ela,L.4.3b,ccss-ela:L.4.3b,2010,1,false,https://corestandards.org/english-language-arts-standards/
https://education.asfai.org/frameworks/ccss-ela/versions/2010/items/L.4.3c,ccss-ela,L.4.3c,ccss-ela:L.4.3c,2010,1,false,https://corestandards.org/english-language-arts-standards/
https://education.asfai.org/frameworks/ccss-ela/versions/2010/items/L.4.4,ccss-ela,L.4.4,ccss-ela:L.4.4,2010,0,false,https://corestandards.org/english-language-arts-standards/
https://education.asfai.org/frameworks/ccss-ela/versions/2010/items/L.4.4a,ccss-ela,L.4.4a,ccss-ela:L.4.4a,2010,1,false,https://corestandards.org/english-language-arts-standards/
https://education.asfai.org/frameworks/ccss-ela/versions/2010/items/L.4.4b,ccss-ela,L.4.4b,ccss-ela:L.4.4b,2010,1,false,https://corestandards.org/english-language-arts-standards/
https://education.asfai.org/frameworks/ccss-ela/versions/2010/items/L.4.4c,ccss-ela,L.4.4c,ccss-ela:L.4.4c,2010,1,false,https://corestandards.org/english-language-arts-standards/
https://education.asfai.org/frameworks/ccss-ela/versions/2010/items/L.4.5,ccss-ela,L.4.5,ccss-ela:L.4.5,2010,0,false,https://corestandards.org/english-language-arts-standards/
https://education.asfai.org/frameworks/ccss-ela/versions/2010/items/L.4.5a,ccss-ela,L.4.5a,ccss-ela:L.4.5a,2010,1,false,https://corestandards.org/english-language-arts-standards/
https://education.asfai.org/frameworks/ccss-ela/versions/2010/items/L.4.5b,ccss-ela,L.4.5b,ccss-ela:L.4.5b,2010,1,false,https://corestandards.org/english-language-arts-standards/
https://education.asfai.org/frameworks/ccss-ela/versions/2010/items/L.4.5c,ccss-ela,L.4.5c,ccss-ela:L.4.5c,2010,1,false,https://corestandards.org/english-language-arts-standards/
https://education.asfai.org/frameworks/ccss-ela/versions/2010/items/L.4.6,ccss-ela,L.4.6,ccss-ela:L.4.6,2010,1,false,https://corestandards.org/english-language-arts-standards/
https://education.asfai.org/frameworks/ccss-ela/versions/2010/items/L.5.1,ccss-ela,L.5.1,ccss-ela:L.5.1,2010,0,false,https://corestandards.org/english-language-arts-standards/
https://education.asfai.org/frameworks/ccss-ela/versions/2010/items/L.5.1a,ccss-ela,L.5.1a,ccss-ela:L.5.1a,2010,1,false,https://corestandards.org/english-language-arts-standards/
https://education.asfai.org/frameworks/ccss-ela/versions/2010/items/L.5.1b,ccss-ela,L.5.1b,ccss-ela:L.5.1b,2010,1,false,https://corestandards.org/english-language-arts-standards/
https://education.asfai.org/frameworks/ccss-ela/versions/2010/items/L.5.1c,ccss-ela,L.5.1c,ccss-ela:L.5.1c,2010,1,false,https://corestandards.org/english-language-arts-standards/
https://education.asfai.org/frameworks/ccss-ela/versions/2010/items/L.5.1d,ccss-ela,L.5.1d,ccss-ela:L.5.1d,2010,1,false,https://corestandards.org/english-language-arts-standards/
https://education.asfai.org/frameworks/ccss-ela/versions/2010/items/L.5.1e,ccss-ela,L.5.1e,ccss-ela:L.5.1e,2010,1,false,https://corestandards.org/english-language-arts-standards/
https://education.asfai.org/frameworks/ccss-ela/versions/2010/items/L.5.2,ccss-ela,L.5.2,ccss-ela:L.5.2,2010,0,false,https://corestandards.org/english-language-arts-standards/
https://education.asfai.org/frameworks/ccss-ela/versions/2010/items/L.5.2a,ccss-ela,L.5.2a,ccss-ela:L.5.2a,2010,1,false,https://corestandards.org/english-language-arts-standards/
https://education.asfai.org/frameworks/ccss-ela/versions/2010/items/L.5.2b,ccss-ela,L.5.2b,ccss-ela:L.5.2b,2010,2,false,https://corestandards.org/english-language-arts-standards/
https://education.asfai.org/frameworks/ccss-ela/versions/2010/items/L.5.2c,ccss-ela,L.5.2c,ccss-ela:L.5.2c,2010,1,false,https://corestandards.org/english-language-arts-standards/
https://education.asfai.org/frameworks/ccss-ela/versions/2010/items/L.5.2d,ccss-ela,L.5.2d,ccss-ela:L.5.2d,2010,1,false,https://corestandards.org/english-language-arts-standards/
https://education.asfai.org/frameworks/ccss-ela/versions/2010/items/L.5.2e,ccss-ela,L.5.2e,ccss-ela:L.5.2e,2010,0,false,https://corestandards.org/english-language-arts-standards/
https://education.asfai.org/frameworks/ccss-ela/versions/2010/items/L.5.3,ccss-ela,L.5.3,ccss-ela:L.5.3,2010,0,false,https://corestandards.org/english-language-arts-standards/
https://education.asfai.org/frameworks/ccss-ela/versions/2010/items/L.5.3a,ccss-ela,L.5.3a,ccss-ela:L.5.3a,2010,1,false,https://corestandards.org/english-language-arts-standards/
https://education.asfai.org/frameworks/ccss-ela/versions/2010/items/L.5.3b,ccss-ela,L.5.3b,ccss-ela:L.5.3b,2010,1,false,https://corestandards.org/english-language-arts-standards/
https://education.asfai.org/frameworks/ccss-ela/versions/2010/items/L.5.4,ccss-ela,L.5.4,ccss-ela:L.5.4,2010,0,false,https://corestandards.org/english-language-arts-standards/
https://education.asfai.org/frameworks/ccss-ela/versions/2010/items/L.5.4a,ccss-ela,L.5.4a,ccss-ela:L.5.4a,2010,1,false,https://corestandards.org/english-language-arts-standards/
https://education.asfai.org/frameworks/ccss-ela/versions/2010/items/L.5.4b,ccss-ela,L.5.4b,ccss-ela:L.5.4b,2010,1,false,https://corestandards.org/english-language-arts-standards/
https://education.asfai.org/frameworks/ccss-ela/versions/2010/items/L.5.4c,ccss-ela,L.5.4c,ccss-ela:L.5.4c,2010,1,false,https://corestandards.org/english-language-arts-standards/
https://education.asfai.org/frameworks/ccss-ela/versions/2010/items/L.5.5,ccss-ela,L.5.5,ccss-ela:L.5.5,2010,0,false,https://corestandards.org/english-language-arts-standards/
https://education.asfai.org/frameworks/ccss-ela/versions/2010/items/L.5.5a,ccss-ela,L.5.5a,ccss-ela:L.5.5a,2010,1,false,https://corestandards.org/english-language-arts-standards/
https://education.asfai.org/frameworks/ccss-ela/versions/2010/items/L.5.5b,ccss-ela,L.5.5b,ccss-ela:L.5.5b,2010,1,false,https://corestandards.org/english-language-arts-standards/
https://education.asfai.org/frameworks/ccss-ela/versions/2010/items/L.5.5c,ccss-ela,L.5.5c,ccss-ela:L.5.5c,2010,1,false,https://corestandards.org/english-language-arts-standards/
https://education.asfai.org/frameworks/ccss-ela/versions/2010/items/L.5.6,ccss-ela,L.5.6,ccss-ela:L.5.6,2010,1,false,https://corestandards.org/english-language-arts-standards/
https://education.asfai.org/frameworks/ccss-ela/versions/2010/items/L.6.1,ccss-ela,L.6.1,ccss-ela:L.6.1,2010,0,false,https://corestandards.org/english-language-arts-standards/
https://education.asfai.org/frameworks/ccss-ela/versions/2010/items/L.6.1a,ccss-ela,L.6.1a,ccss-ela:L.6.1a,2010,0,false,https://corestandards.org/english-language-arts-standards/
https://education.asfai.org/frameworks/ccss-ela/versions/2010/items/L.6.1b,ccss-ela,L.6.1b,ccss-ela:L.6.1b,2010,0,false,https://corestandards.org/english-language-arts-standards/
https://education.asfai.org/frameworks/ccss-ela/versions/2010/items/L.6.1c,ccss-ela,L.6.1c,ccss-ela:L.6.1c,2010,0,false,https://corestandards.org/english-language-arts-standards/
https://education.asfai.org/frameworks/ccss-ela/versions/2010/items/L.6.1d,ccss-ela,L.6.1d,ccss-ela:L.6.1d,2010,0,false,https://corestandards.org/english-language-arts-standards/
https://education.asfai.org/frameworks/ccss-ela/versions/2010/items/L.6.1e,ccss-ela,L.6.1e,ccss-ela:L.6.1e,2010,1,false,https://corestandards.org/english-language-arts-standards/
https://education.asfai.org/frameworks/ccss-ela/versions/2010/items/L.6.2,ccss-ela,L.6.2,ccss-ela:L.6.2,2010,0,false,https://corestandards.org/english-language-arts-standards/
https://education.asfai.org/frameworks/ccss-ela/versions/2010/items/L.6.2a,ccss-ela,L.6.2a,ccss-ela:L.6.2a,2010,1,false,https://corestandards.org/english-language-arts-standards/
https://education.asfai.org/frameworks/ccss-ela/versions/2010/items/L.6.2b,ccss-ela,L.6.2b,ccss-ela:L.6.2b,2010,1,false,https://corestandards.org/english-language-arts-standards/
https://education.asfai.org/frameworks/ccss-ela/versions/2010/items/L.6.3,ccss-ela,L.6.3,ccss-ela:L.6.3,2010,1,false,https://corestandards.org/english-language-arts-standards/
https://education.asfai.org/frameworks/ccss-ela/versions/2010/items/L.6.3a,ccss-ela,L.6.3a,ccss-ela:L.6.3a,2010,1,false,https://corestandards.org/english-language-arts-standards/
https://education.asfai.org/frameworks/ccss-ela/versions/2010/items/L.6.3b,ccss-ela,L.6.3b,ccss-ela:L.6.3b,2010,1,false,https://corestandards.org/english-language-arts-standards/
https://education.asfai.org/frameworks/ccss-ela/versions/2010/items/L.6.4,ccss-ela,L.6.4,ccss-ela:L.6.4,2010,1,false,https://corestandards.org/english-language-arts-standards/
https://education.asfai.org/frameworks/ccss-ela/versions/2010/items/L.6.4a,ccss-ela,L.6.4a,ccss-ela:L.6.4a,2010,1,false,https://corestandards.org/english-language-arts-standards/
https://education.asfai.org/frameworks/ccss-ela/versions/2010/items/L.6.4b,ccss-ela,L.6.4b,ccss-ela:L.6.4b,2010,1,false,https://corestandards.org/english-language-arts-standards/
https://education.asfai.org/frameworks/ccss-ela/versions/2010/items/L.6.4c,ccss-ela,L.6.4c,ccss-ela:L.6.4c,2010,0,false,https://corestandards.org/english-language-arts-standards/
https://education.asfai.org/frameworks/ccss-ela/versions/2010/items/L.6.4d,ccss-ela,L.6.4d,ccss-ela:L.6.4d,2010,0,false,https://corestandards.org/english-language-arts-standards/
https://education.asfai.org/frameworks/ccss-ela/versions/2010/items/L.6.5,ccss-ela,L.6.5,ccss-ela:L.6.5,2010,1,false,https://corestandards.org/english-language-arts-standards/
https://education.asfai.org/frameworks/ccss-ela/versions/2010/items/L.6.5a,ccss-ela,L.6.5a,ccss-ela:L.6.5a,2010,1,false,https://corestandards.org/english-language-arts-standards/
https://education.asfai.org/frameworks/ccss-ela/versions/2010/items/L.6.5b,ccss-ela,L.6.5b,ccss-ela:L.6.5b,2010,0,false,https://corestandards.org/english-language-arts-standards/
https://education.asfai.org/frameworks/ccss-ela/versions/2010/items/L.6.5c,ccss-ela,L.6.5c,ccss-ela:L.6.5c,2010,1,false,https://corestandards.org/english-language-arts-standards/
https://education.asfai.org/frameworks/ccss-ela/versions/2010/items/L.6.6,ccss-ela,L.6.6,ccss-ela:L.6.6,2010,1,false,https://corestandards.org/english-language-arts-standards/
https://education.asfai.org/frameworks/ccss-ela/versions/2010/items/L.7.1,ccss-ela,L.7.1,ccss-ela:L.7.1,2010,0,false,https://corestandards.org/english-language-arts-standards/
https://education.asfai.org/frameworks/ccss-ela/versions/2010/items/L.7.1a,ccss-ela,L.7.1a,ccss-ela:L.7.1a,2010,1,false,https://corestandards.org/english-language-arts-standards/
https://education.asfai.org/frameworks/ccss-ela/versions/2010/items/L.7.1b,ccss-ela,L.7.1b,ccss-ela:L.7.1b,2010,1,false,https://corestandards.org/english-language-arts-standards/
https://education.asfai.org/frameworks/ccss-ela/versions/2010/items/L.7.1c,ccss-ela,L.7.1c,ccss-ela:L.7.1c,2010,1,false,https://corestandards.org/english-language-arts-standards/
https://education.asfai.org/frameworks/ccss-ela/versions/2010/items/L.7.2,ccss-ela,L.7.2,ccss-ela:L.7.2,2010,0,false,https://corestandards.org/english-language-arts-standards/
https://education.asfai.org/frameworks/ccss-ela/versions/2010/items/L.7.2a,ccss-ela,L.7.2a,ccss-ela:L.7.2a,2010,1,false,https://corestandards.org/english-language-arts-standards/
https://education.asfai.org/frameworks/ccss-ela/versions/2010/items/L.7.2b,ccss-ela,L.7.2b,ccss-ela:L.7.2b,2010,1,false,https://corestandards.org/english-language-arts-standards/
https://education.asfai.org/frameworks/ccss-ela/versions/2010/items/L.7.3,ccss-ela,L.7.3,ccss-ela:L.7.3,2010,1,false,https://corestandards.org/english-language-arts-standards/
https://education.asfai.org/frameworks/ccss-ela/versions/2010/items/L.7.3a,ccss-ela,L.7.3a,ccss-ela:L.7.3a,2010,0,false,https://corestandards.org/english-language-arts-standards/
https://education.asfai.org/frameworks/ccss-ela/versions/2010/items/L.7.4,ccss-ela,L.7.4,ccss-ela:L.7.4,2010,1,false,https://corestandards.org/english-language-arts-standards/
https://education.asfai.org/frameworks/ccss-ela/versions/2010/items/L.7.4a,ccss-ela,L.7.4a,ccss-ela:L.7.4a,2010,1,false,https://corestandards.org/english-language-arts-standards/
https://education.asfai.org/frameworks/ccss-ela/versions/2010/items/L.7.4b,ccss-ela,L.7.4b,ccss-ela:L.7.4b,2010,1,false,https://corestandards.org/english-language-arts-standards/
https://education.asfai.org/frameworks/ccss-ela/versions/2010/items/L.7.4c,ccss-ela,L.7.4c,ccss-ela:L.7.4c,2010,0,false,https://corestandards.org/english-language-arts-standards/
https://education.asfai.org/frameworks/ccss-ela/versions/2010/items/L.7.4d,ccss-ela,L.7.4d,ccss-ela:L.7.4d,2010,0,false,https://corestandards.org/english-language-arts-standards/
https://education.asfai.org/frameworks/ccss-ela/versions/2010/items/L.7.5,ccss-ela,L.7.5,ccss-ela:L.7.5,2010,1,false,https://corestandards.org/english-language-arts-standards/
https://education.asfai.org/frameworks/ccss-ela/versions/2010/items/L.7.5a,ccss-ela,L.7.5a,ccss-ela:L.7.5a,2010,1,false,https://corestandards.org/english-language-arts-standards/
https://education.asfai.org/frameworks/ccss-ela/versions/2010/items/L.7.5b,ccss-ela,L.7.5b,ccss-ela:L.7.5b,2010,0,false,https://corestandards.org/english-language-arts-standards/
https://education.asfai.org/frameworks/ccss-ela/versions/2010/items/L.7.5c,ccss-ela,L.7.5c,ccss-ela:L.7.5c,2010,1,false,https://corestandards.org/english-language-arts-standards/
https://education.asfai.org/frameworks/ccss-ela/versions/2010/items/L.7.6,ccss-ela,L.7.6,ccss-ela:L.7.6,2010,1,false,https://corestandards.org/english-language-arts-standards/
https://education.asfai.org/frameworks/ccss-ela/versions/2010/items/L.8.1,ccss-ela,L.8.1,ccss-ela:L.8.1,2010,0,false,https://corestandards.org/english-language-arts-standards/
https://education.asfai.org/frameworks/ccss-ela/versions/2010/items/L.8.1a,ccss-ela,L.8.1a,ccss-ela:L.8.1a,2010,0,false,https://corestandards.org/english-language-arts-standards/
https://education.asfai.org/frameworks/ccss-ela/versions/2010/items/L.8.1b,ccss-ela,L.8.1b,ccss-ela:L.8.1b,2010,1,false,https://corestandards.org/english-language-arts-standards/
https://education.asfai.org/frameworks/ccss-ela/versions/2010/items/L.8.1c,ccss-ela,L.8.1c,ccss-ela:L.8.1c,2010,1,false,https://corestandards.org/english-language-arts-standards/
https://education.asfai.org/frameworks/ccss-ela/versions/2010/items/L.8.1d,ccss-ela,L.8.1d,ccss-ela:L.8.1d,2010,1,false,https://corestandards.org/english-language-arts-standards/
https://education.asfai.org/frameworks/ccss-ela/versions/2010/items/L.8.2,ccss-ela,L.8.2,ccss-ela:L.8.2,2010,0,false,https://corestandards.org/english-language-arts-standards/
https://education.asfai.org/frameworks/ccss-ela/versions/2010/items/L.8.2a,ccss-ela,L.8.2a,ccss-ela:L.8.2a,2010,0,false,https://corestandards.org/english-language-arts-standards/
https://education.asfai.org/frameworks/ccss-ela/versions/2010/items/L.8.2b,ccss-ela,L.8.2b,ccss-ela:L.8.2b,2010,0,false,https://corestandards.org/english-language-arts-standards/
https://education.asfai.org/frameworks/ccss-ela/versions/2010/items/L.8.2c,ccss-ela,L.8.2c,ccss-ela:L.8.2c,2010,0,false,https://corestandards.org/english-language-arts-standards/
https://education.asfai.org/frameworks/ccss-ela/versions/2010/items/L.8.3,ccss-ela,L.8.3,ccss-ela:L.8.3,2010,0,false,https://corestandards.org/english-language-arts-standards/
https://education.asfai.org/frameworks/ccss-ela/versions/2010/items/L.8.3a,ccss-ela,L.8.3a,ccss-ela:L.8.3a,2010,0,false,https://corestandards.org/english-language-arts-standards/
https://education.asfai.org/frameworks/ccss-ela/versions/2010/items/L.8.4,ccss-ela,L.8.4,ccss-ela:L.8.4,2010,1,false,https://corestandards.org/english-language-arts-standards/
https://education.asfai.org/frameworks/ccss-ela/versions/2010/items/L.8.4a,ccss-ela,L.8.4a,ccss-ela:L.8.4a,2010,1,false,https://corestandards.org/english-language-arts-standards/
https://education.asfai.org/frameworks/ccss-ela/versions/2010/items/L.8.4b,ccss-ela,L.8.4b,ccss-ela:L.8.4b,2010,1,false,https://corestandards.org/english-language-arts-standards/
https://education.asfai.org/frameworks/ccss-ela/versions/2010/items/L.8.4c,ccss-ela,L.8.4c,ccss-ela:L.8.4c,2010,0,false,https://corestandards.org/english-language-arts-standards/
https://education.asfai.org/frameworks/ccss-ela/versions/2010/items/L.8.4d,ccss-ela,L.8.4d,ccss-ela:L.8.4d,2010,0,false,https://corestandards.org/english-language-arts-standards/
https://education.asfai.org/frameworks/ccss-ela/versions/2010/items/L.8.5,ccss-ela,L.8.5,ccss-ela:L.8.5,2010,1,false,https://corestandards.org/english-language-arts-standards/
https://education.asfai.org/frameworks/ccss-ela/versions/2010/items/L.8.5a,ccss-ela,L.8.5a,ccss-ela:L.8.5a,2010,1,false,https://corestandards.org/english-language-arts-standards/
https://education.asfai.org/frameworks/ccss-ela/versions/2010/items/L.8.5b,ccss-ela,L.8.5b,ccss-ela:L.8.5b,2010,0,false,https://corestandards.org/english-language-arts-standards/
https://education.asfai.org/frameworks/ccss-ela/versions/2010/items/L.8.5c,ccss-ela,L.8.5c,ccss-ela:L.8.5c,2010,0,false,https://corestandards.org/english-language-arts-standards/
https://education.asfai.org/frameworks/ccss-ela/versions/2010/items/L.8.6,ccss-ela,L.8.6,ccss-ela:L.8.6,2010,1,false,https://corestandards.org/english-language-arts-standards/
https://education.asfai.org/frameworks/ccss-ela/versions/2010/items/L.9-10.1,ccss-ela,L.9-10.1,ccss-ela:L.9-10.1,2010,0,false,https://corestandards.org/english-language-arts-standards/
https://education.asfai.org/frameworks/ccss-ela/versions/2010/items/L.9-10.1a,ccss-ela,L.9-10.1a,ccss-ela:L.9-10.1a,2010,0,false,https://corestandards.org/english-language-arts-standards/
https://education.asfai.org/frameworks/ccss-ela/versions/2010/items/L.9-10.1b,ccss-ela,L.9-10.1b,ccss-ela:L.9-10.1b,2010,0,false,https://corestandards.org/english-language-arts-standards/
https://education.asfai.org/frameworks/ccss-ela/versions/2010/items/L.9-10.2,ccss-ela,L.9-10.2,ccss-ela:L.9-10.2,2010,0,false,https://corestandards.org/english-language-arts-standards/
https://education.asfai.org/frameworks/ccss-ela/versions/2010/items/L.9-10.2a,ccss-ela,L.9-10.2a,ccss-ela:L.9-10.2a,2010,0,false,https://corestandards.org/english-language-arts-standards/
https://education.asfai.org/frameworks/ccss-ela/versions/2010/items/L.9-10.2b,ccss-ela,L.9-10.2b,ccss-ela:L.9-10.2b,2010,0,false,https://corestandards.org/english-language-arts-standards/
https://education.asfai.org/frameworks/ccss-ela/versions/2010/items/L.9-10.2c,ccss-ela,L.9-10.2c,ccss-ela:L.9-10.2c,2010,0,false,https://corestandards.org/english-language-arts-standards/
https://education.asfai.org/frameworks/ccss-ela/versions/2010/items/L.9-10.3,ccss-ela,L.9-10.3,ccss-ela:L.9-10.3,2010,0,false,https://corestandards.org/english-language-arts-standards/
https://education.asfai.org/frameworks/ccss-ela/versions/2010/items/L.9-10.3a,ccss-ela,L.9-10.3a,ccss-ela:L.9-10.3a,2010,0,false,https://corestandards.org/english-language-arts-standards/
https://education.asfai.org/frameworks/ccss-ela/versions/2010/items/L.9-10.4,ccss-ela,L.9-10.4,ccss-ela:L.9-10.4,2010,0,false,https://corestandards.org/english-language-arts-standards/
https://education.asfai.org/frameworks/ccss-ela/versions/2010/items/L.9-10.4a,ccss-ela,L.9-10.4a,ccss-ela:L.9-10.4a,2010,0,false,https://corestandards.org/english-language-arts-standards/
https://education.asfai.org/frameworks/ccss-ela/versions/2010/items/L.9-10.4b,ccss-ela,L.9-10.4b,ccss-ela:L.9-10.4b,2010,0,false,https://corestandards.org/english-language-arts-standards/
https://education.asfai.org/frameworks/ccss-ela/versions/2010/items/L.9-10.4c,ccss-ela,L.9-10.4c,ccss-ela:L.9-10.4c,2010,0,false,https://corestandards.org/english-language-arts-standards/
https://education.asfai.org/frameworks/ccss-ela/versions/2010/items/L.9-10.4d,ccss-ela,L.9-10.4d,ccss-ela:L.9-10.4d,2010,0,false,https://corestandards.org/english-language-arts-standards/
https://education.asfai.org/frameworks/ccss-ela/versions/2010/items/L.9-10.5,ccss-ela,L.9-10.5,ccss-ela:L.9-10.5,2010,0,false,https://corestandards.org/english-language-arts-standards/
https://education.asfai.org/frameworks/ccss-ela/versions/2010/items/L.9-10.5a,ccss-ela,L.9-10.5a,ccss-ela:L.9-10.5a,2010,0,false,https://corestandards.org/english-language-arts-standards/
https://education.asfai.org/frameworks/ccss-ela/versions/2010/items/L.9-10.5b,ccss-ela,L.9-10.5b,ccss-ela:L.9-10.5b,2010,0,false,https://corestandards.org/english-language-arts-standards/
https://education.asfai.org/frameworks/ccss-ela/versions/2010/items/L.9-10.6,ccss-ela,L.9-10.6,ccss-ela:L.9-10.6,2010,0,false,https://corestandards.org/english-language-arts-standards/
https://education.asfai.org/frameworks/ccss-ela/versions/2010/items/L.CCR.1,ccss-ela,L.CCR.1,ccss-ela:L.CCR.1,2010,0,false,https://corestandards.org/english-language-arts-standards/
https://education.asfai.org/frameworks/ccss-ela/versions/2010/items/L.CCR.2,ccss-ela,L.CCR.2,ccss-ela:L.CCR.2,2010,0,false,https://corestandards.org/english-language-arts-standards/
https://education.asfai.org/frameworks/ccss-ela/versions/2010/items/L.CCR.3,ccss-ela,L.CCR.3,ccss-ela:L.CCR.3,2010,0,false,https://corestandards.org/english-language-arts-standards/
https://education.asfai.org/frameworks/ccss-ela/versions/2010/items/L.CCR.4,ccss-ela,L.CCR.4,ccss-ela:L.CCR.4,2010,0,false,https://corestandards.org/english-language-arts-standards/
https://education.asfai.org/frameworks/ccss-ela/versions/2010/items/L.CCR.5,ccss-ela,L.CCR.5,ccss-ela:L.CCR.5,2010,0,false,https://corestandards.org/english-language-arts-standards/
https://education.asfai.org/frameworks/ccss-ela/versions/2010/items/L.CCR.6,ccss-ela,L.CCR.6,ccss-ela:L.CCR.6,2010,0,false,https://corestandards.org/english-language-arts-standards/
https://education.asfai.org/frameworks/ccss-ela/versions/2010/items/L.K.1,ccss-ela,L.K.1,ccss-ela:L.K.1,2010,0,false,https://corestandards.org/english-language-arts-standards/
https://education.asfai.org/frameworks/ccss-ela/versions/2010/items/L.K.1a,ccss-ela,L.K.1a,ccss-ela:L.K.1a,2010,1,false,https://corestandards.org/english-language-arts-standards/
https://education.asfai.org/frameworks/ccss-ela/versions/2010/items/L.K.1b,ccss-ela,L.K.1b,ccss-ela:L.K.1b,2010,1,false,https://corestandards.org/english-language-arts-standards/
https://education.asfai.org/frameworks/ccss-ela/versions/2010/items/L.K.1c,ccss-ela,L.K.1c,ccss-ela:L.K.1c,2010,1,false,https://corestandards.org/english-language-arts-standards/
https://education.asfai.org/frameworks/ccss-ela/versions/2010/items/L.K.1d,ccss-ela,L.K.1d,ccss-ela:L.K.1d,2010,1,false,https://corestandards.org/english-language-arts-standards/
https://education.asfai.org/frameworks/ccss-ela/versions/2010/items/L.K.1e,ccss-ela,L.K.1e,ccss-ela:L.K.1e,2010,1,false,https://corestandards.org/english-language-arts-standards/
https://education.asfai.org/frameworks/ccss-ela/versions/2010/items/L.K.1f,ccss-ela,L.K.1f,ccss-ela:L.K.1f,2010,1,false,https://corestandards.org/english-language-arts-standards/
https://education.asfai.org/frameworks/ccss-ela/versions/2010/items/L.K.2,ccss-ela,L.K.2,ccss-ela:L.K.2,2010,1,false,https://corestandards.org/english-language-arts-standards/
https://education.asfai.org/frameworks/ccss-ela/versions/2010/items/L.K.2a,ccss-ela,L.K.2a,ccss-ela:L.K.2a,2010,1,false,https://corestandards.org/english-language-arts-standards/
https://education.asfai.org/frameworks/ccss-ela/versions/2010/items/L.K.2b,ccss-ela,L.K.2b,ccss-ela:L.K.2b,2010,1,false,https://corestandards.org/english-language-arts-standards/
https://education.asfai.org/frameworks/ccss-ela/versions/2010/items/L.K.2c,ccss-ela,L.K.2c,ccss-ela:L.K.2c,2010,1,false,https://corestandards.org/english-language-arts-standards/
https://education.asfai.org/frameworks/ccss-ela/versions/2010/items/L.K.2d,ccss-ela,L.K.2d,ccss-ela:L.K.2d,2010,1,false,https://corestandards.org/english-language-arts-standards/
https://education.asfai.org/frameworks/ccss-ela/versions/2010/items/L.K.4,ccss-ela,L.K.4,ccss-ela:L.K.4,2010,1,false,https://corestandards.org/english-language-arts-standards/
https://education.asfai.org/frameworks/ccss-ela/versions/2010/items/L.K.4a,ccss-ela,L.K.4a,ccss-ela:L.K.4a,2010,1,false,https://corestandards.org/english-language-arts-standards/
https://education.asfai.org/frameworks/ccss-ela/versions/2010/items/L.K.4b,ccss-ela,L.K.4b,ccss-ela:L.K.4b,2010,1,false,https://corestandards.org/english-language-arts-standards/
https://education.asfai.org/frameworks/ccss-ela/versions/2010/items/L.K.5,ccss-ela,L.K.5,ccss-ela:L.K.5,2010,0,false,https://corestandards.org/english-language-arts-standards/
https://education.asfai.org/frameworks/ccss-ela/versions/2010/items/L.K.5a,ccss-ela,L.K.5a,ccss-ela:L.K.5a,2010,1,false,https://corestandards.org/english-language-arts-standards/
https://education.asfai.org/frameworks/ccss-ela/versions/2010/items/L.K.5b,ccss-ela,L.K.5b,ccss-ela:L.K.5b,2010,1,false,https://corestandards.org/english-language-arts-standards/
https://education.asfai.org/frameworks/ccss-ela/versions/2010/items/L.K.5c,ccss-ela,L.K.5c,ccss-ela:L.K.5c,2010,1,false,https://corestandards.org/english-language-arts-standards/
https://education.asfai.org/frameworks/ccss-ela/versions/2010/items/L.K.5d,ccss-ela,L.K.5d,ccss-ela:L.K.5d,2010,1,false,https://corestandards.org/english-language-arts-standards/
https://education.asfai.org/frameworks/ccss-ela/versions/2010/items/L.K.6,ccss-ela,L.K.6,ccss-ela:L.K.6,2010,1,false,https://corestandards.org/english-language-arts-standards/
https://education.asfai.org/frameworks/ccss-ela/versions/2010/items/RF.1.1,ccss-ela,RF.1.1,ccss-ela:RF.1.1,2010,0,false,https://corestandards.org/english-language-arts-standards/
https://education.asfai.org/frameworks/ccss-ela/versions/2010/items/RF.1.1.a,ccss-ela,RF.1.1.a,ccss-ela:RF.1.1.a,2010,1,false,https://corestandards.org/english-language-arts-standards/
https://education.asfai.org/frameworks/ccss-ela/versions/2010/items/RF.1.2,ccss-ela,RF.1.2,ccss-ela:RF.1.2,2010,0,false,https://corestandards.org/english-language-arts-standards/
https://education.asfai.org/frameworks/ccss-ela/versions/2010/items/RF.1.2.a,ccss-ela,RF.1.2.a,ccss-ela:RF.1.2.a,2010,1,false,https://corestandards.org/english-language-arts-standards/
https://education.asfai.org/frameworks/ccss-ela/versions/2010/items/RF.1.2.b,ccss-ela,RF.1.2.b,ccss-ela:RF.1.2.b,2010,0,false,https://corestandards.org/english-language-arts-standards/
https://education.asfai.org/frameworks/ccss-ela/versions/2010/items/RF.1.2.c,ccss-ela,RF.1.2.c,ccss-ela:RF.1.2.c,2010,0,false,https://corestandards.org/english-language-arts-standards/
https://education.asfai.org/frameworks/ccss-ela/versions/2010/items/RF.1.2.d,ccss-ela,RF.1.2.d,ccss-ela:RF.1.2.d,2010,0,false,https://corestandards.org/english-language-arts-standards/
https://education.asfai.org/frameworks/ccss-ela/versions/2010/items/RF.1.3,ccss-ela,RF.1.3,ccss-ela:RF.1.3,2010,1,false,https://corestandards.org/english-language-arts-standards/
https://education.asfai.org/frameworks/ccss-ela/versions/2010/items/RF.1.3.a,ccss-ela,RF.1.3.a,ccss-ela:RF.1.3.a,2010,2,false,https://corestandards.org/english-language-arts-standards/
https://education.asfai.org/frameworks/ccss-ela/versions/2010/items/RF.1.3.b,ccss-ela,RF.1.3.b,ccss-ela:RF.1.3.b,2010,2,false,https://corestandards.org/english-language-arts-standards/
https://education.asfai.org/frameworks/ccss-ela/versions/2010/items/RF.1.3.c,ccss-ela,RF.1.3.c,ccss-ela:RF.1.3.c,2010,3,false,https://corestandards.org/english-language-arts-standards/
https://education.asfai.org/frameworks/ccss-ela/versions/2010/items/RF.1.3.d,ccss-ela,RF.1.3.d,ccss-ela:RF.1.3.d,2010,1,false,https://corestandards.org/english-language-arts-standards/
https://education.asfai.org/frameworks/ccss-ela/versions/2010/items/RF.1.3.e,ccss-ela,RF.1.3.e,ccss-ela:RF.1.3.e,2010,1,false,https://corestandards.org/english-language-arts-standards/
https://education.asfai.org/frameworks/ccss-ela/versions/2010/items/RF.1.3.f,ccss-ela,RF.1.3.f,ccss-ela:RF.1.3.f,2010,0,false,https://corestandards.org/english-language-arts-standards/
https://education.asfai.org/frameworks/ccss-ela/versions/2010/items/RF.1.3.g,ccss-ela,RF.1.3.g,ccss-ela:RF.1.3.g,2010,0,false,https://corestandards.org/english-language-arts-standards/
https://education.asfai.org/frameworks/ccss-ela/versions/2010/items/RF.1.4,ccss-ela,RF.1.4,ccss-ela:RF.1.4,2010,1,false,https://corestandards.org/english-language-arts-standards/
https://education.asfai.org/frameworks/ccss-ela/versions/2010/items/RF.1.4.a,ccss-ela,RF.1.4.a,ccss-ela:RF.1.4.a,2010,1,false,https://corestandards.org/english-language-arts-standards/
https://education.asfai.org/frameworks/ccss-ela/versions/2010/items/RF.1.4.b,ccss-ela,RF.1.4.b,ccss-ela:RF.1.4.b,2010,1,false,https://corestandards.org/english-language-arts-standards/
https://education.asfai.org/frameworks/ccss-ela/versions/2010/items/RF.1.4.c,ccss-ela,RF.1.4.c,ccss-ela:RF.1.4.c,2010,1,false,https://corestandards.org/english-language-arts-standards/
https://education.asfai.org/frameworks/ccss-ela/versions/2010/items/RF.2.3,ccss-ela,RF.2.3,ccss-ela:RF.2.3,2010,1,false,https://corestandards.org/english-language-arts-standards/
https://education.asfai.org/frameworks/ccss-ela/versions/2010/items/RF.2.3.a,ccss-ela,RF.2.3.a,ccss-ela:RF.2.3.a,2010,1,false,https://corestandards.org/english-language-arts-standards/
https://education.asfai.org/frameworks/ccss-ela/versions/2010/items/RF.2.3.b,ccss-ela,RF.2.3.b,ccss-ela:RF.2.3.b,2010,1,false,https://corestandards.org/english-language-arts-standards/
https://education.asfai.org/frameworks/ccss-ela/versions/2010/items/RF.2.3.c,ccss-ela,RF.2.3.c,ccss-ela:RF.2.3.c,2010,1,false,https://corestandards.org/english-language-arts-standards/
https://education.asfai.org/frameworks/ccss-ela/versions/2010/items/RF.2.3.d,ccss-ela,RF.2.3.d,ccss-ela:RF.2.3.d,2010,1,false,https://corestandards.org/english-language-arts-standards/
https://education.asfai.org/frameworks/ccss-ela/versions/2010/items/RF.2.3.e,ccss-ela,RF.2.3.e,ccss-ela:RF.2.3.e,2010,1,false,https://corestandards.org/english-language-arts-standards/
https://education.asfai.org/frameworks/ccss-ela/versions/2010/items/RF.2.3.f,ccss-ela,RF.2.3.f,ccss-ela:RF.2.3.f,2010,1,false,https://corestandards.org/english-language-arts-standards/
https://education.asfai.org/frameworks/ccss-ela/versions/2010/items/RF.2.4,ccss-ela,RF.2.4,ccss-ela:RF.2.4,2010,1,false,https://corestandards.org/english-language-arts-standards/
https://education.asfai.org/frameworks/ccss-ela/versions/2010/items/RF.2.4.a,ccss-ela,RF.2.4.a,ccss-ela:RF.2.4.a,2010,1,false,https://corestandards.org/english-language-arts-standards/
https://education.asfai.org/frameworks/ccss-ela/versions/2010/items/RF.2.4.b,ccss-ela,RF.2.4.b,ccss-ela:RF.2.4.b,2010,1,false,https://corestandards.org/english-language-arts-standards/
https://education.asfai.org/frameworks/ccss-ela/versions/2010/items/RF.2.4.c,ccss-ela,RF.2.4.c,ccss-ela:RF.2.4.c,2010,1,false,https://corestandards.org/english-language-arts-standards/
https://education.asfai.org/frameworks/ccss-ela/versions/2010/items/RF.3.3,ccss-ela,RF.3.3,ccss-ela:RF.3.3,2010,0,false,https://corestandards.org/english-language-arts-standards/
https://education.asfai.org/frameworks/ccss-ela/versions/2010/items/RF.3.3.a,ccss-ela,RF.3.3.a,ccss-ela:RF.3.3.a,2010,2,false,https://corestandards.org/english-language-arts-standards/
https://education.asfai.org/frameworks/ccss-ela/versions/2010/items/RF.3.3.b,ccss-ela,RF.3.3.b,ccss-ela:RF.3.3.b,2010,1,false,https://corestandards.org/english-language-arts-standards/
https://education.asfai.org/frameworks/ccss-ela/versions/2010/items/RF.3.3.c,ccss-ela,RF.3.3.c,ccss-ela:RF.3.3.c,2010,1,false,https://corestandards.org/english-language-arts-standards/
https://education.asfai.org/frameworks/ccss-ela/versions/2010/items/RF.3.3.d,ccss-ela,RF.3.3.d,ccss-ela:RF.3.3.d,2010,1,false,https://corestandards.org/english-language-arts-standards/
https://education.asfai.org/frameworks/ccss-ela/versions/2010/items/RF.3.4,ccss-ela,RF.3.4,ccss-ela:RF.3.4,2010,1,false,https://corestandards.org/english-language-arts-standards/
https://education.asfai.org/frameworks/ccss-ela/versions/2010/items/RF.3.4.a,ccss-ela,RF.3.4.a,ccss-ela:RF.3.4.a,2010,1,false,https://corestandards.org/english-language-arts-standards/
https://education.asfai.org/frameworks/ccss-ela/versions/2010/items/RF.3.4.b,ccss-ela,RF.3.4.b,ccss-ela:RF.3.4.b,2010,1,false,https://corestandards.org/english-language-arts-standards/
https://education.asfai.org/frameworks/ccss-ela/versions/2010/items/RF.3.4.c,ccss-ela,RF.3.4.c,ccss-ela:RF.3.4.c,2010,1,false,https://corestandards.org/english-language-arts-standards/
https://education.asfai.org/frameworks/ccss-ela/versions/2010/items/RF.4.3,ccss-ela,RF.4.3,ccss-ela:RF.4.3,2010,1,false,https://corestandards.org/english-language-arts-standards/
https://education.asfai.org/frameworks/ccss-ela/versions/2010/items/RF.4.3.a,ccss-ela,RF.4.3.a,ccss-ela:RF.4.3.a,2010,1,false,https://corestandards.org/english-language-arts-standards/
https://education.asfai.org/frameworks/ccss-ela/versions/2010/items/RF.4.4,ccss-ela,RF.4.4,ccss-ela:RF.4.4,2010,1,false,https://corestandards.org/english-language-arts-standards/
https://education.asfai.org/frameworks/ccss-ela/versions/2010/items/RF.4.4.a,ccss-ela,RF.4.4.a,ccss-ela:RF.4.4.a,2010,1,false,https://corestandards.org/english-language-arts-standards/
https://education.asfai.org/frameworks/ccss-ela/versions/2010/items/RF.4.4.b,ccss-ela,RF.4.4.b,ccss-ela:RF.4.4.b,2010,1,false,https://corestandards.org/english-language-arts-standards/
https://education.asfai.org/frameworks/ccss-ela/versions/2010/items/RF.4.4.c,ccss-ela,RF.4.4.c,ccss-ela:RF.4.4.c,2010,1,false,https://corestandards.org/english-language-arts-standards/
https://education.asfai.org/frameworks/ccss-ela/versions/2010/items/RF.5.3,ccss-ela,RF.5.3,ccss-ela:RF.5.3,2010,0,false,https://corestandards.org/english-language-arts-standards/
https://education.asfai.org/frameworks/ccss-ela/versions/2010/items/RF.5.3.a,ccss-ela,RF.5.3.a,ccss-ela:RF.5.3.a,2010,0,false,https://corestandards.org/english-language-arts-standards/
https://education.asfai.org/frameworks/ccss-ela/versions/2010/items/RF.5.4,ccss-ela,RF.5.4,ccss-ela:RF.5.4,2010,0,false,https://corestandards.org/english-language-arts-standards/
https://education.asfai.org/frameworks/ccss-ela/versions/2010/items/RF.5.4.a,ccss-ela,RF.5.4.a,ccss-ela:RF.5.4.a,2010,0,false,https://corestandards.org/english-language-arts-standards/
https://education.asfai.org/frameworks/ccss-ela/versions/2010/items/RF.5.4.b,ccss-ela,RF.5.4.b,ccss-ela:RF.5.4.b,2010,0,false,https://corestandards.org/english-language-arts-standards/
https://education.asfai.org/frameworks/ccss-ela/versions/2010/items/RF.5.4.c,ccss-ela,RF.5.4.c,ccss-ela:RF.5.4.c,2010,1,false,https://corestandards.org/english-language-arts-standards/
https://education.asfai.org/frameworks/ccss-ela/versions/2010/items/RF.K.1,ccss-ela,RF.K.1,ccss-ela:RF.K.1,2010,1,false,https://corestandards.org/english-language-arts-standards/
https://education.asfai.org/frameworks/ccss-ela/versions/2010/items/RF.K.1.a,ccss-ela,RF.K.1.a,ccss-ela:RF.K.1.a,2010,1,false,https://corestandards.org/english-language-arts-standards/
https://education.asfai.org/frameworks/ccss-ela/versions/2010/items/RF.K.1.b,ccss-ela,RF.K.1.b,ccss-ela:RF.K.1.b,2010,1,false,https://corestandards.org/english-language-arts-standards/
https://education.asfai.org/frameworks/ccss-ela/versions/2010/items/RF.K.1.c,ccss-ela,RF.K.1.c,ccss-ela:RF.K.1.c,2010,0,false,https://corestandards.org/english-language-arts-standards/
https://education.asfai.org/frameworks/ccss-ela/versions/2010/items/RF.K.1.d,ccss-ela,RF.K.1.d,ccss-ela:RF.K.1.d,2010,1,false,https://corestandards.org/english-language-arts-standards/
https://education.asfai.org/frameworks/ccss-ela/versions/2010/items/RF.K.2,ccss-ela,RF.K.2,ccss-ela:RF.K.2,2010,0,false,https://corestandards.org/english-language-arts-standards/
https://education.asfai.org/frameworks/ccss-ela/versions/2010/items/RF.K.2.a,ccss-ela,RF.K.2.a,ccss-ela:RF.K.2.a,2010,1,false,https://corestandards.org/english-language-arts-standards/
https://education.asfai.org/frameworks/ccss-ela/versions/2010/items/RF.K.2.b,ccss-ela,RF.K.2.b,ccss-ela:RF.K.2.b,2010,1,false,https://corestandards.org/english-language-arts-standards/
https://education.asfai.org/frameworks/ccss-ela/versions/2010/items/RF.K.2.c,ccss-ela,RF.K.2.c,ccss-ela:RF.K.2.c,2010,0,false,https://corestandards.org/english-language-arts-standards/
https://education.asfai.org/frameworks/ccss-ela/versions/2010/items/RF.K.2.d,ccss-ela,RF.K.2.d,ccss-ela:RF.K.2.d,2010,0,false,https://corestandards.org/english-language-arts-standards/
https://education.asfai.org/frameworks/ccss-ela/versions/2010/items/RF.K.2.e,ccss-ela,RF.K.2.e,ccss-ela:RF.K.2.e,2010,0,false,https://corestandards.org/english-language-arts-standards/
https://education.asfai.org/frameworks/ccss-ela/versions/2010/items/RF.K.3,ccss-ela,RF.K.3,ccss-ela:RF.K.3,2010,1,false,https://corestandards.org/english-language-arts-standards/
https://education.asfai.org/frameworks/ccss-ela/versions/2010/items/RF.K.3.a,ccss-ela,RF.K.3.a,ccss-ela:RF.K.3.a,2010,1,false,https://corestandards.org/english-language-arts-standards/
https://education.asfai.org/frameworks/ccss-ela/versions/2010/items/RF.K.3.b,ccss-ela,RF.K.3.b,ccss-ela:RF.K.3.b,2010,1,false,https://corestandards.org/english-language-arts-standards/
https://education.asfai.org/frameworks/ccss-ela/versions/2010/items/RF.K.3.c,ccss-ela,RF.K.3.c,ccss-ela:RF.K.3.c,2010,0,false,https://corestandards.org/english-language-arts-standards/
https://education.asfai.org/frameworks/ccss-ela/versions/2010/items/RF.K.3.d,ccss-ela,RF.K.3.d,ccss-ela:RF.K.3.d,2010,1,false,https://corestandards.org/english-language-arts-standards/
https://education.asfai.org/frameworks/ccss-ela/versions/2010/items/RF.K.4,ccss-ela,RF.K.4,ccss-ela:RF.K.4,2010,1,false,https://corestandards.org/english-language-arts-standards/
https://education.asfai.org/frameworks/ccss-ela/versions/2010/items/RH.11-12.1,ccss-ela,RH.11-12.1,ccss-ela:RH.11-12.1,2010,0,false,https://corestandards.org/english-language-arts-standards/
https://education.asfai.org/frameworks/ccss-ela/versions/2010/items/RH.11-12.10,ccss-ela,RH.11-12.10,ccss-ela:RH.11-12.10,2010,0,false,https://corestandards.org/english-language-arts-standards/
https://education.asfai.org/frameworks/ccss-ela/versions/2010/items/RH.11-12.2,ccss-ela,RH.11-12.2,ccss-ela:RH.11-12.2,2010,0,false,https://corestandards.org/english-language-arts-standards/
https://education.asfai.org/frameworks/ccss-ela/versions/2010/items/RH.11-12.3,ccss-ela,RH.11-12.3,ccss-ela:RH.11-12.3,2010,0,false,https://corestandards.org/english-language-arts-standards/
https://education.asfai.org/frameworks/ccss-ela/versions/2010/items/RH.11-12.4,ccss-ela,RH.11-12.4,ccss-ela:RH.11-12.4,2010,0,false,https://corestandards.org/english-language-arts-standards/
https://education.asfai.org/frameworks/ccss-ela/versions/2010/items/RH.11-12.5,ccss-ela,RH.11-12.5,ccss-ela:RH.11-12.5,2010,0,false,https://corestandards.org/english-language-arts-standards/
https://education.asfai.org/frameworks/ccss-ela/versions/2010/items/RH.11-12.6,ccss-ela,RH.11-12.6,ccss-ela:RH.11-12.6,2010,0,false,https://corestandards.org/english-language-arts-standards/
https://education.asfai.org/frameworks/ccss-ela/versions/2010/items/RH.11-12.7,ccss-ela,RH.11-12.7,ccss-ela:RH.11-12.7,2010,0,false,https://corestandards.org/english-language-arts-standards/
https://education.asfai.org/frameworks/ccss-ela/versions/2010/items/RH.11-12.8,ccss-ela,RH.11-12.8,ccss-ela:RH.11-12.8,2010,0,false,https://corestandards.org/english-language-arts-standards/
https://education.asfai.org/frameworks/ccss-ela/versions/2010/items/RH.11-12.9,ccss-ela,RH.11-12.9,ccss-ela:RH.11-12.9,2010,0,false,https://corestandards.org/english-language-arts-standards/
https://education.asfai.org/frameworks/ccss-ela/versions/2010/items/RH.6-8.1,ccss-ela,RH.6-8.1,ccss-ela:RH.6-8.1,2010,0,false,https://corestandards.org/english-language-arts-standards/
https://education.asfai.org/frameworks/ccss-ela/versions/2010/items/RH.6-8.10,ccss-ela,RH.6-8.10,ccss-ela:RH.6-8.10,2010,0,false,https://corestandards.org/english-language-arts-standards/
https://education.asfai.org/frameworks/ccss-ela/versions/2010/items/RH.6-8.2,ccss-ela,RH.6-8.2,ccss-ela:RH.6-8.2,2010,0,false,https://corestandards.org/english-language-arts-standards/
https://education.asfai.org/frameworks/ccss-ela/versions/2010/items/RH.6-8.3,ccss-ela,RH.6-8.3,ccss-ela:RH.6-8.3,2010,0,false,https://corestandards.org/english-language-arts-standards/
https://education.asfai.org/frameworks/ccss-ela/versions/2010/items/RH.6-8.4,ccss-ela,RH.6-8.4,ccss-ela:RH.6-8.4,2010,0,false,https://corestandards.org/english-language-arts-standards/
https://education.asfai.org/frameworks/ccss-ela/versions/2010/items/RH.6-8.5,ccss-ela,RH.6-8.5,ccss-ela:RH.6-8.5,2010,0,false,https://corestandards.org/english-language-arts-standards/
https://education.asfai.org/frameworks/ccss-ela/versions/2010/items/RH.6-8.6,ccss-ela,RH.6-8.6,ccss-ela:RH.6-8.6,2010,0,false,https://corestandards.org/english-language-arts-standards/
https://education.asfai.org/frameworks/ccss-ela/versions/2010/items/RH.6-8.7,ccss-ela,RH.6-8.7,ccss-ela:RH.6-8.7,2010,0,false,https://corestandards.org/english-language-arts-standards/
https://education.asfai.org/frameworks/ccss-ela/versions/2010/items/RH.6-8.8,ccss-ela,RH.6-8.8,ccss-ela:RH.6-8.8,2010,0,false,https://corestandards.org/english-language-arts-standards/
https://education.asfai.org/frameworks/ccss-ela/versions/2010/items/RH.6-8.9,ccss-ela,RH.6-8.9,ccss-ela:RH.6-8.9,2010,0,false,https://corestandards.org/english-language-arts-standards/
https://education.asfai.org/frameworks/ccss-ela/versions/2010/items/RH.9-10.1,ccss-ela,RH.9-10.1,ccss-ela:RH.9-10.1,2010,0,false,https://corestandards.org/english-language-arts-standards/
https://education.asfai.org/frameworks/ccss-ela/versions/2010/items/RH.9-10.10,ccss-ela,RH.9-10.10,ccss-ela:RH.9-10.10,2010,0,false,https://corestandards.org/english-language-arts-standards/
https://education.asfai.org/frameworks/ccss-ela/versions/2010/items/RH.9-10.2,ccss-ela,RH.9-10.2,ccss-ela:RH.9-10.2,2010,0,false,https://corestandards.org/english-language-arts-standards/
https://education.asfai.org/frameworks/ccss-ela/versions/2010/items/RH.9-10.3,ccss-ela,RH.9-10.3,ccss-ela:RH.9-10.3,2010,0,false,https://corestandards.org/english-language-arts-standards/
https://education.asfai.org/frameworks/ccss-ela/versions/2010/items/RH.9-10.4,ccss-ela,RH.9-10.4,ccss-ela:RH.9-10.4,2010,0,false,https://corestandards.org/english-language-arts-standards/
https://education.asfai.org/frameworks/ccss-ela/versions/2010/items/RH.9-10.5,ccss-ela,RH.9-10.5,ccss-ela:RH.9-10.5,2010,0,false,https://corestandards.org/english-language-arts-standards/
https://education.asfai.org/frameworks/ccss-ela/versions/2010/items/RH.9-10.6,ccss-ela,RH.9-10.6,ccss-ela:RH.9-10.6,2010,0,false,https://corestandards.org/english-language-arts-standards/
https://education.asfai.org/frameworks/ccss-ela/versions/2010/items/RH.9-10.7,ccss-ela,RH.9-10.7,ccss-ela:RH.9-10.7,2010,0,false,https://corestandards.org/english-language-arts-standards/
https://education.asfai.org/frameworks/ccss-ela/versions/2010/items/RH.9-10.8,ccss-ela,RH.9-10.8,ccss-ela:RH.9-10.8,2010,0,false,https://corestandards.org/english-language-arts-standards/
https://education.asfai.org/frameworks/ccss-ela/versions/2010/items/RH.9-10.9,ccss-ela,RH.9-10.9,ccss-ela:RH.9-10.9,2010,0,false,https://corestandards.org/english-language-arts-standards/
https://education.asfai.org/frameworks/ccss-ela/versions/2010/items/RI.1.1,ccss-ela,RI.1.1,ccss-ela:RI.1.1,2010,0,false,https://corestandards.org/english-language-arts-standards/
https://education.asfai.org/frameworks/ccss-ela/versions/2010/items/RI.1.10,ccss-ela,RI.1.10,ccss-ela:RI.1.10,2010,1,false,https://corestandards.org/english-language-arts-standards/
https://education.asfai.org/frameworks/ccss-ela/versions/2010/items/RI.1.2,ccss-ela,RI.1.2,ccss-ela:RI.1.2,2010,1,false,https://corestandards.org/english-language-arts-standards/
https://education.asfai.org/frameworks/ccss-ela/versions/2010/items/RI.1.3,ccss-ela,RI.1.3,ccss-ela:RI.1.3,2010,1,false,https://corestandards.org/english-language-arts-standards/
https://education.asfai.org/frameworks/ccss-ela/versions/2010/items/RI.1.4,ccss-ela,RI.1.4,ccss-ela:RI.1.4,2010,1,false,https://corestandards.org/english-language-arts-standards/
https://education.asfai.org/frameworks/ccss-ela/versions/2010/items/RI.1.5,ccss-ela,RI.1.5,ccss-ela:RI.1.5,2010,2,false,https://corestandards.org/english-language-arts-standards/
https://education.asfai.org/frameworks/ccss-ela/versions/2010/items/RI.1.6,ccss-ela,RI.1.6,ccss-ela:RI.1.6,2010,1,false,https://corestandards.org/english-language-arts-standards/
https://education.asfai.org/frameworks/ccss-ela/versions/2010/items/RI.1.7,ccss-ela,RI.1.7,ccss-ela:RI.1.7,2010,1,false,https://corestandards.org/english-language-arts-standards/
https://education.asfai.org/frameworks/ccss-ela/versions/2010/items/RI.1.8,ccss-ela,RI.1.8,ccss-ela:RI.1.8,2010,2,false,https://corestandards.org/english-language-arts-standards/
https://education.asfai.org/frameworks/ccss-ela/versions/2010/items/RI.1.9,ccss-ela,RI.1.9,ccss-ela:RI.1.9,2010,1,false,https://corestandards.org/english-language-arts-standards/
https://education.asfai.org/frameworks/ccss-ela/versions/2010/items/RI.11-12.1,ccss-ela,RI.11-12.1,ccss-ela:RI.11-12.1,2010,0,false,https://corestandards.org/english-language-arts-standards/
https://education.asfai.org/frameworks/ccss-ela/versions/2010/items/RI.11-12.10,ccss-ela,RI.11-12.10,ccss-ela:RI.11-12.10,2010,0,false,https://corestandards.org/english-language-arts-standards/
https://education.asfai.org/frameworks/ccss-ela/versions/2010/items/RI.11-12.2,ccss-ela,RI.11-12.2,ccss-ela:RI.11-12.2,2010,0,false,https://corestandards.org/english-language-arts-standards/
https://education.asfai.org/frameworks/ccss-ela/versions/2010/items/RI.11-12.3,ccss-ela,RI.11-12.3,ccss-ela:RI.11-12.3,2010,0,false,https://corestandards.org/english-language-arts-standards/
https://education.asfai.org/frameworks/ccss-ela/versions/2010/items/RI.11-12.4,ccss-ela,RI.11-12.4,ccss-ela:RI.11-12.4,2010,0,false,https://corestandards.org/english-language-arts-standards/
https://education.asfai.org/frameworks/ccss-ela/versions/2010/items/RI.11-12.5,ccss-ela,RI.11-12.5,ccss-ela:RI.11-12.5,2010,0,false,https://corestandards.org/english-language-arts-standards/
https://education.asfai.org/frameworks/ccss-ela/versions/2010/items/RI.11-12.6,ccss-ela,RI.11-12.6,ccss-ela:RI.11-12.6,2010,0,false,https://corestandards.org/english-language-arts-standards/
https://education.asfai.org/frameworks/ccss-ela/versions/2010/items/RI.11-12.7,ccss-ela,RI.11-12.7,ccss-ela:RI.11-12.7,2010,0,false,https://corestandards.org/english-language-arts-standards/
https://education.asfai.org/frameworks/ccss-ela/versions/2010/items/RI.11-12.8,ccss-ela,RI.11-12.8,ccss-ela:RI.11-12.8,2010,0,false,https://corestandards.org/english-language-arts-standards/
https://education.asfai.org/frameworks/ccss-ela/versions/2010/items/RI.11-12.9,ccss-ela,RI.11-12.9,ccss-ela:RI.11-12.9,2010,0,false,https://corestandards.org/english-language-arts-standards/
https://education.asfai.org/frameworks/ccss-ela/versions/2010/items/RI.2.1,ccss-ela,RI.2.1,ccss-ela:RI.2.1,2010,0,false,https://corestandards.org/english-language-arts-standards/
https://education.asfai.org/frameworks/ccss-ela/versions/2010/items/RI.2.10,ccss-ela,RI.2.10,ccss-ela:RI.2.10,2010,1,false,https://corestandards.org/english-language-arts-standards/
https://education.asfai.org/frameworks/ccss-ela/versions/2010/items/RI.2.2,ccss-ela,RI.2.2,ccss-ela:RI.2.2,2010,0,false,https://corestandards.org/english-language-arts-standards/
https://education.asfai.org/frameworks/ccss-ela/versions/2010/items/RI.2.3,ccss-ela,RI.2.3,ccss-ela:RI.2.3,2010,0,false,https://corestandards.org/english-language-arts-standards/
https://education.asfai.org/frameworks/ccss-ela/versions/2010/items/RI.2.4,ccss-ela,RI.2.4,ccss-ela:RI.2.4,2010,1,false,https://corestandards.org/english-language-arts-standards/
https://education.asfai.org/frameworks/ccss-ela/versions/2010/items/RI.2.5,ccss-ela,RI.2.5,ccss-ela:RI.2.5,2010,1,false,https://corestandards.org/english-language-arts-standards/
https://education.asfai.org/frameworks/ccss-ela/versions/2010/items/RI.2.6,ccss-ela,RI.2.6,ccss-ela:RI.2.6,2010,1,false,https://corestandards.org/english-language-arts-standards/
https://education.asfai.org/frameworks/ccss-ela/versions/2010/items/RI.2.7,ccss-ela,RI.2.7,ccss-ela:RI.2.7,2010,1,false,https://corestandards.org/english-language-arts-standards/
https://education.asfai.org/frameworks/ccss-ela/versions/2010/items/RI.2.8,ccss-ela,RI.2.8,ccss-ela:RI.2.8,2010,1,false,https://corestandards.org/english-language-arts-standards/
https://education.asfai.org/frameworks/ccss-ela/versions/2010/items/RI.2.9,ccss-ela,RI.2.9,ccss-ela:RI.2.9,2010,1,false,https://corestandards.org/english-language-arts-standards/
https://education.asfai.org/frameworks/ccss-ela/versions/2010/items/RI.3.1,ccss-ela,RI.3.1,ccss-ela:RI.3.1,2010,1,false,https://corestandards.org/english-language-arts-standards/
https://education.asfai.org/frameworks/ccss-ela/versions/2010/items/RI.3.10,ccss-ela,RI.3.10,ccss-ela:RI.3.10,2010,1,false,https://corestandards.org/english-language-arts-standards/
https://education.asfai.org/frameworks/ccss-ela/versions/2010/items/RI.3.2,ccss-ela,RI.3.2,ccss-ela:RI.3.2,2010,1,false,https://corestandards.org/english-language-arts-standards/
https://education.asfai.org/frameworks/ccss-ela/versions/2010/items/RI.3.3,ccss-ela,RI.3.3,ccss-ela:RI.3.3,2010,0,false,https://corestandards.org/english-language-arts-standards/
https://education.asfai.org/frameworks/ccss-ela/versions/2010/items/RI.3.4,ccss-ela,RI.3.4,ccss-ela:RI.3.4,2010,1,false,https://corestandards.org/english-language-arts-standards/
https://education.asfai.org/frameworks/ccss-ela/versions/2010/items/RI.3.5,ccss-ela,RI.3.5,ccss-ela:RI.3.5,2010,1,false,https://corestandards.org/english-language-arts-standards/
https://education.asfai.org/frameworks/ccss-ela/versions/2010/items/RI.3.6,ccss-ela,RI.3.6,ccss-ela:RI.3.6,2010,0,false,https://corestandards.org/english-language-arts-standards/
https://education.asfai.org/frameworks/ccss-ela/versions/2010/items/RI.3.7,ccss-ela,RI.3.7,ccss-ela:RI.3.7,2010,1,false,https://corestandards.org/english-language-arts-standards/
https://education.asfai.org/frameworks/ccss-ela/versions/2010/items/RI.3.8,ccss-ela,RI.3.8,ccss-ela:RI.3.8,2010,0,false,https://corestandards.org/english-language-arts-standards/
https://education.asfai.org/frameworks/ccss-ela/versions/2010/items/RI.3.9,ccss-ela,RI.3.9,ccss-ela:RI.3.9,2010,1,false,https://corestandards.org/english-language-arts-standards/
https://education.asfai.org/frameworks/ccss-ela/versions/2010/items/RI.4.1,ccss-ela,RI.4.1,ccss-ela:RI.4.1,2010,1,false,https://corestandards.org/english-language-arts-standards/
https://education.asfai.org/frameworks/ccss-ela/versions/2010/items/RI.4.10,ccss-ela,RI.4.10,ccss-ela:RI.4.10,2010,1,false,https://corestandards.org/english-language-arts-standards/
https://education.asfai.org/frameworks/ccss-ela/versions/2010/items/RI.4.2,ccss-ela,RI.4.2,ccss-ela:RI.4.2,2010,1,false,https://corestandards.org/english-language-arts-standards/
https://education.asfai.org/frameworks/ccss-ela/versions/2010/items/RI.4.3,ccss-ela,RI.4.3,ccss-ela:RI.4.3,2010,1,false,https://corestandards.org/english-language-arts-standards/
https://education.asfai.org/frameworks/ccss-ela/versions/2010/items/RI.4.4,ccss-ela,RI.4.4,ccss-ela:RI.4.4,2010,1,false,https://corestandards.org/english-language-arts-standards/
https://education.asfai.org/frameworks/ccss-ela/versions/2010/items/RI.4.5,ccss-ela,RI.4.5,ccss-ela:RI.4.5,2010,1,false,https://corestandards.org/english-language-arts-standards/
https://education.asfai.org/frameworks/ccss-ela/versions/2010/items/RI.4.6,ccss-ela,RI.4.6,ccss-ela:RI.4.6,2010,1,false,https://corestandards.org/english-language-arts-standards/
https://education.asfai.org/frameworks/ccss-ela/versions/2010/items/RI.4.7,ccss-ela,RI.4.7,ccss-ela:RI.4.7,2010,1,false,https://corestandards.org/english-language-arts-standards/
https://education.asfai.org/frameworks/ccss-ela/versions/2010/items/RI.4.8,ccss-ela,RI.4.8,ccss-ela:RI.4.8,2010,1,false,https://corestandards.org/english-language-arts-standards/
https://education.asfai.org/frameworks/ccss-ela/versions/2010/items/RI.4.9,ccss-ela,RI.4.9,ccss-ela:RI.4.9,2010,1,false,https://corestandards.org/english-language-arts-standards/
https://education.asfai.org/frameworks/ccss-ela/versions/2010/items/RI.5.1,ccss-ela,RI.5.1,ccss-ela:RI.5.1,2010,1,false,https://corestandards.org/english-language-arts-standards/
https://education.asfai.org/frameworks/ccss-ela/versions/2010/items/RI.5.10,ccss-ela,RI.5.10,ccss-ela:RI.5.10,2010,0,false,https://corestandards.org/english-language-arts-standards/
https://education.asfai.org/frameworks/ccss-ela/versions/2010/items/RI.5.2,ccss-ela,RI.5.2,ccss-ela:RI.5.2,2010,1,false,https://corestandards.org/english-language-arts-standards/
https://education.asfai.org/frameworks/ccss-ela/versions/2010/items/RI.5.3,ccss-ela,RI.5.3,ccss-ela:RI.5.3,2010,1,false,https://corestandards.org/english-language-arts-standards/
https://education.asfai.org/frameworks/ccss-ela/versions/2010/items/RI.5.4,ccss-ela,RI.5.4,ccss-ela:RI.5.4,2010,1,false,https://corestandards.org/english-language-arts-standards/
https://education.asfai.org/frameworks/ccss-ela/versions/2010/items/RI.5.5,ccss-ela,RI.5.5,ccss-ela:RI.5.5,2010,1,false,https://corestandards.org/english-language-arts-standards/
https://education.asfai.org/frameworks/ccss-ela/versions/2010/items/RI.5.6,ccss-ela,RI.5.6,ccss-ela:RI.5.6,2010,1,false,https://corestandards.org/english-language-arts-standards/
https://education.asfai.org/frameworks/ccss-ela/versions/2010/items/RI.5.7,ccss-ela,RI.5.7,ccss-ela:RI.5.7,2010,1,false,https://corestandards.org/english-language-arts-standards/
https://education.asfai.org/frameworks/ccss-ela/versions/2010/items/RI.5.8,ccss-ela,RI.5.8,ccss-ela:RI.5.8,2010,1,false,https://corestandards.org/english-language-arts-standards/
https://education.asfai.org/frameworks/ccss-ela/versions/2010/items/RI.5.9,ccss-ela,RI.5.9,ccss-ela:RI.5.9,2010,1,false,https://corestandards.org/english-language-arts-standards/
https://education.asfai.org/frameworks/ccss-ela/versions/2010/items/RI.6.1,ccss-ela,RI.6.1,ccss-ela:RI.6.1,2010,1,false,https://corestandards.org/english-language-arts-standards/
https://education.asfai.org/frameworks/ccss-ela/versions/2010/items/RI.6.10,ccss-ela,RI.6.10,ccss-ela:RI.6.10,2010,1,false,https://corestandards.org/english-language-arts-standards/
https://education.asfai.org/frameworks/ccss-ela/versions/2010/items/RI.6.2,ccss-ela,RI.6.2,ccss-ela:RI.6.2,2010,1,false,https://corestandards.org/english-language-arts-standards/
https://education.asfai.org/frameworks/ccss-ela/versions/2010/items/RI.6.3,ccss-ela,RI.6.3,ccss-ela:RI.6.3,2010,0,false,https://corestandards.org/english-language-arts-standards/
https://education.asfai.org/frameworks/ccss-ela/versions/2010/items/RI.6.4,ccss-ela,RI.6.4,ccss-ela:RI.6.4,2010,1,false,https://corestandards.org/english-language-arts-standards/
https://education.asfai.org/frameworks/ccss-ela/versions/2010/items/RI.6.5,ccss-ela,RI.6.5,ccss-ela:RI.6.5,2010,1,false,https://corestandards.org/english-language-arts-standards/
https://education.asfai.org/frameworks/ccss-ela/versions/2010/items/RI.6.6,ccss-ela,RI.6.6,ccss-ela:RI.6.6,2010,2,false,https://corestandards.org/english-language-arts-standards/
https://education.asfai.org/frameworks/ccss-ela/versions/2010/items/RI.6.7,ccss-ela,RI.6.7,ccss-ela:RI.6.7,2010,0,false,https://corestandards.org/english-language-arts-standards/
https://education.asfai.org/frameworks/ccss-ela/versions/2010/items/RI.6.8,ccss-ela,RI.6.8,ccss-ela:RI.6.8,2010,1,false,https://corestandards.org/english-language-arts-standards/
https://education.asfai.org/frameworks/ccss-ela/versions/2010/items/RI.6.9,ccss-ela,RI.6.9,ccss-ela:RI.6.9,2010,1,false,https://corestandards.org/english-language-arts-standards/
https://education.asfai.org/frameworks/ccss-ela/versions/2010/items/RI.7.1,ccss-ela,RI.7.1,ccss-ela:RI.7.1,2010,1,false,https://corestandards.org/english-language-arts-standards/
https://education.asfai.org/frameworks/ccss-ela/versions/2010/items/RI.7.10,ccss-ela,RI.7.10,ccss-ela:RI.7.10,2010,1,false,https://corestandards.org/english-language-arts-standards/
https://education.asfai.org/frameworks/ccss-ela/versions/2010/items/RI.7.2,ccss-ela,RI.7.2,ccss-ela:RI.7.2,2010,1,false,https://corestandards.org/english-language-arts-standards/
https://education.asfai.org/frameworks/ccss-ela/versions/2010/items/RI.7.3,ccss-ela,RI.7.3,ccss-ela:RI.7.3,2010,0,false,https://corestandards.org/english-language-arts-standards/
https://education.asfai.org/frameworks/ccss-ela/versions/2010/items/RI.7.4,ccss-ela,RI.7.4,ccss-ela:RI.7.4,2010,1,false,https://corestandards.org/english-language-arts-standards/
https://education.asfai.org/frameworks/ccss-ela/versions/2010/items/RI.7.5,ccss-ela,RI.7.5,ccss-ela:RI.7.5,2010,1,false,https://corestandards.org/english-language-arts-standards/
https://education.asfai.org/frameworks/ccss-ela/versions/2010/items/RI.7.6,ccss-ela,RI.7.6,ccss-ela:RI.7.6,2010,2,false,https://corestandards.org/english-language-arts-standards/
https://education.asfai.org/frameworks/ccss-ela/versions/2010/items/RI.7.7,ccss-ela,RI.7.7,ccss-ela:RI.7.7,2010,0,false,https://corestandards.org/english-language-arts-standards/
https://education.asfai.org/frameworks/ccss-ela/versions/2010/items/RI.7.8,ccss-ela,RI.7.8,ccss-ela:RI.7.8,2010,1,false,https://corestandards.org/english-language-arts-standards/
https://education.asfai.org/frameworks/ccss-ela/versions/2010/items/RI.7.9,ccss-ela,RI.7.9,ccss-ela:RI.7.9,2010,1,false,https://corestandards.org/english-language-arts-standards/
https://education.asfai.org/frameworks/ccss-ela/versions/2010/items/RI.8.1,ccss-ela,RI.8.1,ccss-ela:RI.8.1,2010,1,false,https://corestandards.org/english-language-arts-standards/
https://education.asfai.org/frameworks/ccss-ela/versions/2010/items/RI.8.10,ccss-ela,RI.8.10,ccss-ela:RI.8.10,2010,1,false,https://corestandards.org/english-language-arts-standards/
https://education.asfai.org/frameworks/ccss-ela/versions/2010/items/RI.8.2,ccss-ela,RI.8.2,ccss-ela:RI.8.2,2010,1,false,https://corestandards.org/english-language-arts-standards/
https://education.asfai.org/frameworks/ccss-ela/versions/2010/items/RI.8.3,ccss-ela,RI.8.3,ccss-ela:RI.8.3,2010,0,false,https://corestandards.org/english-language-arts-standards/
https://education.asfai.org/frameworks/ccss-ela/versions/2010/items/RI.8.4,ccss-ela,RI.8.4,ccss-ela:RI.8.4,2010,1,false,https://corestandards.org/english-language-arts-standards/
https://education.asfai.org/frameworks/ccss-ela/versions/2010/items/RI.8.5,ccss-ela,RI.8.5,ccss-ela:RI.8.5,2010,1,false,https://corestandards.org/english-language-arts-standards/
https://education.asfai.org/frameworks/ccss-ela/versions/2010/items/RI.8.6,ccss-ela,RI.8.6,ccss-ela:RI.8.6,2010,2,false,https://corestandards.org/english-language-arts-standards/
https://education.asfai.org/frameworks/ccss-ela/versions/2010/items/RI.8.7,ccss-ela,RI.8.7,ccss-ela:RI.8.7,2010,0,false,https://corestandards.org/english-language-arts-standards/
https://education.asfai.org/frameworks/ccss-ela/versions/2010/items/RI.8.8,ccss-ela,RI.8.8,ccss-ela:RI.8.8,2010,1,false,https://corestandards.org/english-language-arts-standards/
https://education.asfai.org/frameworks/ccss-ela/versions/2010/items/RI.8.9,ccss-ela,RI.8.9,ccss-ela:RI.8.9,2010,1,false,https://corestandards.org/english-language-arts-standards/
https://education.asfai.org/frameworks/ccss-ela/versions/2010/items/RI.9-10.1,ccss-ela,RI.9-10.1,ccss-ela:RI.9-10.1,2010,0,false,https://corestandards.org/english-language-arts-standards/
https://education.asfai.org/frameworks/ccss-ela/versions/2010/items/RI.9-10.10,ccss-ela,RI.9-10.10,ccss-ela:RI.9-10.10,2010,0,false,https://corestandards.org/english-language-arts-standards/
https://education.asfai.org/frameworks/ccss-ela/versions/2010/items/RI.9-10.2,ccss-ela,RI.9-10.2,ccss-ela:RI.9-10.2,2010,0,false,https://corestandards.org/english-language-arts-standards/
https://education.asfai.org/frameworks/ccss-ela/versions/2010/items/RI.9-10.3,ccss-ela,RI.9-10.3,ccss-ela:RI.9-10.3,2010,0,false,https://corestandards.org/english-language-arts-standards/
https://education.asfai.org/frameworks/ccss-ela/versions/2010/items/RI.9-10.4,ccss-ela,RI.9-10.4,ccss-ela:RI.9-10.4,2010,0,false,https://corestandards.org/english-language-arts-standards/
https://education.asfai.org/frameworks/ccss-ela/versions/2010/items/RI.9-10.5,ccss-ela,RI.9-10.5,ccss-ela:RI.9-10.5,2010,0,false,https://corestandards.org/english-language-arts-standards/
https://education.asfai.org/frameworks/ccss-ela/versions/2010/items/RI.9-10.6,ccss-ela,RI.9-10.6,ccss-ela:RI.9-10.6,2010,0,false,https://corestandards.org/english-language-arts-standards/
https://education.asfai.org/frameworks/ccss-ela/versions/2010/items/RI.9-10.7,ccss-ela,RI.9-10.7,ccss-ela:RI.9-10.7,2010,0,false,https://corestandards.org/english-language-arts-standards/
https://education.asfai.org/frameworks/ccss-ela/versions/2010/items/RI.9-10.8,ccss-ela,RI.9-10.8,ccss-ela:RI.9-10.8,2010,0,false,https://corestandards.org/english-language-arts-standards/
https://education.asfai.org/frameworks/ccss-ela/versions/2010/items/RI.9-10.9,ccss-ela,RI.9-10.9,ccss-ela:RI.9-10.9,2010,0,false,https://corestandards.org/english-language-arts-standards/
https://education.asfai.org/frameworks/ccss-ela/versions/2010/items/RI.K.1,ccss-ela,RI.K.1,ccss-ela:RI.K.1,2010,0,false,https://corestandards.org/english-language-arts-standards/
https://education.asfai.org/frameworks/ccss-ela/versions/2010/items/RI.K.10,ccss-ela,RI.K.10,ccss-ela:RI.K.10,2010,1,false,https://corestandards.org/english-language-arts-standards/
https://education.asfai.org/frameworks/ccss-ela/versions/2010/items/RI.K.2,ccss-ela,RI.K.2,ccss-ela:RI.K.2,2010,0,false,https://corestandards.org/english-language-arts-standards/
https://education.asfai.org/frameworks/ccss-ela/versions/2010/items/RI.K.3,ccss-ela,RI.K.3,ccss-ela:RI.K.3,2010,0,false,https://corestandards.org/english-language-arts-standards/
https://education.asfai.org/frameworks/ccss-ela/versions/2010/items/RI.K.4,ccss-ela,RI.K.4,ccss-ela:RI.K.4,2010,1,false,https://corestandards.org/english-language-arts-standards/
https://education.asfai.org/frameworks/ccss-ela/versions/2010/items/RI.K.5,ccss-ela,RI.K.5,ccss-ela:RI.K.5,2010,1,false,https://corestandards.org/english-language-arts-standards/
https://education.asfai.org/frameworks/ccss-ela/versions/2010/items/RI.K.6,ccss-ela,RI.K.6,ccss-ela:RI.K.6,2010,1,false,https://corestandards.org/english-language-arts-standards/
https://education.asfai.org/frameworks/ccss-ela/versions/2010/items/RI.K.7,ccss-ela,RI.K.7,ccss-ela:RI.K.7,2010,1,false,https://corestandards.org/english-language-arts-standards/
https://education.asfai.org/frameworks/ccss-ela/versions/2010/items/RI.K.8,ccss-ela,RI.K.8,ccss-ela:RI.K.8,2010,1,false,https://corestandards.org/english-language-arts-standards/
https://education.asfai.org/frameworks/ccss-ela/versions/2010/items/RI.K.9,ccss-ela,RI.K.9,ccss-ela:RI.K.9,2010,1,false,https://corestandards.org/english-language-arts-standards/
https://education.asfai.org/frameworks/ccss-ela/versions/2010/items/RL.1.1,ccss-ela,RL.1.1,ccss-ela:RL.1.1,2010,0,false,https://corestandards.org/english-language-arts-standards/
https://education.asfai.org/frameworks/ccss-ela/versions/2010/items/RL.1.10,ccss-ela,RL.1.10,ccss-ela:RL.1.10,2010,1,false,https://corestandards.org/english-language-arts-standards/
https://education.asfai.org/frameworks/ccss-ela/versions/2010/items/RL.1.2,ccss-ela,RL.1.2,ccss-ela:RL.1.2,2010,2,false,https://corestandards.org/english-language-arts-standards/
https://education.asfai.org/frameworks/ccss-ela/versions/2010/items/RL.1.3,ccss-ela,RL.1.3,ccss-ela:RL.1.3,2010,2,false,https://corestandards.org/english-language-arts-standards/
https://education.asfai.org/frameworks/ccss-ela/versions/2010/items/RL.1.4,ccss-ela,RL.1.4,ccss-ela:RL.1.4,2010,1,false,https://corestandards.org/english-language-arts-standards/
https://education.asfai.org/frameworks/ccss-ela/versions/2010/items/RL.1.5,ccss-ela,RL.1.5,ccss-ela:RL.1.5,2010,1,false,https://corestandards.org/english-language-arts-standards/
https://education.asfai.org/frameworks/ccss-ela/versions/2010/items/RL.1.6,ccss-ela,RL.1.6,ccss-ela:RL.1.6,2010,0,false,https://corestandards.org/english-language-arts-standards/
https://education.asfai.org/frameworks/ccss-ela/versions/2010/items/RL.1.7,ccss-ela,RL.1.7,ccss-ela:RL.1.7,2010,1,false,https://corestandards.org/english-language-arts-standards/
https://education.asfai.org/frameworks/ccss-ela/versions/2010/items/RL.1.9,ccss-ela,RL.1.9,ccss-ela:RL.1.9,2010,1,false,https://corestandards.org/english-language-arts-standards/
https://education.asfai.org/frameworks/ccss-ela/versions/2010/items/RL.11-12.1,ccss-ela,RL.11-12.1,ccss-ela:RL.11-12.1,2010,0,false,https://corestandards.org/english-language-arts-standards/
https://education.asfai.org/frameworks/ccss-ela/versions/2010/items/RL.11-12.10,ccss-ela,RL.11-12.10,ccss-ela:RL.11-12.10,2010,0,false,https://corestandards.org/english-language-arts-standards/
https://education.asfai.org/frameworks/ccss-ela/versions/2010/items/RL.11-12.2,ccss-ela,RL.11-12.2,ccss-ela:RL.11-12.2,2010,0,false,https://corestandards.org/english-language-arts-standards/
https://education.asfai.org/frameworks/ccss-ela/versions/2010/items/RL.11-12.3,ccss-ela,RL.11-12.3,ccss-ela:RL.11-12.3,2010,0,false,https://corestandards.org/english-language-arts-standards/
https://education.asfai.org/frameworks/ccss-ela/versions/2010/items/RL.11-12.4,ccss-ela,RL.11-12.4,ccss-ela:RL.11-12.4,2010,0,false,https://corestandards.org/english-language-arts-standards/
https://education.asfai.org/frameworks/ccss-ela/versions/2010/items/RL.11-12.5,ccss-ela,RL.11-12.5,ccss-ela:RL.11-12.5,2010,0,false,https://corestandards.org/english-language-arts-standards/
https://education.asfai.org/frameworks/ccss-ela/versions/2010/items/RL.11-12.6,ccss-ela,RL.11-12.6,ccss-ela:RL.11-12.6,2010,0,false,https://corestandards.org/english-language-arts-standards/
https://education.asfai.org/frameworks/ccss-ela/versions/2010/items/RL.11-12.7,ccss-ela,RL.11-12.7,ccss-ela:RL.11-12.7,2010,0,false,https://corestandards.org/english-language-arts-standards/
https://education.asfai.org/frameworks/ccss-ela/versions/2010/items/RL.11-12.9,ccss-ela,RL.11-12.9,ccss-ela:RL.11-12.9,2010,0,false,https://corestandards.org/english-language-arts-standards/
https://education.asfai.org/frameworks/ccss-ela/versions/2010/items/RL.2.1,ccss-ela,RL.2.1,ccss-ela:RL.2.1,2010,0,false,https://corestandards.org/english-language-arts-standards/
https://education.asfai.org/frameworks/ccss-ela/versions/2010/items/RL.2.10,ccss-ela,RL.2.10,ccss-ela:RL.2.10,2010,1,false,https://corestandards.org/english-language-arts-standards/
https://education.asfai.org/frameworks/ccss-ela/versions/2010/items/RL.2.2,ccss-ela,RL.2.2,ccss-ela:RL.2.2,2010,0,false,https://corestandards.org/english-language-arts-standards/
https://education.asfai.org/frameworks/ccss-ela/versions/2010/items/RL.2.3,ccss-ela,RL.2.3,ccss-ela:RL.2.3,2010,0,false,https://corestandards.org/english-language-arts-standards/
https://education.asfai.org/frameworks/ccss-ela/versions/2010/items/RL.2.4,ccss-ela,RL.2.4,ccss-ela:RL.2.4,2010,1,false,https://corestandards.org/english-language-arts-standards/
https://education.asfai.org/frameworks/ccss-ela/versions/2010/items/RL.2.5,ccss-ela,RL.2.5,ccss-ela:RL.2.5,2010,1,false,https://corestandards.org/english-language-arts-standards/
https://education.asfai.org/frameworks/ccss-ela/versions/2010/items/RL.2.6,ccss-ela,RL.2.6,ccss-ela:RL.2.6,2010,0,false,https://corestandards.org/english-language-arts-standards/
https://education.asfai.org/frameworks/ccss-ela/versions/2010/items/RL.2.7,ccss-ela,RL.2.7,ccss-ela:RL.2.7,2010,1,false,https://corestandards.org/english-language-arts-standards/
https://education.asfai.org/frameworks/ccss-ela/versions/2010/items/RL.2.9,ccss-ela,RL.2.9,ccss-ela:RL.2.9,2010,0,false,https://corestandards.org/english-language-arts-standards/
https://education.asfai.org/frameworks/ccss-ela/versions/2010/items/RL.3.1,ccss-ela,RL.3.1,ccss-ela:RL.3.1,2010,1,false,https://corestandards.org/english-language-arts-standards/
https://education.asfai.org/frameworks/ccss-ela/versions/2010/items/RL.3.10,ccss-ela,RL.3.10,ccss-ela:RL.3.10,2010,1,false,https://corestandards.org/english-language-arts-standards/
https://education.asfai.org/frameworks/ccss-ela/versions/2010/items/RL.3.2,ccss-ela,RL.3.2,ccss-ela:RL.3.2,2010,0,false,https://corestandards.org/english-language-arts-standards/
https://education.asfai.org/frameworks/ccss-ela/versions/2010/items/RL.3.3,ccss-ela,RL.3.3,ccss-ela:RL.3.3,2010,0,false,https://corestandards.org/english-language-arts-standards/
https://education.asfai.org/frameworks/ccss-ela/versions/2010/items/RL.3.4,ccss-ela,RL.3.4,ccss-ela:RL.3.4,2010,1,false,https://corestandards.org/english-language-arts-standards/
https://education.asfai.org/frameworks/ccss-ela/versions/2010/items/RL.3.5,ccss-ela,RL.3.5,ccss-ela:RL.3.5,2010,0,false,https://corestandards.org/english-language-arts-standards/
https://education.asfai.org/frameworks/ccss-ela/versions/2010/items/RL.3.6,ccss-ela,RL.3.6,ccss-ela:RL.3.6,2010,0,false,https://corestandards.org/english-language-arts-standards/
https://education.asfai.org/frameworks/ccss-ela/versions/2010/items/RL.3.7,ccss-ela,RL.3.7,ccss-ela:RL.3.7,2010,1,false,https://corestandards.org/english-language-arts-standards/
https://education.asfai.org/frameworks/ccss-ela/versions/2010/items/RL.3.9,ccss-ela,RL.3.9,ccss-ela:RL.3.9,2010,1,false,https://corestandards.org/english-language-arts-standards/
https://education.asfai.org/frameworks/ccss-ela/versions/2010/items/RL.4.1,ccss-ela,RL.4.1,ccss-ela:RL.4.1,2010,1,false,https://corestandards.org/english-language-arts-standards/
https://education.asfai.org/frameworks/ccss-ela/versions/2010/items/RL.4.10,ccss-ela,RL.4.10,ccss-ela:RL.4.10,2010,1,false,https://corestandards.org/english-language-arts-standards/
https://education.asfai.org/frameworks/ccss-ela/versions/2010/items/RL.4.2,ccss-ela,RL.4.2,ccss-ela:RL.4.2,2010,1,false,https://corestandards.org/english-language-arts-standards/
https://education.asfai.org/frameworks/ccss-ela/versions/2010/items/RL.4.3,ccss-ela,RL.4.3,ccss-ela:RL.4.3,2010,1,false,https://corestandards.org/english-language-arts-standards/
https://education.asfai.org/frameworks/ccss-ela/versions/2010/items/RL.4.4,ccss-ela,RL.4.4,ccss-ela:RL.4.4,2010,1,false,https://corestandards.org/english-language-arts-standards/
https://education.asfai.org/frameworks/ccss-ela/versions/2010/items/RL.4.5,ccss-ela,RL.4.5,ccss-ela:RL.4.5,2010,1,false,https://corestandards.org/english-language-arts-standards/
https://education.asfai.org/frameworks/ccss-ela/versions/2010/items/RL.4.6,ccss-ela,RL.4.6,ccss-ela:RL.4.6,2010,1,false,https://corestandards.org/english-language-arts-standards/
https://education.asfai.org/frameworks/ccss-ela/versions/2010/items/RL.4.7,ccss-ela,RL.4.7,ccss-ela:RL.4.7,2010,1,false,https://corestandards.org/english-language-arts-standards/
https://education.asfai.org/frameworks/ccss-ela/versions/2010/items/RL.4.9,ccss-ela,RL.4.9,ccss-ela:RL.4.9,2010,1,false,https://corestandards.org/english-language-arts-standards/
https://education.asfai.org/frameworks/ccss-ela/versions/2010/items/RL.5.1,ccss-ela,RL.5.1,ccss-ela:RL.5.1,2010,1,false,https://corestandards.org/english-language-arts-standards/
https://education.asfai.org/frameworks/ccss-ela/versions/2010/items/RL.5.10,ccss-ela,RL.5.10,ccss-ela:RL.5.10,2010,0,false,https://corestandards.org/english-language-arts-standards/
https://education.asfai.org/frameworks/ccss-ela/versions/2010/items/RL.5.2,ccss-ela,RL.5.2,ccss-ela:RL.5.2,2010,1,false,https://corestandards.org/english-language-arts-standards/
https://education.asfai.org/frameworks/ccss-ela/versions/2010/items/RL.5.3,ccss-ela,RL.5.3,ccss-ela:RL.5.3,2010,1,false,https://corestandards.org/english-language-arts-standards/
https://education.asfai.org/frameworks/ccss-ela/versions/2010/items/RL.5.4,ccss-ela,RL.5.4,ccss-ela:RL.5.4,2010,1,false,https://corestandards.org/english-language-arts-standards/
https://education.asfai.org/frameworks/ccss-ela/versions/2010/items/RL.5.5,ccss-ela,RL.5.5,ccss-ela:RL.5.5,2010,1,false,https://corestandards.org/english-language-arts-standards/
https://education.asfai.org/frameworks/ccss-ela/versions/2010/items/RL.5.6,ccss-ela,RL.5.6,ccss-ela:RL.5.6,2010,1,false,https://corestandards.org/english-language-arts-standards/
https://education.asfai.org/frameworks/ccss-ela/versions/2010/items/RL.5.7,ccss-ela,RL.5.7,ccss-ela:RL.5.7,2010,1,false,https://corestandards.org/english-language-arts-standards/
https://education.asfai.org/frameworks/ccss-ela/versions/2010/items/RL.5.9,ccss-ela,RL.5.9,ccss-ela:RL.5.9,2010,1,false,https://corestandards.org/english-language-arts-standards/
https://education.asfai.org/frameworks/ccss-ela/versions/2010/items/RL.6.1,ccss-ela,RL.6.1,ccss-ela:RL.6.1,2010,1,false,https://corestandards.org/english-language-arts-standards/
https://education.asfai.org/frameworks/ccss-ela/versions/2010/items/RL.6.10,ccss-ela,RL.6.10,ccss-ela:RL.6.10,2010,1,false,https://corestandards.org/english-language-arts-standards/
https://education.asfai.org/frameworks/ccss-ela/versions/2010/items/RL.6.2,ccss-ela,RL.6.2,ccss-ela:RL.6.2,2010,1,false,https://corestandards.org/english-language-arts-standards/
https://education.asfai.org/frameworks/ccss-ela/versions/2010/items/RL.6.3,ccss-ela,RL.6.3,ccss-ela:RL.6.3,2010,1,false,https://corestandards.org/english-language-arts-standards/
https://education.asfai.org/frameworks/ccss-ela/versions/2010/items/RL.6.4,ccss-ela,RL.6.4,ccss-ela:RL.6.4,2010,1,false,https://corestandards.org/english-language-arts-standards/
https://education.asfai.org/frameworks/ccss-ela/versions/2010/items/RL.6.5,ccss-ela,RL.6.5,ccss-ela:RL.6.5,2010,3,false,https://corestandards.org/english-language-arts-standards/
https://education.asfai.org/frameworks/ccss-ela/versions/2010/items/RL.6.6,ccss-ela,RL.6.6,ccss-ela:RL.6.6,2010,1,false,https://corestandards.org/english-language-arts-standards/
https://education.asfai.org/frameworks/ccss-ela/versions/2010/items/RL.6.7,ccss-ela,RL.6.7,ccss-ela:RL.6.7,2010,1,false,https://corestandards.org/english-language-arts-standards/
https://education.asfai.org/frameworks/ccss-ela/versions/2010/items/RL.6.9,ccss-ela,RL.6.9,ccss-ela:RL.6.9,2010,0,false,https://corestandards.org/english-language-arts-standards/
https://education.asfai.org/frameworks/ccss-ela/versions/2010/items/RL.7.1,ccss-ela,RL.7.1,ccss-ela:RL.7.1,2010,1,false,https://corestandards.org/english-language-arts-standards/
https://education.asfai.org/frameworks/ccss-ela/versions/2010/items/RL.7.10,ccss-ela,RL.7.10,ccss-ela:RL.7.10,2010,1,false,https://corestandards.org/english-language-arts-standards/
https://education.asfai.org/frameworks/ccss-ela/versions/2010/items/RL.7.2,ccss-ela,RL.7.2,ccss-ela:RL.7.2,2010,1,false,https://corestandards.org/english-language-arts-standards/
https://education.asfai.org/frameworks/ccss-ela/versions/2010/items/RL.7.3,ccss-ela,RL.7.3,ccss-ela:RL.7.3,2010,1,false,https://corestandards.org/english-language-arts-standards/
https://education.asfai.org/frameworks/ccss-ela/versions/2010/items/RL.7.4,ccss-ela,RL.7.4,ccss-ela:RL.7.4,2010,1,false,https://corestandards.org/english-language-arts-standards/
https://education.asfai.org/frameworks/ccss-ela/versions/2010/items/RL.7.5,ccss-ela,RL.7.5,ccss-ela:RL.7.5,2010,3,false,https://corestandards.org/english-language-arts-standards/
https://education.asfai.org/frameworks/ccss-ela/versions/2010/items/RL.7.6,ccss-ela,RL.7.6,ccss-ela:RL.7.6,2010,1,false,https://corestandards.org/english-language-arts-standards/
https://education.asfai.org/frameworks/ccss-ela/versions/2010/items/RL.7.7,ccss-ela,RL.7.7,ccss-ela:RL.7.7,2010,1,false,https://corestandards.org/english-language-arts-standards/
https://education.asfai.org/frameworks/ccss-ela/versions/2010/items/RL.7.9,ccss-ela,RL.7.9,ccss-ela:RL.7.9,2010,1,false,https://corestandards.org/english-language-arts-standards/
https://education.asfai.org/frameworks/ccss-ela/versions/2010/items/RL.8.1,ccss-ela,RL.8.1,ccss-ela:RL.8.1,2010,1,false,https://corestandards.org/english-language-arts-standards/
https://education.asfai.org/frameworks/ccss-ela/versions/2010/items/RL.8.10,ccss-ela,RL.8.10,ccss-ela:RL.8.10,2010,1,false,https://corestandards.org/english-language-arts-standards/
https://education.asfai.org/frameworks/ccss-ela/versions/2010/items/RL.8.2,ccss-ela,RL.8.2,ccss-ela:RL.8.2,2010,1,false,https://corestandards.org/english-language-arts-standards/
https://education.asfai.org/frameworks/ccss-ela/versions/2010/items/RL.8.3,ccss-ela,RL.8.3,ccss-ela:RL.8.3,2010,1,false,https://corestandards.org/english-language-arts-standards/
https://education.asfai.org/frameworks/ccss-ela/versions/2010/items/RL.8.4,ccss-ela,RL.8.4,ccss-ela:RL.8.4,2010,1,false,https://corestandards.org/english-language-arts-standards/
https://education.asfai.org/frameworks/ccss-ela/versions/2010/items/RL.8.5,ccss-ela,RL.8.5,ccss-ela:RL.8.5,2010,1,false,https://corestandards.org/english-language-arts-standards/
https://education.asfai.org/frameworks/ccss-ela/versions/2010/items/RL.8.6,ccss-ela,RL.8.6,ccss-ela:RL.8.6,2010,1,false,https://corestandards.org/english-language-arts-standards/
https://education.asfai.org/frameworks/ccss-ela/versions/2010/items/RL.8.7,ccss-ela,RL.8.7,ccss-ela:RL.8.7,2010,1,false,https://corestandards.org/english-language-arts-standards/
https://education.asfai.org/frameworks/ccss-ela/versions/2010/items/RL.8.9,ccss-ela,RL.8.9,ccss-ela:RL.8.9,2010,1,false,https://corestandards.org/english-language-arts-standards/
https://education.asfai.org/frameworks/ccss-ela/versions/2010/items/RL.9-10.1,ccss-ela,RL.9-10.1,ccss-ela:RL.9-10.1,2010,0,false,https://corestandards.org/english-language-arts-standards/
https://education.asfai.org/frameworks/ccss-ela/versions/2010/items/RL.9-10.10,ccss-ela,RL.9-10.10,ccss-ela:RL.9-10.10,2010,0,false,https://corestandards.org/english-language-arts-standards/
https://education.asfai.org/frameworks/ccss-ela/versions/2010/items/RL.9-10.2,ccss-ela,RL.9-10.2,ccss-ela:RL.9-10.2,2010,0,false,https://corestandards.org/english-language-arts-standards/
https://education.asfai.org/frameworks/ccss-ela/versions/2010/items/RL.9-10.3,ccss-ela,RL.9-10.3,ccss-ela:RL.9-10.3,2010,0,false,https://corestandards.org/english-language-arts-standards/
https://education.asfai.org/frameworks/ccss-ela/versions/2010/items/RL.9-10.4,ccss-ela,RL.9-10.4,ccss-ela:RL.9-10.4,2010,0,false,https://corestandards.org/english-language-arts-standards/
https://education.asfai.org/frameworks/ccss-ela/versions/2010/items/RL.9-10.5,ccss-ela,RL.9-10.5,ccss-ela:RL.9-10.5,2010,0,false,https://corestandards.org/english-language-arts-standards/
https://education.asfai.org/frameworks/ccss-ela/versions/2010/items/RL.9-10.6,ccss-ela,RL.9-10.6,ccss-ela:RL.9-10.6,2010,0,false,https://corestandards.org/english-language-arts-standards/
https://education.asfai.org/frameworks/ccss-ela/versions/2010/items/RL.9-10.7,ccss-ela,RL.9-10.7,ccss-ela:RL.9-10.7,2010,0,false,https://corestandards.org/english-language-arts-standards/
https://education.asfai.org/frameworks/ccss-ela/versions/2010/items/RL.9-10.9,ccss-ela,RL.9-10.9,ccss-ela:RL.9-10.9,2010,0,false,https://corestandards.org/english-language-arts-standards/
https://education.asfai.org/frameworks/ccss-ela/versions/2010/items/RL.K.1,ccss-ela,RL.K.1,ccss-ela:RL.K.1,2010,0,false,https://corestandards.org/english-language-arts-standards/
https://education.asfai.org/frameworks/ccss-ela/versions/2010/items/RL.K.10,ccss-ela,RL.K.10,ccss-ela:RL.K.10,2010,1,false,https://corestandards.org/english-language-arts-standards/
https://education.asfai.org/frameworks/ccss-ela/versions/2010/items/RL.K.2,ccss-ela,RL.K.2,ccss-ela:RL.K.2,2010,1,false,https://corestandards.org/english-language-arts-standards/
https://education.asfai.org/frameworks/ccss-ela/versions/2010/items/RL.K.3,ccss-ela,RL.K.3,ccss-ela:RL.K.3,2010,1,false,https://corestandards.org/english-language-arts-standards/
https://education.asfai.org/frameworks/ccss-ela/versions/2010/items/RL.K.4,ccss-ela,RL.K.4,ccss-ela:RL.K.4,2010,1,false,https://corestandards.org/english-language-arts-standards/
https://education.asfai.org/frameworks/ccss-ela/versions/2010/items/RL.K.5,ccss-ela,RL.K.5,ccss-ela:RL.K.5,2010,1,false,https://corestandards.org/english-language-arts-standards/
https://education.asfai.org/frameworks/ccss-ela/versions/2010/items/RL.K.6,ccss-ela,RL.K.6,ccss-ela:RL.K.6,2010,1,false,https://corestandards.org/english-language-arts-standards/
https://education.asfai.org/frameworks/ccss-ela/versions/2010/items/RL.K.7,ccss-ela,RL.K.7,ccss-ela:RL.K.7,2010,1,false,https://corestandards.org/english-language-arts-standards/
https://education.asfai.org/frameworks/ccss-ela/versions/2010/items/RL.K.9,ccss-ela,RL.K.9,ccss-ela:RL.K.9,2010,1,false,https://corestandards.org/english-language-arts-standards/
https://education.asfai.org/frameworks/ccss-ela/versions/2010/items/RST.11-12.1,ccss-ela,RST.11-12.1,ccss-ela:RST.11-12.1,2010,0,false,https://corestandards.org/english-language-arts-standards/
https://education.asfai.org/frameworks/ccss-ela/versions/2010/items/RST.11-12.10,ccss-ela,RST.11-12.10,ccss-ela:RST.11-12.10,2010,0,false,https://corestandards.org/english-language-arts-standards/
https://education.asfai.org/frameworks/ccss-ela/versions/2010/items/RST.11-12.2,ccss-ela,RST.11-12.2,ccss-ela:RST.11-12.2,2010,0,false,https://corestandards.org/english-language-arts-standards/
https://education.asfai.org/frameworks/ccss-ela/versions/2010/items/RST.11-12.3,ccss-ela,RST.11-12.3,ccss-ela:RST.11-12.3,2010,0,false,https://corestandards.org/english-language-arts-standards/
https://education.asfai.org/frameworks/ccss-ela/versions/2010/items/RST.11-12.4,ccss-ela,RST.11-12.4,ccss-ela:RST.11-12.4,2010,0,false,https://corestandards.org/english-language-arts-standards/
https://education.asfai.org/frameworks/ccss-ela/versions/2010/items/RST.11-12.5,ccss-ela,RST.11-12.5,ccss-ela:RST.11-12.5,2010,0,false,https://corestandards.org/english-language-arts-standards/
https://education.asfai.org/frameworks/ccss-ela/versions/2010/items/RST.11-12.6,ccss-ela,RST.11-12.6,ccss-ela:RST.11-12.6,2010,0,false,https://corestandards.org/english-language-arts-standards/
https://education.asfai.org/frameworks/ccss-ela/versions/2010/items/RST.11-12.7,ccss-ela,RST.11-12.7,ccss-ela:RST.11-12.7,2010,0,false,https://corestandards.org/english-language-arts-standards/
https://education.asfai.org/frameworks/ccss-ela/versions/2010/items/RST.11-12.8,ccss-ela,RST.11-12.8,ccss-ela:RST.11-12.8,2010,0,false,https://corestandards.org/english-language-arts-standards/
https://education.asfai.org/frameworks/ccss-ela/versions/2010/items/RST.11-12.9,ccss-ela,RST.11-12.9,ccss-ela:RST.11-12.9,2010,0,false,https://corestandards.org/english-language-arts-standards/
https://education.asfai.org/frameworks/ccss-ela/versions/2010/items/RST.6-8.1,ccss-ela,RST.6-8.1,ccss-ela:RST.6-8.1,2010,0,false,https://corestandards.org/english-language-arts-standards/
https://education.asfai.org/frameworks/ccss-ela/versions/2010/items/RST.6-8.10,ccss-ela,RST.6-8.10,ccss-ela:RST.6-8.10,2010,0,false,https://corestandards.org/english-language-arts-standards/
https://education.asfai.org/frameworks/ccss-ela/versions/2010/items/RST.6-8.2,ccss-ela,RST.6-8.2,ccss-ela:RST.6-8.2,2010,0,false,https://corestandards.org/english-language-arts-standards/
https://education.asfai.org/frameworks/ccss-ela/versions/2010/items/RST.6-8.3,ccss-ela,RST.6-8.3,ccss-ela:RST.6-8.3,2010,0,false,https://corestandards.org/english-language-arts-standards/
https://education.asfai.org/frameworks/ccss-ela/versions/2010/items/RST.6-8.4,ccss-ela,RST.6-8.4,ccss-ela:RST.6-8.4,2010,0,false,https://corestandards.org/english-language-arts-standards/
https://education.asfai.org/frameworks/ccss-ela/versions/2010/items/RST.6-8.5,ccss-ela,RST.6-8.5,ccss-ela:RST.6-8.5,2010,0,false,https://corestandards.org/english-language-arts-standards/
https://education.asfai.org/frameworks/ccss-ela/versions/2010/items/RST.6-8.6,ccss-ela,RST.6-8.6,ccss-ela:RST.6-8.6,2010,0,false,https://corestandards.org/english-language-arts-standards/
https://education.asfai.org/frameworks/ccss-ela/versions/2010/items/RST.6-8.7,ccss-ela,RST.6-8.7,ccss-ela:RST.6-8.7,2010,0,false,https://corestandards.org/english-language-arts-standards/
https://education.asfai.org/frameworks/ccss-ela/versions/2010/items/RST.6-8.8,ccss-ela,RST.6-8.8,ccss-ela:RST.6-8.8,2010,0,false,https://corestandards.org/english-language-arts-standards/
https://education.asfai.org/frameworks/ccss-ela/versions/2010/items/RST.6-8.9,ccss-ela,RST.6-8.9,ccss-ela:RST.6-8.9,2010,0,false,https://corestandards.org/english-language-arts-standards/
https://education.asfai.org/frameworks/ccss-ela/versions/2010/items/RST.9-10.1,ccss-ela,RST.9-10.1,ccss-ela:RST.9-10.1,2010,0,false,https://corestandards.org/english-language-arts-standards/
https://education.asfai.org/frameworks/ccss-ela/versions/2010/items/RST.9-10.10,ccss-ela,RST.9-10.10,ccss-ela:RST.9-10.10,2010,0,false,https://corestandards.org/english-language-arts-standards/
https://education.asfai.org/frameworks/ccss-ela/versions/2010/items/RST.9-10.2,ccss-ela,RST.9-10.2,ccss-ela:RST.9-10.2,2010,0,false,https://corestandards.org/english-language-arts-standards/
https://education.asfai.org/frameworks/ccss-ela/versions/2010/items/RST.9-10.3,ccss-ela,RST.9-10.3,ccss-ela:RST.9-10.3,2010,0,false,https://corestandards.org/english-language-arts-standards/
https://education.asfai.org/frameworks/ccss-ela/versions/2010/items/RST.9-10.4,ccss-ela,RST.9-10.4,ccss-ela:RST.9-10.4,2010,0,false,https://corestandards.org/english-language-arts-standards/
https://education.asfai.org/frameworks/ccss-ela/versions/2010/items/RST.9-10.5,ccss-ela,RST.9-10.5,ccss-ela:RST.9-10.5,2010,0,false,https://corestandards.org/english-language-arts-standards/
https://education.asfai.org/frameworks/ccss-ela/versions/2010/items/RST.9-10.6,ccss-ela,RST.9-10.6,ccss-ela:RST.9-10.6,2010,0,false,https://corestandards.org/english-language-arts-standards/
https://education.asfai.org/frameworks/ccss-ela/versions/2010/items/RST.9-10.7,ccss-ela,RST.9-10.7,ccss-ela:RST.9-10.7,2010,0,false,https://corestandards.org/english-language-arts-standards/
https://education.asfai.org/frameworks/ccss-ela/versions/2010/items/RST.9-10.8,ccss-ela,RST.9-10.8,ccss-ela:RST.9-10.8,2010,0,false,https://corestandards.org/english-language-arts-standards/
https://education.asfai.org/frameworks/ccss-ela/versions/2010/items/RST.9-10.9,ccss-ela,RST.9-10.9,ccss-ela:RST.9-10.9,2010,0,false,https://corestandards.org/english-language-arts-standards/
https://education.asfai.org/frameworks/ccss-ela/versions/2010/items/SL.1.1,ccss-ela,SL.1.1,ccss-ela:SL.1.1,2010,0,false,https://corestandards.org/english-language-arts-standards/
https://education.asfai.org/frameworks/ccss-ela/versions/2010/items/SL.1.1.a,ccss-ela,SL.1.1.a,ccss-ela:SL.1.1.a,2010,0,false,https://corestandards.org/english-language-arts-standards/
https://education.asfai.org/frameworks/ccss-ela/versions/2010/items/SL.1.1.b,ccss-ela,SL.1.1.b,ccss-ela:SL.1.1.b,2010,0,false,https://corestandards.org/english-language-arts-standards/
https://education.asfai.org/frameworks/ccss-ela/versions/2010/items/SL.1.1.c,ccss-ela,SL.1.1.c,ccss-ela:SL.1.1.c,2010,0,false,https://corestandards.org/english-language-arts-standards/
https://education.asfai.org/frameworks/ccss-ela/versions/2010/items/SL.1.2,ccss-ela,SL.1.2,ccss-ela:SL.1.2,2010,1,false,https://corestandards.org/english-language-arts-standards/
https://education.asfai.org/frameworks/ccss-ela/versions/2010/items/SL.1.3,ccss-ela,SL.1.3,ccss-ela:SL.1.3,2010,1,false,https://corestandards.org/english-language-arts-standards/
https://education.asfai.org/frameworks/ccss-ela/versions/2010/items/SL.1.4,ccss-ela,SL.1.4,ccss-ela:SL.1.4,2010,2,false,https://corestandards.org/english-language-arts-standards/
https://education.asfai.org/frameworks/ccss-ela/versions/2010/items/SL.1.5,ccss-ela,SL.1.5,ccss-ela:SL.1.5,2010,1,false,https://corestandards.org/english-language-arts-standards/
https://education.asfai.org/frameworks/ccss-ela/versions/2010/items/SL.1.6,ccss-ela,SL.1.6,ccss-ela:SL.1.6,2010,2,false,https://corestandards.org/english-language-arts-standards/
https://education.asfai.org/frameworks/ccss-ela/versions/2010/items/SL.2.1,ccss-ela,SL.2.1,ccss-ela:SL.2.1,2010,0,false,https://corestandards.org/english-language-arts-standards/
https://education.asfai.org/frameworks/ccss-ela/versions/2010/items/SL.2.1.a,ccss-ela,SL.2.1.a,ccss-ela:SL.2.1.a,2010,0,false,https://corestandards.org/english-language-arts-standards/
https://education.asfai.org/frameworks/ccss-ela/versions/2010/items/SL.2.1.b,ccss-ela,SL.2.1.b,ccss-ela:SL.2.1.b,2010,0,false,https://corestandards.org/english-language-arts-standards/
https://education.asfai.org/frameworks/ccss-ela/versions/2010/items/SL.2.1.c,ccss-ela,SL.2.1.c,ccss-ela:SL.2.1.c,2010,0,false,https://corestandards.org/english-language-arts-standards/
https://education.asfai.org/frameworks/ccss-ela/versions/2010/items/SL.2.2,ccss-ela,SL.2.2,ccss-ela:SL.2.2,2010,0,false,https://corestandards.org/english-language-arts-standards/
https://education.asfai.org/frameworks/ccss-ela/versions/2010/items/SL.2.3,ccss-ela,SL.2.3,ccss-ela:SL.2.3,2010,1,false,https://corestandards.org/english-language-arts-standards/
https://education.asfai.org/frameworks/ccss-ela/versions/2010/items/SL.2.4,ccss-ela,SL.2.4,ccss-ela:SL.2.4,2010,1,false,https://corestandards.org/english-language-arts-standards/
https://education.asfai.org/frameworks/ccss-ela/versions/2010/items/SL.2.5,ccss-ela,SL.2.5,ccss-ela:SL.2.5,2010,1,false,https://corestandards.org/english-language-arts-standards/
https://education.asfai.org/frameworks/ccss-ela/versions/2010/items/SL.2.6,ccss-ela,SL.2.6,ccss-ela:SL.2.6,2010,2,false,https://corestandards.org/english-language-arts-standards/
https://education.asfai.org/frameworks/ccss-ela/versions/2010/items/SL.3.1,ccss-ela,SL.3.1,ccss-ela:SL.3.1,2010,0,false,https://corestandards.org/english-language-arts-standards/
https://education.asfai.org/frameworks/ccss-ela/versions/2010/items/SL.3.1.a,ccss-ela,SL.3.1.a,ccss-ela:SL.3.1.a,2010,0,false,https://corestandards.org/english-language-arts-standards/
https://education.asfai.org/frameworks/ccss-ela/versions/2010/items/SL.3.1.b,ccss-ela,SL.3.1.b,ccss-ela:SL.3.1.b,2010,0,false,https://corestandards.org/english-language-arts-standards/
https://education.asfai.org/frameworks/ccss-ela/versions/2010/items/SL.3.1.c,ccss-ela,SL.3.1.c,ccss-ela:SL.3.1.c,2010,0,false,https://corestandards.org/english-language-arts-standards/
https://education.asfai.org/frameworks/ccss-ela/versions/2010/items/SL.3.1.d,ccss-ela,SL.3.1.d,ccss-ela:SL.3.1.d,2010,0,false,https://corestandards.org/english-language-arts-standards/
https://education.asfai.org/frameworks/ccss-ela/versions/2010/items/SL.3.2,ccss-ela,SL.3.2,ccss-ela:SL.3.2,2010,0,false,https://corestandards.org/english-language-arts-standards/
https://education.asfai.org/frameworks/ccss-ela/versions/2010/items/SL.3.3,ccss-ela,SL.3.3,ccss-ela:SL.3.3,2010,1,false,https://corestandards.org/english-language-arts-standards/
https://education.asfai.org/frameworks/ccss-ela/versions/2010/items/SL.3.4,ccss-ela,SL.3.4,ccss-ela:SL.3.4,2010,1,false,https://corestandards.org/english-language-arts-standards/
https://education.asfai.org/frameworks/ccss-ela/versions/2010/items/SL.3.5,ccss-ela,SL.3.5,ccss-ela:SL.3.5,2010,1,false,https://corestandards.org/english-language-arts-standards/
https://education.asfai.org/frameworks/ccss-ela/versions/2010/items/SL.3.6,ccss-ela,SL.3.6,ccss-ela:SL.3.6,2010,2,false,https://corestandards.org/english-language-arts-standards/
https://education.asfai.org/frameworks/ccss-ela/versions/2010/items/SL.4.1,ccss-ela,SL.4.1,ccss-ela:SL.4.1,2010,1,false,https://corestandards.org/english-language-arts-standards/
https://education.asfai.org/frameworks/ccss-ela/versions/2010/items/SL.4.1.a,ccss-ela,SL.4.1.a,ccss-ela:SL.4.1.a,2010,1,false,https://corestandards.org/english-language-arts-standards/
https://education.asfai.org/frameworks/ccss-ela/versions/2010/items/SL.4.1.b,ccss-ela,SL.4.1.b,ccss-ela:SL.4.1.b,2010,1,false,https://corestandards.org/english-language-arts-standards/
https://education.asfai.org/frameworks/ccss-ela/versions/2010/items/SL.4.1.c,ccss-ela,SL.4.1.c,ccss-ela:SL.4.1.c,2010,1,false,https://corestandards.org/english-language-arts-standards/
https://education.asfai.org/frameworks/ccss-ela/versions/2010/items/SL.4.1.d,ccss-ela,SL.4.1.d,ccss-ela:SL.4.1.d,2010,1,false,https://corestandards.org/english-language-arts-standards/
https://education.asfai.org/frameworks/ccss-ela/versions/2010/items/SL.4.2,ccss-ela,SL.4.2,ccss-ela:SL.4.2,2010,1,false,https://corestandards.org/english-language-arts-standards/
https://education.asfai.org/frameworks/ccss-ela/versions/2010/items/SL.4.3,ccss-ela,SL.4.3,ccss-ela:SL.4.3,2010,2,false,https://corestandards.org/english-language-arts-standards/
https://education.asfai.org/frameworks/ccss-ela/versions/2010/items/SL.4.4,ccss-ela,SL.4.4,ccss-ela:SL.4.4,2010,1,false,https://corestandards.org/english-language-arts-standards/
https://education.asfai.org/frameworks/ccss-ela/versions/2010/items/SL.4.5,ccss-ela,SL.4.5,ccss-ela:SL.4.5,2010,1,false,https://corestandards.org/english-language-arts-standards/
https://education.asfai.org/frameworks/ccss-ela/versions/2010/items/SL.4.6,ccss-ela,SL.4.6,ccss-ela:SL.4.6,2010,1,false,https://corestandards.org/english-language-arts-standards/
https://education.asfai.org/frameworks/ccss-ela/versions/2010/items/SL.5.1,ccss-ela,SL.5.1,ccss-ela:SL.5.1,2010,0,false,https://corestandards.org/english-language-arts-standards/
https://education.asfai.org/frameworks/ccss-ela/versions/2010/items/SL.5.1.a,ccss-ela,SL.5.1.a,ccss-ela:SL.5.1.a,2010,1,false,https://corestandards.org/english-language-arts-standards/
https://education.asfai.org/frameworks/ccss-ela/versions/2010/items/SL.5.1.b,ccss-ela,SL.5.1.b,ccss-ela:SL.5.1.b,2010,0,false,https://corestandards.org/english-language-arts-standards/
https://education.asfai.org/frameworks/ccss-ela/versions/2010/items/SL.5.1.c,ccss-ela,SL.5.1.c,ccss-ela:SL.5.1.c,2010,1,false,https://corestandards.org/english-language-arts-standards/
https://education.asfai.org/frameworks/ccss-ela/versions/2010/items/SL.5.1.d,ccss-ela,SL.5.1.d,ccss-ela:SL.5.1.d,2010,1,false,https://corestandards.org/english-language-arts-standards/
https://education.asfai.org/frameworks/ccss-ela/versions/2010/items/SL.5.2,ccss-ela,SL.5.2,ccss-ela:SL.5.2,2010,1,false,https://corestandards.org/english-language-arts-standards/
https://education.asfai.org/frameworks/ccss-ela/versions/2010/items/SL.5.3,ccss-ela,SL.5.3,ccss-ela:SL.5.3,2010,2,false,https://corestandards.org/english-language-arts-standards/
https://education.asfai.org/frameworks/ccss-ela/versions/2010/items/SL.5.4,ccss-ela,SL.5.4,ccss-ela:SL.5.4,2010,1,false,https://corestandards.org/english-language-arts-standards/
https://education.asfai.org/frameworks/ccss-ela/versions/2010/items/SL.5.5,ccss-ela,SL.5.5,ccss-ela:SL.5.5,2010,1,false,https://corestandards.org/english-language-arts-standards/
https://education.asfai.org/frameworks/ccss-ela/versions/2010/items/SL.5.6,ccss-ela,SL.5.6,ccss-ela:SL.5.6,2010,1,false,https://corestandards.org/english-language-arts-standards/
https://education.asfai.org/frameworks/ccss-ela/versions/2010/items/SL.K.1,ccss-ela,SL.K.1,ccss-ela:SL.K.1,2010,0,false,https://corestandards.org/english-language-arts-standards/
https://education.asfai.org/frameworks/ccss-ela/versions/2010/items/SL.K.1.a,ccss-ela,SL.K.1.a,ccss-ela:SL.K.1.a,2010,0,false,https://corestandards.org/english-language-arts-standards/
https://education.asfai.org/frameworks/ccss-ela/versions/2010/items/SL.K.1.b,ccss-ela,SL.K.1.b,ccss-ela:SL.K.1.b,2010,0,false,https://corestandards.org/english-language-arts-standards/
https://education.asfai.org/frameworks/ccss-ela/versions/2010/items/SL.K.2,ccss-ela,SL.K.2,ccss-ela:SL.K.2,2010,1,false,https://corestandards.org/english-language-arts-standards/
https://education.asfai.org/frameworks/ccss-ela/versions/2010/items/SL.K.3,ccss-ela,SL.K.3,ccss-ela:SL.K.3,2010,1,false,https://corestandards.org/english-language-arts-standards/
https://education.asfai.org/frameworks/ccss-ela/versions/2010/items/SL.K.4,ccss-ela,SL.K.4,ccss-ela:SL.K.4,2010,1,false,https://corestandards.org/english-language-arts-standards/
https://education.asfai.org/frameworks/ccss-ela/versions/2010/items/SL.K.5,ccss-ela,SL.K.5,ccss-ela:SL.K.5,2010,0,false,https://corestandards.org/english-language-arts-standards/
https://education.asfai.org/frameworks/ccss-ela/versions/2010/items/SL.K.6,ccss-ela,SL.K.6,ccss-ela:SL.K.6,2010,1,false,https://corestandards.org/english-language-arts-standards/
https://education.asfai.org/frameworks/ccss-ela/versions/2010/items/W.1.1,ccss-ela,W.1.1,ccss-ela:W.1.1,2010,2,false,https://corestandards.org/english-language-arts-standards/
https://education.asfai.org/frameworks/ccss-ela/versions/2010/items/W.1.2,ccss-ela,W.1.2,ccss-ela:W.1.2,2010,0,false,https://corestandards.org/english-language-arts-standards/
https://education.asfai.org/frameworks/ccss-ela/versions/2010/items/W.1.3,ccss-ela,W.1.3,ccss-ela:W.1.3,2010,0,false,https://corestandards.org/english-language-arts-standards/
https://education.asfai.org/frameworks/ccss-ela/versions/2010/items/W.1.5,ccss-ela,W.1.5,ccss-ela:W.1.5,2010,1,false,https://corestandards.org/english-language-arts-standards/
https://education.asfai.org/frameworks/ccss-ela/versions/2010/items/W.1.6,ccss-ela,W.1.6,ccss-ela:W.1.6,2010,0,false,https://corestandards.org/english-language-arts-standards/
https://education.asfai.org/frameworks/ccss-ela/versions/2010/items/W.1.7,ccss-ela,W.1.7,ccss-ela:W.1.7,2010,1,false,https://corestandards.org/english-language-arts-standards/
https://education.asfai.org/frameworks/ccss-ela/versions/2010/items/W.1.8,ccss-ela,W.1.8,ccss-ela:W.1.8,2010,1,false,https://corestandards.org/english-language-arts-standards/
https://education.asfai.org/frameworks/ccss-ela/versions/2010/items/W.11-12.1,ccss-ela,W.11-12.1,ccss-ela:W.11-12.1,2010,0,false,https://corestandards.org/english-language-arts-standards/
https://education.asfai.org/frameworks/ccss-ela/versions/2010/items/W.11-12.1.a,ccss-ela,W.11-12.1.a,ccss-ela:W.11-12.1.a,2010,0,false,https://corestandards.org/english-language-arts-standards/
https://education.asfai.org/frameworks/ccss-ela/versions/2010/items/W.11-12.1.b,ccss-ela,W.11-12.1.b,ccss-ela:W.11-12.1.b,2010,0,false,https://corestandards.org/english-language-arts-standards/
https://education.asfai.org/frameworks/ccss-ela/versions/2010/items/W.11-12.1.c,ccss-ela,W.11-12.1.c,ccss-ela:W.11-12.1.c,2010,0,false,https://corestandards.org/english-language-arts-standards/
https://education.asfai.org/frameworks/ccss-ela/versions/2010/items/W.11-12.1.d,ccss-ela,W.11-12.1.d,ccss-ela:W.11-12.1.d,2010,0,false,https://corestandards.org/english-language-arts-standards/
https://education.asfai.org/frameworks/ccss-ela/versions/2010/items/W.11-12.1.e,ccss-ela,W.11-12.1.e,ccss-ela:W.11-12.1.e,2010,0,false,https://corestandards.org/english-language-arts-standards/
https://education.asfai.org/frameworks/ccss-ela/versions/2010/items/W.11-12.10,ccss-ela,W.11-12.10,ccss-ela:W.11-12.10,2010,0,false,https://corestandards.org/english-language-arts-standards/
https://education.asfai.org/frameworks/ccss-ela/versions/2010/items/W.11-12.2,ccss-ela,W.11-12.2,ccss-ela:W.11-12.2,2010,0,false,https://corestandards.org/english-language-arts-standards/
https://education.asfai.org/frameworks/ccss-ela/versions/2010/items/W.11-12.2.a,ccss-ela,W.11-12.2.a,ccss-ela:W.11-12.2.a,2010,0,false,https://corestandards.org/english-language-arts-standards/
https://education.asfai.org/frameworks/ccss-ela/versions/2010/items/W.11-12.2.b,ccss-ela,W.11-12.2.b,ccss-ela:W.11-12.2.b,2010,0,false,https://corestandards.org/english-language-arts-standards/
https://education.asfai.org/frameworks/ccss-ela/versions/2010/items/W.11-12.2.c,ccss-ela,W.11-12.2.c,ccss-ela:W.11-12.2.c,2010,0,false,https://corestandards.org/english-language-arts-standards/
https://education.asfai.org/frameworks/ccss-ela/versions/2010/items/W.11-12.2.d,ccss-ela,W.11-12.2.d,ccss-ela:W.11-12.2.d,2010,0,false,https://corestandards.org/english-language-arts-standards/
https://education.asfai.org/frameworks/ccss-ela/versions/2010/items/W.11-12.2.e,ccss-ela,W.11-12.2.e,ccss-ela:W.11-12.2.e,2010,0,false,https://corestandards.org/english-language-arts-standards/
https://education.asfai.org/frameworks/ccss-ela/versions/2010/items/W.11-12.2.f,ccss-ela,W.11-12.2.f,ccss-ela:W.11-12.2.f,2010,0,false,https://corestandards.org/english-language-arts-standards/
https://education.asfai.org/frameworks/ccss-ela/versions/2010/items/W.11-12.3,ccss-ela,W.11-12.3,ccss-ela:W.11-12.3,2010,0,false,https://corestandards.org/english-language-arts-standards/
https://education.asfai.org/frameworks/ccss-ela/versions/2010/items/W.11-12.3.a,ccss-ela,W.11-12.3.a,ccss-ela:W.11-12.3.a,2010,0,false,https://corestandards.org/english-language-arts-standards/
https://education.asfai.org/frameworks/ccss-ela/versions/2010/items/W.11-12.3.b,ccss-ela,W.11-12.3.b,ccss-ela:W.11-12.3.b,2010,0,false,https://corestandards.org/english-language-arts-standards/
https://education.asfai.org/frameworks/ccss-ela/versions/2010/items/W.11-12.3.c,ccss-ela,W.11-12.3.c,ccss-ela:W.11-12.3.c,2010,0,false,https://corestandards.org/english-language-arts-standards/
https://education.asfai.org/frameworks/ccss-ela/versions/2010/items/W.11-12.3.d,ccss-ela,W.11-12.3.d,ccss-ela:W.11-12.3.d,2010,0,false,https://corestandards.org/english-language-arts-standards/
https://education.asfai.org/frameworks/ccss-ela/versions/2010/items/W.11-12.3.e,ccss-ela,W.11-12.3.e,ccss-ela:W.11-12.3.e,2010,0,false,https://corestandards.org/english-language-arts-standards/
https://education.asfai.org/frameworks/ccss-ela/versions/2010/items/W.11-12.4,ccss-ela,W.11-12.4,ccss-ela:W.11-12.4,2010,0,false,https://corestandards.org/english-language-arts-standards/
https://education.asfai.org/frameworks/ccss-ela/versions/2010/items/W.11-12.5,ccss-ela,W.11-12.5,ccss-ela:W.11-12.5,2010,0,false,https://corestandards.org/english-language-arts-standards/
https://education.asfai.org/frameworks/ccss-ela/versions/2010/items/W.11-12.6,ccss-ela,W.11-12.6,ccss-ela:W.11-12.6,2010,0,false,https://corestandards.org/english-language-arts-standards/
https://education.asfai.org/frameworks/ccss-ela/versions/2010/items/W.11-12.7,ccss-ela,W.11-12.7,ccss-ela:W.11-12.7,2010,0,false,https://corestandards.org/english-language-arts-standards/
https://education.asfai.org/frameworks/ccss-ela/versions/2010/items/W.11-12.8,ccss-ela,W.11-12.8,ccss-ela:W.11-12.8,2010,0,false,https://corestandards.org/english-language-arts-standards/
https://education.asfai.org/frameworks/ccss-ela/versions/2010/items/W.11-12.9,ccss-ela,W.11-12.9,ccss-ela:W.11-12.9,2010,0,false,https://corestandards.org/english-language-arts-standards/
https://education.asfai.org/frameworks/ccss-ela/versions/2010/items/W.11-12.9.a,ccss-ela,W.11-12.9.a,ccss-ela:W.11-12.9.a,2010,0,false,https://corestandards.org/english-language-arts-standards/
https://education.asfai.org/frameworks/ccss-ela/versions/2010/items/W.11-12.9.b,ccss-ela,W.11-12.9.b,ccss-ela:W.11-12.9.b,2010,0,false,https://corestandards.org/english-language-arts-standards/
https://education.asfai.org/frameworks/ccss-ela/versions/2010/items/W.2.1,ccss-ela,W.2.1,ccss-ela:W.2.1,2010,0,false,https://corestandards.org/english-language-arts-standards/
https://education.asfai.org/frameworks/ccss-ela/versions/2010/items/W.2.2,ccss-ela,W.2.2,ccss-ela:W.2.2,2010,0,false,https://corestandards.org/english-language-arts-standards/
https://education.asfai.org/frameworks/ccss-ela/versions/2010/items/W.2.3,ccss-ela,W.2.3,ccss-ela:W.2.3,2010,1,false,https://corestandards.org/english-language-arts-standards/
https://education.asfai.org/frameworks/ccss-ela/versions/2010/items/W.2.5,ccss-ela,W.2.5,ccss-ela:W.2.5,2010,0,false,https://corestandards.org/english-language-arts-standards/
https://education.asfai.org/frameworks/ccss-ela/versions/2010/items/W.2.6,ccss-ela,W.2.6,ccss-ela:W.2.6,2010,1,false,https://corestandards.org/english-language-arts-standards/
https://education.asfai.org/frameworks/ccss-ela/versions/2010/items/W.2.7,ccss-ela,W.2.7,ccss-ela:W.2.7,2010,1,false,https://corestandards.org/english-language-arts-standards/
https://education.asfai.org/frameworks/ccss-ela/versions/2010/items/W.2.8,ccss-ela,W.2.8,ccss-ela:W.2.8,2010,1,false,https://corestandards.org/english-language-arts-standards/
https://education.asfai.org/frameworks/ccss-ela/versions/2010/items/W.3.1,ccss-ela,W.3.1,ccss-ela:W.3.1,2010,1,false,https://corestandards.org/english-language-arts-standards/
https://education.asfai.org/frameworks/ccss-ela/versions/2010/items/W.3.10,ccss-ela,W.3.10,ccss-ela:W.3.10,2010,1,false,https://corestandards.org/english-language-arts-standards/
https://education.asfai.org/frameworks/ccss-ela/versions/2010/items/W.3.1a,ccss-ela,W.3.1a,ccss-ela:W.3.1a,2010,1,false,https://corestandards.org/english-language-arts-standards/
https://education.asfai.org/frameworks/ccss-ela/versions/2010/items/W.3.1b,ccss-ela,W.3.1b,ccss-ela:W.3.1b,2010,1,false,https://corestandards.org/english-language-arts-standards/
https://education.asfai.org/frameworks/ccss-ela/versions/2010/items/W.3.1c,ccss-ela,W.3.1c,ccss-ela:W.3.1c,2010,1,false,https://corestandards.org/english-language-arts-standards/
https://education.asfai.org/frameworks/ccss-ela/versions/2010/items/W.3.1d,ccss-ela,W.3.1d,ccss-ela:W.3.1d,2010,1,false,https://corestandards.org/english-language-arts-standards/
https://education.asfai.org/frameworks/ccss-ela/versions/2010/items/W.3.2,ccss-ela,W.3.2,ccss-ela:W.3.2,2010,1,false,https://corestandards.org/english-language-arts-standards/
https://education.asfai.org/frameworks/ccss-ela/versions/2010/items/W.3.2a,ccss-ela,W.3.2a,ccss-ela:W.3.2a,2010,1,false,https://corestandards.org/english-language-arts-standards/
https://education.asfai.org/frameworks/ccss-ela/versions/2010/items/W.3.2b,ccss-ela,W.3.2b,ccss-ela:W.3.2b,2010,1,false,https://corestandards.org/english-language-arts-standards/
https://education.asfai.org/frameworks/ccss-ela/versions/2010/items/W.3.2c,ccss-ela,W.3.2c,ccss-ela:W.3.2c,2010,1,false,https://corestandards.org/english-language-arts-standards/
https://education.asfai.org/frameworks/ccss-ela/versions/2010/items/W.3.2d,ccss-ela,W.3.2d,ccss-ela:W.3.2d,2010,1,false,https://corestandards.org/english-language-arts-standards/
https://education.asfai.org/frameworks/ccss-ela/versions/2010/items/W.3.3,ccss-ela,W.3.3,ccss-ela:W.3.3,2010,1,false,https://corestandards.org/english-language-arts-standards/
https://education.asfai.org/frameworks/ccss-ela/versions/2010/items/W.3.3a,ccss-ela,W.3.3a,ccss-ela:W.3.3a,2010,1,false,https://corestandards.org/english-language-arts-standards/
https://education.asfai.org/frameworks/ccss-ela/versions/2010/items/W.3.3b,ccss-ela,W.3.3b,ccss-ela:W.3.3b,2010,1,false,https://corestandards.org/english-language-arts-standards/
https://education.asfai.org/frameworks/ccss-ela/versions/2010/items/W.3.3c,ccss-ela,W.3.3c,ccss-ela:W.3.3c,2010,1,false,https://corestandards.org/english-language-arts-standards/
https://education.asfai.org/frameworks/ccss-ela/versions/2010/items/W.3.3d,ccss-ela,W.3.3d,ccss-ela:W.3.3d,2010,1,false,https://corestandards.org/english-language-arts-standards/
https://education.asfai.org/frameworks/ccss-ela/versions/2010/items/W.3.4,ccss-ela,W.3.4,ccss-ela:W.3.4,2010,1,false,https://corestandards.org/english-language-arts-standards/
https://education.asfai.org/frameworks/ccss-ela/versions/2010/items/W.3.5,ccss-ela,W.3.5,ccss-ela:W.3.5,2010,1,false,https://corestandards.org/english-language-arts-standards/
https://education.asfai.org/frameworks/ccss-ela/versions/2010/items/W.3.6,ccss-ela,W.3.6,ccss-ela:W.3.6,2010,1,false,https://corestandards.org/english-language-arts-standards/
https://education.asfai.org/frameworks/ccss-ela/versions/2010/items/W.3.7,ccss-ela,W.3.7,ccss-ela:W.3.7,2010,0,false,https://corestandards.org/english-language-arts-standards/
https://education.asfai.org/frameworks/ccss-ela/versions/2010/items/W.3.8,ccss-ela,W.3.8,ccss-ela:W.3.8,2010,0,false,https://corestandards.org/english-language-arts-standards/
https://education.asfai.org/frameworks/ccss-ela/versions/2010/items/W.4.1,ccss-ela,W.4.1,ccss-ela:W.4.1,2010,1,false,https://corestandards.org/english-language-arts-standards/
https://education.asfai.org/frameworks/ccss-ela/versions/2010/items/W.4.10,ccss-ela,W.4.10,ccss-ela:W.4.10,2010,1,false,https://corestandards.org/english-language-arts-standards/
https://education.asfai.org/frameworks/ccss-ela/versions/2010/items/W.4.1a,ccss-ela,W.4.1a,ccss-ela:W.4.1a,2010,1,false,https://corestandards.org/english-language-arts-standards/
https://education.asfai.org/frameworks/ccss-ela/versions/2010/items/W.4.1b,ccss-ela,W.4.1b,ccss-ela:W.4.1b,2010,1,false,https://corestandards.org/english-language-arts-standards/
https://education.asfai.org/frameworks/ccss-ela/versions/2010/items/W.4.1c,ccss-ela,W.4.1c,ccss-ela:W.4.1c,2010,1,false,https://corestandards.org/english-language-arts-standards/
https://education.asfai.org/frameworks/ccss-ela/versions/2010/items/W.4.1d,ccss-ela,W.4.1d,ccss-ela:W.4.1d,2010,1,false,https://corestandards.org/english-language-arts-standards/
https://education.asfai.org/frameworks/ccss-ela/versions/2010/items/W.4.2,ccss-ela,W.4.2,ccss-ela:W.4.2,2010,1,false,https://corestandards.org/english-language-arts-standards/
https://education.asfai.org/frameworks/ccss-ela/versions/2010/items/W.4.2a,ccss-ela,W.4.2a,ccss-ela:W.4.2a,2010,1,false,https://corestandards.org/english-language-arts-standards/
https://education.asfai.org/frameworks/ccss-ela/versions/2010/items/W.4.2b,ccss-ela,W.4.2b,ccss-ela:W.4.2b,2010,1,false,https://corestandards.org/english-language-arts-standards/
https://education.asfai.org/frameworks/ccss-ela/versions/2010/items/W.4.2c,ccss-ela,W.4.2c,ccss-ela:W.4.2c,2010,1,false,https://corestandards.org/english-language-arts-standards/
https://education.asfai.org/frameworks/ccss-ela/versions/2010/items/W.4.2d,ccss-ela,W.4.2d,ccss-ela:W.4.2d,2010,1,false,https://corestandards.org/english-language-arts-standards/
https://education.asfai.org/frameworks/ccss-ela/versions/2010/items/W.4.2e,ccss-ela,W.4.2e,ccss-ela:W.4.2e,2010,1,false,https://corestandards.org/english-language-arts-standards/
https://education.asfai.org/frameworks/ccss-ela/versions/2010/items/W.4.3,ccss-ela,W.4.3,ccss-ela:W.4.3,2010,1,false,https://corestandards.org/english-language-arts-standards/
https://education.asfai.org/frameworks/ccss-ela/versions/2010/items/W.4.3a,ccss-ela,W.4.3a,ccss-ela:W.4.3a,2010,1,false,https://corestandards.org/english-language-arts-standards/
https://education.asfai.org/frameworks/ccss-ela/versions/2010/items/W.4.3b,ccss-ela,W.4.3b,ccss-ela:W.4.3b,2010,1,false,https://corestandards.org/english-language-arts-standards/
https://education.asfai.org/frameworks/ccss-ela/versions/2010/items/W.4.3c,ccss-ela,W.4.3c,ccss-ela:W.4.3c,2010,1,false,https://corestandards.org/english-language-arts-standards/
https://education.asfai.org/frameworks/ccss-ela/versions/2010/items/W.4.3d,ccss-ela,W.4.3d,ccss-ela:W.4.3d,2010,1,false,https://corestandards.org/english-language-arts-standards/
https://education.asfai.org/frameworks/ccss-ela/versions/2010/items/W.4.3e,ccss-ela,W.4.3e,ccss-ela:W.4.3e,2010,1,false,https://corestandards.org/english-language-arts-standards/
https://education.asfai.org/frameworks/ccss-ela/versions/2010/items/W.4.4,ccss-ela,W.4.4,ccss-ela:W.4.4,2010,1,false,https://corestandards.org/english-language-arts-standards/
https://education.asfai.org/frameworks/ccss-ela/versions/2010/items/W.4.5,ccss-ela,W.4.5,ccss-ela:W.4.5,2010,1,false,https://corestandards.org/english-language-arts-standards/
https://education.asfai.org/frameworks/ccss-ela/versions/2010/items/W.4.6,ccss-ela,W.4.6,ccss-ela:W.4.6,2010,1,false,https://corestandards.org/english-language-arts-standards/
https://education.asfai.org/frameworks/ccss-ela/versions/2010/items/W.4.7,ccss-ela,W.4.7,ccss-ela:W.4.7,2010,1,false,https://corestandards.org/english-language-arts-standards/
https://education.asfai.org/frameworks/ccss-ela/versions/2010/items/W.4.8,ccss-ela,W.4.8,ccss-ela:W.4.8,2010,1,false,https://corestandards.org/english-language-arts-standards/
https://education.asfai.org/frameworks/ccss-ela/versions/2010/items/W.4.9,ccss-ela,W.4.9,ccss-ela:W.4.9,2010,1,false,https://corestandards.org/english-language-arts-standards/
https://education.asfai.org/frameworks/ccss-ela/versions/2010/items/W.4.9a,ccss-ela,W.4.9a,ccss-ela:W.4.9a,2010,1,false,https://corestandards.org/english-language-arts-standards/
https://education.asfai.org/frameworks/ccss-ela/versions/2010/items/W.4.9b,ccss-ela,W.4.9b,ccss-ela:W.4.9b,2010,1,false,https://corestandards.org/english-language-arts-standards/
https://education.asfai.org/frameworks/ccss-ela/versions/2010/items/W.5.1,ccss-ela,W.5.1,ccss-ela:W.5.1,2010,1,false,https://corestandards.org/english-language-arts-standards/
https://education.asfai.org/frameworks/ccss-ela/versions/2010/items/W.5.10,ccss-ela,W.5.10,ccss-ela:W.5.10,2010,0,false,https://corestandards.org/english-language-arts-standards/
https://education.asfai.org/frameworks/ccss-ela/versions/2010/items/W.5.1a,ccss-ela,W.5.1a,ccss-ela:W.5.1a,2010,1,false,https://corestandards.org/english-language-arts-standards/
https://education.asfai.org/frameworks/ccss-ela/versions/2010/items/W.5.1b,ccss-ela,W.5.1b,ccss-ela:W.5.1b,2010,1,false,https://corestandards.org/english-language-arts-standards/
https://education.asfai.org/frameworks/ccss-ela/versions/2010/items/W.5.1c,ccss-ela,W.5.1c,ccss-ela:W.5.1c,2010,1,false,https://corestandards.org/english-language-arts-standards/
https://education.asfai.org/frameworks/ccss-ela/versions/2010/items/W.5.1d,ccss-ela,W.5.1d,ccss-ela:W.5.1d,2010,1,false,https://corestandards.org/english-language-arts-standards/
https://education.asfai.org/frameworks/ccss-ela/versions/2010/items/W.5.2,ccss-ela,W.5.2,ccss-ela:W.5.2,2010,1,false,https://corestandards.org/english-language-arts-standards/
https://education.asfai.org/frameworks/ccss-ela/versions/2010/items/W.5.2a,ccss-ela,W.5.2a,ccss-ela:W.5.2a,2010,1,false,https://corestandards.org/english-language-arts-standards/
https://education.asfai.org/frameworks/ccss-ela/versions/2010/items/W.5.2b,ccss-ela,W.5.2b,ccss-ela:W.5.2b,2010,1,false,https://corestandards.org/english-language-arts-standards/
https://education.asfai.org/frameworks/ccss-ela/versions/2010/items/W.5.2c,ccss-ela,W.5.2c,ccss-ela:W.5.2c,2010,1,false,https://corestandards.org/english-language-arts-standards/
https://education.asfai.org/frameworks/ccss-ela/versions/2010/items/W.5.2d,ccss-ela,W.5.2d,ccss-ela:W.5.2d,2010,1,false,https://corestandards.org/english-language-arts-standards/
https://education.asfai.org/frameworks/ccss-ela/versions/2010/items/W.5.2e,ccss-ela,W.5.2e,ccss-ela:W.5.2e,2010,1,false,https://corestandards.org/english-language-arts-standards/
https://education.asfai.org/frameworks/ccss-ela/versions/2010/items/W.5.3,ccss-ela,W.5.3,ccss-ela:W.5.3,2010,1,false,https://corestandards.org/english-language-arts-standards/
https://education.asfai.org/frameworks/ccss-ela/versions/2010/items/W.5.3a,ccss-ela,W.5.3a,ccss-ela:W.5.3a,2010,1,false,https://corestandards.org/english-language-arts-standards/
https://education.asfai.org/frameworks/ccss-ela/versions/2010/items/W.5.3b,ccss-ela,W.5.3b,ccss-ela:W.5.3b,2010,1,false,https://corestandards.org/english-language-arts-standards/
https://education.asfai.org/frameworks/ccss-ela/versions/2010/items/W.5.3c,ccss-ela,W.5.3c,ccss-ela:W.5.3c,2010,1,false,https://corestandards.org/english-language-arts-standards/
https://education.asfai.org/frameworks/ccss-ela/versions/2010/items/W.5.3d,ccss-ela,W.5.3d,ccss-ela:W.5.3d,2010,1,false,https://corestandards.org/english-language-arts-standards/
https://education.asfai.org/frameworks/ccss-ela/versions/2010/items/W.5.3e,ccss-ela,W.5.3e,ccss-ela:W.5.3e,2010,1,false,https://corestandards.org/english-language-arts-standards/
https://education.asfai.org/frameworks/ccss-ela/versions/2010/items/W.5.4,ccss-ela,W.5.4,ccss-ela:W.5.4,2010,1,false,https://corestandards.org/english-language-arts-standards/
https://education.asfai.org/frameworks/ccss-ela/versions/2010/items/W.5.5,ccss-ela,W.5.5,ccss-ela:W.5.5,2010,1,false,https://corestandards.org/english-language-arts-standards/
https://education.asfai.org/frameworks/ccss-ela/versions/2010/items/W.5.6,ccss-ela,W.5.6,ccss-ela:W.5.6,2010,1,false,https://corestandards.org/english-language-arts-standards/
https://education.asfai.org/frameworks/ccss-ela/versions/2010/items/W.5.7,ccss-ela,W.5.7,ccss-ela:W.5.7,2010,1,false,https://corestandards.org/english-language-arts-standards/
https://education.asfai.org/frameworks/ccss-ela/versions/2010/items/W.5.8,ccss-ela,W.5.8,ccss-ela:W.5.8,2010,1,false,https://corestandards.org/english-language-arts-standards/
https://education.asfai.org/frameworks/ccss-ela/versions/2010/items/W.5.9,ccss-ela,W.5.9,ccss-ela:W.5.9,2010,1,false,https://corestandards.org/english-language-arts-standards/
https://education.asfai.org/frameworks/ccss-ela/versions/2010/items/W.5.9a,ccss-ela,W.5.9a,ccss-ela:W.5.9a,2010,1,false,https://corestandards.org/english-language-arts-standards/
https://education.asfai.org/frameworks/ccss-ela/versions/2010/items/W.5.9b,ccss-ela,W.5.9b,ccss-ela:W.5.9b,2010,1,false,https://corestandards.org/english-language-arts-standards/
https://education.asfai.org/frameworks/ccss-ela/versions/2010/items/W.6.1,ccss-ela,W.6.1,ccss-ela:W.6.1,2010,1,false,https://corestandards.org/english-language-arts-standards/
https://education.asfai.org/frameworks/ccss-ela/versions/2010/items/W.6.1.a,ccss-ela,W.6.1.a,ccss-ela:W.6.1.a,2010,0,false,https://corestandards.org/english-language-arts-standards/
https://education.asfai.org/frameworks/ccss-ela/versions/2010/items/W.6.1.b,ccss-ela,W.6.1.b,ccss-ela:W.6.1.b,2010,0,false,https://corestandards.org/english-language-arts-standards/
https://education.asfai.org/frameworks/ccss-ela/versions/2010/items/W.6.1.c,ccss-ela,W.6.1.c,ccss-ela:W.6.1.c,2010,0,false,https://corestandards.org/english-language-arts-standards/
https://education.asfai.org/frameworks/ccss-ela/versions/2010/items/W.6.1.d,ccss-ela,W.6.1.d,ccss-ela:W.6.1.d,2010,0,false,https://corestandards.org/english-language-arts-standards/
https://education.asfai.org/frameworks/ccss-ela/versions/2010/items/W.6.1.e,ccss-ela,W.6.1.e,ccss-ela:W.6.1.e,2010,0,false,https://corestandards.org/english-language-arts-standards/
https://education.asfai.org/frameworks/ccss-ela/versions/2010/items/W.6.10,ccss-ela,W.6.10,ccss-ela:W.6.10,2010,0,false,https://corestandards.org/english-language-arts-standards/
https://education.asfai.org/frameworks/ccss-ela/versions/2010/items/W.6.2,ccss-ela,W.6.2,ccss-ela:W.6.2,2010,1,false,https://corestandards.org/english-language-arts-standards/
https://education.asfai.org/frameworks/ccss-ela/versions/2010/items/W.6.2.a,ccss-ela,W.6.2.a,ccss-ela:W.6.2.a,2010,0,false,https://corestandards.org/english-language-arts-standards/
https://education.asfai.org/frameworks/ccss-ela/versions/2010/items/W.6.2.b,ccss-ela,W.6.2.b,ccss-ela:W.6.2.b,2010,0,false,https://corestandards.org/english-language-arts-standards/
https://education.asfai.org/frameworks/ccss-ela/versions/2010/items/W.6.2.c,ccss-ela,W.6.2.c,ccss-ela:W.6.2.c,2010,0,false,https://corestandards.org/english-language-arts-standards/
https://education.asfai.org/frameworks/ccss-ela/versions/2010/items/W.6.2.d,ccss-ela,W.6.2.d,ccss-ela:W.6.2.d,2010,0,false,https://corestandards.org/english-language-arts-standards/
https://education.asfai.org/frameworks/ccss-ela/versions/2010/items/W.6.2.e,ccss-ela,W.6.2.e,ccss-ela:W.6.2.e,2010,0,false,https://corestandards.org/english-language-arts-standards/
https://education.asfai.org/frameworks/ccss-ela/versions/2010/items/W.6.2.f,ccss-ela,W.6.2.f,ccss-ela:W.6.2.f,2010,0,false,https://corestandards.org/english-language-arts-standards/
https://education.asfai.org/frameworks/ccss-ela/versions/2010/items/W.6.3,ccss-ela,W.6.3,ccss-ela:W.6.3,2010,1,false,https://corestandards.org/english-language-arts-standards/
https://education.asfai.org/frameworks/ccss-ela/versions/2010/items/W.6.3.a,ccss-ela,W.6.3.a,ccss-ela:W.6.3.a,2010,0,false,https://corestandards.org/english-language-arts-standards/
https://education.asfai.org/frameworks/ccss-ela/versions/2010/items/W.6.3.b,ccss-ela,W.6.3.b,ccss-ela:W.6.3.b,2010,0,false,https://corestandards.org/english-language-arts-standards/
https://education.asfai.org/frameworks/ccss-ela/versions/2010/items/W.6.3.c,ccss-ela,W.6.3.c,ccss-ela:W.6.3.c,2010,0,false,https://corestandards.org/english-language-arts-standards/
https://education.asfai.org/frameworks/ccss-ela/versions/2010/items/W.6.3.d,ccss-ela,W.6.3.d,ccss-ela:W.6.3.d,2010,0,false,https://corestandards.org/english-language-arts-standards/
https://education.asfai.org/frameworks/ccss-ela/versions/2010/items/W.6.3.e,ccss-ela,W.6.3.e,ccss-ela:W.6.3.e,2010,0,false,https://corestandards.org/english-language-arts-standards/
https://education.asfai.org/frameworks/ccss-ela/versions/2010/items/W.6.4,ccss-ela,W.6.4,ccss-ela:W.6.4,2010,2,false,https://corestandards.org/english-language-arts-standards/
https://education.asfai.org/frameworks/ccss-ela/versions/2010/items/W.6.5,ccss-ela,W.6.5,ccss-ela:W.6.5,2010,1,false,https://corestandards.org/english-language-arts-standards/
https://education.asfai.org/frameworks/ccss-ela/versions/2010/items/W.6.6,ccss-ela,W.6.6,ccss-ela:W.6.6,2010,0,false,https://corestandards.org/english-language-arts-standards/
https://education.asfai.org/frameworks/ccss-ela/versions/2010/items/W.6.7,ccss-ela,W.6.7,ccss-ela:W.6.7,2010,1,false,https://corestandards.org/english-language-arts-standards/
https://education.asfai.org/frameworks/ccss-ela/versions/2010/items/W.6.8,ccss-ela,W.6.8,ccss-ela:W.6.8,2010,1,false,https://corestandards.org/english-language-arts-standards/
https://education.asfai.org/frameworks/ccss-ela/versions/2010/items/W.6.9,ccss-ela,W.6.9,ccss-ela:W.6.9,2010,0,false,https://corestandards.org/english-language-arts-standards/
https://education.asfai.org/frameworks/ccss-ela/versions/2010/items/W.6.9.a,ccss-ela,W.6.9.a,ccss-ela:W.6.9.a,2010,0,false,https://corestandards.org/english-language-arts-standards/
https://education.asfai.org/frameworks/ccss-ela/versions/2010/items/W.6.9.b,ccss-ela,W.6.9.b,ccss-ela:W.6.9.b,2010,0,false,https://corestandards.org/english-language-arts-standards/
https://education.asfai.org/frameworks/ccss-ela/versions/2010/items/W.7.1,ccss-ela,W.7.1,ccss-ela:W.7.1,2010,1,false,https://corestandards.org/english-language-arts-standards/
https://education.asfai.org/frameworks/ccss-ela/versions/2010/items/W.7.1.a,ccss-ela,W.7.1.a,ccss-ela:W.7.1.a,2010,0,false,https://corestandards.org/english-language-arts-standards/
https://education.asfai.org/frameworks/ccss-ela/versions/2010/items/W.7.1.b,ccss-ela,W.7.1.b,ccss-ela:W.7.1.b,2010,0,false,https://corestandards.org/english-language-arts-standards/
https://education.asfai.org/frameworks/ccss-ela/versions/2010/items/W.7.1.c,ccss-ela,W.7.1.c,ccss-ela:W.7.1.c,2010,0,false,https://corestandards.org/english-language-arts-standards/
https://education.asfai.org/frameworks/ccss-ela/versions/2010/items/W.7.1.d,ccss-ela,W.7.1.d,ccss-ela:W.7.1.d,2010,0,false,https://corestandards.org/english-language-arts-standards/
https://education.asfai.org/frameworks/ccss-ela/versions/2010/items/W.7.1.e,ccss-ela,W.7.1.e,ccss-ela:W.7.1.e,2010,0,false,https://corestandards.org/english-language-arts-standards/
https://education.asfai.org/frameworks/ccss-ela/versions/2010/items/W.7.10,ccss-ela,W.7.10,ccss-ela:W.7.10,2010,0,false,https://corestandards.org/english-language-arts-standards/
https://education.asfai.org/frameworks/ccss-ela/versions/2010/items/W.7.2,ccss-ela,W.7.2,ccss-ela:W.7.2,2010,1,false,https://corestandards.org/english-language-arts-standards/
https://education.asfai.org/frameworks/ccss-ela/versions/2010/items/W.7.2.a,ccss-ela,W.7.2.a,ccss-ela:W.7.2.a,2010,0,false,https://corestandards.org/english-language-arts-standards/
https://education.asfai.org/frameworks/ccss-ela/versions/2010/items/W.7.2.b,ccss-ela,W.7.2.b,ccss-ela:W.7.2.b,2010,0,false,https://corestandards.org/english-language-arts-standards/
https://education.asfai.org/frameworks/ccss-ela/versions/2010/items/W.7.2.c,ccss-ela,W.7.2.c,ccss-ela:W.7.2.c,2010,0,false,https://corestandards.org/english-language-arts-standards/
https://education.asfai.org/frameworks/ccss-ela/versions/2010/items/W.7.2.d,ccss-ela,W.7.2.d,ccss-ela:W.7.2.d,2010,0,false,https://corestandards.org/english-language-arts-standards/
https://education.asfai.org/frameworks/ccss-ela/versions/2010/items/W.7.2.e,ccss-ela,W.7.2.e,ccss-ela:W.7.2.e,2010,0,false,https://corestandards.org/english-language-arts-standards/
https://education.asfai.org/frameworks/ccss-ela/versions/2010/items/W.7.2.f,ccss-ela,W.7.2.f,ccss-ela:W.7.2.f,2010,0,false,https://corestandards.org/english-language-arts-standards/
https://education.asfai.org/frameworks/ccss-ela/versions/2010/items/W.7.3,ccss-ela,W.7.3,ccss-ela:W.7.3,2010,1,false,https://corestandards.org/english-language-arts-standards/
https://education.asfai.org/frameworks/ccss-ela/versions/2010/items/W.7.3.a,ccss-ela,W.7.3.a,ccss-ela:W.7.3.a,2010,0,false,https://corestandards.org/english-language-arts-standards/
https://education.asfai.org/frameworks/ccss-ela/versions/2010/items/W.7.3.b,ccss-ela,W.7.3.b,ccss-ela:W.7.3.b,2010,0,false,https://corestandards.org/english-language-arts-standards/
https://education.asfai.org/frameworks/ccss-ela/versions/2010/items/W.7.3.c,ccss-ela,W.7.3.c,ccss-ela:W.7.3.c,2010,0,false,https://corestandards.org/english-language-arts-standards/
https://education.asfai.org/frameworks/ccss-ela/versions/2010/items/W.7.3.d,ccss-ela,W.7.3.d,ccss-ela:W.7.3.d,2010,0,false,https://corestandards.org/english-language-arts-standards/
https://education.asfai.org/frameworks/ccss-ela/versions/2010/items/W.7.3.e,ccss-ela,W.7.3.e,ccss-ela:W.7.3.e,2010,0,false,https://corestandards.org/english-language-arts-standards/
https://education.asfai.org/frameworks/ccss-ela/versions/2010/items/W.7.4,ccss-ela,W.7.4,ccss-ela:W.7.4,2010,2,false,https://corestandards.org/english-language-arts-standards/
https://education.asfai.org/frameworks/ccss-ela/versions/2010/items/W.7.5,ccss-ela,W.7.5,ccss-ela:W.7.5,2010,1,false,https://corestandards.org/english-language-arts-standards/
https://education.asfai.org/frameworks/ccss-ela/versions/2010/items/W.7.6,ccss-ela,W.7.6,ccss-ela:W.7.6,2010,0,false,https://corestandards.org/english-language-arts-standards/
https://education.asfai.org/frameworks/ccss-ela/versions/2010/items/W.7.7,ccss-ela,W.7.7,ccss-ela:W.7.7,2010,1,false,https://corestandards.org/english-language-arts-standards/
https://education.asfai.org/frameworks/ccss-ela/versions/2010/items/W.7.8,ccss-ela,W.7.8,ccss-ela:W.7.8,2010,1,false,https://corestandards.org/english-language-arts-standards/
https://education.asfai.org/frameworks/ccss-ela/versions/2010/items/W.7.9,ccss-ela,W.7.9,ccss-ela:W.7.9,2010,0,false,https://corestandards.org/english-language-arts-standards/
https://education.asfai.org/frameworks/ccss-ela/versions/2010/items/W.7.9.a,ccss-ela,W.7.9.a,ccss-ela:W.7.9.a,2010,0,false,https://corestandards.org/english-language-arts-standards/
https://education.asfai.org/frameworks/ccss-ela/versions/2010/items/W.7.9.b,ccss-ela,W.7.9.b,ccss-ela:W.7.9.b,2010,0,false,https://corestandards.org/english-language-arts-standards/
https://education.asfai.org/frameworks/ccss-ela/versions/2010/items/W.8.1,ccss-ela,W.8.1,ccss-ela:W.8.1,2010,1,false,https://corestandards.org/english-language-arts-standards/
https://education.asfai.org/frameworks/ccss-ela/versions/2010/items/W.8.1.a,ccss-ela,W.8.1.a,ccss-ela:W.8.1.a,2010,1,false,https://corestandards.org/english-language-arts-standards/
https://education.asfai.org/frameworks/ccss-ela/versions/2010/items/W.8.1.b,ccss-ela,W.8.1.b,ccss-ela:W.8.1.b,2010,1,false,https://corestandards.org/english-language-arts-standards/
https://education.asfai.org/frameworks/ccss-ela/versions/2010/items/W.8.1.c,ccss-ela,W.8.1.c,ccss-ela:W.8.1.c,2010,1,false,https://corestandards.org/english-language-arts-standards/
https://education.asfai.org/frameworks/ccss-ela/versions/2010/items/W.8.1.d,ccss-ela,W.8.1.d,ccss-ela:W.8.1.d,2010,1,false,https://corestandards.org/english-language-arts-standards/
https://education.asfai.org/frameworks/ccss-ela/versions/2010/items/W.8.1.e,ccss-ela,W.8.1.e,ccss-ela:W.8.1.e,2010,1,false,https://corestandards.org/english-language-arts-standards/
https://education.asfai.org/frameworks/ccss-ela/versions/2010/items/W.8.10,ccss-ela,W.8.10,ccss-ela:W.8.10,2010,0,false,https://corestandards.org/english-language-arts-standards/
https://education.asfai.org/frameworks/ccss-ela/versions/2010/items/W.8.2,ccss-ela,W.8.2,ccss-ela:W.8.2,2010,1,false,https://corestandards.org/english-language-arts-standards/
https://education.asfai.org/frameworks/ccss-ela/versions/2010/items/W.8.2.a,ccss-ela,W.8.2.a,ccss-ela:W.8.2.a,2010,1,false,https://corestandards.org/english-language-arts-standards/
https://education.asfai.org/frameworks/ccss-ela/versions/2010/items/W.8.2.b,ccss-ela,W.8.2.b,ccss-ela:W.8.2.b,2010,1,false,https://corestandards.org/english-language-arts-standards/
https://education.asfai.org/frameworks/ccss-ela/versions/2010/items/W.8.2.c,ccss-ela,W.8.2.c,ccss-ela:W.8.2.c,2010,1,false,https://corestandards.org/english-language-arts-standards/
https://education.asfai.org/frameworks/ccss-ela/versions/2010/items/W.8.2.d,ccss-ela,W.8.2.d,ccss-ela:W.8.2.d,2010,1,false,https://corestandards.org/english-language-arts-standards/
https://education.asfai.org/frameworks/ccss-ela/versions/2010/items/W.8.2.e,ccss-ela,W.8.2.e,ccss-ela:W.8.2.e,2010,0,false,https://corestandards.org/english-language-arts-standards/
https://education.asfai.org/frameworks/ccss-ela/versions/2010/items/W.8.2.f,ccss-ela,W.8.2.f,ccss-ela:W.8.2.f,2010,1,false,https://corestandards.org/english-language-arts-standards/
https://education.asfai.org/frameworks/ccss-ela/versions/2010/items/W.8.3,ccss-ela,W.8.3,ccss-ela:W.8.3,2010,1,false,https://corestandards.org/english-language-arts-standards/
https://education.asfai.org/frameworks/ccss-ela/versions/2010/items/W.8.3.a,ccss-ela,W.8.3.a,ccss-ela:W.8.3.a,2010,1,false,https://corestandards.org/english-language-arts-standards/
https://education.asfai.org/frameworks/ccss-ela/versions/2010/items/W.8.3.b,ccss-ela,W.8.3.b,ccss-ela:W.8.3.b,2010,1,false,https://corestandards.org/english-language-arts-standards/
https://education.asfai.org/frameworks/ccss-ela/versions/2010/items/W.8.3.c,ccss-ela,W.8.3.c,ccss-ela:W.8.3.c,2010,1,false,https://corestandards.org/english-language-arts-standards/
https://education.asfai.org/frameworks/ccss-ela/versions/2010/items/W.8.3.d,ccss-ela,W.8.3.d,ccss-ela:W.8.3.d,2010,1,false,https://corestandards.org/english-language-arts-standards/
https://education.asfai.org/frameworks/ccss-ela/versions/2010/items/W.8.3.e,ccss-ela,W.8.3.e,ccss-ela:W.8.3.e,2010,1,false,https://corestandards.org/english-language-arts-standards/
https://education.asfai.org/frameworks/ccss-ela/versions/2010/items/W.8.4,ccss-ela,W.8.4,ccss-ela:W.8.4,2010,2,false,https://corestandards.org/english-language-arts-standards/
https://education.asfai.org/frameworks/ccss-ela/versions/2010/items/W.8.5,ccss-ela,W.8.5,ccss-ela:W.8.5,2010,1,false,https://corestandards.org/english-language-arts-standards/
https://education.asfai.org/frameworks/ccss-ela/versions/2010/items/W.8.6,ccss-ela,W.8.6,ccss-ela:W.8.6,2010,0,false,https://corestandards.org/english-language-arts-standards/
https://education.asfai.org/frameworks/ccss-ela/versions/2010/items/W.8.7,ccss-ela,W.8.7,ccss-ela:W.8.7,2010,1,false,https://corestandards.org/english-language-arts-standards/
https://education.asfai.org/frameworks/ccss-ela/versions/2010/items/W.8.8,ccss-ela,W.8.8,ccss-ela:W.8.8,2010,1,false,https://corestandards.org/english-language-arts-standards/
https://education.asfai.org/frameworks/ccss-ela/versions/2010/items/W.8.9,ccss-ela,W.8.9,ccss-ela:W.8.9,2010,0,false,https://corestandards.org/english-language-arts-standards/
https://education.asfai.org/frameworks/ccss-ela/versions/2010/items/W.8.9.a,ccss-ela,W.8.9.a,ccss-ela:W.8.9.a,2010,0,false,https://corestandards.org/english-language-arts-standards/
https://education.asfai.org/frameworks/ccss-ela/versions/2010/items/W.8.9.b,ccss-ela,W.8.9.b,ccss-ela:W.8.9.b,2010,0,false,https://corestandards.org/english-language-arts-standards/
https://education.asfai.org/frameworks/ccss-ela/versions/2010/items/W.9-10.1,ccss-ela,W.9-10.1,ccss-ela:W.9-10.1,2010,0,false,https://corestandards.org/english-language-arts-standards/
https://education.asfai.org/frameworks/ccss-ela/versions/2010/items/W.9-10.1.a,ccss-ela,W.9-10.1.a,ccss-ela:W.9-10.1.a,2010,0,false,https://corestandards.org/english-language-arts-standards/
https://education.asfai.org/frameworks/ccss-ela/versions/2010/items/W.9-10.1.b,ccss-ela,W.9-10.1.b,ccss-ela:W.9-10.1.b,2010,0,false,https://corestandards.org/english-language-arts-standards/
https://education.asfai.org/frameworks/ccss-ela/versions/2010/items/W.9-10.1.c,ccss-ela,W.9-10.1.c,ccss-ela:W.9-10.1.c,2010,0,false,https://corestandards.org/english-language-arts-standards/
https://education.asfai.org/frameworks/ccss-ela/versions/2010/items/W.9-10.1.d,ccss-ela,W.9-10.1.d,ccss-ela:W.9-10.1.d,2010,0,false,https://corestandards.org/english-language-arts-standards/
https://education.asfai.org/frameworks/ccss-ela/versions/2010/items/W.9-10.1.e,ccss-ela,W.9-10.1.e,ccss-ela:W.9-10.1.e,2010,0,false,https://corestandards.org/english-language-arts-standards/
https://education.asfai.org/frameworks/ccss-ela/versions/2010/items/W.9-10.10,ccss-ela,W.9-10.10,ccss-ela:W.9-10.10,2010,0,false,https://corestandards.org/english-language-arts-standards/
https://education.asfai.org/frameworks/ccss-ela/versions/2010/items/W.9-10.2,ccss-ela,W.9-10.2,ccss-ela:W.9-10.2,2010,0,false,https://corestandards.org/english-language-arts-standards/
https://education.asfai.org/frameworks/ccss-ela/versions/2010/items/W.9-10.2.a,ccss-ela,W.9-10.2.a,ccss-ela:W.9-10.2.a,2010,0,false,https://corestandards.org/english-language-arts-standards/
https://education.asfai.org/frameworks/ccss-ela/versions/2010/items/W.9-10.2.b,ccss-ela,W.9-10.2.b,ccss-ela:W.9-10.2.b,2010,0,false,https://corestandards.org/english-language-arts-standards/
https://education.asfai.org/frameworks/ccss-ela/versions/2010/items/W.9-10.2.c,ccss-ela,W.9-10.2.c,ccss-ela:W.9-10.2.c,2010,0,false,https://corestandards.org/english-language-arts-standards/
https://education.asfai.org/frameworks/ccss-ela/versions/2010/items/W.9-10.2.d,ccss-ela,W.9-10.2.d,ccss-ela:W.9-10.2.d,2010,0,false,https://corestandards.org/english-language-arts-standards/
https://education.asfai.org/frameworks/ccss-ela/versions/2010/items/W.9-10.2.e,ccss-ela,W.9-10.2.e,ccss-ela:W.9-10.2.e,2010,0,false,https://corestandards.org/english-language-arts-standards/
https://education.asfai.org/frameworks/ccss-ela/versions/2010/items/W.9-10.2.f,ccss-ela,W.9-10.2.f,ccss-ela:W.9-10.2.f,2010,0,false,https://corestandards.org/english-language-arts-standards/
https://education.asfai.org/frameworks/ccss-ela/versions/2010/items/W.9-10.3,ccss-ela,W.9-10.3,ccss-ela:W.9-10.3,2010,0,false,https://corestandards.org/english-language-arts-standards/
https://education.asfai.org/frameworks/ccss-ela/versions/2010/items/W.9-10.3.a,ccss-ela,W.9-10.3.a,ccss-ela:W.9-10.3.a,2010,0,false,https://corestandards.org/english-language-arts-standards/
https://education.asfai.org/frameworks/ccss-ela/versions/2010/items/W.9-10.3.b,ccss-ela,W.9-10.3.b,ccss-ela:W.9-10.3.b,2010,0,false,https://corestandards.org/english-language-arts-standards/
https://education.asfai.org/frameworks/ccss-ela/versions/2010/items/W.9-10.3.c,ccss-ela,W.9-10.3.c,ccss-ela:W.9-10.3.c,2010,0,false,https://corestandards.org/english-language-arts-standards/
https://education.asfai.org/frameworks/ccss-ela/versions/2010/items/W.9-10.3.d,ccss-ela,W.9-10.3.d,ccss-ela:W.9-10.3.d,2010,0,false,https://corestandards.org/english-language-arts-standards/
https://education.asfai.org/frameworks/ccss-ela/versions/2010/items/W.9-10.3.e,ccss-ela,W.9-10.3.e,ccss-ela:W.9-10.3.e,2010,0,false,https://corestandards.org/english-language-arts-standards/
https://education.asfai.org/frameworks/ccss-ela/versions/2010/items/W.9-10.4,ccss-ela,W.9-10.4,ccss-ela:W.9-10.4,2010,0,false,https://corestandards.org/english-language-arts-standards/
https://education.asfai.org/frameworks/ccss-ela/versions/2010/items/W.9-10.5,ccss-ela,W.9-10.5,ccss-ela:W.9-10.5,2010,0,false,https://corestandards.org/english-language-arts-standards/
https://education.asfai.org/frameworks/ccss-ela/versions/2010/items/W.9-10.6,ccss-ela,W.9-10.6,ccss-ela:W.9-10.6,2010,0,false,https://corestandards.org/english-language-arts-standards/
https://education.asfai.org/frameworks/ccss-ela/versions/2010/items/W.9-10.7,ccss-ela,W.9-10.7,ccss-ela:W.9-10.7,2010,0,false,https://corestandards.org/english-language-arts-standards/
https://education.asfai.org/frameworks/ccss-ela/versions/2010/items/W.9-10.8,ccss-ela,W.9-10.8,ccss-ela:W.9-10.8,2010,0,false,https://corestandards.org/english-language-arts-standards/
https://education.asfai.org/frameworks/ccss-ela/versions/2010/items/W.9-10.9,ccss-ela,W.9-10.9,ccss-ela:W.9-10.9,2010,0,false,https://corestandards.org/english-language-arts-standards/
https://education.asfai.org/frameworks/ccss-ela/versions/2010/items/W.9-10.9.a,ccss-ela,W.9-10.9.a,ccss-ela:W.9-10.9.a,2010,0,false,https://corestandards.org/english-language-arts-standards/
https://education.asfai.org/frameworks/ccss-ela/versions/2010/items/W.9-10.9.b,ccss-ela,W.9-10.9.b,ccss-ela:W.9-10.9.b,2010,0,false,https://corestandards.org/english-language-arts-standards/
https://education.asfai.org/frameworks/ccss-ela/versions/2010/items/W.K.1,ccss-ela,W.K.1,ccss-ela:W.K.1,2010,0,false,https://corestandards.org/english-language-arts-standards/
https://education.asfai.org/frameworks/ccss-ela/versions/2010/items/W.K.2,ccss-ela,W.K.2,ccss-ela:W.K.2,2010,0,false,https://corestandards.org/english-language-arts-standards/
https://education.asfai.org/frameworks/ccss-ela/versions/2010/items/W.K.3,ccss-ela,W.K.3,ccss-ela:W.K.3,2010,0,false,https://corestandards.org/english-language-arts-standards/
https://education.asfai.org/frameworks/ccss-ela/versions/2010/items/W.K.5,ccss-ela,W.K.5,ccss-ela:W.K.5,2010,1,false,https://corestandards.org/english-language-arts-standards/
https://education.asfai.org/frameworks/ccss-ela/versions/2010/items/W.K.6,ccss-ela,W.K.6,ccss-ela:W.K.6,2010,1,false,https://corestandards.org/english-language-arts-standards/
https://education.asfai.org/frameworks/ccss-ela/versions/2010/items/W.K.7,ccss-ela,W.K.7,ccss-ela:W.K.7,2010,1,false,https://corestandards.org/english-language-arts-standards/
https://education.asfai.org/frameworks/ccss-ela/versions/2010/items/W.K.8,ccss-ela,W.K.8,ccss-ela:W.K.8,2010,1,false,https://corestandards.org/english-language-arts-standards/
https://education.asfai.org/frameworks/ccss-ela/versions/2010/items/WHST.11-12.1,ccss-ela,WHST.11-12.1,ccss-ela:WHST.11-12.1,2010,0,false,https://corestandards.org/english-language-arts-standards/
https://education.asfai.org/frameworks/ccss-ela/versions/2010/items/WHST.11-12.10,ccss-ela,WHST.11-12.10,ccss-ela:WHST.11-12.10,2010,0,false,https://corestandards.org/english-language-arts-standards/
https://education.asfai.org/frameworks/ccss-ela/versions/2010/items/WHST.11-12.1a,ccss-ela,WHST.11-12.1a,ccss-ela:WHST.11-12.1a,2010,0,false,https://corestandards.org/english-language-arts-standards/
https://education.asfai.org/frameworks/ccss-ela/versions/2010/items/WHST.11-12.1b,ccss-ela,WHST.11-12.1b,ccss-ela:WHST.11-12.1b,2010,0,false,https://corestandards.org/english-language-arts-standards/
https://education.asfai.org/frameworks/ccss-ela/versions/2010/items/WHST.11-12.1c,ccss-ela,WHST.11-12.1c,ccss-ela:WHST.11-12.1c,2010,0,false,https://corestandards.org/english-language-arts-standards/
https://education.asfai.org/frameworks/ccss-ela/versions/2010/items/WHST.11-12.1d,ccss-ela,WHST.11-12.1d,ccss-ela:WHST.11-12.1d,2010,0,false,https://corestandards.org/english-language-arts-standards/
https://education.asfai.org/frameworks/ccss-ela/versions/2010/items/WHST.11-12.1e,ccss-ela,WHST.11-12.1e,ccss-ela:WHST.11-12.1e,2010,0,false,https://corestandards.org/english-language-arts-standards/
https://education.asfai.org/frameworks/ccss-ela/versions/2010/items/WHST.11-12.2,ccss-ela,WHST.11-12.2,ccss-ela:WHST.11-12.2,2010,0,false,https://corestandards.org/english-language-arts-standards/
https://education.asfai.org/frameworks/ccss-ela/versions/2010/items/WHST.11-12.2a,ccss-ela,WHST.11-12.2a,ccss-ela:WHST.11-12.2a,2010,0,false,https://corestandards.org/english-language-arts-standards/
https://education.asfai.org/frameworks/ccss-ela/versions/2010/items/WHST.11-12.2b,ccss-ela,WHST.11-12.2b,ccss-ela:WHST.11-12.2b,2010,0,false,https://corestandards.org/english-language-arts-standards/
https://education.asfai.org/frameworks/ccss-ela/versions/2010/items/WHST.11-12.2c,ccss-ela,WHST.11-12.2c,ccss-ela:WHST.11-12.2c,2010,0,false,https://corestandards.org/english-language-arts-standards/
https://education.asfai.org/frameworks/ccss-ela/versions/2010/items/WHST.11-12.2d,ccss-ela,WHST.11-12.2d,ccss-ela:WHST.11-12.2d,2010,0,false,https://corestandards.org/english-language-arts-standards/
https://education.asfai.org/frameworks/ccss-ela/versions/2010/items/WHST.11-12.2e,ccss-ela,WHST.11-12.2e,ccss-ela:WHST.11-12.2e,2010,0,false,https://corestandards.org/english-language-arts-standards/
https://education.asfai.org/frameworks/ccss-ela/versions/2010/items/WHST.11-12.3,ccss-ela,WHST.11-12.3,ccss-ela:WHST.11-12.3,2010,0,false,https://corestandards.org/english-language-arts-standards/
https://education.asfai.org/frameworks/ccss-ela/versions/2010/items/WHST.11-12.4,ccss-ela,WHST.11-12.4,ccss-ela:WHST.11-12.4,2010,0,false,https://corestandards.org/english-language-arts-standards/
https://education.asfai.org/frameworks/ccss-ela/versions/2010/items/WHST.11-12.5,ccss-ela,WHST.11-12.5,ccss-ela:WHST.11-12.5,2010,0,false,https://corestandards.org/english-language-arts-standards/
https://education.asfai.org/frameworks/ccss-ela/versions/2010/items/WHST.11-12.6,ccss-ela,WHST.11-12.6,ccss-ela:WHST.11-12.6,2010,0,false,https://corestandards.org/english-language-arts-standards/
https://education.asfai.org/frameworks/ccss-ela/versions/2010/items/WHST.11-12.7,ccss-ela,WHST.11-12.7,ccss-ela:WHST.11-12.7,2010,0,false,https://corestandards.org/english-language-arts-standards/
https://education.asfai.org/frameworks/ccss-ela/versions/2010/items/WHST.11-12.8,ccss-ela,WHST.11-12.8,ccss-ela:WHST.11-12.8,2010,0,false,https://corestandards.org/english-language-arts-standards/
https://education.asfai.org/frameworks/ccss-ela/versions/2010/items/WHST.11-12.9,ccss-ela,WHST.11-12.9,ccss-ela:WHST.11-12.9,2010,0,false,https://corestandards.org/english-language-arts-standards/
https://education.asfai.org/frameworks/ccss-ela/versions/2010/items/WHST.6-8.1,ccss-ela,WHST.6-8.1,ccss-ela:WHST.6-8.1,2010,0,false,https://corestandards.org/english-language-arts-standards/
https://education.asfai.org/frameworks/ccss-ela/versions/2010/items/WHST.6-8.10,ccss-ela,WHST.6-8.10,ccss-ela:WHST.6-8.10,2010,0,false,https://corestandards.org/english-language-arts-standards/
https://education.asfai.org/frameworks/ccss-ela/versions/2010/items/WHST.6-8.1a,ccss-ela,WHST.6-8.1a,ccss-ela:WHST.6-8.1a,2010,0,false,https://corestandards.org/english-language-arts-standards/
https://education.asfai.org/frameworks/ccss-ela/versions/2010/items/WHST.6-8.1b,ccss-ela,WHST.6-8.1b,ccss-ela:WHST.6-8.1b,2010,0,false,https://corestandards.org/english-language-arts-standards/
https://education.asfai.org/frameworks/ccss-ela/versions/2010/items/WHST.6-8.1c,ccss-ela,WHST.6-8.1c,ccss-ela:WHST.6-8.1c,2010,0,false,https://corestandards.org/english-language-arts-standards/
https://education.asfai.org/frameworks/ccss-ela/versions/2010/items/WHST.6-8.1d,ccss-ela,WHST.6-8.1d,ccss-ela:WHST.6-8.1d,2010,0,false,https://corestandards.org/english-language-arts-standards/
https://education.asfai.org/frameworks/ccss-ela/versions/2010/items/WHST.6-8.1e,ccss-ela,WHST.6-8.1e,ccss-ela:WHST.6-8.1e,2010,0,false,https://corestandards.org/english-language-arts-standards/
https://education.asfai.org/frameworks/ccss-ela/versions/2010/items/WHST.6-8.2,ccss-ela,WHST.6-8.2,ccss-ela:WHST.6-8.2,2010,0,false,https://corestandards.org/english-language-arts-standards/
https://education.asfai.org/frameworks/ccss-ela/versions/2010/items/WHST.6-8.2a,ccss-ela,WHST.6-8.2a,ccss-ela:WHST.6-8.2a,2010,0,false,https://corestandards.org/english-language-arts-standards/
https://education.asfai.org/frameworks/ccss-ela/versions/2010/items/WHST.6-8.2b,ccss-ela,WHST.6-8.2b,ccss-ela:WHST.6-8.2b,2010,0,false,https://corestandards.org/english-language-arts-standards/
https://education.asfai.org/frameworks/ccss-ela/versions/2010/items/WHST.6-8.2c,ccss-ela,WHST.6-8.2c,ccss-ela:WHST.6-8.2c,2010,0,false,https://corestandards.org/english-language-arts-standards/
https://education.asfai.org/frameworks/ccss-ela/versions/2010/items/WHST.6-8.2d,ccss-ela,WHST.6-8.2d,ccss-ela:WHST.6-8.2d,2010,0,false,https://corestandards.org/english-language-arts-standards/
https://education.asfai.org/frameworks/ccss-ela/versions/2010/items/WHST.6-8.2e,ccss-ela,WHST.6-8.2e,ccss-ela:WHST.6-8.2e,2010,0,false,https://corestandards.org/english-language-arts-standards/
https://education.asfai.org/frameworks/ccss-ela/versions/2010/items/WHST.6-8.2f,ccss-ela,WHST.6-8.2f,ccss-ela:WHST.6-8.2f,2010,0,false,https://corestandards.org/english-language-arts-standards/
https://education.asfai.org/frameworks/ccss-ela/versions/2010/items/WHST.6-8.3,ccss-ela,WHST.6-8.3,ccss-ela:WHST.6-8.3,2010,0,false,https://corestandards.org/english-language-arts-standards/
https://education.asfai.org/frameworks/ccss-ela/versions/2010/items/WHST.6-8.4,ccss-ela,WHST.6-8.4,ccss-ela:WHST.6-8.4,2010,0,false,https://corestandards.org/english-language-arts-standards/
https://education.asfai.org/frameworks/ccss-ela/versions/2010/items/WHST.6-8.5,ccss-ela,WHST.6-8.5,ccss-ela:WHST.6-8.5,2010,0,false,https://corestandards.org/english-language-arts-standards/
https://education.asfai.org/frameworks/ccss-ela/versions/2010/items/WHST.6-8.6,ccss-ela,WHST.6-8.6,ccss-ela:WHST.6-8.6,2010,0,false,https://corestandards.org/english-language-arts-standards/
https://education.asfai.org/frameworks/ccss-ela/versions/2010/items/WHST.6-8.7,ccss-ela,WHST.6-8.7,ccss-ela:WHST.6-8.7,2010,0,false,https://corestandards.org/english-language-arts-standards/
https://education.asfai.org/frameworks/ccss-ela/versions/2010/items/WHST.6-8.8,ccss-ela,WHST.6-8.8,ccss-ela:WHST.6-8.8,2010,0,false,https://corestandards.org/english-language-arts-standards/
https://education.asfai.org/frameworks/ccss-ela/versions/2010/items/WHST.6-8.9,ccss-ela,WHST.6-8.9,ccss-ela:WHST.6-8.9,2010,0,false,https://corestandards.org/english-language-arts-standards/
https://education.asfai.org/frameworks/ccss-ela/versions/2010/items/WHST.9-10.1,ccss-ela,WHST.9-10.1,ccss-ela:WHST.9-10.1,2010,0,false,https://corestandards.org/english-language-arts-standards/
https://education.asfai.org/frameworks/ccss-ela/versions/2010/items/WHST.9-10.10,ccss-ela,WHST.9-10.10,ccss-ela:WHST.9-10.10,2010,0,false,https://corestandards.org/english-language-arts-standards/
https://education.asfai.org/frameworks/ccss-ela/versions/2010/items/WHST.9-10.1a,ccss-ela,WHST.9-10.1a,ccss-ela:WHST.9-10.1a,2010,0,false,https://corestandards.org/english-language-arts-standards/
https://education.asfai.org/frameworks/ccss-ela/versions/2010/items/WHST.9-10.1b,ccss-ela,WHST.9-10.1b,ccss-ela:WHST.9-10.1b,2010,0,false,https://corestandards.org/english-language-arts-standards/
https://education.asfai.org/frameworks/ccss-ela/versions/2010/items/WHST.9-10.1c,ccss-ela,WHST.9-10.1c,ccss-ela:WHST.9-10.1c,2010,0,false,https://corestandards.org/english-language-arts-standards/
https://education.asfai.org/frameworks/ccss-ela/versions/2010/items/WHST.9-10.1d,ccss-ela,WHST.9-10.1d,ccss-ela:WHST.9-10.1d,2010,0,false,https://corestandards.org/english-language-arts-standards/
https://education.asfai.org/frameworks/ccss-ela/versions/2010/items/WHST.9-10.1e,ccss-ela,WHST.9-10.1e,ccss-ela:WHST.9-10.1e,2010,0,false,https://corestandards.org/english-language-arts-standards/
https://education.asfai.org/frameworks/ccss-ela/versions/2010/items/WHST.9-10.2,ccss-ela,WHST.9-10.2,ccss-ela:WHST.9-10.2,2010,0,false,https://corestandards.org/english-language-arts-standards/
https://education.asfai.org/frameworks/ccss-ela/versions/2010/items/WHST.9-10.2a,ccss-ela,WHST.9-10.2a,ccss-ela:WHST.9-10.2a,2010,0,false,https://corestandards.org/english-language-arts-standards/
https://education.asfai.org/frameworks/ccss-ela/versions/2010/items/WHST.9-10.2b,ccss-ela,WHST.9-10.2b,ccss-ela:WHST.9-10.2b,2010,0,false,https://corestandards.org/english-language-arts-standards/
https://education.asfai.org/frameworks/ccss-ela/versions/2010/items/WHST.9-10.2c,ccss-ela,WHST.9-10.2c,ccss-ela:WHST.9-10.2c,2010,0,false,https://corestandards.org/english-language-arts-standards/
https://education.asfai.org/frameworks/ccss-ela/versions/2010/items/WHST.9-10.2d,ccss-ela,WHST.9-10.2d,ccss-ela:WHST.9-10.2d,2010,0,false,https://corestandards.org/english-language-arts-standards/
https://education.asfai.org/frameworks/ccss-ela/versions/2010/items/WHST.9-10.2e,ccss-ela,WHST.9-10.2e,ccss-ela:WHST.9-10.2e,2010,0,false,https://corestandards.org/english-language-arts-standards/
https://education.asfai.org/frameworks/ccss-ela/versions/2010/items/WHST.9-10.2f,ccss-ela,WHST.9-10.2f,ccss-ela:WHST.9-10.2f,2010,0,false,https://corestandards.org/english-language-arts-standards/
https://education.asfai.org/frameworks/ccss-ela/versions/2010/items/WHST.9-10.3,ccss-ela,WHST.9-10.3,ccss-ela:WHST.9-10.3,2010,0,false,https://corestandards.org/english-language-arts-standards/
https://education.asfai.org/frameworks/ccss-ela/versions/2010/items/WHST.9-10.4,ccss-ela,WHST.9-10.4,ccss-ela:WHST.9-10.4,2010,0,false,https://corestandards.org/english-language-arts-standards/
https://education.asfai.org/frameworks/ccss-ela/versions/2010/items/WHST.9-10.5,ccss-ela,WHST.9-10.5,ccss-ela:WHST.9-10.5,2010,0,false,https://corestandards.org/english-language-arts-standards/
https://education.asfai.org/frameworks/ccss-ela/versions/2010/items/WHST.9-10.6,ccss-ela,WHST.9-10.6,ccss-ela:WHST.9-10.6,2010,0,false,https://corestandards.org/english-language-arts-standards/
https://education.asfai.org/frameworks/ccss-ela/versions/2010/items/WHST.9-10.7,ccss-ela,WHST.9-10.7,ccss-ela:WHST.9-10.7,2010,0,false,https://corestandards.org/english-language-arts-standards/
https://education.asfai.org/frameworks/ccss-ela/versions/2010/items/WHST.9-10.8,ccss-ela,WHST.9-10.8,ccss-ela:WHST.9-10.8,2010,0,false,https://corestandards.org/english-language-arts-standards/
https://education.asfai.org/frameworks/ccss-ela/versions/2010/items/WHST.9-10.9,ccss-ela,WHST.9-10.9,ccss-ela:WHST.9-10.9,2010,0,false,https://corestandards.org/english-language-arts-standards/
https://education.asfai.org/frameworks/ccss-math/versions/2010/items/1.G.1,ccss-math,1.G.1,ccss-math:1.G.1,2010,1,false,https://corestandards.org/mathematics-standards/
https://education.asfai.org/frameworks/ccss-math/versions/2010/items/1.G.2,ccss-math,1.G.2,ccss-math:1.G.2,2010,2,false,https://corestandards.org/mathematics-standards/
https://education.asfai.org/frameworks/ccss-math/versions/2010/items/1.G.3,ccss-math,1.G.3,ccss-math:1.G.3,2010,2,false,https://corestandards.org/mathematics-standards/
https://education.asfai.org/frameworks/ccss-math/versions/2010/items/1.MD.1,ccss-math,1.MD.1,ccss-math:1.MD.1,2010,1,false,https://corestandards.org/mathematics-standards/
https://education.asfai.org/frameworks/ccss-math/versions/2010/items/1.MD.2,ccss-math,1.MD.2,ccss-math:1.MD.2,2010,1,false,https://corestandards.org/mathematics-standards/
https://education.asfai.org/frameworks/ccss-math/versions/2010/items/1.MD.3,ccss-math,1.MD.3,ccss-math:1.MD.3,2010,1,false,https://corestandards.org/mathematics-standards/
https://education.asfai.org/frameworks/ccss-math/versions/2010/items/1.MD.4,ccss-math,1.MD.4,ccss-math:1.MD.4,2010,2,false,https://corestandards.org/mathematics-standards/
https://education.asfai.org/frameworks/ccss-math/versions/2010/items/1.NBT.1,ccss-math,1.NBT.1,ccss-math:1.NBT.1,2010,1,false,https://corestandards.org/mathematics-standards/
https://education.asfai.org/frameworks/ccss-math/versions/2010/items/1.NBT.2,ccss-math,1.NBT.2,ccss-math:1.NBT.2,2010,1,false,https://corestandards.org/mathematics-standards/
https://education.asfai.org/frameworks/ccss-math/versions/2010/items/1.NBT.2.a,ccss-math,1.NBT.2.a,ccss-math:1.NBT.2.a,2010,1,false,https://corestandards.org/mathematics-standards/
https://education.asfai.org/frameworks/ccss-math/versions/2010/items/1.NBT.2.b,ccss-math,1.NBT.2.b,ccss-math:1.NBT.2.b,2010,1,false,https://corestandards.org/mathematics-standards/
https://education.asfai.org/frameworks/ccss-math/versions/2010/items/1.NBT.2.c,ccss-math,1.NBT.2.c,ccss-math:1.NBT.2.c,2010,1,false,https://corestandards.org/mathematics-standards/
https://education.asfai.org/frameworks/ccss-math/versions/2010/items/1.NBT.3,ccss-math,1.NBT.3,ccss-math:1.NBT.3,2010,1,false,https://corestandards.org/mathematics-standards/
https://education.asfai.org/frameworks/ccss-math/versions/2010/items/1.NBT.4,ccss-math,1.NBT.4,ccss-math:1.NBT.4,2010,1,false,https://corestandards.org/mathematics-standards/
https://education.asfai.org/frameworks/ccss-math/versions/2010/items/1.NBT.5,ccss-math,1.NBT.5,ccss-math:1.NBT.5,2010,1,false,https://corestandards.org/mathematics-standards/
https://education.asfai.org/frameworks/ccss-math/versions/2010/items/1.NBT.6,ccss-math,1.NBT.6,ccss-math:1.NBT.6,2010,1,false,https://corestandards.org/mathematics-standards/
https://education.asfai.org/frameworks/ccss-math/versions/2010/items/1.OA.1,ccss-math,1.OA.1,ccss-math:1.OA.1,2010,1,false,https://corestandards.org/mathematics-standards/
https://education.asfai.org/frameworks/ccss-math/versions/2010/items/1.OA.2,ccss-math,1.OA.2,ccss-math:1.OA.2,2010,1,false,https://corestandards.org/mathematics-standards/
https://education.asfai.org/frameworks/ccss-math/versions/2010/items/1.OA.3,ccss-math,1.OA.3,ccss-math:1.OA.3,2010,2,false,https://corestandards.org/mathematics-standards/
https://education.asfai.org/frameworks/ccss-math/versions/2010/items/1.OA.4,ccss-math,1.OA.4,ccss-math:1.OA.4,2010,2,false,https://corestandards.org/mathematics-standards/
https://education.asfai.org/frameworks/ccss-math/versions/2010/items/1.OA.5,ccss-math,1.OA.5,ccss-math:1.OA.5,2010,1,false,https://corestandards.org/mathematics-standards/
https://education.asfai.org/frameworks/ccss-math/versions/2010/items/1.OA.6,ccss-math,1.OA.6,ccss-math:1.OA.6,2010,2,false,https://corestandards.org/mathematics-standards/
https://education.asfai.org/frameworks/ccss-math/versions/2010/items/1.OA.7,ccss-math,1.OA.7,ccss-math:1.OA.7,2010,1,false,https://corestandards.org/mathematics-standards/
https://education.asfai.org/frameworks/ccss-math/versions/2010/items/1.OA.8,ccss-math,1.OA.8,ccss-math:1.OA.8,2010,1,false,https://corestandards.org/mathematics-standards/
https://education.asfai.org/frameworks/ccss-math/versions/2010/items/2.G.1,ccss-math,2.G.1,ccss-math:2.G.1,2010,1,false,https://corestandards.org/mathematics-standards/
https://education.asfai.org/frameworks/ccss-math/versions/2010/items/2.G.2,ccss-math,2.G.2,ccss-math:2.G.2,2010,1,false,https://corestandards.org/mathematics-standards/
https://education.asfai.org/frameworks/ccss-math/versions/2010/items/2.G.3,ccss-math,2.G.3,ccss-math:2.G.3,2010,1,false,https://corestandards.org/mathematics-standards/
https://education.asfai.org/frameworks/ccss-math/versions/2010/items/2.MD.1,ccss-math,2.MD.1,ccss-math:2.MD.1,2010,1,false,https://corestandards.org/mathematics-standards/
https://education.asfai.org/frameworks/ccss-math/versions/2010/items/2.MD.10,ccss-math,2.MD.10,ccss-math:2.MD.10,2010,1,false,https://corestandards.org/mathematics-standards/
https://education.asfai.org/frameworks/ccss-math/versions/2010/items/2.MD.2,ccss-math,2.MD.2,ccss-math:2.MD.2,2010,1,false,https://corestandards.org/mathematics-standards/
https://education.asfai.org/frameworks/ccss-math/versions/2010/items/2.MD.3,ccss-math,2.MD.3,ccss-math:2.MD.3,2010,1,false,https://corestandards.org/mathematics-standards/
https://education.asfai.org/frameworks/ccss-math/versions/2010/items/2.MD.4,ccss-math,2.MD.4,ccss-math:2.MD.4,2010,1,false,https://corestandards.org/mathematics-standards/
https://education.asfai.org/frameworks/ccss-math/versions/2010/items/2.MD.5,ccss-math,2.MD.5,ccss-math:2.MD.5,2010,1,false,https://corestandards.org/mathematics-standards/
https://education.asfai.org/frameworks/ccss-math/versions/2010/items/2.MD.6,ccss-math,2.MD.6,ccss-math:2.MD.6,2010,1,false,https://corestandards.org/mathematics-standards/
https://education.asfai.org/frameworks/ccss-math/versions/2010/items/2.MD.7,ccss-math,2.MD.7,ccss-math:2.MD.7,2010,1,false,https://corestandards.org/mathematics-standards/
https://education.asfai.org/frameworks/ccss-math/versions/2010/items/2.MD.8,ccss-math,2.MD.8,ccss-math:2.MD.8,2010,1,false,https://corestandards.org/mathematics-standards/
https://education.asfai.org/frameworks/ccss-math/versions/2010/items/2.MD.9,ccss-math,2.MD.9,ccss-math:2.MD.9,2010,1,false,https://corestandards.org/mathematics-standards/
https://education.asfai.org/frameworks/ccss-math/versions/2010/items/2.NBT.1,ccss-math,2.NBT.1,ccss-math:2.NBT.1,2010,1,false,https://corestandards.org/mathematics-standards/
https://education.asfai.org/frameworks/ccss-math/versions/2010/items/2.NBT.1.a,ccss-math,2.NBT.1.a,ccss-math:2.NBT.1.a,2010,1,false,https://corestandards.org/mathematics-standards/
https://education.asfai.org/frameworks/ccss-math/versions/2010/items/2.NBT.1.b,ccss-math,2.NBT.1.b,ccss-math:2.NBT.1.b,2010,1,false,https://corestandards.org/mathematics-standards/
https://education.asfai.org/frameworks/ccss-math/versions/2010/items/2.NBT.2,ccss-math,2.NBT.2,ccss-math:2.NBT.2,2010,1,false,https://corestandards.org/mathematics-standards/
https://education.asfai.org/frameworks/ccss-math/versions/2010/items/2.NBT.3,ccss-math,2.NBT.3,ccss-math:2.NBT.3,2010,1,false,https://corestandards.org/mathematics-standards/
https://education.asfai.org/frameworks/ccss-math/versions/2010/items/2.NBT.4,ccss-math,2.NBT.4,ccss-math:2.NBT.4,2010,1,false,https://corestandards.org/mathematics-standards/
https://education.asfai.org/frameworks/ccss-math/versions/2010/items/2.NBT.5,ccss-math,2.NBT.5,ccss-math:2.NBT.5,2010,1,false,https://corestandards.org/mathematics-standards/
https://education.asfai.org/frameworks/ccss-math/versions/2010/items/2.NBT.6,ccss-math,2.NBT.6,ccss-math:2.NBT.6,2010,1,false,https://corestandards.org/mathematics-standards/
https://education.asfai.org/frameworks/ccss-math/versions/2010/items/2.NBT.7,ccss-math,2.NBT.7,ccss-math:2.NBT.7,2010,1,false,https://corestandards.org/mathematics-standards/
https://education.asfai.org/frameworks/ccss-math/versions/2010/items/2.NBT.8,ccss-math,2.NBT.8,ccss-math:2.NBT.8,2010,1,false,https://corestandards.org/mathematics-standards/
https://education.asfai.org/frameworks/ccss-math/versions/2010/items/2.NBT.9,ccss-math,2.NBT.9,ccss-math:2.NBT.9,2010,1,false,https://corestandards.org/mathematics-standards/
https://education.asfai.org/frameworks/ccss-math/versions/2010/items/2.OA.1,ccss-math,2.OA.1,ccss-math:2.OA.1,2010,1,false,https://corestandards.org/mathematics-standards/
https://education.asfai.org/frameworks/ccss-math/versions/2010/items/2.OA.2,ccss-math,2.OA.2,ccss-math:2.OA.2,2010,1,false,https://corestandards.org/mathematics-standards/
https://education.asfai.org/frameworks/ccss-math/versions/2010/items/2.OA.3,ccss-math,2.OA.3,ccss-math:2.OA.3,2010,1,false,https://corestandards.org/mathematics-standards/
https://education.asfai.org/frameworks/ccss-math/versions/2010/items/2.OA.4,ccss-math,2.OA.4,ccss-math:2.OA.4,2010,1,false,https://corestandards.org/mathematics-standards/
https://education.asfai.org/frameworks/ccss-math/versions/2010/items/3.G.1,ccss-math,3.G.1,ccss-math:3.G.1,2010,0,false,https://corestandards.org/mathematics-standards/
https://education.asfai.org/frameworks/ccss-math/versions/2010/items/3.G.2,ccss-math,3.G.2,ccss-math:3.G.2,2010,0,false,https://corestandards.org/mathematics-standards/
https://education.asfai.org/frameworks/ccss-math/versions/2010/items/3.MD.1,ccss-math,3.MD.1,ccss-math:3.MD.1,2010,0,false,https://corestandards.org/mathematics-standards/
https://education.asfai.org/frameworks/ccss-math/versions/2010/items/3.MD.2,ccss-math,3.MD.2,ccss-math:3.MD.2,2010,0,false,https://corestandards.org/mathematics-standards/
https://education.asfai.org/frameworks/ccss-math/versions/2010/items/3.MD.3,ccss-math,3.MD.3,ccss-math:3.MD.3,2010,0,false,https://corestandards.org/mathematics-standards/
https://education.asfai.org/frameworks/ccss-math/versions/2010/items/3.MD.4,ccss-math,3.MD.4,ccss-math:3.MD.4,2010,0,false,https://corestandards.org/mathematics-standards/
https://education.asfai.org/frameworks/ccss-math/versions/2010/items/3.MD.5.a,ccss-math,3.MD.5.a,ccss-math:3.MD.5.a,2010,0,false,https://corestandards.org/mathematics-standards/
https://education.asfai.org/frameworks/ccss-math/versions/2010/items/3.MD.5.b,ccss-math,3.MD.5.b,ccss-math:3.MD.5.b,2010,0,false,https://corestandards.org/mathematics-standards/
https://education.asfai.org/frameworks/ccss-math/versions/2010/items/3.MD.6,ccss-math,3.MD.6,ccss-math:3.MD.6,2010,0,false,https://corestandards.org/mathematics-standards/
https://education.asfai.org/frameworks/ccss-math/versions/2010/items/3.MD.7.a,ccss-math,3.MD.7.a,ccss-math:3.MD.7.a,2010,0,false,https://corestandards.org/mathematics-standards/
https://education.asfai.org/frameworks/ccss-math/versions/2010/items/3.MD.7.b,ccss-math,3.MD.7.b,ccss-math:3.MD.7.b,2010,0,false,https://corestandards.org/mathematics-standards/
https://education.asfai.org/frameworks/ccss-math/versions/2010/items/3.MD.7.c,ccss-math,3.MD.7.c,ccss-math:3.MD.7.c,2010,0,false,https://corestandards.org/mathematics-standards/
https://education.asfai.org/frameworks/ccss-math/versions/2010/items/3.MD.7.d,ccss-math,3.MD.7.d,ccss-math:3.MD.7.d,2010,0,false,https://corestandards.org/mathematics-standards/
https://education.asfai.org/frameworks/ccss-math/versions/2010/items/3.MD.8,ccss-math,3.MD.8,ccss-math:3.MD.8,2010,0,false,https://corestandards.org/mathematics-standards/
https://education.asfai.org/frameworks/ccss-math/versions/2010/items/3.NBT.1,ccss-math,3.NBT.1,ccss-math:3.NBT.1,2010,1,false,https://corestandards.org/mathematics-standards/
https://education.asfai.org/frameworks/ccss-math/versions/2010/items/3.NBT.2,ccss-math,3.NBT.2,ccss-math:3.NBT.2,2010,1,false,https://corestandards.org/mathematics-standards/
https://education.asfai.org/frameworks/ccss-math/versions/2010/items/3.NBT.3,ccss-math,3.NBT.3,ccss-math:3.NBT.3,2010,1,false,https://corestandards.org/mathematics-standards/
https://education.asfai.org/frameworks/ccss-math/versions/2010/items/3.NF.1,ccss-math,3.NF.1,ccss-math:3.NF.1,2010,0,false,https://corestandards.org/mathematics-standards/
https://education.asfai.org/frameworks/ccss-math/versions/2010/items/3.NF.2.a,ccss-math,3.NF.2.a,ccss-math:3.NF.2.a,2010,0,false,https://corestandards.org/mathematics-standards/
https://education.asfai.org/frameworks/ccss-math/versions/2010/items/3.NF.2.b,ccss-math,3.NF.2.b,ccss-math:3.NF.2.b,2010,0,false,https://corestandards.org/mathematics-standards/
https://education.asfai.org/frameworks/ccss-math/versions/2010/items/3.NF.3.a,ccss-math,3.NF.3.a,ccss-math:3.NF.3.a,2010,0,false,https://corestandards.org/mathematics-standards/
https://education.asfai.org/frameworks/ccss-math/versions/2010/items/3.NF.3.b,ccss-math,3.NF.3.b,ccss-math:3.NF.3.b,2010,0,false,https://corestandards.org/mathematics-standards/
https://education.asfai.org/frameworks/ccss-math/versions/2010/items/3.NF.3.c,ccss-math,3.NF.3.c,ccss-math:3.NF.3.c,2010,0,false,https://corestandards.org/mathematics-standards/
https://education.asfai.org/frameworks/ccss-math/versions/2010/items/3.NF.3.d,ccss-math,3.NF.3.d,ccss-math:3.NF.3.d,2010,0,false,https://corestandards.org/mathematics-standards/
https://education.asfai.org/frameworks/ccss-math/versions/2010/items/3.OA.1,ccss-math,3.OA.1,ccss-math:3.OA.1,2010,1,false,https://corestandards.org/mathematics-standards/
https://education.asfai.org/frameworks/ccss-math/versions/2010/items/3.OA.2,ccss-math,3.OA.2,ccss-math:3.OA.2,2010,1,false,https://corestandards.org/mathematics-standards/
https://education.asfai.org/frameworks/ccss-math/versions/2010/items/3.OA.3,ccss-math,3.OA.3,ccss-math:3.OA.3,2010,1,false,https://corestandards.org/mathematics-standards/
https://education.asfai.org/frameworks/ccss-math/versions/2010/items/3.OA.4,ccss-math,3.OA.4,ccss-math:3.OA.4,2010,1,false,https://corestandards.org/mathematics-standards/
https://education.asfai.org/frameworks/ccss-math/versions/2010/items/3.OA.5,ccss-math,3.OA.5,ccss-math:3.OA.5,2010,1,false,https://corestandards.org/mathematics-standards/
https://education.asfai.org/frameworks/ccss-math/versions/2010/items/3.OA.6,ccss-math,3.OA.6,ccss-math:3.OA.6,2010,1,false,https://corestandards.org/mathematics-standards/
https://education.asfai.org/frameworks/ccss-math/versions/2010/items/3.OA.7,ccss-math,3.OA.7,ccss-math:3.OA.7,2010,1,false,https://corestandards.org/mathematics-standards/
https://education.asfai.org/frameworks/ccss-math/versions/2010/items/3.OA.8,ccss-math,3.OA.8,ccss-math:3.OA.8,2010,1,false,https://corestandards.org/mathematics-standards/
https://education.asfai.org/frameworks/ccss-math/versions/2010/items/3.OA.9,ccss-math,3.OA.9,ccss-math:3.OA.9,2010,1,false,https://corestandards.org/mathematics-standards/
https://education.asfai.org/frameworks/ccss-math/versions/2010/items/4.G.1,ccss-math,4.G.1,ccss-math:4.G.1,2010,0,false,https://corestandards.org/mathematics-standards/
https://education.asfai.org/frameworks/ccss-math/versions/2010/items/4.G.2,ccss-math,4.G.2,ccss-math:4.G.2,2010,0,false,https://corestandards.org/mathematics-standards/
https://education.asfai.org/frameworks/ccss-math/versions/2010/items/4.G.3,ccss-math,4.G.3,ccss-math:4.G.3,2010,0,false,https://corestandards.org/mathematics-standards/
https://education.asfai.org/frameworks/ccss-math/versions/2010/items/4.MD.1,ccss-math,4.MD.1,ccss-math:4.MD.1,2010,0,false,https://corestandards.org/mathematics-standards/
https://education.asfai.org/frameworks/ccss-math/versions/2010/items/4.MD.2,ccss-math,4.MD.2,ccss-math:4.MD.2,2010,0,false,https://corestandards.org/mathematics-standards/
https://education.asfai.org/frameworks/ccss-math/versions/2010/items/4.MD.3,ccss-math,4.MD.3,ccss-math:4.MD.3,2010,0,false,https://corestandards.org/mathematics-standards/
https://education.asfai.org/frameworks/ccss-math/versions/2010/items/4.MD.4,ccss-math,4.MD.4,ccss-math:4.MD.4,2010,0,false,https://corestandards.org/mathematics-standards/
https://education.asfai.org/frameworks/ccss-math/versions/2010/items/4.MD.5,ccss-math,4.MD.5,ccss-math:4.MD.5,2010,0,false,https://corestandards.org/mathematics-standards/
https://education.asfai.org/frameworks/ccss-math/versions/2010/items/4.MD.5.a,ccss-math,4.MD.5.a,ccss-math:4.MD.5.a,2010,0,false,https://corestandards.org/mathematics-standards/
https://education.asfai.org/frameworks/ccss-math/versions/2010/items/4.MD.5.b,ccss-math,4.MD.5.b,ccss-math:4.MD.5.b,2010,0,false,https://corestandards.org/mathematics-standards/
https://education.asfai.org/frameworks/ccss-math/versions/2010/items/4.MD.6,ccss-math,4.MD.6,ccss-math:4.MD.6,2010,0,false,https://corestandards.org/mathematics-standards/
https://education.asfai.org/frameworks/ccss-math/versions/2010/items/4.MD.7,ccss-math,4.MD.7,ccss-math:4.MD.7,2010,0,false,https://corestandards.org/mathematics-standards/
https://education.asfai.org/frameworks/ccss-math/versions/2010/items/4.NBT.1,ccss-math,4.NBT.1,ccss-math:4.NBT.1,2010,0,false,https://corestandards.org/mathematics-standards/
https://education.asfai.org/frameworks/ccss-math/versions/2010/items/4.NBT.2,ccss-math,4.NBT.2,ccss-math:4.NBT.2,2010,0,false,https://corestandards.org/mathematics-standards/
https://education.asfai.org/frameworks/ccss-math/versions/2010/items/4.NBT.3,ccss-math,4.NBT.3,ccss-math:4.NBT.3,2010,0,false,https://corestandards.org/mathematics-standards/
https://education.asfai.org/frameworks/ccss-math/versions/2010/items/4.NBT.4,ccss-math,4.NBT.4,ccss-math:4.NBT.4,2010,0,false,https://corestandards.org/mathematics-standards/
https://education.asfai.org/frameworks/ccss-math/versions/2010/items/4.NBT.5,ccss-math,4.NBT.5,ccss-math:4.NBT.5,2010,0,false,https://corestandards.org/mathematics-standards/
https://education.asfai.org/frameworks/ccss-math/versions/2010/items/4.NBT.6,ccss-math,4.NBT.6,ccss-math:4.NBT.6,2010,0,false,https://corestandards.org/mathematics-standards/
https://education.asfai.org/frameworks/ccss-math/versions/2010/items/4.NF.1,ccss-math,4.NF.1,ccss-math:4.NF.1,2010,0,false,https://corestandards.org/mathematics-standards/
https://education.asfai.org/frameworks/ccss-math/versions/2010/items/4.NF.2,ccss-math,4.NF.2,ccss-math:4.NF.2,2010,0,false,https://corestandards.org/mathematics-standards/
https://education.asfai.org/frameworks/ccss-math/versions/2010/items/4.NF.3,ccss-math,4.NF.3,ccss-math:4.NF.3,2010,0,false,https://corestandards.org/mathematics-standards/
https://education.asfai.org/frameworks/ccss-math/versions/2010/items/4.NF.3.a,ccss-math,4.NF.3.a,ccss-math:4.NF.3.a,2010,0,false,https://corestandards.org/mathematics-standards/
https://education.asfai.org/frameworks/ccss-math/versions/2010/items/4.NF.3.b,ccss-math,4.NF.3.b,ccss-math:4.NF.3.b,2010,0,false,https://corestandards.org/mathematics-standards/
https://education.asfai.org/frameworks/ccss-math/versions/2010/items/4.NF.3.c,ccss-math,4.NF.3.c,ccss-math:4.NF.3.c,2010,0,false,https://corestandards.org/mathematics-standards/
https://education.asfai.org/frameworks/ccss-math/versions/2010/items/4.NF.3.d,ccss-math,4.NF.3.d,ccss-math:4.NF.3.d,2010,0,false,https://corestandards.org/mathematics-standards/
https://education.asfai.org/frameworks/ccss-math/versions/2010/items/4.NF.4,ccss-math,4.NF.4,ccss-math:4.NF.4,2010,0,false,https://corestandards.org/mathematics-standards/
https://education.asfai.org/frameworks/ccss-math/versions/2010/items/4.NF.4.a,ccss-math,4.NF.4.a,ccss-math:4.NF.4.a,2010,0,false,https://corestandards.org/mathematics-standards/
https://education.asfai.org/frameworks/ccss-math/versions/2010/items/4.NF.4.b,ccss-math,4.NF.4.b,ccss-math:4.NF.4.b,2010,0,false,https://corestandards.org/mathematics-standards/
https://education.asfai.org/frameworks/ccss-math/versions/2010/items/4.NF.4.c,ccss-math,4.NF.4.c,ccss-math:4.NF.4.c,2010,0,false,https://corestandards.org/mathematics-standards/
https://education.asfai.org/frameworks/ccss-math/versions/2010/items/4.NF.5,ccss-math,4.NF.5,ccss-math:4.NF.5,2010,0,false,https://corestandards.org/mathematics-standards/
https://education.asfai.org/frameworks/ccss-math/versions/2010/items/4.NF.6,ccss-math,4.NF.6,ccss-math:4.NF.6,2010,0,false,https://corestandards.org/mathematics-standards/
https://education.asfai.org/frameworks/ccss-math/versions/2010/items/4.NF.7,ccss-math,4.NF.7,ccss-math:4.NF.7,2010,0,false,https://corestandards.org/mathematics-standards/
https://education.asfai.org/frameworks/ccss-math/versions/2010/items/4.OA.1,ccss-math,4.OA.1,ccss-math:4.OA.1,2010,0,false,https://corestandards.org/mathematics-standards/
https://education.asfai.org/frameworks/ccss-math/versions/2010/items/4.OA.2,ccss-math,4.OA.2,ccss-math:4.OA.2,2010,0,false,https://corestandards.org/mathematics-standards/
https://education.asfai.org/frameworks/ccss-math/versions/2010/items/4.OA.3,ccss-math,4.OA.3,ccss-math:4.OA.3,2010,0,false,https://corestandards.org/mathematics-standards/
https://education.asfai.org/frameworks/ccss-math/versions/2010/items/4.OA.4,ccss-math,4.OA.4,ccss-math:4.OA.4,2010,0,false,https://corestandards.org/mathematics-standards/
https://education.asfai.org/frameworks/ccss-math/versions/2010/items/4.OA.5,ccss-math,4.OA.5,ccss-math:4.OA.5,2010,0,false,https://corestandards.org/mathematics-standards/
https://education.asfai.org/frameworks/ccss-math/versions/2010/items/5.G.1,ccss-math,5.G.1,ccss-math:5.G.1,2010,1,false,https://corestandards.org/mathematics-standards/
https://education.asfai.org/frameworks/ccss-math/versions/2010/items/5.G.2,ccss-math,5.G.2,ccss-math:5.G.2,2010,1,false,https://corestandards.org/mathematics-standards/
https://education.asfai.org/frameworks/ccss-math/versions/2010/items/5.G.3,ccss-math,5.G.3,ccss-math:5.G.3,2010,0,false,https://corestandards.org/mathematics-standards/
https://education.asfai.org/frameworks/ccss-math/versions/2010/items/5.G.4,ccss-math,5.G.4,ccss-math:5.G.4,2010,0,false,https://corestandards.org/mathematics-standards/
https://education.asfai.org/frameworks/ccss-math/versions/2010/items/5.MD.1,ccss-math,5.MD.1,ccss-math:5.MD.1,2010,0,false,https://corestandards.org/mathematics-standards/
https://education.asfai.org/frameworks/ccss-math/versions/2010/items/5.MD.2,ccss-math,5.MD.2,ccss-math:5.MD.2,2010,0,false,https://corestandards.org/mathematics-standards/
https://education.asfai.org/frameworks/ccss-math/versions/2010/items/5.MD.3,ccss-math,5.MD.3,ccss-math:5.MD.3,2010,0,false,https://corestandards.org/mathematics-standards/
https://education.asfai.org/frameworks/ccss-math/versions/2010/items/5.MD.3.a,ccss-math,5.MD.3.a,ccss-math:5.MD.3.a,2010,0,false,https://corestandards.org/mathematics-standards/
https://education.asfai.org/frameworks/ccss-math/versions/2010/items/5.MD.3.b,ccss-math,5.MD.3.b,ccss-math:5.MD.3.b,2010,0,false,https://corestandards.org/mathematics-standards/
https://education.asfai.org/frameworks/ccss-math/versions/2010/items/5.MD.4,ccss-math,5.MD.4,ccss-math:5.MD.4,2010,0,false,https://corestandards.org/mathematics-standards/
https://education.asfai.org/frameworks/ccss-math/versions/2010/items/5.MD.5,ccss-math,5.MD.5,ccss-math:5.MD.5,2010,0,false,https://corestandards.org/mathematics-standards/
https://education.asfai.org/frameworks/ccss-math/versions/2010/items/5.MD.5.a,ccss-math,5.MD.5.a,ccss-math:5.MD.5.a,2010,0,false,https://corestandards.org/mathematics-standards/
https://education.asfai.org/frameworks/ccss-math/versions/2010/items/5.MD.5.b,ccss-math,5.MD.5.b,ccss-math:5.MD.5.b,2010,0,false,https://corestandards.org/mathematics-standards/
https://education.asfai.org/frameworks/ccss-math/versions/2010/items/5.MD.5.c,ccss-math,5.MD.5.c,ccss-math:5.MD.5.c,2010,0,false,https://corestandards.org/mathematics-standards/
https://education.asfai.org/frameworks/ccss-math/versions/2010/items/5.NBT.1,ccss-math,5.NBT.1,ccss-math:5.NBT.1,2010,0,false,https://corestandards.org/mathematics-standards/
https://education.asfai.org/frameworks/ccss-math/versions/2010/items/5.NBT.2,ccss-math,5.NBT.2,ccss-math:5.NBT.2,2010,0,false,https://corestandards.org/mathematics-standards/
https://education.asfai.org/frameworks/ccss-math/versions/2010/items/5.NBT.3,ccss-math,5.NBT.3,ccss-math:5.NBT.3,2010,0,false,https://corestandards.org/mathematics-standards/
https://education.asfai.org/frameworks/ccss-math/versions/2010/items/5.NBT.3.a,ccss-math,5.NBT.3.a,ccss-math:5.NBT.3.a,2010,0,false,https://corestandards.org/mathematics-standards/
https://education.asfai.org/frameworks/ccss-math/versions/2010/items/5.NBT.3.b,ccss-math,5.NBT.3.b,ccss-math:5.NBT.3.b,2010,0,false,https://corestandards.org/mathematics-standards/
https://education.asfai.org/frameworks/ccss-math/versions/2010/items/5.NBT.4,ccss-math,5.NBT.4,ccss-math:5.NBT.4,2010,0,false,https://corestandards.org/mathematics-standards/
https://education.asfai.org/frameworks/ccss-math/versions/2010/items/5.NBT.5,ccss-math,5.NBT.5,ccss-math:5.NBT.5,2010,0,false,https://corestandards.org/mathematics-standards/
https://education.asfai.org/frameworks/ccss-math/versions/2010/items/5.NBT.6,ccss-math,5.NBT.6,ccss-math:5.NBT.6,2010,0,false,https://corestandards.org/mathematics-standards/
https://education.asfai.org/frameworks/ccss-math/versions/2010/items/5.NBT.7,ccss-math,5.NBT.7,ccss-math:5.NBT.7,2010,0,false,https://corestandards.org/mathematics-standards/
https://education.asfai.org/frameworks/ccss-math/versions/2010/items/5.NF.1,ccss-math,5.NF.1,ccss-math:5.NF.1,2010,0,false,https://corestandards.org/mathematics-standards/
https://education.asfai.org/frameworks/ccss-math/versions/2010/items/5.NF.2,ccss-math,5.NF.2,ccss-math:5.NF.2,2010,0,false,https://corestandards.org/mathematics-standards/
https://education.asfai.org/frameworks/ccss-math/versions/2010/items/5.NF.3,ccss-math,5.NF.3,ccss-math:5.NF.3,2010,0,false,https://corestandards.org/mathematics-standards/
https://education.asfai.org/frameworks/ccss-math/versions/2010/items/5.NF.4,ccss-math,5.NF.4,ccss-math:5.NF.4,2010,0,false,https://corestandards.org/mathematics-standards/
https://education.asfai.org/frameworks/ccss-math/versions/2010/items/5.NF.4.a,ccss-math,5.NF.4.a,ccss-math:5.NF.4.a,2010,0,false,https://corestandards.org/mathematics-standards/
https://education.asfai.org/frameworks/ccss-math/versions/2010/items/5.NF.4.b,ccss-math,5.NF.4.b,ccss-math:5.NF.4.b,2010,0,false,https://corestandards.org/mathematics-standards/
https://education.asfai.org/frameworks/ccss-math/versions/2010/items/5.NF.5,ccss-math,5.NF.5,ccss-math:5.NF.5,2010,0,false,https://corestandards.org/mathematics-standards/
https://education.asfai.org/frameworks/ccss-math/versions/2010/items/5.NF.5.a,ccss-math,5.NF.5.a,ccss-math:5.NF.5.a,2010,0,false,https://corestandards.org/mathematics-standards/
https://education.asfai.org/frameworks/ccss-math/versions/2010/items/5.NF.5.b,ccss-math,5.NF.5.b,ccss-math:5.NF.5.b,2010,0,false,https://corestandards.org/mathematics-standards/
https://education.asfai.org/frameworks/ccss-math/versions/2010/items/5.NF.6,ccss-math,5.NF.6,ccss-math:5.NF.6,2010,0,false,https://corestandards.org/mathematics-standards/
https://education.asfai.org/frameworks/ccss-math/versions/2010/items/5.NF.7,ccss-math,5.NF.7,ccss-math:5.NF.7,2010,0,false,https://corestandards.org/mathematics-standards/
https://education.asfai.org/frameworks/ccss-math/versions/2010/items/5.NF.7.a,ccss-math,5.NF.7.a,ccss-math:5.NF.7.a,2010,0,false,https://corestandards.org/mathematics-standards/
https://education.asfai.org/frameworks/ccss-math/versions/2010/items/5.NF.7.b,ccss-math,5.NF.7.b,ccss-math:5.NF.7.b,2010,0,false,https://corestandards.org/mathematics-standards/
https://education.asfai.org/frameworks/ccss-math/versions/2010/items/5.NF.7.c,ccss-math,5.NF.7.c,ccss-math:5.NF.7.c,2010,0,false,https://corestandards.org/mathematics-standards/
https://education.asfai.org/frameworks/ccss-math/versions/2010/items/5.OA.1,ccss-math,5.OA.1,ccss-math:5.OA.1,2010,1,false,https://corestandards.org/mathematics-standards/
https://education.asfai.org/frameworks/ccss-math/versions/2010/items/5.OA.2,ccss-math,5.OA.2,ccss-math:5.OA.2,2010,0,false,https://corestandards.org/mathematics-standards/
https://education.asfai.org/frameworks/ccss-math/versions/2010/items/5.OA.3,ccss-math,5.OA.3,ccss-math:5.OA.3,2010,0,false,https://corestandards.org/mathematics-standards/
https://education.asfai.org/frameworks/ccss-math/versions/2010/items/6.EE.1,ccss-math,6.EE.1,ccss-math:6.EE.1,2010,0,false,https://corestandards.org/mathematics-standards/
https://education.asfai.org/frameworks/ccss-math/versions/2010/items/6.EE.2,ccss-math,6.EE.2,ccss-math:6.EE.2,2010,1,false,https://corestandards.org/mathematics-standards/
https://education.asfai.org/frameworks/ccss-math/versions/2010/items/6.EE.2a,ccss-math,6.EE.2a,ccss-math:6.EE.2a,2010,1,false,https://corestandards.org/mathematics-standards/
https://education.asfai.org/frameworks/ccss-math/versions/2010/items/6.EE.2b,ccss-math,6.EE.2b,ccss-math:6.EE.2b,2010,2,false,https://corestandards.org/mathematics-standards/
https://education.asfai.org/frameworks/ccss-math/versions/2010/items/6.EE.2c,ccss-math,6.EE.2c,ccss-math:6.EE.2c,2010,1,false,https://corestandards.org/mathematics-standards/
https://education.asfai.org/frameworks/ccss-math/versions/2010/items/6.EE.3,ccss-math,6.EE.3,ccss-math:6.EE.3,2010,2,false,https://corestandards.org/mathematics-standards/
https://education.asfai.org/frameworks/ccss-math/versions/2010/items/6.EE.4,ccss-math,6.EE.4,ccss-math:6.EE.4,2010,1,false,https://corestandards.org/mathematics-standards/
https://education.asfai.org/frameworks/ccss-math/versions/2010/items/6.EE.5,ccss-math,6.EE.5,ccss-math:6.EE.5,2010,1,false,https://corestandards.org/mathematics-standards/
https://education.asfai.org/frameworks/ccss-math/versions/2010/items/6.EE.6,ccss-math,6.EE.6,ccss-math:6.EE.6,2010,1,false,https://corestandards.org/mathematics-standards/
https://education.asfai.org/frameworks/ccss-math/versions/2010/items/6.EE.7,ccss-math,6.EE.7,ccss-math:6.EE.7,2010,1,false,https://corestandards.org/mathematics-standards/
https://education.asfai.org/frameworks/ccss-math/versions/2010/items/6.EE.8,ccss-math,6.EE.8,ccss-math:6.EE.8,2010,1,false,https://corestandards.org/mathematics-standards/
https://education.asfai.org/frameworks/ccss-math/versions/2010/items/6.EE.9,ccss-math,6.EE.9,ccss-math:6.EE.9,2010,1,false,https://corestandards.org/mathematics-standards/
https://education.asfai.org/frameworks/ccss-math/versions/2010/items/6.G.1,ccss-math,6.G.1,ccss-math:6.G.1,2010,0,false,https://corestandards.org/mathematics-standards/
https://education.asfai.org/frameworks/ccss-math/versions/2010/items/6.G.2,ccss-math,6.G.2,ccss-math:6.G.2,2010,0,false,https://corestandards.org/mathematics-standards/
https://education.asfai.org/frameworks/ccss-math/versions/2010/items/6.G.3,ccss-math,6.G.3,ccss-math:6.G.3,2010,0,false,https://corestandards.org/mathematics-standards/
https://education.asfai.org/frameworks/ccss-math/versions/2010/items/6.G.4,ccss-math,6.G.4,ccss-math:6.G.4,2010,0,false,https://corestandards.org/mathematics-standards/
https://education.asfai.org/frameworks/ccss-math/versions/2010/items/6.NS.1,ccss-math,6.NS.1,ccss-math:6.NS.1,2010,2,false,https://corestandards.org/mathematics-standards/
https://education.asfai.org/frameworks/ccss-math/versions/2010/items/6.NS.2,ccss-math,6.NS.2,ccss-math:6.NS.2,2010,0,false,https://corestandards.org/mathematics-standards/
https://education.asfai.org/frameworks/ccss-math/versions/2010/items/6.NS.3,ccss-math,6.NS.3,ccss-math:6.NS.3,2010,1,false,https://corestandards.org/mathematics-standards/
https://education.asfai.org/frameworks/ccss-math/versions/2010/items/6.NS.4,ccss-math,6.NS.4,ccss-math:6.NS.4,2010,1,false,https://corestandards.org/mathematics-standards/
https://education.asfai.org/frameworks/ccss-math/versions/2010/items/6.NS.5,ccss-math,6.NS.5,ccss-math:6.NS.5,2010,1,false,https://corestandards.org/mathematics-standards/
https://education.asfai.org/frameworks/ccss-math/versions/2010/items/6.NS.6,ccss-math,6.NS.6,ccss-math:6.NS.6,2010,1,false,https://corestandards.org/mathematics-standards/
https://education.asfai.org/frameworks/ccss-math/versions/2010/items/6.NS.6a,ccss-math,6.NS.6a,ccss-math:6.NS.6a,2010,1,false,https://corestandards.org/mathematics-standards/
https://education.asfai.org/frameworks/ccss-math/versions/2010/items/6.NS.6b,ccss-math,6.NS.6b,ccss-math:6.NS.6b,2010,0,false,https://corestandards.org/mathematics-standards/
https://education.asfai.org/frameworks/ccss-math/versions/2010/items/6.NS.6c,ccss-math,6.NS.6c,ccss-math:6.NS.6c,2010,1,false,https://corestandards.org/mathematics-standards/
https://education.asfai.org/frameworks/ccss-math/versions/2010/items/6.NS.7,ccss-math,6.NS.7,ccss-math:6.NS.7,2010,1,false,https://corestandards.org/mathematics-standards/
https://education.asfai.org/frameworks/ccss-math/versions/2010/items/6.NS.7a,ccss-math,6.NS.7a,ccss-math:6.NS.7a,2010,1,false,https://corestandards.org/mathematics-standards/
https://education.asfai.org/frameworks/ccss-math/versions/2010/items/6.NS.7b,ccss-math,6.NS.7b,ccss-math:6.NS.7b,2010,1,false,https://corestandards.org/mathematics-standards/
https://education.asfai.org/frameworks/ccss-math/versions/2010/items/6.NS.7c,ccss-math,6.NS.7c,ccss-math:6.NS.7c,2010,1,false,https://corestandards.org/mathematics-standards/
https://education.asfai.org/frameworks/ccss-math/versions/2010/items/6.NS.7d,ccss-math,6.NS.7d,ccss-math:6.NS.7d,2010,1,false,https://corestandards.org/mathematics-standards/
https://education.asfai.org/frameworks/ccss-math/versions/2010/items/6.NS.8,ccss-math,6.NS.8,ccss-math:6.NS.8,2010,0,false,https://corestandards.org/mathematics-standards/
https://education.asfai.org/frameworks/ccss-math/versions/2010/items/6.RP.1,ccss-math,6.RP.1,ccss-math:6.RP.1,2010,2,false,https://corestandards.org/mathematics-standards/
https://education.asfai.org/frameworks/ccss-math/versions/2010/items/6.RP.2,ccss-math,6.RP.2,ccss-math:6.RP.2,2010,0,false,https://corestandards.org/mathematics-standards/
https://education.asfai.org/frameworks/ccss-math/versions/2010/items/6.RP.3,ccss-math,6.RP.3,ccss-math:6.RP.3,2010,1,false,https://corestandards.org/mathematics-standards/
https://education.asfai.org/frameworks/ccss-math/versions/2010/items/6.RP.3a,ccss-math,6.RP.3a,ccss-math:6.RP.3a,2010,0,false,https://corestandards.org/mathematics-standards/
https://education.asfai.org/frameworks/ccss-math/versions/2010/items/6.RP.3b,ccss-math,6.RP.3b,ccss-math:6.RP.3b,2010,1,false,https://corestandards.org/mathematics-standards/
https://education.asfai.org/frameworks/ccss-math/versions/2010/items/6.RP.3c,ccss-math,6.RP.3c,ccss-math:6.RP.3c,2010,1,false,https://corestandards.org/mathematics-standards/
https://education.asfai.org/frameworks/ccss-math/versions/2010/items/6.RP.3d,ccss-math,6.RP.3d,ccss-math:6.RP.3d,2010,1,false,https://corestandards.org/mathematics-standards/
https://education.asfai.org/frameworks/ccss-math/versions/2010/items/6.SP.1,ccss-math,6.SP.1,ccss-math:6.SP.1,2010,0,false,https://corestandards.org/mathematics-standards/
https://education.asfai.org/frameworks/ccss-math/versions/2010/items/6.SP.2,ccss-math,6.SP.2,ccss-math:6.SP.2,2010,0,false,https://corestandards.org/mathematics-standards/
https://education.asfai.org/frameworks/ccss-math/versions/2010/items/6.SP.3,ccss-math,6.SP.3,ccss-math:6.SP.3,2010,0,false,https://corestandards.org/mathematics-standards/
https://education.asfai.org/frameworks/ccss-math/versions/2010/items/6.SP.4,ccss-math,6.SP.4,ccss-math:6.SP.4,2010,0,false,https://corestandards.org/mathematics-standards/
https://education.asfai.org/frameworks/ccss-math/versions/2010/items/6.SP.5,ccss-math,6.SP.5,ccss-math:6.SP.5,2010,0,false,https://corestandards.org/mathematics-standards/
https://education.asfai.org/frameworks/ccss-math/versions/2010/items/6.SP.5a,ccss-math,6.SP.5a,ccss-math:6.SP.5a,2010,0,false,https://corestandards.org/mathematics-standards/
https://education.asfai.org/frameworks/ccss-math/versions/2010/items/6.SP.5b,ccss-math,6.SP.5b,ccss-math:6.SP.5b,2010,0,false,https://corestandards.org/mathematics-standards/
https://education.asfai.org/frameworks/ccss-math/versions/2010/items/6.SP.5c,ccss-math,6.SP.5c,ccss-math:6.SP.5c,2010,0,false,https://corestandards.org/mathematics-standards/
https://education.asfai.org/frameworks/ccss-math/versions/2010/items/6.SP.5d,ccss-math,6.SP.5d,ccss-math:6.SP.5d,2010,0,false,https://corestandards.org/mathematics-standards/
https://education.asfai.org/frameworks/ccss-math/versions/2010/items/7.EE.1,ccss-math,7.EE.1,ccss-math:7.EE.1,2010,2,false,https://corestandards.org/mathematics-standards/
https://education.asfai.org/frameworks/ccss-math/versions/2010/items/7.EE.2,ccss-math,7.EE.2,ccss-math:7.EE.2,2010,0,false,https://corestandards.org/mathematics-standards/
https://education.asfai.org/frameworks/ccss-math/versions/2010/items/7.EE.3,ccss-math,7.EE.3,ccss-math:7.EE.3,2010,0,false,https://corestandards.org/mathematics-standards/
https://education.asfai.org/frameworks/ccss-math/versions/2010/items/7.EE.4,ccss-math,7.EE.4,ccss-math:7.EE.4,2010,1,false,https://corestandards.org/mathematics-standards/
https://education.asfai.org/frameworks/ccss-math/versions/2010/items/7.EE.4a,ccss-math,7.EE.4a,ccss-math:7.EE.4a,2010,1,false,https://corestandards.org/mathematics-standards/
https://education.asfai.org/frameworks/ccss-math/versions/2010/items/7.EE.4b,ccss-math,7.EE.4b,ccss-math:7.EE.4b,2010,1,false,https://corestandards.org/mathematics-standards/
https://education.asfai.org/frameworks/ccss-math/versions/2010/items/7.G.1,ccss-math,7.G.1,ccss-math:7.G.1,2010,0,false,https://corestandards.org/mathematics-standards/
https://education.asfai.org/frameworks/ccss-math/versions/2010/items/7.G.2,ccss-math,7.G.2,ccss-math:7.G.2,2010,4,false,https://corestandards.org/mathematics-standards/
https://education.asfai.org/frameworks/ccss-math/versions/2010/items/7.G.3,ccss-math,7.G.3,ccss-math:7.G.3,2010,1,false,https://corestandards.org/mathematics-standards/
https://education.asfai.org/frameworks/ccss-math/versions/2010/items/7.G.4,ccss-math,7.G.4,ccss-math:7.G.4,2010,1,false,https://corestandards.org/mathematics-standards/
https://education.asfai.org/frameworks/ccss-math/versions/2010/items/7.G.5,ccss-math,7.G.5,ccss-math:7.G.5,2010,1,false,https://corestandards.org/mathematics-standards/
https://education.asfai.org/frameworks/ccss-math/versions/2010/items/7.G.6,ccss-math,7.G.6,ccss-math:7.G.6,2010,1,false,https://corestandards.org/mathematics-standards/
https://education.asfai.org/frameworks/ccss-math/versions/2010/items/7.NS.1,ccss-math,7.NS.1,ccss-math:7.NS.1,2010,1,false,https://corestandards.org/mathematics-standards/
https://education.asfai.org/frameworks/ccss-math/versions/2010/items/7.NS.1a,ccss-math,7.NS.1a,ccss-math:7.NS.1a,2010,1,false,https://corestandards.org/mathematics-standards/
https://education.asfai.org/frameworks/ccss-math/versions/2010/items/7.NS.1b,ccss-math,7.NS.1b,ccss-math:7.NS.1b,2010,1,false,https://corestandards.org/mathematics-standards/
https://education.asfai.org/frameworks/ccss-math/versions/2010/items/7.NS.1c,ccss-math,7.NS.1c,ccss-math:7.NS.1c,2010,1,false,https://corestandards.org/mathematics-standards/
https://education.asfai.org/frameworks/ccss-math/versions/2010/items/7.NS.1d,ccss-math,7.NS.1d,ccss-math:7.NS.1d,2010,1,false,https://corestandards.org/mathematics-standards/
https://education.asfai.org/frameworks/ccss-math/versions/2010/items/7.NS.2,ccss-math,7.NS.2,ccss-math:7.NS.2,2010,1,false,https://corestandards.org/mathematics-standards/
https://education.asfai.org/frameworks/ccss-math/versions/2010/items/7.NS.2a,ccss-math,7.NS.2a,ccss-math:7.NS.2a,2010,1,false,https://corestandards.org/mathematics-standards/
https://education.asfai.org/frameworks/ccss-math/versions/2010/items/7.NS.2b,ccss-math,7.NS.2b,ccss-math:7.NS.2b,2010,1,false,https://corestandards.org/mathematics-standards/
https://education.asfai.org/frameworks/ccss-math/versions/2010/items/7.NS.2c,ccss-math,7.NS.2c,ccss-math:7.NS.2c,2010,1,false,https://corestandards.org/mathematics-standards/
https://education.asfai.org/frameworks/ccss-math/versions/2010/items/7.NS.2d,ccss-math,7.NS.2d,ccss-math:7.NS.2d,2010,1,false,https://corestandards.org/mathematics-standards/
https://education.asfai.org/frameworks/ccss-math/versions/2010/items/7.NS.3,ccss-math,7.NS.3,ccss-math:7.NS.3,2010,1,false,https://corestandards.org/mathematics-standards/
https://education.asfai.org/frameworks/ccss-math/versions/2010/items/7.RP.1,ccss-math,7.RP.1,ccss-math:7.RP.1,2010,1,false,https://corestandards.org/mathematics-standards/
https://education.asfai.org/frameworks/ccss-math/versions/2010/items/7.RP.2,ccss-math,7.RP.2,ccss-math:7.RP.2,2010,2,false,https://corestandards.org/mathematics-standards/
https://education.asfai.org/frameworks/ccss-math/versions/2010/items/7.RP.2a,ccss-math,7.RP.2a,ccss-math:7.RP.2a,2010,1,false,https://corestandards.org/mathematics-standards/
https://education.asfai.org/frameworks/ccss-math/versions/2010/items/7.RP.2b,ccss-math,7.RP.2b,ccss-math:7.RP.2b,2010,1,false,https://corestandards.org/mathematics-standards/
https://education.asfai.org/frameworks/ccss-math/versions/2010/items/7.RP.2c,ccss-math,7.RP.2c,ccss-math:7.RP.2c,2010,1,false,https://corestandards.org/mathematics-standards/
https://education.asfai.org/frameworks/ccss-math/versions/2010/items/7.RP.2d,ccss-math,7.RP.2d,ccss-math:7.RP.2d,2010,1,false,https://corestandards.org/mathematics-standards/
https://education.asfai.org/frameworks/ccss-math/versions/2010/items/7.RP.3,ccss-math,7.RP.3,ccss-math:7.RP.3,2010,1,false,https://corestandards.org/mathematics-standards/
https://education.asfai.org/frameworks/ccss-math/versions/2010/items/7.SP.1,ccss-math,7.SP.1,ccss-math:7.SP.1,2010,1,false,https://corestandards.org/mathematics-standards/
https://education.asfai.org/frameworks/ccss-math/versions/2010/items/7.SP.2,ccss-math,7.SP.2,ccss-math:7.SP.2,2010,1,false,https://corestandards.org/mathematics-standards/
https://education.asfai.org/frameworks/ccss-math/versions/2010/items/7.SP.3,ccss-math,7.SP.3,ccss-math:7.SP.3,2010,1,false,https://corestandards.org/mathematics-standards/
https://education.asfai.org/frameworks/ccss-math/versions/2010/items/7.SP.4,ccss-math,7.SP.4,ccss-math:7.SP.4,2010,1,false,https://corestandards.org/mathematics-standards/
https://education.asfai.org/frameworks/ccss-math/versions/2010/items/7.SP.5,ccss-math,7.SP.5,ccss-math:7.SP.5,2010,2,false,https://corestandards.org/mathematics-standards/
https://education.asfai.org/frameworks/ccss-math/versions/2010/items/7.SP.6,ccss-math,7.SP.6,ccss-math:7.SP.6,2010,1,false,https://corestandards.org/mathematics-standards/
https://education.asfai.org/frameworks/ccss-math/versions/2010/items/7.SP.7,ccss-math,7.SP.7,ccss-math:7.SP.7,2010,0,false,https://corestandards.org/mathematics-standards/
https://education.asfai.org/frameworks/ccss-math/versions/2010/items/7.SP.7a,ccss-math,7.SP.7a,ccss-math:7.SP.7a,2010,1,false,https://corestandards.org/mathematics-standards/
https://education.asfai.org/frameworks/ccss-math/versions/2010/items/7.SP.7b,ccss-math,7.SP.7b,ccss-math:7.SP.7b,2010,1,false,https://corestandards.org/mathematics-standards/
https://education.asfai.org/frameworks/ccss-math/versions/2010/items/7.SP.8,ccss-math,7.SP.8,ccss-math:7.SP.8,2010,1,false,https://corestandards.org/mathematics-standards/
https://education.asfai.org/frameworks/ccss-math/versions/2010/items/7.SP.8a,ccss-math,7.SP.8a,ccss-math:7.SP.8a,2010,1,false,https://corestandards.org/mathematics-standards/
https://education.asfai.org/frameworks/ccss-math/versions/2010/items/7.SP.8b,ccss-math,7.SP.8b,ccss-math:7.SP.8b,2010,3,false,https://corestandards.org/mathematics-standards/
https://education.asfai.org/frameworks/ccss-math/versions/2010/items/7.SP.8c,ccss-math,7.SP.8c,ccss-math:7.SP.8c,2010,0,false,https://corestandards.org/mathematics-standards/
https://education.asfai.org/frameworks/ccss-math/versions/2010/items/8.EE.1,ccss-math,8.EE.1,ccss-math:8.EE.1,2010,0,false,https://corestandards.org/mathematics-standards/
https://education.asfai.org/frameworks/ccss-math/versions/2010/items/8.EE.2,ccss-math,8.EE.2,ccss-math:8.EE.2,2010,1,false,https://corestandards.org/mathematics-standards/
https://education.asfai.org/frameworks/ccss-math/versions/2010/items/8.EE.3,ccss-math,8.EE.3,ccss-math:8.EE.3,2010,1,false,https://corestandards.org/mathematics-standards/
https://education.asfai.org/frameworks/ccss-math/versions/2010/items/8.EE.4,ccss-math,8.EE.4,ccss-math:8.EE.4,2010,1,false,https://corestandards.org/mathematics-standards/
https://education.asfai.org/frameworks/ccss-math/versions/2010/items/8.EE.5,ccss-math,8.EE.5,ccss-math:8.EE.5,2010,1,false,https://corestandards.org/mathematics-standards/
https://education.asfai.org/frameworks/ccss-math/versions/2010/items/8.EE.6,ccss-math,8.EE.6,ccss-math:8.EE.6,2010,1,false,https://corestandards.org/mathematics-standards/
https://education.asfai.org/frameworks/ccss-math/versions/2010/items/8.EE.7a,ccss-math,8.EE.7a,ccss-math:8.EE.7a,2010,1,false,https://corestandards.org/mathematics-standards/
https://education.asfai.org/frameworks/ccss-math/versions/2010/items/8.EE.7b,ccss-math,8.EE.7b,ccss-math:8.EE.7b,2010,1,false,https://corestandards.org/mathematics-standards/
https://education.asfai.org/frameworks/ccss-math/versions/2010/items/8.EE.8a,ccss-math,8.EE.8a,ccss-math:8.EE.8a,2010,1,false,https://corestandards.org/mathematics-standards/
https://education.asfai.org/frameworks/ccss-math/versions/2010/items/8.EE.8b,ccss-math,8.EE.8b,ccss-math:8.EE.8b,2010,1,false,https://corestandards.org/mathematics-standards/
https://education.asfai.org/frameworks/ccss-math/versions/2010/items/8.EE.8c,ccss-math,8.EE.8c,ccss-math:8.EE.8c,2010,0,false,https://corestandards.org/mathematics-standards/
https://education.asfai.org/frameworks/ccss-math/versions/2010/items/8.F.1,ccss-math,8.F.1,ccss-math:8.F.1,2010,2,false,https://corestandards.org/mathematics-standards/
https://education.asfai.org/frameworks/ccss-math/versions/2010/items/8.F.2,ccss-math,8.F.2,ccss-math:8.F.2,2010,0,false,https://corestandards.org/mathematics-standards/
https://education.asfai.org/frameworks/ccss-math/versions/2010/items/8.F.3,ccss-math,8.F.3,ccss-math:8.F.3,2010,2,false,https://corestandards.org/mathematics-standards/
https://education.asfai.org/frameworks/ccss-math/versions/2010/items/8.F.4,ccss-math,8.F.4,ccss-math:8.F.4,2010,2,false,https://corestandards.org/mathematics-standards/
https://education.asfai.org/frameworks/ccss-math/versions/2010/items/8.F.5,ccss-math,8.F.5,ccss-math:8.F.5,2010,2,false,https://corestandards.org/mathematics-standards/
https://education.asfai.org/frameworks/ccss-math/versions/2010/items/8.G.1a,ccss-math,8.G.1a,ccss-math:8.G.1a,2010,1,false,https://corestandards.org/mathematics-standards/
https://education.asfai.org/frameworks/ccss-math/versions/2010/items/8.G.1b,ccss-math,8.G.1b,ccss-math:8.G.1b,2010,1,false,https://corestandards.org/mathematics-standards/
https://education.asfai.org/frameworks/ccss-math/versions/2010/items/8.G.1c,ccss-math,8.G.1c,ccss-math:8.G.1c,2010,1,false,https://corestandards.org/mathematics-standards/
https://education.asfai.org/frameworks/ccss-math/versions/2010/items/8.G.2,ccss-math,8.G.2,ccss-math:8.G.2,2010,1,false,https://corestandards.org/mathematics-standards/
https://education.asfai.org/frameworks/ccss-math/versions/2010/items/8.G.3,ccss-math,8.G.3,ccss-math:8.G.3,2010,1,false,https://corestandards.org/mathematics-standards/
https://education.asfai.org/frameworks/ccss-math/versions/2010/items/8.G.4,ccss-math,8.G.4,ccss-math:8.G.4,2010,1,false,https://corestandards.org/mathematics-standards/
https://education.asfai.org/frameworks/ccss-math/versions/2010/items/8.G.5,ccss-math,8.G.5,ccss-math:8.G.5,2010,2,false,https://corestandards.org/mathematics-standards/
https://education.asfai.org/frameworks/ccss-math/versions/2010/items/8.G.6,ccss-math,8.G.6,ccss-math:8.G.6,2010,1,false,https://corestandards.org/mathematics-standards/
https://education.asfai.org/frameworks/ccss-math/versions/2010/items/8.G.7,ccss-math,8.G.7,ccss-math:8.G.7,2010,1,false,https://corestandards.org/mathematics-standards/
https://education.asfai.org/frameworks/ccss-math/versions/2010/items/8.G.8,ccss-math,8.G.8,ccss-math:8.G.8,2010,1,false,https://corestandards.org/mathematics-standards/
https://education.asfai.org/frameworks/ccss-math/versions/2010/items/8.G.9,ccss-math,8.G.9,ccss-math:8.G.9,2010,1,false,https://corestandards.org/mathematics-standards/
https://education.asfai.org/frameworks/ccss-math/versions/2010/items/8.NS.1,ccss-math,8.NS.1,ccss-math:8.NS.1,2010,1,false,https://corestandards.org/mathematics-standards/
https://education.asfai.org/frameworks/ccss-math/versions/2010/items/8.NS.2,ccss-math,8.NS.2,ccss-math:8.NS.2,2010,1,false,https://corestandards.org/mathematics-standards/
https://education.asfai.org/frameworks/ccss-math/versions/2010/items/8.SP.1,ccss-math,8.SP.1,ccss-math:8.SP.1,2010,2,false,https://corestandards.org/mathematics-standards/
https://education.asfai.org/frameworks/ccss-math/versions/2010/items/8.SP.2,ccss-math,8.SP.2,ccss-math:8.SP.2,2010,2,false,https://corestandards.org/mathematics-standards/
https://education.asfai.org/frameworks/ccss-math/versions/2010/items/8.SP.3,ccss-math,8.SP.3,ccss-math:8.SP.3,2010,1,false,https://corestandards.org/mathematics-standards/
https://education.asfai.org/frameworks/ccss-math/versions/2010/items/8.SP.4,ccss-math,8.SP.4,ccss-math:8.SP.4,2010,0,false,https://corestandards.org/mathematics-standards/
https://education.asfai.org/frameworks/ccss-math/versions/2010/items/A-APR.1,ccss-math,A-APR.1,ccss-math:A-APR.1,2010,0,false,https://corestandards.org/mathematics-standards/
https://education.asfai.org/frameworks/ccss-math/versions/2010/items/A-APR.2,ccss-math,A-APR.2,ccss-math:A-APR.2,2010,0,false,https://corestandards.org/mathematics-standards/
https://education.asfai.org/frameworks/ccss-math/versions/2010/items/A-APR.3,ccss-math,A-APR.3,ccss-math:A-APR.3,2010,0,false,https://corestandards.org/mathematics-standards/
https://education.asfai.org/frameworks/ccss-math/versions/2010/items/A-APR.4,ccss-math,A-APR.4,ccss-math:A-APR.4,2010,0,false,https://corestandards.org/mathematics-standards/
https://education.asfai.org/frameworks/ccss-math/versions/2010/items/A-APR.5,ccss-math,A-APR.5,ccss-math:A-APR.5,2010,0,false,https://corestandards.org/mathematics-standards/
https://education.asfai.org/frameworks/ccss-math/versions/2010/items/A-APR.6,ccss-math,A-APR.6,ccss-math:A-APR.6,2010,0,false,https://corestandards.org/mathematics-standards/
https://education.asfai.org/frameworks/ccss-math/versions/2010/items/A-APR.7,ccss-math,A-APR.7,ccss-math:A-APR.7,2010,0,false,https://corestandards.org/mathematics-standards/
https://education.asfai.org/frameworks/ccss-math/versions/2010/items/A-CED.1,ccss-math,A-CED.1,ccss-math:A-CED.1,2010,0,false,https://corestandards.org/mathematics-standards/
https://education.asfai.org/frameworks/ccss-math/versions/2010/items/A-CED.2,ccss-math,A-CED.2,ccss-math:A-CED.2,2010,0,false,https://corestandards.org/mathematics-standards/
https://education.asfai.org/frameworks/ccss-math/versions/2010/items/A-CED.3,ccss-math,A-CED.3,ccss-math:A-CED.3,2010,0,false,https://corestandards.org/mathematics-standards/
https://education.asfai.org/frameworks/ccss-math/versions/2010/items/A-CED.4,ccss-math,A-CED.4,ccss-math:A-CED.4,2010,0,false,https://corestandards.org/mathematics-standards/
https://education.asfai.org/frameworks/ccss-math/versions/2010/items/A-REI.1,ccss-math,A-REI.1,ccss-math:A-REI.1,2010,0,false,https://corestandards.org/mathematics-standards/
https://education.asfai.org/frameworks/ccss-math/versions/2010/items/A-REI.10,ccss-math,A-REI.10,ccss-math:A-REI.10,2010,0,false,https://corestandards.org/mathematics-standards/
https://education.asfai.org/frameworks/ccss-math/versions/2010/items/A-REI.11,ccss-math,A-REI.11,ccss-math:A-REI.11,2010,0,false,https://corestandards.org/mathematics-standards/
https://education.asfai.org/frameworks/ccss-math/versions/2010/items/A-REI.12,ccss-math,A-REI.12,ccss-math:A-REI.12,2010,0,false,https://corestandards.org/mathematics-standards/
https://education.asfai.org/frameworks/ccss-math/versions/2010/items/A-REI.2,ccss-math,A-REI.2,ccss-math:A-REI.2,2010,0,false,https://corestandards.org/mathematics-standards/
https://education.asfai.org/frameworks/ccss-math/versions/2010/items/A-REI.3,ccss-math,A-REI.3,ccss-math:A-REI.3,2010,0,false,https://corestandards.org/mathematics-standards/
https://education.asfai.org/frameworks/ccss-math/versions/2010/items/A-REI.4,ccss-math,A-REI.4,ccss-math:A-REI.4,2010,0,false,https://corestandards.org/mathematics-standards/
https://education.asfai.org/frameworks/ccss-math/versions/2010/items/A-REI.4.a,ccss-math,A-REI.4.a,ccss-math:A-REI.4.a,2010,0,false,https://corestandards.org/mathematics-standards/
https://education.asfai.org/frameworks/ccss-math/versions/2010/items/A-REI.4.b,ccss-math,A-REI.4.b,ccss-math:A-REI.4.b,2010,0,false,https://corestandards.org/mathematics-standards/
https://education.asfai.org/frameworks/ccss-math/versions/2010/items/A-REI.5,ccss-math,A-REI.5,ccss-math:A-REI.5,2010,0,false,https://corestandards.org/mathematics-standards/
https://education.asfai.org/frameworks/ccss-math/versions/2010/items/A-REI.6,ccss-math,A-REI.6,ccss-math:A-REI.6,2010,0,false,https://corestandards.org/mathematics-standards/
https://education.asfai.org/frameworks/ccss-math/versions/2010/items/A-REI.7,ccss-math,A-REI.7,ccss-math:A-REI.7,2010,0,false,https://corestandards.org/mathematics-standards/
https://education.asfai.org/frameworks/ccss-math/versions/2010/items/A-REI.8,ccss-math,A-REI.8,ccss-math:A-REI.8,2010,0,false,https://corestandards.org/mathematics-standards/
https://education.asfai.org/frameworks/ccss-math/versions/2010/items/A-REI.9,ccss-math,A-REI.9,ccss-math:A-REI.9,2010,0,false,https://corestandards.org/mathematics-standards/
https://education.asfai.org/frameworks/ccss-math/versions/2010/items/A-SSE.1,ccss-math,A-SSE.1,ccss-math:A-SSE.1,2010,0,false,https://corestandards.org/mathematics-standards/
https://education.asfai.org/frameworks/ccss-math/versions/2010/items/A-SSE.1.a,ccss-math,A-SSE.1.a,ccss-math:A-SSE.1.a,2010,0,false,https://corestandards.org/mathematics-standards/
https://education.asfai.org/frameworks/ccss-math/versions/2010/items/A-SSE.1.b,ccss-math,A-SSE.1.b,ccss-math:A-SSE.1.b,2010,0,false,https://corestandards.org/mathematics-standards/
https://education.asfai.org/frameworks/ccss-math/versions/2010/items/A-SSE.2,ccss-math,A-SSE.2,ccss-math:A-SSE.2,2010,0,false,https://corestandards.org/mathematics-standards/
https://education.asfai.org/frameworks/ccss-math/versions/2010/items/A-SSE.3,ccss-math,A-SSE.3,ccss-math:A-SSE.3,2010,0,false,https://corestandards.org/mathematics-standards/
https://education.asfai.org/frameworks/ccss-math/versions/2010/items/A-SSE.3.a,ccss-math,A-SSE.3.a,ccss-math:A-SSE.3.a,2010,0,false,https://corestandards.org/mathematics-standards/
https://education.asfai.org/frameworks/ccss-math/versions/2010/items/A-SSE.3.b,ccss-math,A-SSE.3.b,ccss-math:A-SSE.3.b,2010,0,false,https://corestandards.org/mathematics-standards/
https://education.asfai.org/frameworks/ccss-math/versions/2010/items/A-SSE.3.c,ccss-math,A-SSE.3.c,ccss-math:A-SSE.3.c,2010,0,false,https://corestandards.org/mathematics-standards/
https://education.asfai.org/frameworks/ccss-math/versions/2010/items/A-SSE.4,ccss-math,A-SSE.4,ccss-math:A-SSE.4,2010,0,false,https://corestandards.org/mathematics-standards/
https://education.asfai.org/frameworks/ccss-math/versions/2010/items/F-BF.1a,ccss-math,F-BF.1a,ccss-math:F-BF.1a,2010,0,false,https://corestandards.org/mathematics-standards/
https://education.asfai.org/frameworks/ccss-math/versions/2010/items/F-BF.1b,ccss-math,F-BF.1b,ccss-math:F-BF.1b,2010,0,false,https://corestandards.org/mathematics-standards/
https://education.asfai.org/frameworks/ccss-math/versions/2010/items/F-BF.1c,ccss-math,F-BF.1c,ccss-math:F-BF.1c,2010,0,false,https://corestandards.org/mathematics-standards/
https://education.asfai.org/frameworks/ccss-math/versions/2010/items/F-BF.2,ccss-math,F-BF.2,ccss-math:F-BF.2,2010,0,false,https://corestandards.org/mathematics-standards/
https://education.asfai.org/frameworks/ccss-math/versions/2010/items/F-BF.3,ccss-math,F-BF.3,ccss-math:F-BF.3,2010,0,false,https://corestandards.org/mathematics-standards/
https://education.asfai.org/frameworks/ccss-math/versions/2010/items/F-BF.4a,ccss-math,F-BF.4a,ccss-math:F-BF.4a,2010,0,false,https://corestandards.org/mathematics-standards/
https://education.asfai.org/frameworks/ccss-math/versions/2010/items/F-BF.4b,ccss-math,F-BF.4b,ccss-math:F-BF.4b,2010,0,false,https://corestandards.org/mathematics-standards/
https://education.asfai.org/frameworks/ccss-math/versions/2010/items/F-BF.4c,ccss-math,F-BF.4c,ccss-math:F-BF.4c,2010,0,false,https://corestandards.org/mathematics-standards/
https://education.asfai.org/frameworks/ccss-math/versions/2010/items/F-BF.4d,ccss-math,F-BF.4d,ccss-math:F-BF.4d,2010,0,false,https://corestandards.org/mathematics-standards/
https://education.asfai.org/frameworks/ccss-math/versions/2010/items/F-BF.5,ccss-math,F-BF.5,ccss-math:F-BF.5,2010,0,false,https://corestandards.org/mathematics-standards/
https://education.asfai.org/frameworks/ccss-math/versions/2010/items/F-IF.1,ccss-math,F-IF.1,ccss-math:F-IF.1,2010,0,false,https://corestandards.org/mathematics-standards/
https://education.asfai.org/frameworks/ccss-math/versions/2010/items/F-IF.2,ccss-math,F-IF.2,ccss-math:F-IF.2,2010,0,false,https://corestandards.org/mathematics-standards/
https://education.asfai.org/frameworks/ccss-math/versions/2010/items/F-IF.3,ccss-math,F-IF.3,ccss-math:F-IF.3,2010,0,false,https://corestandards.org/mathematics-standards/
https://education.asfai.org/frameworks/ccss-math/versions/2010/items/F-IF.4,ccss-math,F-IF.4,ccss-math:F-IF.4,2010,0,false,https://corestandards.org/mathematics-standards/
https://education.asfai.org/frameworks/ccss-math/versions/2010/items/F-IF.5,ccss-math,F-IF.5,ccss-math:F-IF.5,2010,0,false,https://corestandards.org/mathematics-standards/
https://education.asfai.org/frameworks/ccss-math/versions/2010/items/F-IF.6,ccss-math,F-IF.6,ccss-math:F-IF.6,2010,0,false,https://corestandards.org/mathematics-standards/
https://education.asfai.org/frameworks/ccss-math/versions/2010/items/F-IF.7a,ccss-math,F-IF.7a,ccss-math:F-IF.7a,2010,0,false,https://corestandards.org/mathematics-standards/
https://education.asfai.org/frameworks/ccss-math/versions/2010/items/F-IF.7b,ccss-math,F-IF.7b,ccss-math:F-IF.7b,2010,0,false,https://corestandards.org/mathematics-standards/
https://education.asfai.org/frameworks/ccss-math/versions/2010/items/F-IF.7c,ccss-math,F-IF.7c,ccss-math:F-IF.7c,2010,0,false,https://corestandards.org/mathematics-standards/
https://education.asfai.org/frameworks/ccss-math/versions/2010/items/F-IF.7d,ccss-math,F-IF.7d,ccss-math:F-IF.7d,2010,0,false,https://corestandards.org/mathematics-standards/
https://education.asfai.org/frameworks/ccss-math/versions/2010/items/F-IF.7e,ccss-math,F-IF.7e,ccss-math:F-IF.7e,2010,0,false,https://corestandards.org/mathematics-standards/
https://education.asfai.org/frameworks/ccss-math/versions/2010/items/F-IF.8a,ccss-math,F-IF.8a,ccss-math:F-IF.8a,2010,0,false,https://corestandards.org/mathematics-standards/
https://education.asfai.org/frameworks/ccss-math/versions/2010/items/F-IF.8b,ccss-math,F-IF.8b,ccss-math:F-IF.8b,2010,0,false,https://corestandards.org/mathematics-standards/
https://education.asfai.org/frameworks/ccss-math/versions/2010/items/F-IF.9,ccss-math,F-IF.9,ccss-math:F-IF.9,2010,0,false,https://corestandards.org/mathematics-standards/
https://education.asfai.org/frameworks/ccss-math/versions/2010/items/F-LE.1a,ccss-math,F-LE.1a,ccss-math:F-LE.1a,2010,0,false,https://corestandards.org/mathematics-standards/
https://education.asfai.org/frameworks/ccss-math/versions/2010/items/F-LE.1b,ccss-math,F-LE.1b,ccss-math:F-LE.1b,2010,0,false,https://corestandards.org/mathematics-standards/
https://education.asfai.org/frameworks/ccss-math/versions/2010/items/F-LE.1c,ccss-math,F-LE.1c,ccss-math:F-LE.1c,2010,0,false,https://corestandards.org/mathematics-standards/
https://education.asfai.org/frameworks/ccss-math/versions/2010/items/F-LE.2,ccss-math,F-LE.2,ccss-math:F-LE.2,2010,0,false,https://corestandards.org/mathematics-standards/
https://education.asfai.org/frameworks/ccss-math/versions/2010/items/F-LE.3,ccss-math,F-LE.3,ccss-math:F-LE.3,2010,0,false,https://corestandards.org/mathematics-standards/
https://education.asfai.org/frameworks/ccss-math/versions/2010/items/F-LE.4,ccss-math,F-LE.4,ccss-math:F-LE.4,2010,0,false,https://corestandards.org/mathematics-standards/
https://education.asfai.org/frameworks/ccss-math/versions/2010/items/F-LE.5,ccss-math,F-LE.5,ccss-math:F-LE.5,2010,0,false,https://corestandards.org/mathematics-standards/
https://education.asfai.org/frameworks/ccss-math/versions/2010/items/F-TF.1,ccss-math,F-TF.1,ccss-math:F-TF.1,2010,0,false,https://corestandards.org/mathematics-standards/
https://education.asfai.org/frameworks/ccss-math/versions/2010/items/F-TF.2,ccss-math,F-TF.2,ccss-math:F-TF.2,2010,0,false,https://corestandards.org/mathematics-standards/
https://education.asfai.org/frameworks/ccss-math/versions/2010/items/F-TF.3,ccss-math,F-TF.3,ccss-math:F-TF.3,2010,0,false,https://corestandards.org/mathematics-standards/
https://education.asfai.org/frameworks/ccss-math/versions/2010/items/F-TF.4,ccss-math,F-TF.4,ccss-math:F-TF.4,2010,0,false,https://corestandards.org/mathematics-standards/
https://education.asfai.org/frameworks/ccss-math/versions/2010/items/F-TF.5,ccss-math,F-TF.5,ccss-math:F-TF.5,2010,0,false,https://corestandards.org/mathematics-standards/
https://education.asfai.org/frameworks/ccss-math/versions/2010/items/F-TF.6,ccss-math,F-TF.6,ccss-math:F-TF.6,2010,0,false,https://corestandards.org/mathematics-standards/
https://education.asfai.org/frameworks/ccss-math/versions/2010/items/F-TF.7,ccss-math,F-TF.7,ccss-math:F-TF.7,2010,0,false,https://corestandards.org/mathematics-standards/
https://education.asfai.org/frameworks/ccss-math/versions/2010/items/F-TF.8,ccss-math,F-TF.8,ccss-math:F-TF.8,2010,0,false,https://corestandards.org/mathematics-standards/
https://education.asfai.org/frameworks/ccss-math/versions/2010/items/F-TF.9,ccss-math,F-TF.9,ccss-math:F-TF.9,2010,0,false,https://corestandards.org/mathematics-standards/
https://education.asfai.org/frameworks/ccss-math/versions/2010/items/HSG-C.A.1,ccss-math,HSG-C.A.1,ccss-math:HSG-C.A.1,2010,0,false,https://corestandards.org/mathematics-standards/
https://education.asfai.org/frameworks/ccss-math/versions/2010/items/HSG-C.A.2,ccss-math,HSG-C.A.2,ccss-math:HSG-C.A.2,2010,0,false,https://corestandards.org/mathematics-standards/
https://education.asfai.org/frameworks/ccss-math/versions/2010/items/HSG-C.A.3,ccss-math,HSG-C.A.3,ccss-math:HSG-C.A.3,2010,0,false,https://corestandards.org/mathematics-standards/
https://education.asfai.org/frameworks/ccss-math/versions/2010/items/HSG-C.A.4,ccss-math,HSG-C.A.4,ccss-math:HSG-C.A.4,2010,0,false,https://corestandards.org/mathematics-standards/
https://education.asfai.org/frameworks/ccss-math/versions/2010/items/HSG-C.B.5,ccss-math,HSG-C.B.5,ccss-math:HSG-C.B.5,2010,0,false,https://corestandards.org/mathematics-standards/
https://education.asfai.org/frameworks/ccss-math/versions/2010/items/HSG-CO.A.1,ccss-math,HSG-CO.A.1,ccss-math:HSG-CO.A.1,2010,0,false,https://corestandards.org/mathematics-standards/
https://education.asfai.org/frameworks/ccss-math/versions/2010/items/HSG-CO.A.2,ccss-math,HSG-CO.A.2,ccss-math:HSG-CO.A.2,2010,0,false,https://corestandards.org/mathematics-standards/
https://education.asfai.org/frameworks/ccss-math/versions/2010/items/HSG-CO.A.3,ccss-math,HSG-CO.A.3,ccss-math:HSG-CO.A.3,2010,0,false,https://corestandards.org/mathematics-standards/
https://education.asfai.org/frameworks/ccss-math/versions/2010/items/HSG-CO.A.4,ccss-math,HSG-CO.A.4,ccss-math:HSG-CO.A.4,2010,0,false,https://corestandards.org/mathematics-standards/
https://education.asfai.org/frameworks/ccss-math/versions/2010/items/HSG-CO.A.5,ccss-math,HSG-CO.A.5,ccss-math:HSG-CO.A.5,2010,0,false,https://corestandards.org/mathematics-standards/
https://education.asfai.org/frameworks/ccss-math/versions/2010/items/HSG-CO.B.6,ccss-math,HSG-CO.B.6,ccss-math:HSG-CO.B.6,2010,0,false,https://corestandards.org/mathematics-standards/
https://education.asfai.org/frameworks/ccss-math/versions/2010/items/HSG-CO.B.7,ccss-math,HSG-CO.B.7,ccss-math:HSG-CO.B.7,2010,0,false,https://corestandards.org/mathematics-standards/
https://education.asfai.org/frameworks/ccss-math/versions/2010/items/HSG-CO.B.8,ccss-math,HSG-CO.B.8,ccss-math:HSG-CO.B.8,2010,0,false,https://corestandards.org/mathematics-standards/
https://education.asfai.org/frameworks/ccss-math/versions/2010/items/HSG-CO.C.10,ccss-math,HSG-CO.C.10,ccss-math:HSG-CO.C.10,2010,0,false,https://corestandards.org/mathematics-standards/
https://education.asfai.org/frameworks/ccss-math/versions/2010/items/HSG-CO.C.11,ccss-math,HSG-CO.C.11,ccss-math:HSG-CO.C.11,2010,0,false,https://corestandards.org/mathematics-standards/
https://education.asfai.org/frameworks/ccss-math/versions/2010/items/HSG-CO.C.9,ccss-math,HSG-CO.C.9,ccss-math:HSG-CO.C.9,2010,0,false,https://corestandards.org/mathematics-standards/
https://education.asfai.org/frameworks/ccss-math/versions/2010/items/HSG-CO.D.12,ccss-math,HSG-CO.D.12,ccss-math:HSG-CO.D.12,2010,0,false,https://corestandards.org/mathematics-standards/
https://education.asfai.org/frameworks/ccss-math/versions/2010/items/HSG-CO.D.13,ccss-math,HSG-CO.D.13,ccss-math:HSG-CO.D.13,2010,0,false,https://corestandards.org/mathematics-standards/
https://education.asfai.org/frameworks/ccss-math/versions/2010/items/HSG-GMD.A.1,ccss-math,HSG-GMD.A.1,ccss-math:HSG-GMD.A.1,2010,0,false,https://corestandards.org/mathematics-standards/
https://education.asfai.org/frameworks/ccss-math/versions/2010/items/HSG-GMD.A.2,ccss-math,HSG-GMD.A.2,ccss-math:HSG-GMD.A.2,2010,0,false,https://corestandards.org/mathematics-standards/
https://education.asfai.org/frameworks/ccss-math/versions/2010/items/HSG-GMD.A.3,ccss-math,HSG-GMD.A.3,ccss-math:HSG-GMD.A.3,2010,0,false,https://corestandards.org/mathematics-standards/
https://education.asfai.org/frameworks/ccss-math/versions/2010/items/HSG-GMD.B.4,ccss-math,HSG-GMD.B.4,ccss-math:HSG-GMD.B.4,2010,0,false,https://corestandards.org/mathematics-standards/
https://education.asfai.org/frameworks/ccss-math/versions/2010/items/HSG-GPE.A.1,ccss-math,HSG-GPE.A.1,ccss-math:HSG-GPE.A.1,2010,0,false,https://corestandards.org/mathematics-standards/
https://education.asfai.org/frameworks/ccss-math/versions/2010/items/HSG-GPE.A.2,ccss-math,HSG-GPE.A.2,ccss-math:HSG-GPE.A.2,2010,0,false,https://corestandards.org/mathematics-standards/
https://education.asfai.org/frameworks/ccss-math/versions/2010/items/HSG-GPE.A.3,ccss-math,HSG-GPE.A.3,ccss-math:HSG-GPE.A.3,2010,0,false,https://corestandards.org/mathematics-standards/
https://education.asfai.org/frameworks/ccss-math/versions/2010/items/HSG-GPE.B.4,ccss-math,HSG-GPE.B.4,ccss-math:HSG-GPE.B.4,2010,0,false,https://corestandards.org/mathematics-standards/
https://education.asfai.org/frameworks/ccss-math/versions/2010/items/HSG-GPE.B.5,ccss-math,HSG-GPE.B.5,ccss-math:HSG-GPE.B.5,2010,0,false,https://corestandards.org/mathematics-standards/
https://education.asfai.org/frameworks/ccss-math/versions/2010/items/HSG-GPE.B.6,ccss-math,HSG-GPE.B.6,ccss-math:HSG-GPE.B.6,2010,0,false,https://corestandards.org/mathematics-standards/
https://education.asfai.org/frameworks/ccss-math/versions/2010/items/HSG-GPE.B.7,ccss-math,HSG-GPE.B.7,ccss-math:HSG-GPE.B.7,2010,0,false,https://corestandards.org/mathematics-standards/
https://education.asfai.org/frameworks/ccss-math/versions/2010/items/HSG-MG.A.1,ccss-math,HSG-MG.A.1,ccss-math:HSG-MG.A.1,2010,0,false,https://corestandards.org/mathematics-standards/
https://education.asfai.org/frameworks/ccss-math/versions/2010/items/HSG-MG.A.2,ccss-math,HSG-MG.A.2,ccss-math:HSG-MG.A.2,2010,0,false,https://corestandards.org/mathematics-standards/
https://education.asfai.org/frameworks/ccss-math/versions/2010/items/HSG-MG.A.3,ccss-math,HSG-MG.A.3,ccss-math:HSG-MG.A.3,2010,0,false,https://corestandards.org/mathematics-standards/
https://education.asfai.org/frameworks/ccss-math/versions/2010/items/HSG-SRT.A.1,ccss-math,HSG-SRT.A.1,ccss-math:HSG-SRT.A.1,2010,0,false,https://corestandards.org/mathematics-standards/
https://education.asfai.org/frameworks/ccss-math/versions/2010/items/HSG-SRT.A.1.a,ccss-math,HSG-SRT.A.1.a,ccss-math:HSG-SRT.A.1.a,2010,0,false,https://corestandards.org/mathematics-standards/
https://education.asfai.org/frameworks/ccss-math/versions/2010/items/HSG-SRT.A.1.b,ccss-math,HSG-SRT.A.1.b,ccss-math:HSG-SRT.A.1.b,2010,0,false,https://corestandards.org/mathematics-standards/
https://education.asfai.org/frameworks/ccss-math/versions/2010/items/HSG-SRT.A.2,ccss-math,HSG-SRT.A.2,ccss-math:HSG-SRT.A.2,2010,0,false,https://corestandards.org/mathematics-standards/
https://education.asfai.org/frameworks/ccss-math/versions/2010/items/HSG-SRT.A.3,ccss-math,HSG-SRT.A.3,ccss-math:HSG-SRT.A.3,2010,0,false,https://corestandards.org/mathematics-standards/
https://education.asfai.org/frameworks/ccss-math/versions/2010/items/HSG-SRT.B.4,ccss-math,HSG-SRT.B.4,ccss-math:HSG-SRT.B.4,2010,0,false,https://corestandards.org/mathematics-standards/
https://education.asfai.org/frameworks/ccss-math/versions/2010/items/HSG-SRT.B.5,ccss-math,HSG-SRT.B.5,ccss-math:HSG-SRT.B.5,2010,0,false,https://corestandards.org/mathematics-standards/
https://education.asfai.org/frameworks/ccss-math/versions/2010/items/HSG-SRT.C.6,ccss-math,HSG-SRT.C.6,ccss-math:HSG-SRT.C.6,2010,0,false,https://corestandards.org/mathematics-standards/
https://education.asfai.org/frameworks/ccss-math/versions/2010/items/HSG-SRT.C.7,ccss-math,HSG-SRT.C.7,ccss-math:HSG-SRT.C.7,2010,0,false,https://corestandards.org/mathematics-standards/
https://education.asfai.org/frameworks/ccss-math/versions/2010/items/HSG-SRT.C.8,ccss-math,HSG-SRT.C.8,ccss-math:HSG-SRT.C.8,2010,0,false,https://corestandards.org/mathematics-standards/
https://education.asfai.org/frameworks/ccss-math/versions/2010/items/HSG-SRT.D.10,ccss-math,HSG-SRT.D.10,ccss-math:HSG-SRT.D.10,2010,0,false,https://corestandards.org/mathematics-standards/
https://education.asfai.org/frameworks/ccss-math/versions/2010/items/HSG-SRT.D.11,ccss-math,HSG-SRT.D.11,ccss-math:HSG-SRT.D.11,2010,0,false,https://corestandards.org/mathematics-standards/
https://education.asfai.org/frameworks/ccss-math/versions/2010/items/HSG-SRT.D.9,ccss-math,HSG-SRT.D.9,ccss-math:HSG-SRT.D.9,2010,0,false,https://corestandards.org/mathematics-standards/
https://education.asfai.org/frameworks/ccss-math/versions/2010/items/K.CC.1,ccss-math,K.CC.1,ccss-math:K.CC.1,2010,2,false,https://corestandards.org/mathematics-standards/
https://education.asfai.org/frameworks/ccss-math/versions/2010/items/K.CC.2,ccss-math,K.CC.2,ccss-math:K.CC.2,2010,1,false,https://corestandards.org/mathematics-standards/
https://education.asfai.org/frameworks/ccss-math/versions/2010/items/K.CC.3,ccss-math,K.CC.3,ccss-math:K.CC.3,2010,1,false,https://corestandards.org/mathematics-standards/
https://education.asfai.org/frameworks/ccss-math/versions/2010/items/K.CC.4,ccss-math,K.CC.4,ccss-math:K.CC.4,2010,2,false,https://corestandards.org/mathematics-standards/
https://education.asfai.org/frameworks/ccss-math/versions/2010/items/K.CC.4.a,ccss-math,K.CC.4.a,ccss-math:K.CC.4.a,2010,1,false,https://corestandards.org/mathematics-standards/
https://education.asfai.org/frameworks/ccss-math/versions/2010/items/K.CC.4.b,ccss-math,K.CC.4.b,ccss-math:K.CC.4.b,2010,1,false,https://corestandards.org/mathematics-standards/
https://education.asfai.org/frameworks/ccss-math/versions/2010/items/K.CC.4.c,ccss-math,K.CC.4.c,ccss-math:K.CC.4.c,2010,1,false,https://corestandards.org/mathematics-standards/
https://education.asfai.org/frameworks/ccss-math/versions/2010/items/K.CC.5,ccss-math,K.CC.5,ccss-math:K.CC.5,2010,1,false,https://corestandards.org/mathematics-standards/
https://education.asfai.org/frameworks/ccss-math/versions/2010/items/K.CC.6,ccss-math,K.CC.6,ccss-math:K.CC.6,2010,1,false,https://corestandards.org/mathematics-standards/
https://education.asfai.org/frameworks/ccss-math/versions/2010/items/K.CC.7,ccss-math,K.CC.7,ccss-math:K.CC.7,2010,1,false,https://corestandards.org/mathematics-standards/
https://education.asfai.org/frameworks/ccss-math/versions/2010/items/K.G.1,ccss-math,K.G.1,ccss-math:K.G.1,2010,2,false,https://corestandards.org/mathematics-standards/
https://education.asfai.org/frameworks/ccss-math/versions/2010/items/K.G.2,ccss-math,K.G.2,ccss-math:K.G.2,2010,1,false,https://corestandards.org/mathematics-standards/
https://education.asfai.org/frameworks/ccss-math/versions/2010/items/K.G.3,ccss-math,K.G.3,ccss-math:K.G.3,2010,2,false,https://corestandards.org/mathematics-standards/
https://education.asfai.org/frameworks/ccss-math/versions/2010/items/K.G.4,ccss-math,K.G.4,ccss-math:K.G.4,2010,1,false,https://corestandards.org/mathematics-standards/
https://education.asfai.org/frameworks/ccss-math/versions/2010/items/K.G.5,ccss-math,K.G.5,ccss-math:K.G.5,2010,1,false,https://corestandards.org/mathematics-standards/
https://education.asfai.org/frameworks/ccss-math/versions/2010/items/K.G.6,ccss-math,K.G.6,ccss-math:K.G.6,2010,1,false,https://corestandards.org/mathematics-standards/
https://education.asfai.org/frameworks/ccss-math/versions/2010/items/K.MD.1,ccss-math,K.MD.1,ccss-math:K.MD.1,2010,4,false,https://corestandards.org/mathematics-standards/
https://education.asfai.org/frameworks/ccss-math/versions/2010/items/K.MD.2,ccss-math,K.MD.2,ccss-math:K.MD.2,2010,2,false,https://corestandards.org/mathematics-standards/
https://education.asfai.org/frameworks/ccss-math/versions/2010/items/K.MD.3,ccss-math,K.MD.3,ccss-math:K.MD.3,2010,1,false,https://corestandards.org/mathematics-standards/
https://education.asfai.org/frameworks/ccss-math/versions/2010/items/K.NBT.1,ccss-math,K.NBT.1,ccss-math:K.NBT.1,2010,1,false,https://corestandards.org/mathematics-standards/
https://education.asfai.org/frameworks/ccss-math/versions/2010/items/K.OA.1,ccss-math,K.OA.1,ccss-math:K.OA.1,2010,4,false,https://corestandards.org/mathematics-standards/
https://education.asfai.org/frameworks/ccss-math/versions/2010/items/K.OA.2,ccss-math,K.OA.2,ccss-math:K.OA.2,2010,1,false,https://corestandards.org/mathematics-standards/
https://education.asfai.org/frameworks/ccss-math/versions/2010/items/K.OA.3,ccss-math,K.OA.3,ccss-math:K.OA.3,2010,1,false,https://corestandards.org/mathematics-standards/
https://education.asfai.org/frameworks/ccss-math/versions/2010/items/K.OA.4,ccss-math,K.OA.4,ccss-math:K.OA.4,2010,1,false,https://corestandards.org/mathematics-standards/
https://education.asfai.org/frameworks/ccss-math/versions/2010/items/K.OA.5,ccss-math,K.OA.5,ccss-math:K.OA.5,2010,1,false,https://corestandards.org/mathematics-standards/
https://education.asfai.org/frameworks/ccss-math/versions/2010/items/MP.1,ccss-math,MP.1,ccss-math:MP.1,2010,0,false,https://corestandards.org/mathematics-standards/
https://education.asfai.org/frameworks/ccss-math/versions/2010/items/MP.2,ccss-math,MP.2,ccss-math:MP.2,2010,0,false,https://corestandards.org/mathematics-standards/
https://education.asfai.org/frameworks/ccss-math/versions/2010/items/MP.3,ccss-math,MP.3,ccss-math:MP.3,2010,0,false,https://corestandards.org/mathematics-standards/
https://education.asfai.org/frameworks/ccss-math/versions/2010/items/MP.4,ccss-math,MP.4,ccss-math:MP.4,2010,0,false,https://corestandards.org/mathematics-standards/
https://education.asfai.org/frameworks/ccss-math/versions/2010/items/MP.5,ccss-math,MP.5,ccss-math:MP.5,2010,0,false,https://corestandards.org/mathematics-standards/
https://education.asfai.org/frameworks/ccss-math/versions/2010/items/MP.6,ccss-math,MP.6,ccss-math:MP.6,2010,0,false,https://corestandards.org/mathematics-standards/
https://education.asfai.org/frameworks/ccss-math/versions/2010/items/MP.7,ccss-math,MP.7,ccss-math:MP.7,2010,0,false,https://corestandards.org/mathematics-standards/
https://education.asfai.org/frameworks/ccss-math/versions/2010/items/MP.8,ccss-math,MP.8,ccss-math:MP.8,2010,0,false,https://corestandards.org/mathematics-standards/
https://education.asfai.org/frameworks/ccss-math/versions/2010/items/N-CN.1,ccss-math,N-CN.1,ccss-math:N-CN.1,2010,0,false,https://corestandards.org/mathematics-standards/
https://education.asfai.org/frameworks/ccss-math/versions/2010/items/N-CN.2,ccss-math,N-CN.2,ccss-math:N-CN.2,2010,0,false,https://corestandards.org/mathematics-standards/
https://education.asfai.org/frameworks/ccss-math/versions/2010/items/N-CN.3,ccss-math,N-CN.3,ccss-math:N-CN.3,2010,0,false,https://corestandards.org/mathematics-standards/
https://education.asfai.org/frameworks/ccss-math/versions/2010/items/N-CN.4,ccss-math,N-CN.4,ccss-math:N-CN.4,2010,0,false,https://corestandards.org/mathematics-standards/
https://education.asfai.org/frameworks/ccss-math/versions/2010/items/N-CN.5,ccss-math,N-CN.5,ccss-math:N-CN.5,2010,0,false,https://corestandards.org/mathematics-standards/
https://education.asfai.org/frameworks/ccss-math/versions/2010/items/N-CN.6,ccss-math,N-CN.6,ccss-math:N-CN.6,2010,0,false,https://corestandards.org/mathematics-standards/
https://education.asfai.org/frameworks/ccss-math/versions/2010/items/N-CN.7,ccss-math,N-CN.7,ccss-math:N-CN.7,2010,0,false,https://corestandards.org/mathematics-standards/
https://education.asfai.org/frameworks/ccss-math/versions/2010/items/N-CN.8,ccss-math,N-CN.8,ccss-math:N-CN.8,2010,0,false,https://corestandards.org/mathematics-standards/
https://education.asfai.org/frameworks/ccss-math/versions/2010/items/N-CN.9,ccss-math,N-CN.9,ccss-math:N-CN.9,2010,0,false,https://corestandards.org/mathematics-standards/
https://education.asfai.org/frameworks/ccss-math/versions/2010/items/N-Q.1,ccss-math,N-Q.1,ccss-math:N-Q.1,2010,0,false,https://corestandards.org/mathematics-standards/
https://education.asfai.org/frameworks/ccss-math/versions/2010/items/N-Q.2,ccss-math,N-Q.2,ccss-math:N-Q.2,2010,0,false,https://corestandards.org/mathematics-standards/
https://education.asfai.org/frameworks/ccss-math/versions/2010/items/N-Q.3,ccss-math,N-Q.3,ccss-math:N-Q.3,2010,0,false,https://corestandards.org/mathematics-standards/
https://education.asfai.org/frameworks/ccss-math/versions/2010/items/N-RN.1,ccss-math,N-RN.1,ccss-math:N-RN.1,2010,0,false,https://corestandards.org/mathematics-standards/
https://education.asfai.org/frameworks/ccss-math/versions/2010/items/N-RN.2,ccss-math,N-RN.2,ccss-math:N-RN.2,2010,0,false,https://corestandards.org/mathematics-standards/
https://education.asfai.org/frameworks/ccss-math/versions/2010/items/N-RN.3,ccss-math,N-RN.3,ccss-math:N-RN.3,2010,0,false,https://corestandards.org/mathematics-standards/
https://education.asfai.org/frameworks/ccss-math/versions/2010/items/N-VM.1,ccss-math,N-VM.1,ccss-math:N-VM.1,2010,0,false,https://corestandards.org/mathematics-standards/
https://education.asfai.org/frameworks/ccss-math/versions/2010/items/N-VM.10,ccss-math,N-VM.10,ccss-math:N-VM.10,2010,0,false,https://corestandards.org/mathematics-standards/
https://education.asfai.org/frameworks/ccss-math/versions/2010/items/N-VM.11,ccss-math,N-VM.11,ccss-math:N-VM.11,2010,0,false,https://corestandards.org/mathematics-standards/
https://education.asfai.org/frameworks/ccss-math/versions/2010/items/N-VM.12,ccss-math,N-VM.12,ccss-math:N-VM.12,2010,0,false,https://corestandards.org/mathematics-standards/
https://education.asfai.org/frameworks/ccss-math/versions/2010/items/N-VM.2,ccss-math,N-VM.2,ccss-math:N-VM.2,2010,0,false,https://corestandards.org/mathematics-standards/
https://education.asfai.org/frameworks/ccss-math/versions/2010/items/N-VM.3,ccss-math,N-VM.3,ccss-math:N-VM.3,2010,0,false,https://corestandards.org/mathematics-standards/
https://education.asfai.org/frameworks/ccss-math/versions/2010/items/N-VM.4a,ccss-math,N-VM.4a,ccss-math:N-VM.4a,2010,0,false,https://corestandards.org/mathematics-standards/
https://education.asfai.org/frameworks/ccss-math/versions/2010/items/N-VM.4b,ccss-math,N-VM.4b,ccss-math:N-VM.4b,2010,0,false,https://corestandards.org/mathematics-standards/
https://education.asfai.org/frameworks/ccss-math/versions/2010/items/N-VM.4c,ccss-math,N-VM.4c,ccss-math:N-VM.4c,2010,0,false,https://corestandards.org/mathematics-standards/
https://education.asfai.org/frameworks/ccss-math/versions/2010/items/N-VM.5a,ccss-math,N-VM.5a,ccss-math:N-VM.5a,2010,0,false,https://corestandards.org/mathematics-standards/
https://education.asfai.org/frameworks/ccss-math/versions/2010/items/N-VM.5b,ccss-math,N-VM.5b,ccss-math:N-VM.5b,2010,0,false,https://corestandards.org/mathematics-standards/
https://education.asfai.org/frameworks/ccss-math/versions/2010/items/N-VM.6,ccss-math,N-VM.6,ccss-math:N-VM.6,2010,0,false,https://corestandards.org/mathematics-standards/
https://education.asfai.org/frameworks/ccss-math/versions/2010/items/N-VM.7,ccss-math,N-VM.7,ccss-math:N-VM.7,2010,0,false,https://corestandards.org/mathematics-standards/
https://education.asfai.org/frameworks/ccss-math/versions/2010/items/N-VM.8,ccss-math,N-VM.8,ccss-math:N-VM.8,2010,0,false,https://corestandards.org/mathematics-standards/
https://education.asfai.org/frameworks/ccss-math/versions/2010/items/N-VM.9,ccss-math,N-VM.9,ccss-math:N-VM.9,2010,0,false,https://corestandards.org/mathematics-standards/
https://education.asfai.org/frameworks/ccss-math/versions/2010/items/S-CP.1,ccss-math,S-CP.1,ccss-math:S-CP.1,2010,0,false,https://corestandards.org/mathematics-standards/
https://education.asfai.org/frameworks/ccss-math/versions/2010/items/S-CP.2,ccss-math,S-CP.2,ccss-math:S-CP.2,2010,0,false,https://corestandards.org/mathematics-standards/
https://education.asfai.org/frameworks/ccss-math/versions/2010/items/S-CP.3,ccss-math,S-CP.3,ccss-math:S-CP.3,2010,0,false,https://corestandards.org/mathematics-standards/
https://education.asfai.org/frameworks/ccss-math/versions/2010/items/S-CP.4,ccss-math,S-CP.4,ccss-math:S-CP.4,2010,0,false,https://corestandards.org/mathematics-standards/
https://education.asfai.org/frameworks/ccss-math/versions/2010/items/S-CP.5,ccss-math,S-CP.5,ccss-math:S-CP.5,2010,0,false,https://corestandards.org/mathematics-standards/
https://education.asfai.org/frameworks/ccss-math/versions/2010/items/S-CP.6,ccss-math,S-CP.6,ccss-math:S-CP.6,2010,0,false,https://corestandards.org/mathematics-standards/
https://education.asfai.org/frameworks/ccss-math/versions/2010/items/S-CP.7,ccss-math,S-CP.7,ccss-math:S-CP.7,2010,0,false,https://corestandards.org/mathematics-standards/
https://education.asfai.org/frameworks/ccss-math/versions/2010/items/S-CP.8,ccss-math,S-CP.8,ccss-math:S-CP.8,2010,0,false,https://corestandards.org/mathematics-standards/
https://education.asfai.org/frameworks/ccss-math/versions/2010/items/S-CP.9,ccss-math,S-CP.9,ccss-math:S-CP.9,2010,0,false,https://corestandards.org/mathematics-standards/
https://education.asfai.org/frameworks/ccss-math/versions/2010/items/S-IC.1,ccss-math,S-IC.1,ccss-math:S-IC.1,2010,0,false,https://corestandards.org/mathematics-standards/
https://education.asfai.org/frameworks/ccss-math/versions/2010/items/S-IC.2,ccss-math,S-IC.2,ccss-math:S-IC.2,2010,0,false,https://corestandards.org/mathematics-standards/
https://education.asfai.org/frameworks/ccss-math/versions/2010/items/S-IC.3,ccss-math,S-IC.3,ccss-math:S-IC.3,2010,0,false,https://corestandards.org/mathematics-standards/
https://education.asfai.org/frameworks/ccss-math/versions/2010/items/S-IC.4,ccss-math,S-IC.4,ccss-math:S-IC.4,2010,0,false,https://corestandards.org/mathematics-standards/
https://education.asfai.org/frameworks/ccss-math/versions/2010/items/S-IC.5,ccss-math,S-IC.5,ccss-math:S-IC.5,2010,0,false,https://corestandards.org/mathematics-standards/
https://education.asfai.org/frameworks/ccss-math/versions/2010/items/S-IC.6,ccss-math,S-IC.6,ccss-math:S-IC.6,2010,0,false,https://corestandards.org/mathematics-standards/
https://education.asfai.org/frameworks/ccss-math/versions/2010/items/S-ID.1,ccss-math,S-ID.1,ccss-math:S-ID.1,2010,0,false,https://corestandards.org/mathematics-standards/
https://education.asfai.org/frameworks/ccss-math/versions/2010/items/S-ID.2,ccss-math,S-ID.2,ccss-math:S-ID.2,2010,0,false,https://corestandards.org/mathematics-standards/
https://education.asfai.org/frameworks/ccss-math/versions/2010/items/S-ID.3,ccss-math,S-ID.3,ccss-math:S-ID.3,2010,0,false,https://corestandards.org/mathematics-standards/
https://education.asfai.org/frameworks/ccss-math/versions/2010/items/S-ID.4,ccss-math,S-ID.4,ccss-math:S-ID.4,2010,0,false,https://corestandards.org/mathematics-standards/
https://education.asfai.org/frameworks/ccss-math/versions/2010/items/S-ID.5,ccss-math,S-ID.5,ccss-math:S-ID.5,2010,0,false,https://corestandards.org/mathematics-standards/
https://education.asfai.org/frameworks/ccss-math/versions/2010/items/S-ID.6,ccss-math,S-ID.6,ccss-math:S-ID.6,2010,0,false,https://corestandards.org/mathematics-standards/
https://education.asfai.org/frameworks/ccss-math/versions/2010/items/S-ID.6.a,ccss-math,S-ID.6.a,ccss-math:S-ID.6.a,2010,0,false,https://corestandards.org/mathematics-standards/
https://education.asfai.org/frameworks/ccss-math/versions/2010/items/S-ID.6.b,ccss-math,S-ID.6.b,ccss-math:S-ID.6.b,2010,0,false,https://corestandards.org/mathematics-standards/
https://education.asfai.org/frameworks/ccss-math/versions/2010/items/S-ID.6.c,ccss-math,S-ID.6.c,ccss-math:S-ID.6.c,2010,0,false,https://corestandards.org/mathematics-standards/
https://education.asfai.org/frameworks/ccss-math/versions/2010/items/S-ID.7,ccss-math,S-ID.7,ccss-math:S-ID.7,2010,0,false,https://corestandards.org/mathematics-standards/
https://education.asfai.org/frameworks/ccss-math/versions/2010/items/S-ID.8,ccss-math,S-ID.8,ccss-math:S-ID.8,2010,0,false,https://corestandards.org/mathematics-standards/
https://education.asfai.org/frameworks/ccss-math/versions/2010/items/S-ID.9,ccss-math,S-ID.9,ccss-math:S-ID.9,2010,0,false,https://corestandards.org/mathematics-standards/
https://education.asfai.org/frameworks/ccss-math/versions/2010/items/S-MD.1,ccss-math,S-MD.1,ccss-math:S-MD.1,2010,0,false,https://corestandards.org/mathematics-standards/
https://education.asfai.org/frameworks/ccss-math/versions/2010/items/S-MD.2,ccss-math,S-MD.2,ccss-math:S-MD.2,2010,0,false,https://corestandards.org/mathematics-standards/
https://education.asfai.org/frameworks/ccss-math/versions/2010/items/S-MD.3,ccss-math,S-MD.3,ccss-math:S-MD.3,2010,0,false,https://corestandards.org/mathematics-standards/
https://education.asfai.org/frameworks/ccss-math/versions/2010/items/S-MD.4,ccss-math,S-MD.4,ccss-math:S-MD.4,2010,0,false,https://corestandards.org/mathematics-standards/
https://education.asfai.org/frameworks/ccss-math/versions/2010/items/S-MD.5,ccss-math,S-MD.5,ccss-math:S-MD.5,2010,0,false,https://corestandards.org/mathematics-standards/
https://education.asfai.org/frameworks/ccss-math/versions/2010/items/S-MD.5.a,ccss-math,S-MD.5.a,ccss-math:S-MD.5.a,2010,0,false,https://corestandards.org/mathematics-standards/
https://education.asfai.org/frameworks/ccss-math/versions/2010/items/S-MD.5.b,ccss-math,S-MD.5.b,ccss-math:S-MD.5.b,2010,0,false,https://corestandards.org/mathematics-standards/
https://education.asfai.org/frameworks/ccss-math/versions/2010/items/S-MD.6,ccss-math,S-MD.6,ccss-math:S-MD.6,2010,0,false,https://corestandards.org/mathematics-standards/
https://education.asfai.org/frameworks/ccss-math/versions/2010/items/S-MD.7,ccss-math,S-MD.7,ccss-math:S-MD.7,2010,0,false,https://corestandards.org/mathematics-standards/
https://education.asfai.org/frameworks/ib-pyp-pspe/versions/2009/items/PSPE-ID-CU-P1-1,ib-pyp-pspe,PSPE-ID-CU-P1-1,ib-pyp-pspe:PSPE-ID-CU-P1-1,2009,0,false,https://www.ibo.org/programmes/primary-years-programme/curriculum/
https://education.asfai.org/frameworks/ib-pyp-pspe/versions/2009/items/PSPE-ID-CU-P1-2,ib-pyp-pspe,PSPE-ID-CU-P1-2,ib-pyp-pspe:PSPE-ID-CU-P1-2,2009,1,false,https://www.ibo.org/programmes/primary-years-programme/curriculum/
https://education.asfai.org/frameworks/ib-pyp-pspe/versions/2009/items/PSPE-ID-CU-P1-3,ib-pyp-pspe,PSPE-ID-CU-P1-3,ib-pyp-pspe:PSPE-ID-CU-P1-3,2009,1,false,https://www.ibo.org/programmes/primary-years-programme/curriculum/
https://education.asfai.org/frameworks/ib-pyp-pspe/versions/2009/items/PSPE-ID-CU-P1-4,ib-pyp-pspe,PSPE-ID-CU-P1-4,ib-pyp-pspe:PSPE-ID-CU-P1-4,2009,0,false,https://www.ibo.org/programmes/primary-years-programme/curriculum/
https://education.asfai.org/frameworks/ib-pyp-pspe/versions/2009/items/PSPE-ID-CU-P1-5,ib-pyp-pspe,PSPE-ID-CU-P1-5,ib-pyp-pspe:PSPE-ID-CU-P1-5,2009,1,false,https://www.ibo.org/programmes/primary-years-programme/curriculum/
https://education.asfai.org/frameworks/ib-pyp-pspe/versions/2009/items/PSPE-ID-CU-P1-6,ib-pyp-pspe,PSPE-ID-CU-P1-6,ib-pyp-pspe:PSPE-ID-CU-P1-6,2009,0,false,https://www.ibo.org/programmes/primary-years-programme/curriculum/
https://education.asfai.org/frameworks/ib-pyp-pspe/versions/2009/items/PSPE-ID-CU-P1-7,ib-pyp-pspe,PSPE-ID-CU-P1-7,ib-pyp-pspe:PSPE-ID-CU-P1-7,2009,0,false,https://www.ibo.org/programmes/primary-years-programme/curriculum/
https://education.asfai.org/frameworks/ib-pyp-pspe/versions/2009/items/PSPE-ID-CU-P2-1,ib-pyp-pspe,PSPE-ID-CU-P2-1,ib-pyp-pspe:PSPE-ID-CU-P2-1,2009,0,false,https://www.ibo.org/programmes/primary-years-programme/curriculum/
https://education.asfai.org/frameworks/ib-pyp-pspe/versions/2009/items/PSPE-ID-CU-P2-2,ib-pyp-pspe,PSPE-ID-CU-P2-2,ib-pyp-pspe:PSPE-ID-CU-P2-2,2009,1,false,https://www.ibo.org/programmes/primary-years-programme/curriculum/
https://education.asfai.org/frameworks/ib-pyp-pspe/versions/2009/items/PSPE-ID-CU-P2-3,ib-pyp-pspe,PSPE-ID-CU-P2-3,ib-pyp-pspe:PSPE-ID-CU-P2-3,2009,1,false,https://www.ibo.org/programmes/primary-years-programme/curriculum/
https://education.asfai.org/frameworks/ib-pyp-pspe/versions/2009/items/PSPE-ID-CU-P2-4,ib-pyp-pspe,PSPE-ID-CU-P2-4,ib-pyp-pspe:PSPE-ID-CU-P2-4,2009,1,false,https://www.ibo.org/programmes/primary-years-programme/curriculum/
https://education.asfai.org/frameworks/ib-pyp-pspe/versions/2009/items/PSPE-ID-CU-P2-5,ib-pyp-pspe,PSPE-ID-CU-P2-5,ib-pyp-pspe:PSPE-ID-CU-P2-5,2009,0,false,https://www.ibo.org/programmes/primary-years-programme/curriculum/
https://education.asfai.org/frameworks/ib-pyp-pspe/versions/2009/items/PSPE-ID-CU-P2-6,ib-pyp-pspe,PSPE-ID-CU-P2-6,ib-pyp-pspe:PSPE-ID-CU-P2-6,2009,0,false,https://www.ibo.org/programmes/primary-years-programme/curriculum/
https://education.asfai.org/frameworks/ib-pyp-pspe/versions/2009/items/PSPE-ID-CU-P2-7,ib-pyp-pspe,PSPE-ID-CU-P2-7,ib-pyp-pspe:PSPE-ID-CU-P2-7,2009,1,false,https://www.ibo.org/programmes/primary-years-programme/curriculum/
https://education.asfai.org/frameworks/ib-pyp-pspe/versions/2009/items/PSPE-ID-CU-P3-1,ib-pyp-pspe,PSPE-ID-CU-P3-1,ib-pyp-pspe:PSPE-ID-CU-P3-1,2009,1,false,https://www.ibo.org/programmes/primary-years-programme/curriculum/
https://education.asfai.org/frameworks/ib-pyp-pspe/versions/2009/items/PSPE-ID-CU-P3-2,ib-pyp-pspe,PSPE-ID-CU-P3-2,ib-pyp-pspe:PSPE-ID-CU-P3-2,2009,0,false,https://www.ibo.org/programmes/primary-years-programme/curriculum/
https://education.asfai.org/frameworks/ib-pyp-pspe/versions/2009/items/PSPE-ID-CU-P3-3,ib-pyp-pspe,PSPE-ID-CU-P3-3,ib-pyp-pspe:PSPE-ID-CU-P3-3,2009,0,false,https://www.ibo.org/programmes/primary-years-programme/curriculum/
https://education.asfai.org/frameworks/ib-pyp-pspe/versions/2009/items/PSPE-ID-CU-P3-4,ib-pyp-pspe,PSPE-ID-CU-P3-4,ib-pyp-pspe:PSPE-ID-CU-P3-4,2009,0,false,https://www.ibo.org/programmes/primary-years-programme/curriculum/
https://education.asfai.org/frameworks/ib-pyp-pspe/versions/2009/items/PSPE-ID-CU-P3-5,ib-pyp-pspe,PSPE-ID-CU-P3-5,ib-pyp-pspe:PSPE-ID-CU-P3-5,2009,1,false,https://www.ibo.org/programmes/primary-years-programme/curriculum/
https://education.asfai.org/frameworks/ib-pyp-pspe/versions/2009/items/PSPE-ID-CU-P3-6,ib-pyp-pspe,PSPE-ID-CU-P3-6,ib-pyp-pspe:PSPE-ID-CU-P3-6,2009,1,false,https://www.ibo.org/programmes/primary-years-programme/curriculum/
https://education.asfai.org/frameworks/ib-pyp-pspe/versions/2009/items/PSPE-ID-CU-P3-7,ib-pyp-pspe,PSPE-ID-CU-P3-7,ib-pyp-pspe:PSPE-ID-CU-P3-7,2009,0,false,https://www.ibo.org/programmes/primary-years-programme/curriculum/
https://education.asfai.org/frameworks/ib-pyp-pspe/versions/2009/items/PSPE-ID-CU-P4-1,ib-pyp-pspe,PSPE-ID-CU-P4-1,ib-pyp-pspe:PSPE-ID-CU-P4-1,2009,0,false,https://www.ibo.org/programmes/primary-years-programme/curriculum/
https://education.asfai.org/frameworks/ib-pyp-pspe/versions/2009/items/PSPE-ID-CU-P4-2,ib-pyp-pspe,PSPE-ID-CU-P4-2,ib-pyp-pspe:PSPE-ID-CU-P4-2,2009,0,false,https://www.ibo.org/programmes/primary-years-programme/curriculum/
https://education.asfai.org/frameworks/ib-pyp-pspe/versions/2009/items/PSPE-ID-CU-P4-3,ib-pyp-pspe,PSPE-ID-CU-P4-3,ib-pyp-pspe:PSPE-ID-CU-P4-3,2009,1,false,https://www.ibo.org/programmes/primary-years-programme/curriculum/
https://education.asfai.org/frameworks/ib-pyp-pspe/versions/2009/items/PSPE-ID-CU-P4-4,ib-pyp-pspe,PSPE-ID-CU-P4-4,ib-pyp-pspe:PSPE-ID-CU-P4-4,2009,1,false,https://www.ibo.org/programmes/primary-years-programme/curriculum/
https://education.asfai.org/frameworks/ib-pyp-pspe/versions/2009/items/PSPE-ID-CU-P4-5,ib-pyp-pspe,PSPE-ID-CU-P4-5,ib-pyp-pspe:PSPE-ID-CU-P4-5,2009,1,false,https://www.ibo.org/programmes/primary-years-programme/curriculum/
https://education.asfai.org/frameworks/ib-pyp-pspe/versions/2009/items/PSPE-ID-CU-P4-6,ib-pyp-pspe,PSPE-ID-CU-P4-6,ib-pyp-pspe:PSPE-ID-CU-P4-6,2009,0,false,https://www.ibo.org/programmes/primary-years-programme/curriculum/
https://education.asfai.org/frameworks/ib-pyp-pspe/versions/2009/items/PSPE-ID-CU-P4-7,ib-pyp-pspe,PSPE-ID-CU-P4-7,ib-pyp-pspe:PSPE-ID-CU-P4-7,2009,1,false,https://www.ibo.org/programmes/primary-years-programme/curriculum/
https://education.asfai.org/frameworks/ib-pyp-pspe/versions/2009/items/PSPE-ID-CU-P4-8,ib-pyp-pspe,PSPE-ID-CU-P4-8,ib-pyp-pspe:PSPE-ID-CU-P4-8,2009,1,false,https://www.ibo.org/programmes/primary-years-programme/curriculum/
https://education.asfai.org/frameworks/ib-pyp-pspe/versions/2009/items/PSPE-ID-LO-P1-1,ib-pyp-pspe,PSPE-ID-LO-P1-1,ib-pyp-pspe:PSPE-ID-LO-P1-1,2009,0,false,https://www.ibo.org/programmes/primary-years-programme/curriculum/
https://education.asfai.org/frameworks/ib-pyp-pspe/versions/2009/items/PSPE-ID-LO-P1-10,ib-pyp-pspe,PSPE-ID-LO-P1-10,ib-pyp-pspe:PSPE-ID-LO-P1-10,2009,0,false,https://www.ibo.org/programmes/primary-years-programme/curriculum/
https://education.asfai.org/frameworks/ib-pyp-pspe/versions/2009/items/PSPE-ID-LO-P1-11,ib-pyp-pspe,PSPE-ID-LO-P1-11,ib-pyp-pspe:PSPE-ID-LO-P1-11,2009,1,false,https://www.ibo.org/programmes/primary-years-programme/curriculum/
https://education.asfai.org/frameworks/ib-pyp-pspe/versions/2009/items/PSPE-ID-LO-P1-2,ib-pyp-pspe,PSPE-ID-LO-P1-2,ib-pyp-pspe:PSPE-ID-LO-P1-2,2009,0,false,https://www.ibo.org/programmes/primary-years-programme/curriculum/
https://education.asfai.org/frameworks/ib-pyp-pspe/versions/2009/items/PSPE-ID-LO-P1-3,ib-pyp-pspe,PSPE-ID-LO-P1-3,ib-pyp-pspe:PSPE-ID-LO-P1-3,2009,0,false,https://www.ibo.org/programmes/primary-years-programme/curriculum/
https://education.asfai.org/frameworks/ib-pyp-pspe/versions/2009/items/PSPE-ID-LO-P1-4,ib-pyp-pspe,PSPE-ID-LO-P1-4,ib-pyp-pspe:PSPE-ID-LO-P1-4,2009,1,false,https://www.ibo.org/programmes/primary-years-programme/curriculum/
https://education.asfai.org/frameworks/ib-pyp-pspe/versions/2009/items/PSPE-ID-LO-P1-5,ib-pyp-pspe,PSPE-ID-LO-P1-5,ib-pyp-pspe:PSPE-ID-LO-P1-5,2009,1,false,https://www.ibo.org/programmes/primary-years-programme/curriculum/
https://education.asfai.org/frameworks/ib-pyp-pspe/versions/2009/items/PSPE-ID-LO-P1-6,ib-pyp-pspe,PSPE-ID-LO-P1-6,ib-pyp-pspe:PSPE-ID-LO-P1-6,2009,2,false,https://www.ibo.org/programmes/primary-years-programme/curriculum/
https://education.asfai.org/frameworks/ib-pyp-pspe/versions/2009/items/PSPE-ID-LO-P1-7,ib-pyp-pspe,PSPE-ID-LO-P1-7,ib-pyp-pspe:PSPE-ID-LO-P1-7,2009,1,false,https://www.ibo.org/programmes/primary-years-programme/curriculum/
https://education.asfai.org/frameworks/ib-pyp-pspe/versions/2009/items/PSPE-ID-LO-P1-8,ib-pyp-pspe,PSPE-ID-LO-P1-8,ib-pyp-pspe:PSPE-ID-LO-P1-8,2009,0,false,https://www.ibo.org/programmes/primary-years-programme/curriculum/
https://education.asfai.org/frameworks/ib-pyp-pspe/versions/2009/items/PSPE-ID-LO-P1-9,ib-pyp-pspe,PSPE-ID-LO-P1-9,ib-pyp-pspe:PSPE-ID-LO-P1-9,2009,1,false,https://www.ibo.org/programmes/primary-years-programme/curriculum/
https://education.asfai.org/frameworks/ib-pyp-pspe/versions/2009/items/PSPE-ID-LO-P2-1,ib-pyp-pspe,PSPE-ID-LO-P2-1,ib-pyp-pspe:PSPE-ID-LO-P2-1,2009,1,false,https://www.ibo.org/programmes/primary-years-programme/curriculum/
https://education.asfai.org/frameworks/ib-pyp-pspe/versions/2009/items/PSPE-ID-LO-P2-10,ib-pyp-pspe,PSPE-ID-LO-P2-10,ib-pyp-pspe:PSPE-ID-LO-P2-10,2009,1,false,https://www.ibo.org/programmes/primary-years-programme/curriculum/
https://education.asfai.org/frameworks/ib-pyp-pspe/versions/2009/items/PSPE-ID-LO-P2-11,ib-pyp-pspe,PSPE-ID-LO-P2-11,ib-pyp-pspe:PSPE-ID-LO-P2-11,2009,1,false,https://www.ibo.org/programmes/primary-years-programme/curriculum/
https://education.asfai.org/frameworks/ib-pyp-pspe/versions/2009/items/PSPE-ID-LO-P2-12,ib-pyp-pspe,PSPE-ID-LO-P2-12,ib-pyp-pspe:PSPE-ID-LO-P2-12,2009,1,false,https://www.ibo.org/programmes/primary-years-programme/curriculum/
https://education.asfai.org/frameworks/ib-pyp-pspe/versions/2009/items/PSPE-ID-LO-P2-2,ib-pyp-pspe,PSPE-ID-LO-P2-2,ib-pyp-pspe:PSPE-ID-LO-P2-2,2009,0,false,https://www.ibo.org/programmes/primary-years-programme/curriculum/
https://education.asfai.org/frameworks/ib-pyp-pspe/versions/2009/items/PSPE-ID-LO-P2-3,ib-pyp-pspe,PSPE-ID-LO-P2-3,ib-pyp-pspe:PSPE-ID-LO-P2-3,2009,2,false,https://www.ibo.org/programmes/primary-years-programme/curriculum/
https://education.asfai.org/frameworks/ib-pyp-pspe/versions/2009/items/PSPE-ID-LO-P2-4,ib-pyp-pspe,PSPE-ID-LO-P2-4,ib-pyp-pspe:PSPE-ID-LO-P2-4,2009,1,false,https://www.ibo.org/programmes/primary-years-programme/curriculum/
https://education.asfai.org/frameworks/ib-pyp-pspe/versions/2009/items/PSPE-ID-LO-P2-5,ib-pyp-pspe,PSPE-ID-LO-P2-5,ib-pyp-pspe:PSPE-ID-LO-P2-5,2009,1,false,https://www.ibo.org/programmes/primary-years-programme/curriculum/
https://education.asfai.org/frameworks/ib-pyp-pspe/versions/2009/items/PSPE-ID-LO-P2-6,ib-pyp-pspe,PSPE-ID-LO-P2-6,ib-pyp-pspe:PSPE-ID-LO-P2-6,2009,1,false,https://www.ibo.org/programmes/primary-years-programme/curriculum/
https://education.asfai.org/frameworks/ib-pyp-pspe/versions/2009/items/PSPE-ID-LO-P2-7,ib-pyp-pspe,PSPE-ID-LO-P2-7,ib-pyp-pspe:PSPE-ID-LO-P2-7,2009,1,false,https://www.ibo.org/programmes/primary-years-programme/curriculum/
https://education.asfai.org/frameworks/ib-pyp-pspe/versions/2009/items/PSPE-ID-LO-P2-8,ib-pyp-pspe,PSPE-ID-LO-P2-8,ib-pyp-pspe:PSPE-ID-LO-P2-8,2009,1,false,https://www.ibo.org/programmes/primary-years-programme/curriculum/
https://education.asfai.org/frameworks/ib-pyp-pspe/versions/2009/items/PSPE-ID-LO-P2-9,ib-pyp-pspe,PSPE-ID-LO-P2-9,ib-pyp-pspe:PSPE-ID-LO-P2-9,2009,1,false,https://www.ibo.org/programmes/primary-years-programme/curriculum/
https://education.asfai.org/frameworks/ib-pyp-pspe/versions/2009/items/PSPE-ID-LO-P3-1,ib-pyp-pspe,PSPE-ID-LO-P3-1,ib-pyp-pspe:PSPE-ID-LO-P3-1,2009,0,false,https://www.ibo.org/programmes/primary-years-programme/curriculum/
https://education.asfai.org/frameworks/ib-pyp-pspe/versions/2009/items/PSPE-ID-LO-P3-10,ib-pyp-pspe,PSPE-ID-LO-P3-10,ib-pyp-pspe:PSPE-ID-LO-P3-10,2009,1,false,https://www.ibo.org/programmes/primary-years-programme/curriculum/
https://education.asfai.org/frameworks/ib-pyp-pspe/versions/2009/items/PSPE-ID-LO-P3-11,ib-pyp-pspe,PSPE-ID-LO-P3-11,ib-pyp-pspe:PSPE-ID-LO-P3-11,2009,0,false,https://www.ibo.org/programmes/primary-years-programme/curriculum/
https://education.asfai.org/frameworks/ib-pyp-pspe/versions/2009/items/PSPE-ID-LO-P3-12,ib-pyp-pspe,PSPE-ID-LO-P3-12,ib-pyp-pspe:PSPE-ID-LO-P3-12,2009,1,false,https://www.ibo.org/programmes/primary-years-programme/curriculum/
https://education.asfai.org/frameworks/ib-pyp-pspe/versions/2009/items/PSPE-ID-LO-P3-2,ib-pyp-pspe,PSPE-ID-LO-P3-2,ib-pyp-pspe:PSPE-ID-LO-P3-2,2009,0,false,https://www.ibo.org/programmes/primary-years-programme/curriculum/
https://education.asfai.org/frameworks/ib-pyp-pspe/versions/2009/items/PSPE-ID-LO-P3-3,ib-pyp-pspe,PSPE-ID-LO-P3-3,ib-pyp-pspe:PSPE-ID-LO-P3-3,2009,1,false,https://www.ibo.org/programmes/primary-years-programme/curriculum/
https://education.asfai.org/frameworks/ib-pyp-pspe/versions/2009/items/PSPE-ID-LO-P3-4,ib-pyp-pspe,PSPE-ID-LO-P3-4,ib-pyp-pspe:PSPE-ID-LO-P3-4,2009,0,false,https://www.ibo.org/programmes/primary-years-programme/curriculum/
https://education.asfai.org/frameworks/ib-pyp-pspe/versions/2009/items/PSPE-ID-LO-P3-5,ib-pyp-pspe,PSPE-ID-LO-P3-5,ib-pyp-pspe:PSPE-ID-LO-P3-5,2009,0,false,https://www.ibo.org/programmes/primary-years-programme/curriculum/
https://education.asfai.org/frameworks/ib-pyp-pspe/versions/2009/items/PSPE-ID-LO-P3-6,ib-pyp-pspe,PSPE-ID-LO-P3-6,ib-pyp-pspe:PSPE-ID-LO-P3-6,2009,0,false,https://www.ibo.org/programmes/primary-years-programme/curriculum/
https://education.asfai.org/frameworks/ib-pyp-pspe/versions/2009/items/PSPE-ID-LO-P3-7,ib-pyp-pspe,PSPE-ID-LO-P3-7,ib-pyp-pspe:PSPE-ID-LO-P3-7,2009,1,false,https://www.ibo.org/programmes/primary-years-programme/curriculum/
https://education.asfai.org/frameworks/ib-pyp-pspe/versions/2009/items/PSPE-ID-LO-P3-8,ib-pyp-pspe,PSPE-ID-LO-P3-8,ib-pyp-pspe:PSPE-ID-LO-P3-8,2009,1,false,https://www.ibo.org/programmes/primary-years-programme/curriculum/
https://education.asfai.org/frameworks/ib-pyp-pspe/versions/2009/items/PSPE-ID-LO-P3-9,ib-pyp-pspe,PSPE-ID-LO-P3-9,ib-pyp-pspe:PSPE-ID-LO-P3-9,2009,0,false,https://www.ibo.org/programmes/primary-years-programme/curriculum/
https://education.asfai.org/frameworks/ib-pyp-pspe/versions/2009/items/PSPE-ID-LO-P4-1,ib-pyp-pspe,PSPE-ID-LO-P4-1,ib-pyp-pspe:PSPE-ID-LO-P4-1,2009,0,false,https://www.ibo.org/programmes/primary-years-programme/curriculum/
https://education.asfai.org/frameworks/ib-pyp-pspe/versions/2009/items/PSPE-ID-LO-P4-10,ib-pyp-pspe,PSPE-ID-LO-P4-10,ib-pyp-pspe:PSPE-ID-LO-P4-10,2009,0,false,https://www.ibo.org/programmes/primary-years-programme/curriculum/
https://education.asfai.org/frameworks/ib-pyp-pspe/versions/2009/items/PSPE-ID-LO-P4-11,ib-pyp-pspe,PSPE-ID-LO-P4-11,ib-pyp-pspe:PSPE-ID-LO-P4-11,2009,0,false,https://www.ibo.org/programmes/primary-years-programme/curriculum/
https://education.asfai.org/frameworks/ib-pyp-pspe/versions/2009/items/PSPE-ID-LO-P4-12,ib-pyp-pspe,PSPE-ID-LO-P4-12,ib-pyp-pspe:PSPE-ID-LO-P4-12,2009,0,false,https://www.ibo.org/programmes/primary-years-programme/curriculum/
https://education.asfai.org/frameworks/ib-pyp-pspe/versions/2009/items/PSPE-ID-LO-P4-13,ib-pyp-pspe,PSPE-ID-LO-P4-13,ib-pyp-pspe:PSPE-ID-LO-P4-13,2009,0,false,https://www.ibo.org/programmes/primary-years-programme/curriculum/
https://education.asfai.org/frameworks/ib-pyp-pspe/versions/2009/items/PSPE-ID-LO-P4-14,ib-pyp-pspe,PSPE-ID-LO-P4-14,ib-pyp-pspe:PSPE-ID-LO-P4-14,2009,0,false,https://www.ibo.org/programmes/primary-years-programme/curriculum/
https://education.asfai.org/frameworks/ib-pyp-pspe/versions/2009/items/PSPE-ID-LO-P4-2,ib-pyp-pspe,PSPE-ID-LO-P4-2,ib-pyp-pspe:PSPE-ID-LO-P4-2,2009,0,false,https://www.ibo.org/programmes/primary-years-programme/curriculum/
https://education.asfai.org/frameworks/ib-pyp-pspe/versions/2009/items/PSPE-ID-LO-P4-3,ib-pyp-pspe,PSPE-ID-LO-P4-3,ib-pyp-pspe:PSPE-ID-LO-P4-3,2009,0,false,https://www.ibo.org/programmes/primary-years-programme/curriculum/
https://education.asfai.org/frameworks/ib-pyp-pspe/versions/2009/items/PSPE-ID-LO-P4-4,ib-pyp-pspe,PSPE-ID-LO-P4-4,ib-pyp-pspe:PSPE-ID-LO-P4-4,2009,0,false,https://www.ibo.org/programmes/primary-years-programme/curriculum/
https://education.asfai.org/frameworks/ib-pyp-pspe/versions/2009/items/PSPE-ID-LO-P4-5,ib-pyp-pspe,PSPE-ID-LO-P4-5,ib-pyp-pspe:PSPE-ID-LO-P4-5,2009,0,false,https://www.ibo.org/programmes/primary-years-programme/curriculum/
https://education.asfai.org/frameworks/ib-pyp-pspe/versions/2009/items/PSPE-ID-LO-P4-6,ib-pyp-pspe,PSPE-ID-LO-P4-6,ib-pyp-pspe:PSPE-ID-LO-P4-6,2009,1,false,https://www.ibo.org/programmes/primary-years-programme/curriculum/
https://education.asfai.org/frameworks/ib-pyp-pspe/versions/2009/items/PSPE-ID-LO-P4-7,ib-pyp-pspe,PSPE-ID-LO-P4-7,ib-pyp-pspe:PSPE-ID-LO-P4-7,2009,1,false,https://www.ibo.org/programmes/primary-years-programme/curriculum/
https://education.asfai.org/frameworks/ib-pyp-pspe/versions/2009/items/PSPE-ID-LO-P4-8,ib-pyp-pspe,PSPE-ID-LO-P4-8,ib-pyp-pspe:PSPE-ID-LO-P4-8,2009,1,false,https://www.ibo.org/programmes/primary-years-programme/curriculum/
https://education.asfai.org/frameworks/ib-pyp-pspe/versions/2009/items/PSPE-ID-LO-P4-9,ib-pyp-pspe,PSPE-ID-LO-P4-9,ib-pyp-pspe:PSPE-ID-LO-P4-9,2009,0,false,https://www.ibo.org/programmes/primary-years-programme/curriculum/
https://education.asfai.org/frameworks/ib-pyp-pspe/versions/2009/items/PSPE-ID-OE-P1,ib-pyp-pspe,PSPE-ID-OE-P1,ib-pyp-pspe:PSPE-ID-OE-P1,2009,0,false,https://www.ibo.org/programmes/primary-years-programme/curriculum/
https://education.asfai.org/frameworks/ib-pyp-pspe/versions/2009/items/PSPE-ID-OE-P2,ib-pyp-pspe,PSPE-ID-OE-P2,ib-pyp-pspe:PSPE-ID-OE-P2,2009,0,false,https://www.ibo.org/programmes/primary-years-programme/curriculum/
https://education.asfai.org/frameworks/ib-pyp-pspe/versions/2009/items/PSPE-ID-OE-P3,ib-pyp-pspe,PSPE-ID-OE-P3,ib-pyp-pspe:PSPE-ID-OE-P3,2009,0,false,https://www.ibo.org/programmes/primary-years-programme/curriculum/
https://education.asfai.org/frameworks/ib-pyp-pspe/versions/2009/items/PSPE-ID-OE-P4,ib-pyp-pspe,PSPE-ID-OE-P4,ib-pyp-pspe:PSPE-ID-OE-P4,2009,0,false,https://www.ibo.org/programmes/primary-years-programme/curriculum/
https://education.asfai.org/frameworks/ib-pyp-pspe/versions/2009/items/PSPE.INT.P1.CU.1,ib-pyp-pspe,PSPE.INT.P1.CU.1,ib-pyp-pspe:PSPE.INT.P1.CU.1,2009,0,false,https://www.ibo.org/programmes/primary-years-programme/curriculum/
https://education.asfai.org/frameworks/ib-pyp-pspe/versions/2009/items/PSPE.INT.P1.CU.2,ib-pyp-pspe,PSPE.INT.P1.CU.2,ib-pyp-pspe:PSPE.INT.P1.CU.2,2009,1,false,https://www.ibo.org/programmes/primary-years-programme/curriculum/
https://education.asfai.org/frameworks/ib-pyp-pspe/versions/2009/items/PSPE.INT.P1.CU.3,ib-pyp-pspe,PSPE.INT.P1.CU.3,ib-pyp-pspe:PSPE.INT.P1.CU.3,2009,0,false,https://www.ibo.org/programmes/primary-years-programme/curriculum/
https://education.asfai.org/frameworks/ib-pyp-pspe/versions/2009/items/PSPE.INT.P1.CU.4,ib-pyp-pspe,PSPE.INT.P1.CU.4,ib-pyp-pspe:PSPE.INT.P1.CU.4,2009,1,false,https://www.ibo.org/programmes/primary-years-programme/curriculum/
https://education.asfai.org/frameworks/ib-pyp-pspe/versions/2009/items/PSPE.INT.P1.CU.5,ib-pyp-pspe,PSPE.INT.P1.CU.5,ib-pyp-pspe:PSPE.INT.P1.CU.5,2009,1,false,https://www.ibo.org/programmes/primary-years-programme/curriculum/
https://education.asfai.org/frameworks/ib-pyp-pspe/versions/2009/items/PSPE.INT.P1.CU.6,ib-pyp-pspe,PSPE.INT.P1.CU.6,ib-pyp-pspe:PSPE.INT.P1.CU.6,2009,0,false,https://www.ibo.org/programmes/primary-years-programme/curriculum/
https://education.asfai.org/frameworks/ib-pyp-pspe/versions/2009/items/PSPE.INT.P1.LO.1,ib-pyp-pspe,PSPE.INT.P1.LO.1,ib-pyp-pspe:PSPE.INT.P1.LO.1,2009,0,false,https://www.ibo.org/programmes/primary-years-programme/curriculum/
https://education.asfai.org/frameworks/ib-pyp-pspe/versions/2009/items/PSPE.INT.P1.LO.2,ib-pyp-pspe,PSPE.INT.P1.LO.2,ib-pyp-pspe:PSPE.INT.P1.LO.2,2009,1,false,https://www.ibo.org/programmes/primary-years-programme/curriculum/
https://education.asfai.org/frameworks/ib-pyp-pspe/versions/2009/items/PSPE.INT.P1.LO.3,ib-pyp-pspe,PSPE.INT.P1.LO.3,ib-pyp-pspe:PSPE.INT.P1.LO.3,2009,1,false,https://www.ibo.org/programmes/primary-years-programme/curriculum/
https://education.asfai.org/frameworks/ib-pyp-pspe/versions/2009/items/PSPE.INT.P1.LO.4,ib-pyp-pspe,PSPE.INT.P1.LO.4,ib-pyp-pspe:PSPE.INT.P1.LO.4,2009,1,false,https://www.ibo.org/programmes/primary-years-programme/curriculum/
https://education.asfai.org/frameworks/ib-pyp-pspe/versions/2009/items/PSPE.INT.P1.LO.5,ib-pyp-pspe,PSPE.INT.P1.LO.5,ib-pyp-pspe:PSPE.INT.P1.LO.5,2009,0,false,https://www.ibo.org/programmes/primary-years-programme/curriculum/
https://education.asfai.org/frameworks/ib-pyp-pspe/versions/2009/items/PSPE.INT.P1.LO.6,ib-pyp-pspe,PSPE.INT.P1.LO.6,ib-pyp-pspe:PSPE.INT.P1.LO.6,2009,0,false,https://www.ibo.org/programmes/primary-years-programme/curriculum/
https://education.asfai.org/frameworks/ib-pyp-pspe/versions/2009/items/PSPE.INT.P1.LO.7,ib-pyp-pspe,PSPE.INT.P1.LO.7,ib-pyp-pspe:PSPE.INT.P1.LO.7,2009,1,false,https://www.ibo.org/programmes/primary-years-programme/curriculum/
https://education.asfai.org/frameworks/ib-pyp-pspe/versions/2009/items/PSPE.INT.P1.LO.8,ib-pyp-pspe,PSPE.INT.P1.LO.8,ib-pyp-pspe:PSPE.INT.P1.LO.8,2009,1,false,https://www.ibo.org/programmes/primary-years-programme/curriculum/
https://education.asfai.org/frameworks/ib-pyp-pspe/versions/2009/items/PSPE.INT.P1.LO.9,ib-pyp-pspe,PSPE.INT.P1.LO.9,ib-pyp-pspe:PSPE.INT.P1.LO.9,2009,0,false,https://www.ibo.org/programmes/primary-years-programme/curriculum/
https://education.asfai.org/frameworks/ib-pyp-pspe/versions/2009/items/PSPE.INT.P2.CU.1,ib-pyp-pspe,PSPE.INT.P2.CU.1,ib-pyp-pspe:PSPE.INT.P2.CU.1,2009,1,false,https://www.ibo.org/programmes/primary-years-programme/curriculum/
https://education.asfai.org/frameworks/ib-pyp-pspe/versions/2009/items/PSPE.INT.P2.CU.2,ib-pyp-pspe,PSPE.INT.P2.CU.2,ib-pyp-pspe:PSPE.INT.P2.CU.2,2009,2,false,https://www.ibo.org/programmes/primary-years-programme/curriculum/
https://education.asfai.org/frameworks/ib-pyp-pspe/versions/2009/items/PSPE.INT.P2.CU.3,ib-pyp-pspe,PSPE.INT.P2.CU.3,ib-pyp-pspe:PSPE.INT.P2.CU.3,2009,0,false,https://www.ibo.org/programmes/primary-years-programme/curriculum/
https://education.asfai.org/frameworks/ib-pyp-pspe/versions/2009/items/PSPE.INT.P2.CU.4,ib-pyp-pspe,PSPE.INT.P2.CU.4,ib-pyp-pspe:PSPE.INT.P2.CU.4,2009,0,false,https://www.ibo.org/programmes/primary-years-programme/curriculum/
https://education.asfai.org/frameworks/ib-pyp-pspe/versions/2009/items/PSPE.INT.P2.CU.5,ib-pyp-pspe,PSPE.INT.P2.CU.5,ib-pyp-pspe:PSPE.INT.P2.CU.5,2009,1,false,https://www.ibo.org/programmes/primary-years-programme/curriculum/
https://education.asfai.org/frameworks/ib-pyp-pspe/versions/2009/items/PSPE.INT.P2.CU.6,ib-pyp-pspe,PSPE.INT.P2.CU.6,ib-pyp-pspe:PSPE.INT.P2.CU.6,2009,0,false,https://www.ibo.org/programmes/primary-years-programme/curriculum/
https://education.asfai.org/frameworks/ib-pyp-pspe/versions/2009/items/PSPE.INT.P2.LO.1,ib-pyp-pspe,PSPE.INT.P2.LO.1,ib-pyp-pspe:PSPE.INT.P2.LO.1,2009,0,false,https://www.ibo.org/programmes/primary-years-programme/curriculum/
https://education.asfai.org/frameworks/ib-pyp-pspe/versions/2009/items/PSPE.INT.P2.LO.10,ib-pyp-pspe,PSPE.INT.P2.LO.10,ib-pyp-pspe:PSPE.INT.P2.LO.10,2009,0,false,https://www.ibo.org/programmes/primary-years-programme/curriculum/
https://education.asfai.org/frameworks/ib-pyp-pspe/versions/2009/items/PSPE.INT.P2.LO.11,ib-pyp-pspe,PSPE.INT.P2.LO.11,ib-pyp-pspe:PSPE.INT.P2.LO.11,2009,1,false,https://www.ibo.org/programmes/primary-years-programme/curriculum/
https://education.asfai.org/frameworks/ib-pyp-pspe/versions/2009/items/PSPE.INT.P2.LO.2,ib-pyp-pspe,PSPE.INT.P2.LO.2,ib-pyp-pspe:PSPE.INT.P2.LO.2,2009,0,false,https://www.ibo.org/programmes/primary-years-programme/curriculum/
https://education.asfai.org/frameworks/ib-pyp-pspe/versions/2009/items/PSPE.INT.P2.LO.3,ib-pyp-pspe,PSPE.INT.P2.LO.3,ib-pyp-pspe:PSPE.INT.P2.LO.3,2009,1,false,https://www.ibo.org/programmes/primary-years-programme/curriculum/
https://education.asfai.org/frameworks/ib-pyp-pspe/versions/2009/items/PSPE.INT.P2.LO.4,ib-pyp-pspe,PSPE.INT.P2.LO.4,ib-pyp-pspe:PSPE.INT.P2.LO.4,2009,0,false,https://www.ibo.org/programmes/primary-years-programme/curriculum/
https://education.asfai.org/frameworks/ib-pyp-pspe/versions/2009/items/PSPE.INT.P2.LO.5,ib-pyp-pspe,PSPE.INT.P2.LO.5,ib-pyp-pspe:PSPE.INT.P2.LO.5,2009,1,false,https://www.ibo.org/programmes/primary-years-programme/curriculum/
https://education.asfai.org/frameworks/ib-pyp-pspe/versions/2009/items/PSPE.INT.P2.LO.6,ib-pyp-pspe,PSPE.INT.P2.LO.6,ib-pyp-pspe:PSPE.INT.P2.LO.6,2009,1,false,https://www.ibo.org/programmes/primary-years-programme/curriculum/
https://education.asfai.org/frameworks/ib-pyp-pspe/versions/2009/items/PSPE.INT.P2.LO.7,ib-pyp-pspe,PSPE.INT.P2.LO.7,ib-pyp-pspe:PSPE.INT.P2.LO.7,2009,0,false,https://www.ibo.org/programmes/primary-years-programme/curriculum/
https://education.asfai.org/frameworks/ib-pyp-pspe/versions/2009/items/PSPE.INT.P2.LO.8,ib-pyp-pspe,PSPE.INT.P2.LO.8,ib-pyp-pspe:PSPE.INT.P2.LO.8,2009,1,false,https://www.ibo.org/programmes/primary-years-programme/curriculum/
https://education.asfai.org/frameworks/ib-pyp-pspe/versions/2009/items/PSPE.INT.P2.LO.9,ib-pyp-pspe,PSPE.INT.P2.LO.9,ib-pyp-pspe:PSPE.INT.P2.LO.9,2009,1,false,https://www.ibo.org/programmes/primary-years-programme/curriculum/
https://education.asfai.org/frameworks/ib-pyp-pspe/versions/2009/items/PSPE.INT.P3.CU.1,ib-pyp-pspe,PSPE.INT.P3.CU.1,ib-pyp-pspe:PSPE.INT.P3.CU.1,2009,0,false,https://www.ibo.org/programmes/primary-years-programme/curriculum/
https://education.asfai.org/frameworks/ib-pyp-pspe/versions/2009/items/PSPE.INT.P3.CU.2,ib-pyp-pspe,PSPE.INT.P3.CU.2,ib-pyp-pspe:PSPE.INT.P3.CU.2,2009,0,false,https://www.ibo.org/programmes/primary-years-programme/curriculum/
https://education.asfai.org/frameworks/ib-pyp-pspe/versions/2009/items/PSPE.INT.P3.CU.3,ib-pyp-pspe,PSPE.INT.P3.CU.3,ib-pyp-pspe:PSPE.INT.P3.CU.3,2009,1,false,https://www.ibo.org/programmes/primary-years-programme/curriculum/
https://education.asfai.org/frameworks/ib-pyp-pspe/versions/2009/items/PSPE.INT.P3.CU.4,ib-pyp-pspe,PSPE.INT.P3.CU.4,ib-pyp-pspe:PSPE.INT.P3.CU.4,2009,0,false,https://www.ibo.org/programmes/primary-years-programme/curriculum/
https://education.asfai.org/frameworks/ib-pyp-pspe/versions/2009/items/PSPE.INT.P3.CU.5,ib-pyp-pspe,PSPE.INT.P3.CU.5,ib-pyp-pspe:PSPE.INT.P3.CU.5,2009,2,false,https://www.ibo.org/programmes/primary-years-programme/curriculum/
https://education.asfai.org/frameworks/ib-pyp-pspe/versions/2009/items/PSPE.INT.P3.CU.6,ib-pyp-pspe,PSPE.INT.P3.CU.6,ib-pyp-pspe:PSPE.INT.P3.CU.6,2009,0,false,https://www.ibo.org/programmes/primary-years-programme/curriculum/
https://education.asfai.org/frameworks/ib-pyp-pspe/versions/2009/items/PSPE.INT.P3.LO.1,ib-pyp-pspe,PSPE.INT.P3.LO.1,ib-pyp-pspe:PSPE.INT.P3.LO.1,2009,0,false,https://www.ibo.org/programmes/primary-years-programme/curriculum/
https://education.asfai.org/frameworks/ib-pyp-pspe/versions/2009/items/PSPE.INT.P3.LO.2,ib-pyp-pspe,PSPE.INT.P3.LO.2,ib-pyp-pspe:PSPE.INT.P3.LO.2,2009,0,false,https://www.ibo.org/programmes/primary-years-programme/curriculum/
https://education.asfai.org/frameworks/ib-pyp-pspe/versions/2009/items/PSPE.INT.P3.LO.3,ib-pyp-pspe,PSPE.INT.P3.LO.3,ib-pyp-pspe:PSPE.INT.P3.LO.3,2009,0,false,https://www.ibo.org/programmes/primary-years-programme/curriculum/
https://education.asfai.org/frameworks/ib-pyp-pspe/versions/2009/items/PSPE.INT.P3.LO.4,ib-pyp-pspe,PSPE.INT.P3.LO.4,ib-pyp-pspe:PSPE.INT.P3.LO.4,2009,0,false,https://www.ibo.org/programmes/primary-years-programme/curriculum/
https://education.asfai.org/frameworks/ib-pyp-pspe/versions/2009/items/PSPE.INT.P3.LO.5,ib-pyp-pspe,PSPE.INT.P3.LO.5,ib-pyp-pspe:PSPE.INT.P3.LO.5,2009,0,false,https://www.ibo.org/programmes/primary-years-programme/curriculum/
https://education.asfai.org/frameworks/ib-pyp-pspe/versions/2009/items/PSPE.INT.P3.LO.6,ib-pyp-pspe,PSPE.INT.P3.LO.6,ib-pyp-pspe:PSPE.INT.P3.LO.6,2009,0,false,https://www.ibo.org/programmes/primary-years-programme/curriculum/
https://education.asfai.org/frameworks/ib-pyp-pspe/versions/2009/items/PSPE.INT.P3.LO.7,ib-pyp-pspe,PSPE.INT.P3.LO.7,ib-pyp-pspe:PSPE.INT.P3.LO.7,2009,1,false,https://www.ibo.org/programmes/primary-years-programme/curriculum/
https://education.asfai.org/frameworks/ib-pyp-pspe/versions/2009/items/PSPE.INT.P3.LO.8,ib-pyp-pspe,PSPE.INT.P3.LO.8,ib-pyp-pspe:PSPE.INT.P3.LO.8,2009,1,false,https://www.ibo.org/programmes/primary-years-programme/curriculum/
https://education.asfai.org/frameworks/ib-pyp-pspe/versions/2009/items/PSPE.INT.P4.CU.1,ib-pyp-pspe,PSPE.INT.P4.CU.1,ib-pyp-pspe:PSPE.INT.P4.CU.1,2009,0,false,https://www.ibo.org/programmes/primary-years-programme/curriculum/
https://education.asfai.org/frameworks/ib-pyp-pspe/versions/2009/items/PSPE.INT.P4.CU.2,ib-pyp-pspe,PSPE.INT.P4.CU.2,ib-pyp-pspe:PSPE.INT.P4.CU.2,2009,1,false,https://www.ibo.org/programmes/primary-years-programme/curriculum/
https://education.asfai.org/frameworks/ib-pyp-pspe/versions/2009/items/PSPE.INT.P4.CU.3,ib-pyp-pspe,PSPE.INT.P4.CU.3,ib-pyp-pspe:PSPE.INT.P4.CU.3,2009,0,false,https://www.ibo.org/programmes/primary-years-programme/curriculum/
https://education.asfai.org/frameworks/ib-pyp-pspe/versions/2009/items/PSPE.INT.P4.CU.4,ib-pyp-pspe,PSPE.INT.P4.CU.4,ib-pyp-pspe:PSPE.INT.P4.CU.4,2009,1,false,https://www.ibo.org/programmes/primary-years-programme/curriculum/
https://education.asfai.org/frameworks/ib-pyp-pspe/versions/2009/items/PSPE.INT.P4.CU.5,ib-pyp-pspe,PSPE.INT.P4.CU.5,ib-pyp-pspe:PSPE.INT.P4.CU.5,2009,0,false,https://www.ibo.org/programmes/primary-years-programme/curriculum/
https://education.asfai.org/frameworks/ib-pyp-pspe/versions/2009/items/PSPE.INT.P4.LO.1,ib-pyp-pspe,PSPE.INT.P4.LO.1,ib-pyp-pspe:PSPE.INT.P4.LO.1,2009,1,false,https://www.ibo.org/programmes/primary-years-programme/curriculum/
https://education.asfai.org/frameworks/ib-pyp-pspe/versions/2009/items/PSPE.INT.P4.LO.2,ib-pyp-pspe,PSPE.INT.P4.LO.2,ib-pyp-pspe:PSPE.INT.P4.LO.2,2009,0,false,https://www.ibo.org/programmes/primary-years-programme/curriculum/
https://education.asfai.org/frameworks/ib-pyp-pspe/versions/2009/items/PSPE.INT.P4.LO.3,ib-pyp-pspe,PSPE.INT.P4.LO.3,ib-pyp-pspe:PSPE.INT.P4.LO.3,2009,1,false,https://www.ibo.org/programmes/primary-years-programme/curriculum/
https://education.asfai.org/frameworks/ib-pyp-pspe/versions/2009/items/PSPE.INT.P4.LO.4,ib-pyp-pspe,PSPE.INT.P4.LO.4,ib-pyp-pspe:PSPE.INT.P4.LO.4,2009,0,false,https://www.ibo.org/programmes/primary-years-programme/curriculum/
https://education.asfai.org/frameworks/ib-pyp-pspe/versions/2009/items/PSPE.INT.P4.LO.5,ib-pyp-pspe,PSPE.INT.P4.LO.5,ib-pyp-pspe:PSPE.INT.P4.LO.5,2009,1,false,https://www.ibo.org/programmes/primary-years-programme/curriculum/
https://education.asfai.org/frameworks/ngss-k5/versions/2013/items/1-ESS1-1,ngss-k5,1-ESS1-1,ngss-k5:1-ESS1-1,2013,1,false,https://www.nextgenscience.org/search-standards
https://education.asfai.org/frameworks/ngss-k5/versions/2013/items/1-ESS1-2,ngss-k5,1-ESS1-2,ngss-k5:1-ESS1-2,2013,1,false,https://www.nextgenscience.org/search-standards
https://education.asfai.org/frameworks/ngss-k5/versions/2013/items/1-LS1-1,ngss-k5,1-LS1-1,ngss-k5:1-LS1-1,2013,1,false,https://www.nextgenscience.org/search-standards
https://education.asfai.org/frameworks/ngss-k5/versions/2013/items/1-LS1-2,ngss-k5,1-LS1-2,ngss-k5:1-LS1-2,2013,1,false,https://www.nextgenscience.org/search-standards
https://education.asfai.org/frameworks/ngss-k5/versions/2013/items/1-LS3-1,ngss-k5,1-LS3-1,ngss-k5:1-LS3-1,2013,2,false,https://www.nextgenscience.org/search-standards
https://education.asfai.org/frameworks/ngss-k5/versions/2013/items/1-PS4-1,ngss-k5,1-PS4-1,ngss-k5:1-PS4-1,2013,1,false,https://www.nextgenscience.org/search-standards
https://education.asfai.org/frameworks/ngss-k5/versions/2013/items/1-PS4-2,ngss-k5,1-PS4-2,ngss-k5:1-PS4-2,2013,1,false,https://www.nextgenscience.org/search-standards
https://education.asfai.org/frameworks/ngss-k5/versions/2013/items/1-PS4-3,ngss-k5,1-PS4-3,ngss-k5:1-PS4-3,2013,1,false,https://www.nextgenscience.org/search-standards
https://education.asfai.org/frameworks/ngss-k5/versions/2013/items/1-PS4-4,ngss-k5,1-PS4-4,ngss-k5:1-PS4-4,2013,1,false,https://www.nextgenscience.org/search-standards
https://education.asfai.org/frameworks/ngss-k5/versions/2013/items/2-ESS1-1,ngss-k5,2-ESS1-1,ngss-k5:2-ESS1-1,2013,1,false,https://www.nextgenscience.org/search-standards
https://education.asfai.org/frameworks/ngss-k5/versions/2013/items/2-ESS2-1,ngss-k5,2-ESS2-1,ngss-k5:2-ESS2-1,2013,1,false,https://www.nextgenscience.org/search-standards
https://education.asfai.org/frameworks/ngss-k5/versions/2013/items/2-ESS2-2,ngss-k5,2-ESS2-2,ngss-k5:2-ESS2-2,2013,1,false,https://www.nextgenscience.org/search-standards
https://education.asfai.org/frameworks/ngss-k5/versions/2013/items/2-ESS2-3,ngss-k5,2-ESS2-3,ngss-k5:2-ESS2-3,2013,1,false,https://www.nextgenscience.org/search-standards
https://education.asfai.org/frameworks/ngss-k5/versions/2013/items/2-LS2-1,ngss-k5,2-LS2-1,ngss-k5:2-LS2-1,2013,1,false,https://www.nextgenscience.org/search-standards
https://education.asfai.org/frameworks/ngss-k5/versions/2013/items/2-LS2-2,ngss-k5,2-LS2-2,ngss-k5:2-LS2-2,2013,1,false,https://www.nextgenscience.org/search-standards
https://education.asfai.org/frameworks/ngss-k5/versions/2013/items/2-LS4-1,ngss-k5,2-LS4-1,ngss-k5:2-LS4-1,2013,2,false,https://www.nextgenscience.org/search-standards
https://education.asfai.org/frameworks/ngss-k5/versions/2013/items/2-PS1-1,ngss-k5,2-PS1-1,ngss-k5:2-PS1-1,2013,1,false,https://www.nextgenscience.org/search-standards
https://education.asfai.org/frameworks/ngss-k5/versions/2013/items/2-PS1-2,ngss-k5,2-PS1-2,ngss-k5:2-PS1-2,2013,2,false,https://www.nextgenscience.org/search-standards
https://education.asfai.org/frameworks/ngss-k5/versions/2013/items/2-PS1-3,ngss-k5,2-PS1-3,ngss-k5:2-PS1-3,2013,1,false,https://www.nextgenscience.org/search-standards
https://education.asfai.org/frameworks/ngss-k5/versions/2013/items/2-PS1-4,ngss-k5,2-PS1-4,ngss-k5:2-PS1-4,2013,1,false,https://www.nextgenscience.org/search-standards
https://education.asfai.org/frameworks/ngss-k5/versions/2013/items/3-5-ETS1-1,ngss-k5,3-5-ETS1-1,ngss-k5:3-5-ETS1-1,2013,1,false,https://www.nextgenscience.org/search-standards
https://education.asfai.org/frameworks/ngss-k5/versions/2013/items/3-5-ETS1-2,ngss-k5,3-5-ETS1-2,ngss-k5:3-5-ETS1-2,2013,1,false,https://www.nextgenscience.org/search-standards
https://education.asfai.org/frameworks/ngss-k5/versions/2013/items/3-5-ETS1-3,ngss-k5,3-5-ETS1-3,ngss-k5:3-5-ETS1-3,2013,1,false,https://www.nextgenscience.org/search-standards
https://education.asfai.org/frameworks/ngss-k5/versions/2013/items/3-ESS2-1,ngss-k5,3-ESS2-1,ngss-k5:3-ESS2-1,2013,1,false,https://www.nextgenscience.org/search-standards
https://education.asfai.org/frameworks/ngss-k5/versions/2013/items/3-ESS2-2,ngss-k5,3-ESS2-2,ngss-k5:3-ESS2-2,2013,1,false,https://www.nextgenscience.org/search-standards
https://education.asfai.org/frameworks/ngss-k5/versions/2013/items/3-ESS3-1,ngss-k5,3-ESS3-1,ngss-k5:3-ESS3-1,2013,1,false,https://www.nextgenscience.org/search-standards
https://education.asfai.org/frameworks/ngss-k5/versions/2013/items/3-LS1-1,ngss-k5,3-LS1-1,ngss-k5:3-LS1-1,2013,1,false,https://www.nextgenscience.org/search-standards
https://education.asfai.org/frameworks/ngss-k5/versions/2013/items/3-LS2-1,ngss-k5,3-LS2-1,ngss-k5:3-LS2-1,2013,1,false,https://www.nextgenscience.org/search-standards
https://education.asfai.org/frameworks/ngss-k5/versions/2013/items/3-LS3-1,ngss-k5,3-LS3-1,ngss-k5:3-LS3-1,2013,1,false,https://www.nextgenscience.org/search-standards
https://education.asfai.org/frameworks/ngss-k5/versions/2013/items/3-LS3-2,ngss-k5,3-LS3-2,ngss-k5:3-LS3-2,2013,1,false,https://www.nextgenscience.org/search-standards
https://education.asfai.org/frameworks/ngss-k5/versions/2013/items/3-LS4-1,ngss-k5,3-LS4-1,ngss-k5:3-LS4-1,2013,1,false,https://www.nextgenscience.org/search-standards
https://education.asfai.org/frameworks/ngss-k5/versions/2013/items/3-LS4-2,ngss-k5,3-LS4-2,ngss-k5:3-LS4-2,2013,1,false,https://www.nextgenscience.org/search-standards
https://education.asfai.org/frameworks/ngss-k5/versions/2013/items/3-LS4-3,ngss-k5,3-LS4-3,ngss-k5:3-LS4-3,2013,1,false,https://www.nextgenscience.org/search-standards
https://education.asfai.org/frameworks/ngss-k5/versions/2013/items/3-LS4-4,ngss-k5,3-LS4-4,ngss-k5:3-LS4-4,2013,1,false,https://www.nextgenscience.org/search-standards
https://education.asfai.org/frameworks/ngss-k5/versions/2013/items/3-PS2-1,ngss-k5,3-PS2-1,ngss-k5:3-PS2-1,2013,1,false,https://www.nextgenscience.org/search-standards
https://education.asfai.org/frameworks/ngss-k5/versions/2013/items/3-PS2-2,ngss-k5,3-PS2-2,ngss-k5:3-PS2-2,2013,1,false,https://www.nextgenscience.org/search-standards
https://education.asfai.org/frameworks/ngss-k5/versions/2013/items/3-PS2-3,ngss-k5,3-PS2-3,ngss-k5:3-PS2-3,2013,1,false,https://www.nextgenscience.org/search-standards
https://education.asfai.org/frameworks/ngss-k5/versions/2013/items/3-PS2-4,ngss-k5,3-PS2-4,ngss-k5:3-PS2-4,2013,1,false,https://www.nextgenscience.org/search-standards
https://education.asfai.org/frameworks/ngss-k5/versions/2013/items/4-ESS1-1,ngss-k5,4-ESS1-1,ngss-k5:4-ESS1-1,2013,1,false,https://www.nextgenscience.org/search-standards
https://education.asfai.org/frameworks/ngss-k5/versions/2013/items/4-ESS2-1,ngss-k5,4-ESS2-1,ngss-k5:4-ESS2-1,2013,1,false,https://www.nextgenscience.org/search-standards
https://education.asfai.org/frameworks/ngss-k5/versions/2013/items/4-ESS2-2,ngss-k5,4-ESS2-2,ngss-k5:4-ESS2-2,2013,1,false,https://www.nextgenscience.org/search-standards
https://education.asfai.org/frameworks/ngss-k5/versions/2013/items/4-ESS3-1,ngss-k5,4-ESS3-1,ngss-k5:4-ESS3-1,2013,1,false,https://www.nextgenscience.org/search-standards
https://education.asfai.org/frameworks/ngss-k5/versions/2013/items/4-ESS3-2,ngss-k5,4-ESS3-2,ngss-k5:4-ESS3-2,2013,1,false,https://www.nextgenscience.org/search-standards
https://education.asfai.org/frameworks/ngss-k5/versions/2013/items/4-LS1-1,ngss-k5,4-LS1-1,ngss-k5:4-LS1-1,2013,1,false,https://www.nextgenscience.org/search-standards
https://education.asfai.org/frameworks/ngss-k5/versions/2013/items/4-LS1-2,ngss-k5,4-LS1-2,ngss-k5:4-LS1-2,2013,1,false,https://www.nextgenscience.org/search-standards
https://education.asfai.org/frameworks/ngss-k5/versions/2013/items/4-PS3-1,ngss-k5,4-PS3-1,ngss-k5:4-PS3-1,2013,1,false,https://www.nextgenscience.org/search-standards
https://education.asfai.org/frameworks/ngss-k5/versions/2013/items/4-PS3-2,ngss-k5,4-PS3-2,ngss-k5:4-PS3-2,2013,1,false,https://www.nextgenscience.org/search-standards
https://education.asfai.org/frameworks/ngss-k5/versions/2013/items/4-PS3-3,ngss-k5,4-PS3-3,ngss-k5:4-PS3-3,2013,1,false,https://www.nextgenscience.org/search-standards
https://education.asfai.org/frameworks/ngss-k5/versions/2013/items/4-PS3-4,ngss-k5,4-PS3-4,ngss-k5:4-PS3-4,2013,1,false,https://www.nextgenscience.org/search-standards
https://education.asfai.org/frameworks/ngss-k5/versions/2013/items/4-PS4-1,ngss-k5,4-PS4-1,ngss-k5:4-PS4-1,2013,1,false,https://www.nextgenscience.org/search-standards
https://education.asfai.org/frameworks/ngss-k5/versions/2013/items/4-PS4-2,ngss-k5,4-PS4-2,ngss-k5:4-PS4-2,2013,1,false,https://www.nextgenscience.org/search-standards
https://education.asfai.org/frameworks/ngss-k5/versions/2013/items/4-PS4-3,ngss-k5,4-PS4-3,ngss-k5:4-PS4-3,2013,1,false,https://www.nextgenscience.org/search-standards
https://education.asfai.org/frameworks/ngss-k5/versions/2013/items/5-ESS1-1,ngss-k5,5-ESS1-1,ngss-k5:5-ESS1-1,2013,1,false,https://www.nextgenscience.org/search-standards
https://education.asfai.org/frameworks/ngss-k5/versions/2013/items/5-ESS1-2,ngss-k5,5-ESS1-2,ngss-k5:5-ESS1-2,2013,2,false,https://www.nextgenscience.org/search-standards
https://education.asfai.org/frameworks/ngss-k5/versions/2013/items/5-ESS2-1,ngss-k5,5-ESS2-1,ngss-k5:5-ESS2-1,2013,1,false,https://www.nextgenscience.org/search-standards
https://education.asfai.org/frameworks/ngss-k5/versions/2013/items/5-ESS2-2,ngss-k5,5-ESS2-2,ngss-k5:5-ESS2-2,2013,1,false,https://www.nextgenscience.org/search-standards
https://education.asfai.org/frameworks/ngss-k5/versions/2013/items/5-ESS3-1,ngss-k5,5-ESS3-1,ngss-k5:5-ESS3-1,2013,1,false,https://www.nextgenscience.org/search-standards
https://education.asfai.org/frameworks/ngss-k5/versions/2013/items/5-LS1-1,ngss-k5,5-LS1-1,ngss-k5:5-LS1-1,2013,1,false,https://www.nextgenscience.org/search-standards
https://education.asfai.org/frameworks/ngss-k5/versions/2013/items/5-LS2-1,ngss-k5,5-LS2-1,ngss-k5:5-LS2-1,2013,1,false,https://www.nextgenscience.org/search-standards
https://education.asfai.org/frameworks/ngss-k5/versions/2013/items/5-PS1-1,ngss-k5,5-PS1-1,ngss-k5:5-PS1-1,2013,1,false,https://www.nextgenscience.org/search-standards
https://education.asfai.org/frameworks/ngss-k5/versions/2013/items/5-PS1-2,ngss-k5,5-PS1-2,ngss-k5:5-PS1-2,2013,1,false,https://www.nextgenscience.org/search-standards
https://education.asfai.org/frameworks/ngss-k5/versions/2013/items/5-PS1-3,ngss-k5,5-PS1-3,ngss-k5:5-PS1-3,2013,1,false,https://www.nextgenscience.org/search-standards
https://education.asfai.org/frameworks/ngss-k5/versions/2013/items/5-PS1-4,ngss-k5,5-PS1-4,ngss-k5:5-PS1-4,2013,1,false,https://www.nextgenscience.org/search-standards
https://education.asfai.org/frameworks/ngss-k5/versions/2013/items/5-PS2-1,ngss-k5,5-PS2-1,ngss-k5:5-PS2-1,2013,1,false,https://www.nextgenscience.org/search-standards
https://education.asfai.org/frameworks/ngss-k5/versions/2013/items/5-PS3-1,ngss-k5,5-PS3-1,ngss-k5:5-PS3-1,2013,1,false,https://www.nextgenscience.org/search-standards
https://education.asfai.org/frameworks/ngss-k5/versions/2013/items/K-2-ETS1-1,ngss-k5,K-2-ETS1-1,ngss-k5:K-2-ETS1-1,2013,1,false,https://www.nextgenscience.org/search-standards
https://education.asfai.org/frameworks/ngss-k5/versions/2013/items/K-2-ETS1-2,ngss-k5,K-2-ETS1-2,ngss-k5:K-2-ETS1-2,2013,1,false,https://www.nextgenscience.org/search-standards
https://education.asfai.org/frameworks/ngss-k5/versions/2013/items/K-2-ETS1-3,ngss-k5,K-2-ETS1-3,ngss-k5:K-2-ETS1-3,2013,1,false,https://www.nextgenscience.org/search-standards
https://education.asfai.org/frameworks/ngss-k5/versions/2013/items/K-ESS2-1,ngss-k5,K-ESS2-1,ngss-k5:K-ESS2-1,2013,2,false,https://www.nextgenscience.org/search-standards
https://education.asfai.org/frameworks/ngss-k5/versions/2013/items/K-ESS2-2,ngss-k5,K-ESS2-2,ngss-k5:K-ESS2-2,2013,1,false,https://www.nextgenscience.org/search-standards
https://education.asfai.org/frameworks/ngss-k5/versions/2013/items/K-ESS3-1,ngss-k5,K-ESS3-1,ngss-k5:K-ESS3-1,2013,1,false,https://www.nextgenscience.org/search-standards
https://education.asfai.org/frameworks/ngss-k5/versions/2013/items/K-ESS3-2,ngss-k5,K-ESS3-2,ngss-k5:K-ESS3-2,2013,1,false,https://www.nextgenscience.org/search-standards
https://education.asfai.org/frameworks/ngss-k5/versions/2013/items/K-ESS3-3,ngss-k5,K-ESS3-3,ngss-k5:K-ESS3-3,2013,1,false,https://www.nextgenscience.org/search-standards
https://education.asfai.org/frameworks/ngss-k5/versions/2013/items/K-LS1-1,ngss-k5,K-LS1-1,ngss-k5:K-LS1-1,2013,3,false,https://www.nextgenscience.org/search-standards
https://education.asfai.org/frameworks/ngss-k5/versions/2013/items/K-PS2-1,ngss-k5,K-PS2-1,ngss-k5:K-PS2-1,2013,1,false,https://www.nextgenscience.org/search-standards
https://education.asfai.org/frameworks/ngss-k5/versions/2013/items/K-PS2-2,ngss-k5,K-PS2-2,ngss-k5:K-PS2-2,2013,1,false,https://www.nextgenscience.org/search-standards
https://education.asfai.org/frameworks/ngss-k5/versions/2013/items/K-PS3-1,ngss-k5,K-PS3-1,ngss-k5:K-PS3-1,2013,1,false,https://www.nextgenscience.org/search-standards
https://education.asfai.org/frameworks/ngss-k5/versions/2013/items/K-PS3-2,ngss-k5,K-PS3-2,ngss-k5:K-PS3-2,2013,1,false,https://www.nextgenscience.org/search-standards
https://education.asfai.org/frameworks/ngss-ms/versions/2013/items/MS-ESS1-1,ngss-ms,MS-ESS1-1,ngss-ms:MS-ESS1-1,2013,2,false,https://www.nextgenscience.org/search-standards
https://education.asfai.org/frameworks/ngss-ms/versions/2013/items/MS-ESS1-2,ngss-ms,MS-ESS1-2,ngss-ms:MS-ESS1-2,2013,2,false,https://www.nextgenscience.org/search-standards
https://education.asfai.org/frameworks/ngss-ms/versions/2013/items/MS-ESS1-3,ngss-ms,MS-ESS1-3,ngss-ms:MS-ESS1-3,2013,0,false,https://www.nextgenscience.org/search-standards
https://education.asfai.org/frameworks/ngss-ms/versions/2013/items/MS-ESS1-4,ngss-ms,MS-ESS1-4,ngss-ms:MS-ESS1-4,2013,0,false,https://www.nextgenscience.org/search-standards
https://education.asfai.org/frameworks/ngss-ms/versions/2013/items/MS-ESS2-1,ngss-ms,MS-ESS2-1,ngss-ms:MS-ESS2-1,2013,1,false,https://www.nextgenscience.org/search-standards
https://education.asfai.org/frameworks/ngss-ms/versions/2013/items/MS-ESS2-2,ngss-ms,MS-ESS2-2,ngss-ms:MS-ESS2-2,2013,0,false,https://www.nextgenscience.org/search-standards
https://education.asfai.org/frameworks/ngss-ms/versions/2013/items/MS-ESS2-3,ngss-ms,MS-ESS2-3,ngss-ms:MS-ESS2-3,2013,0,false,https://www.nextgenscience.org/search-standards
https://education.asfai.org/frameworks/ngss-ms/versions/2013/items/MS-ESS2-4,ngss-ms,MS-ESS2-4,ngss-ms:MS-ESS2-4,2013,0,false,https://www.nextgenscience.org/search-standards
https://education.asfai.org/frameworks/ngss-ms/versions/2013/items/MS-ESS2-5,ngss-ms,MS-ESS2-5,ngss-ms:MS-ESS2-5,2013,0,false,https://www.nextgenscience.org/search-standards
https://education.asfai.org/frameworks/ngss-ms/versions/2013/items/MS-ESS2-6,ngss-ms,MS-ESS2-6,ngss-ms:MS-ESS2-6,2013,0,false,https://www.nextgenscience.org/search-standards
https://education.asfai.org/frameworks/ngss-ms/versions/2013/items/MS-ESS3-1,ngss-ms,MS-ESS3-1,ngss-ms:MS-ESS3-1,2013,0,false,https://www.nextgenscience.org/search-standards
https://education.asfai.org/frameworks/ngss-ms/versions/2013/items/MS-ESS3-2,ngss-ms,MS-ESS3-2,ngss-ms:MS-ESS3-2,2013,0,false,https://www.nextgenscience.org/search-standards
https://education.asfai.org/frameworks/ngss-ms/versions/2013/items/MS-ESS3-3,ngss-ms,MS-ESS3-3,ngss-ms:MS-ESS3-3,2013,0,false,https://www.nextgenscience.org/search-standards
https://education.asfai.org/frameworks/ngss-ms/versions/2013/items/MS-ESS3-4,ngss-ms,MS-ESS3-4,ngss-ms:MS-ESS3-4,2013,2,false,https://www.nextgenscience.org/search-standards
https://education.asfai.org/frameworks/ngss-ms/versions/2013/items/MS-ESS3-5,ngss-ms,MS-ESS3-5,ngss-ms:MS-ESS3-5,2013,1,false,https://www.nextgenscience.org/search-standards
https://education.asfai.org/frameworks/ngss-ms/versions/2013/items/MS-ETS1-1,ngss-ms,MS-ETS1-1,ngss-ms:MS-ETS1-1,2013,0,false,https://www.nextgenscience.org/search-standards
https://education.asfai.org/frameworks/ngss-ms/versions/2013/items/MS-ETS1-2,ngss-ms,MS-ETS1-2,ngss-ms:MS-ETS1-2,2013,0,false,https://www.nextgenscience.org/search-standards
https://education.asfai.org/frameworks/ngss-ms/versions/2013/items/MS-ETS1-3,ngss-ms,MS-ETS1-3,ngss-ms:MS-ETS1-3,2013,0,false,https://www.nextgenscience.org/search-standards
https://education.asfai.org/frameworks/ngss-ms/versions/2013/items/MS-ETS1-4,ngss-ms,MS-ETS1-4,ngss-ms:MS-ETS1-4,2013,0,false,https://www.nextgenscience.org/search-standards
https://education.asfai.org/frameworks/ngss-ms/versions/2013/items/MS-LS1-1,ngss-ms,MS-LS1-1,ngss-ms:MS-LS1-1,2013,2,false,https://www.nextgenscience.org/search-standards
https://education.asfai.org/frameworks/ngss-ms/versions/2013/items/MS-LS1-2,ngss-ms,MS-LS1-2,ngss-ms:MS-LS1-2,2013,2,false,https://www.nextgenscience.org/search-standards
https://education.asfai.org/frameworks/ngss-ms/versions/2013/items/MS-LS1-3,ngss-ms,MS-LS1-3,ngss-ms:MS-LS1-3,2013,0,false,https://www.nextgenscience.org/search-standards
https://education.asfai.org/frameworks/ngss-ms/versions/2013/items/MS-LS1-4,ngss-ms,MS-LS1-4,ngss-ms:MS-LS1-4,2013,0,false,https://www.nextgenscience.org/search-standards
https://education.asfai.org/frameworks/ngss-ms/versions/2013/items/MS-LS1-5,ngss-ms,MS-LS1-5,ngss-ms:MS-LS1-5,2013,0,false,https://www.nextgenscience.org/search-standards
https://education.asfai.org/frameworks/ngss-ms/versions/2013/items/MS-LS1-6,ngss-ms,MS-LS1-6,ngss-ms:MS-LS1-6,2013,1,false,https://www.nextgenscience.org/search-standards
https://education.asfai.org/frameworks/ngss-ms/versions/2013/items/MS-LS1-7,ngss-ms,MS-LS1-7,ngss-ms:MS-LS1-7,2013,2,false,https://www.nextgenscience.org/search-standards
https://education.asfai.org/frameworks/ngss-ms/versions/2013/items/MS-LS1-8,ngss-ms,MS-LS1-8,ngss-ms:MS-LS1-8,2013,0,false,https://www.nextgenscience.org/search-standards
https://education.asfai.org/frameworks/ngss-ms/versions/2013/items/MS-LS2-1,ngss-ms,MS-LS2-1,ngss-ms:MS-LS2-1,2013,2,false,https://www.nextgenscience.org/search-standards
https://education.asfai.org/frameworks/ngss-ms/versions/2013/items/MS-LS2-2,ngss-ms,MS-LS2-2,ngss-ms:MS-LS2-2,2013,0,false,https://www.nextgenscience.org/search-standards
https://education.asfai.org/frameworks/ngss-ms/versions/2013/items/MS-LS2-3,ngss-ms,MS-LS2-3,ngss-ms:MS-LS2-3,2013,1,false,https://www.nextgenscience.org/search-standards
https://education.asfai.org/frameworks/ngss-ms/versions/2013/items/MS-LS2-4,ngss-ms,MS-LS2-4,ngss-ms:MS-LS2-4,2013,4,false,https://www.nextgenscience.org/search-standards
https://education.asfai.org/frameworks/ngss-ms/versions/2013/items/MS-LS2-5,ngss-ms,MS-LS2-5,ngss-ms:MS-LS2-5,2013,1,false,https://www.nextgenscience.org/search-standards
https://education.asfai.org/frameworks/ngss-ms/versions/2013/items/MS-LS3-1,ngss-ms,MS-LS3-1,ngss-ms:MS-LS3-1,2013,1,false,https://www.nextgenscience.org/search-standards
https://education.asfai.org/frameworks/ngss-ms/versions/2013/items/MS-LS3-2,ngss-ms,MS-LS3-2,ngss-ms:MS-LS3-2,2013,2,false,https://www.nextgenscience.org/search-standards
https://education.asfai.org/frameworks/ngss-ms/versions/2013/items/MS-LS4-1,ngss-ms,MS-LS4-1,ngss-ms:MS-LS4-1,2013,1,false,https://www.nextgenscience.org/search-standards
https://education.asfai.org/frameworks/ngss-ms/versions/2013/items/MS-LS4-2,ngss-ms,MS-LS4-2,ngss-ms:MS-LS4-2,2013,1,false,https://www.nextgenscience.org/search-standards
https://education.asfai.org/frameworks/ngss-ms/versions/2013/items/MS-LS4-3,ngss-ms,MS-LS4-3,ngss-ms:MS-LS4-3,2013,0,false,https://www.nextgenscience.org/search-standards
https://education.asfai.org/frameworks/ngss-ms/versions/2013/items/MS-LS4-4,ngss-ms,MS-LS4-4,ngss-ms:MS-LS4-4,2013,1,false,https://www.nextgenscience.org/search-standards
https://education.asfai.org/frameworks/ngss-ms/versions/2013/items/MS-LS4-5,ngss-ms,MS-LS4-5,ngss-ms:MS-LS4-5,2013,1,false,https://www.nextgenscience.org/search-standards
https://education.asfai.org/frameworks/ngss-ms/versions/2013/items/MS-LS4-6,ngss-ms,MS-LS4-6,ngss-ms:MS-LS4-6,2013,0,false,https://www.nextgenscience.org/search-standards
https://education.asfai.org/frameworks/ngss-ms/versions/2013/items/MS-PS1-1,ngss-ms,MS-PS1-1,ngss-ms:MS-PS1-1,2013,2,false,https://www.nextgenscience.org/search-standards
https://education.asfai.org/frameworks/ngss-ms/versions/2013/items/MS-PS1-2,ngss-ms,MS-PS1-2,ngss-ms:MS-PS1-2,2013,2,false,https://www.nextgenscience.org/search-standards
https://education.asfai.org/frameworks/ngss-ms/versions/2013/items/MS-PS1-3,ngss-ms,MS-PS1-3,ngss-ms:MS-PS1-3,2013,1,false,https://www.nextgenscience.org/search-standards
https://education.asfai.org/frameworks/ngss-ms/versions/2013/items/MS-PS1-4,ngss-ms,MS-PS1-4,ngss-ms:MS-PS1-4,2013,2,false,https://www.nextgenscience.org/search-standards
https://education.asfai.org/frameworks/ngss-ms/versions/2013/items/MS-PS1-5,ngss-ms,MS-PS1-5,ngss-ms:MS-PS1-5,2013,1,false,https://www.nextgenscience.org/search-standards
https://education.asfai.org/frameworks/ngss-ms/versions/2013/items/MS-PS1-6,ngss-ms,MS-PS1-6,ngss-ms:MS-PS1-6,2013,0,false,https://www.nextgenscience.org/search-standards
https://education.asfai.org/frameworks/ngss-ms/versions/2013/items/MS-PS2-1,ngss-ms,MS-PS2-1,ngss-ms:MS-PS2-1,2013,4,false,https://www.nextgenscience.org/search-standards
https://education.asfai.org/frameworks/ngss-ms/versions/2013/items/MS-PS2-2,ngss-ms,MS-PS2-2,ngss-ms:MS-PS2-2,2013,3,false,https://www.nextgenscience.org/search-standards
https://education.asfai.org/frameworks/ngss-ms/versions/2013/items/MS-PS2-3,ngss-ms,MS-PS2-3,ngss-ms:MS-PS2-3,2013,4,false,https://www.nextgenscience.org/search-standards
https://education.asfai.org/frameworks/ngss-ms/versions/2013/items/MS-PS2-4,ngss-ms,MS-PS2-4,ngss-ms:MS-PS2-4,2013,1,false,https://www.nextgenscience.org/search-standards
https://education.asfai.org/frameworks/ngss-ms/versions/2013/items/MS-PS2-5,ngss-ms,MS-PS2-5,ngss-ms:MS-PS2-5,2013,2,false,https://www.nextgenscience.org/search-standards
https://education.asfai.org/frameworks/ngss-ms/versions/2013/items/MS-PS3-1,ngss-ms,MS-PS3-1,ngss-ms:MS-PS3-1,2013,1,false,https://www.nextgenscience.org/search-standards
https://education.asfai.org/frameworks/ngss-ms/versions/2013/items/MS-PS3-2,ngss-ms,MS-PS3-2,ngss-ms:MS-PS3-2,2013,1,false,https://www.nextgenscience.org/search-standards
https://education.asfai.org/frameworks/ngss-ms/versions/2013/items/MS-PS3-3,ngss-ms,MS-PS3-3,ngss-ms:MS-PS3-3,2013,0,false,https://www.nextgenscience.org/search-standards
https://education.asfai.org/frameworks/ngss-ms/versions/2013/items/MS-PS3-4,ngss-ms,MS-PS3-4,ngss-ms:MS-PS3-4,2013,0,false,https://www.nextgenscience.org/search-standards
https://education.asfai.org/frameworks/ngss-ms/versions/2013/items/MS-PS3-5,ngss-ms,MS-PS3-5,ngss-ms:MS-PS3-5,2013,1,false,https://www.nextgenscience.org/search-standards
https://education.asfai.org/frameworks/ngss-ms/versions/2013/items/MS-PS4-1,ngss-ms,MS-PS4-1,ngss-ms:MS-PS4-1,2013,1,false,https://www.nextgenscience.org/search-standards
https://education.asfai.org/frameworks/ngss-ms/versions/2013/items/MS-PS4-2,ngss-ms,MS-PS4-2,ngss-ms:MS-PS4-2,2013,2,false,https://www.nextgenscience.org/search-standards
https://education.asfai.org/frameworks/ngss-ms/versions/2013/items/MS-PS4-3,ngss-ms,MS-PS4-3,ngss-ms:MS-PS4-3,2013,0,false,https://www.nextgenscience.org/search-standards
https://education.asfai.org/frameworks/uk-nc-2013/versions/september-2013/items/AD.KS1.1,uk-nc-2013,AD.KS1.1,uk-nc-2013:AD.KS1.1,September 2013,0,false,https://www.gov.uk/government/publications/national-curriculum-in-england-framework-for-key-stages-1-to-4
https://education.asfai.org/frameworks/uk-nc-2013/versions/september-2013/items/AD.KS1.2,uk-nc-2013,AD.KS1.2,uk-nc-2013:AD.KS1.2,September 2013,0,false,https://www.gov.uk/government/publications/national-curriculum-in-england-framework-for-key-stages-1-to-4
https://education.asfai.org/frameworks/uk-nc-2013/versions/september-2013/items/AD.KS1.3,uk-nc-2013,AD.KS1.3,uk-nc-2013:AD.KS1.3,September 2013,0,false,https://www.gov.uk/government/publications/national-curriculum-in-england-framework-for-key-stages-1-to-4
https://education.asfai.org/frameworks/uk-nc-2013/versions/september-2013/items/AD.KS1.4,uk-nc-2013,AD.KS1.4,uk-nc-2013:AD.KS1.4,September 2013,0,false,https://www.gov.uk/government/publications/national-curriculum-in-england-framework-for-key-stages-1-to-4
https://education.asfai.org/frameworks/uk-nc-2013/versions/september-2013/items/AD.KS2.1,uk-nc-2013,AD.KS2.1,uk-nc-2013:AD.KS2.1,September 2013,0,false,https://www.gov.uk/government/publications/national-curriculum-in-england-framework-for-key-stages-1-to-4
https://education.asfai.org/frameworks/uk-nc-2013/versions/september-2013/items/AD.KS2.2,uk-nc-2013,AD.KS2.2,uk-nc-2013:AD.KS2.2,September 2013,0,false,https://www.gov.uk/government/publications/national-curriculum-in-england-framework-for-key-stages-1-to-4
https://education.asfai.org/frameworks/uk-nc-2013/versions/september-2013/items/AD.KS2.3,uk-nc-2013,AD.KS2.3,uk-nc-2013:AD.KS2.3,September 2013,0,false,https://www.gov.uk/government/publications/national-curriculum-in-england-framework-for-key-stages-1-to-4
https://education.asfai.org/frameworks/uk-nc-2013/versions/september-2013/items/CO.KS1.1,uk-nc-2013,CO.KS1.1,uk-nc-2013:CO.KS1.1,September 2013,0,false,https://www.gov.uk/government/publications/national-curriculum-in-england-framework-for-key-stages-1-to-4
https://education.asfai.org/frameworks/uk-nc-2013/versions/september-2013/items/CO.KS1.2,uk-nc-2013,CO.KS1.2,uk-nc-2013:CO.KS1.2,September 2013,0,false,https://www.gov.uk/government/publications/national-curriculum-in-england-framework-for-key-stages-1-to-4
https://education.asfai.org/frameworks/uk-nc-2013/versions/september-2013/items/CO.KS1.3,uk-nc-2013,CO.KS1.3,uk-nc-2013:CO.KS1.3,September 2013,0,false,https://www.gov.uk/government/publications/national-curriculum-in-england-framework-for-key-stages-1-to-4
https://education.asfai.org/frameworks/uk-nc-2013/versions/september-2013/items/CO.KS1.4,uk-nc-2013,CO.KS1.4,uk-nc-2013:CO.KS1.4,September 2013,0,false,https://www.gov.uk/government/publications/national-curriculum-in-england-framework-for-key-stages-1-to-4
https://education.asfai.org/frameworks/uk-nc-2013/versions/september-2013/items/CO.KS1.5,uk-nc-2013,CO.KS1.5,uk-nc-2013:CO.KS1.5,September 2013,0,false,https://www.gov.uk/government/publications/national-curriculum-in-england-framework-for-key-stages-1-to-4
https://education.asfai.org/frameworks/uk-nc-2013/versions/september-2013/items/CO.KS1.6,uk-nc-2013,CO.KS1.6,uk-nc-2013:CO.KS1.6,September 2013,0,false,https://www.gov.uk/government/publications/national-curriculum-in-england-framework-for-key-stages-1-to-4
https://education.asfai.org/frameworks/uk-nc-2013/versions/september-2013/items/CO.KS2.1,uk-nc-2013,CO.KS2.1,uk-nc-2013:CO.KS2.1,September 2013,0,false,https://www.gov.uk/government/publications/national-curriculum-in-england-framework-for-key-stages-1-to-4
https://education.asfai.org/frameworks/uk-nc-2013/versions/september-2013/items/CO.KS2.2,uk-nc-2013,CO.KS2.2,uk-nc-2013:CO.KS2.2,September 2013,0,false,https://www.gov.uk/government/publications/national-curriculum-in-england-framework-for-key-stages-1-to-4
https://education.asfai.org/frameworks/uk-nc-2013/versions/september-2013/items/CO.KS2.3,uk-nc-2013,CO.KS2.3,uk-nc-2013:CO.KS2.3,September 2013,0,false,https://www.gov.uk/government/publications/national-curriculum-in-england-framework-for-key-stages-1-to-4
https://education.asfai.org/frameworks/uk-nc-2013/versions/september-2013/items/CO.KS2.4,uk-nc-2013,CO.KS2.4,uk-nc-2013:CO.KS2.4,September 2013,0,false,https://www.gov.uk/government/publications/national-curriculum-in-england-framework-for-key-stages-1-to-4
https://education.asfai.org/frameworks/uk-nc-2013/versions/september-2013/items/CO.KS2.5,uk-nc-2013,CO.KS2.5,uk-nc-2013:CO.KS2.5,September 2013,0,false,https://www.gov.uk/government/publications/national-curriculum-in-england-framework-for-key-stages-1-to-4
https://education.asfai.org/frameworks/uk-nc-2013/versions/september-2013/items/CO.KS2.6,uk-nc-2013,CO.KS2.6,uk-nc-2013:CO.KS2.6,September 2013,0,false,https://www.gov.uk/government/publications/national-curriculum-in-england-framework-for-key-stages-1-to-4
https://education.asfai.org/frameworks/uk-nc-2013/versions/september-2013/items/CO.KS2.7,uk-nc-2013,CO.KS2.7,uk-nc-2013:CO.KS2.7,September 2013,0,false,https://www.gov.uk/government/publications/national-curriculum-in-england-framework-for-key-stages-1-to-4
https://education.asfai.org/frameworks/uk-nc-2013/versions/september-2013/items/DT.KS1.CN.1,uk-nc-2013,DT.KS1.CN.1,uk-nc-2013:DT.KS1.CN.1,September 2013,0,false,https://www.gov.uk/government/publications/national-curriculum-in-england-framework-for-key-stages-1-to-4
https://education.asfai.org/frameworks/uk-nc-2013/versions/september-2013/items/DT.KS1.CN.2,uk-nc-2013,DT.KS1.CN.2,uk-nc-2013:DT.KS1.CN.2,September 2013,0,false,https://www.gov.uk/government/publications/national-curriculum-in-england-framework-for-key-stages-1-to-4
https://education.asfai.org/frameworks/uk-nc-2013/versions/september-2013/items/DT.KS1.D.1,uk-nc-2013,DT.KS1.D.1,uk-nc-2013:DT.KS1.D.1,September 2013,0,false,https://www.gov.uk/government/publications/national-curriculum-in-england-framework-for-key-stages-1-to-4
https://education.asfai.org/frameworks/uk-nc-2013/versions/september-2013/items/DT.KS1.D.2,uk-nc-2013,DT.KS1.D.2,uk-nc-2013:DT.KS1.D.2,September 2013,0,false,https://www.gov.uk/government/publications/national-curriculum-in-england-framework-for-key-stages-1-to-4
https://education.asfai.org/frameworks/uk-nc-2013/versions/september-2013/items/DT.KS1.E.1,uk-nc-2013,DT.KS1.E.1,uk-nc-2013:DT.KS1.E.1,September 2013,0,false,https://www.gov.uk/government/publications/national-curriculum-in-england-framework-for-key-stages-1-to-4
https://education.asfai.org/frameworks/uk-nc-2013/versions/september-2013/items/DT.KS1.E.2,uk-nc-2013,DT.KS1.E.2,uk-nc-2013:DT.KS1.E.2,September 2013,0,false,https://www.gov.uk/government/publications/national-curriculum-in-england-framework-for-key-stages-1-to-4
https://education.asfai.org/frameworks/uk-nc-2013/versions/september-2013/items/DT.KS1.M.1,uk-nc-2013,DT.KS1.M.1,uk-nc-2013:DT.KS1.M.1,September 2013,0,false,https://www.gov.uk/government/publications/national-curriculum-in-england-framework-for-key-stages-1-to-4
https://education.asfai.org/frameworks/uk-nc-2013/versions/september-2013/items/DT.KS1.M.2,uk-nc-2013,DT.KS1.M.2,uk-nc-2013:DT.KS1.M.2,September 2013,0,false,https://www.gov.uk/government/publications/national-curriculum-in-england-framework-for-key-stages-1-to-4
https://education.asfai.org/frameworks/uk-nc-2013/versions/september-2013/items/DT.KS1.TK.1,uk-nc-2013,DT.KS1.TK.1,uk-nc-2013:DT.KS1.TK.1,September 2013,0,false,https://www.gov.uk/government/publications/national-curriculum-in-england-framework-for-key-stages-1-to-4
https://education.asfai.org/frameworks/uk-nc-2013/versions/september-2013/items/DT.KS1.TK.2,uk-nc-2013,DT.KS1.TK.2,uk-nc-2013:DT.KS1.TK.2,September 2013,0,false,https://www.gov.uk/government/publications/national-curriculum-in-england-framework-for-key-stages-1-to-4
https://education.asfai.org/frameworks/uk-nc-2013/versions/september-2013/items/DT.KS2.CN.1,uk-nc-2013,DT.KS2.CN.1,uk-nc-2013:DT.KS2.CN.1,September 2013,0,false,https://www.gov.uk/government/publications/national-curriculum-in-england-framework-for-key-stages-1-to-4
https://education.asfai.org/frameworks/uk-nc-2013/versions/september-2013/items/DT.KS2.CN.2,uk-nc-2013,DT.KS2.CN.2,uk-nc-2013:DT.KS2.CN.2,September 2013,0,false,https://www.gov.uk/government/publications/national-curriculum-in-england-framework-for-key-stages-1-to-4
https://education.asfai.org/frameworks/uk-nc-2013/versions/september-2013/items/DT.KS2.CN.3,uk-nc-2013,DT.KS2.CN.3,uk-nc-2013:DT.KS2.CN.3,September 2013,0,false,https://www.gov.uk/government/publications/national-curriculum-in-england-framework-for-key-stages-1-to-4
https://education.asfai.org/frameworks/uk-nc-2013/versions/september-2013/items/DT.KS2.D.1,uk-nc-2013,DT.KS2.D.1,uk-nc-2013:DT.KS2.D.1,September 2013,0,false,https://www.gov.uk/government/publications/national-curriculum-in-england-framework-for-key-stages-1-to-4
https://education.asfai.org/frameworks/uk-nc-2013/versions/september-2013/items/DT.KS2.D.2,uk-nc-2013,DT.KS2.D.2,uk-nc-2013:DT.KS2.D.2,September 2013,0,false,https://www.gov.uk/government/publications/national-curriculum-in-england-framework-for-key-stages-1-to-4
https://education.asfai.org/frameworks/uk-nc-2013/versions/september-2013/items/DT.KS2.E.1,uk-nc-2013,DT.KS2.E.1,uk-nc-2013:DT.KS2.E.1,September 2013,0,false,https://www.gov.uk/government/publications/national-curriculum-in-england-framework-for-key-stages-1-to-4
https://education.asfai.org/frameworks/uk-nc-2013/versions/september-2013/items/DT.KS2.E.2,uk-nc-2013,DT.KS2.E.2,uk-nc-2013:DT.KS2.E.2,September 2013,0,false,https://www.gov.uk/government/publications/national-curriculum-in-england-framework-for-key-stages-1-to-4
https://education.asfai.org/frameworks/uk-nc-2013/versions/september-2013/items/DT.KS2.E.3,uk-nc-2013,DT.KS2.E.3,uk-nc-2013:DT.KS2.E.3,September 2013,0,false,https://www.gov.uk/government/publications/national-curriculum-in-england-framework-for-key-stages-1-to-4
https://education.asfai.org/frameworks/uk-nc-2013/versions/september-2013/items/DT.KS2.M.1,uk-nc-2013,DT.KS2.M.1,uk-nc-2013:DT.KS2.M.1,September 2013,0,false,https://www.gov.uk/government/publications/national-curriculum-in-england-framework-for-key-stages-1-to-4
https://education.asfai.org/frameworks/uk-nc-2013/versions/september-2013/items/DT.KS2.M.2,uk-nc-2013,DT.KS2.M.2,uk-nc-2013:DT.KS2.M.2,September 2013,0,false,https://www.gov.uk/government/publications/national-curriculum-in-england-framework-for-key-stages-1-to-4
https://education.asfai.org/frameworks/uk-nc-2013/versions/september-2013/items/DT.KS2.TK.1,uk-nc-2013,DT.KS2.TK.1,uk-nc-2013:DT.KS2.TK.1,September 2013,0,false,https://www.gov.uk/government/publications/national-curriculum-in-england-framework-for-key-stages-1-to-4
https://education.asfai.org/frameworks/uk-nc-2013/versions/september-2013/items/DT.KS2.TK.2,uk-nc-2013,DT.KS2.TK.2,uk-nc-2013:DT.KS2.TK.2,September 2013,0,false,https://www.gov.uk/government/publications/national-curriculum-in-england-framework-for-key-stages-1-to-4
https://education.asfai.org/frameworks/uk-nc-2013/versions/september-2013/items/DT.KS2.TK.3,uk-nc-2013,DT.KS2.TK.3,uk-nc-2013:DT.KS2.TK.3,September 2013,0,false,https://www.gov.uk/government/publications/national-curriculum-in-england-framework-for-key-stages-1-to-4
https://education.asfai.org/frameworks/uk-nc-2013/versions/september-2013/items/DT.KS2.TK.4,uk-nc-2013,DT.KS2.TK.4,uk-nc-2013:DT.KS2.TK.4,September 2013,0,false,https://www.gov.uk/government/publications/national-curriculum-in-england-framework-for-key-stages-1-to-4
https://education.asfai.org/frameworks/uk-nc-2013/versions/september-2013/items/Eng_App1_Sp_Y34_01,uk-nc-2013,Eng_App1_Sp_Y34_01,uk-nc-2013:Eng_App1_Sp_Y34_01,September 2013,1,false,https://www.gov.uk/government/publications/national-curriculum-in-england-framework-for-key-stages-1-to-4
https://education.asfai.org/frameworks/uk-nc-2013/versions/september-2013/items/Eng_App1_Sp_Y34_02,uk-nc-2013,Eng_App1_Sp_Y34_02,uk-nc-2013:Eng_App1_Sp_Y34_02,September 2013,1,false,https://www.gov.uk/government/publications/national-curriculum-in-england-framework-for-key-stages-1-to-4
https://education.asfai.org/frameworks/uk-nc-2013/versions/september-2013/items/Eng_App1_Sp_Y34_03,uk-nc-2013,Eng_App1_Sp_Y34_03,uk-nc-2013:Eng_App1_Sp_Y34_03,September 2013,1,false,https://www.gov.uk/government/publications/national-curriculum-in-england-framework-for-key-stages-1-to-4
https://education.asfai.org/frameworks/uk-nc-2013/versions/september-2013/items/Eng_App1_Sp_Y34_04,uk-nc-2013,Eng_App1_Sp_Y34_04,uk-nc-2013:Eng_App1_Sp_Y34_04,September 2013,1,false,https://www.gov.uk/government/publications/national-curriculum-in-england-framework-for-key-stages-1-to-4
https://education.asfai.org/frameworks/uk-nc-2013/versions/september-2013/items/Eng_App1_Sp_Y34_05,uk-nc-2013,Eng_App1_Sp_Y34_05,uk-nc-2013:Eng_App1_Sp_Y34_05,September 2013,1,false,https://www.gov.uk/government/publications/national-curriculum-in-england-framework-for-key-stages-1-to-4
https://education.asfai.org/frameworks/uk-nc-2013/versions/september-2013/items/Eng_App1_Sp_Y34_06,uk-nc-2013,Eng_App1_Sp_Y34_06,uk-nc-2013:Eng_App1_Sp_Y34_06,September 2013,1,false,https://www.gov.uk/government/publications/national-curriculum-in-england-framework-for-key-stages-1-to-4
https://education.asfai.org/frameworks/uk-nc-2013/versions/september-2013/items/Eng_App1_Sp_Y34_07,uk-nc-2013,Eng_App1_Sp_Y34_07,uk-nc-2013:Eng_App1_Sp_Y34_07,September 2013,1,false,https://www.gov.uk/government/publications/national-curriculum-in-england-framework-for-key-stages-1-to-4
https://education.asfai.org/frameworks/uk-nc-2013/versions/september-2013/items/Eng_App1_Sp_Y34_08,uk-nc-2013,Eng_App1_Sp_Y34_08,uk-nc-2013:Eng_App1_Sp_Y34_08,September 2013,1,false,https://www.gov.uk/government/publications/national-curriculum-in-england-framework-for-key-stages-1-to-4
https://education.asfai.org/frameworks/uk-nc-2013/versions/september-2013/items/Eng_App1_Sp_Y34_09,uk-nc-2013,Eng_App1_Sp_Y34_09,uk-nc-2013:Eng_App1_Sp_Y34_09,September 2013,1,false,https://www.gov.uk/government/publications/national-curriculum-in-england-framework-for-key-stages-1-to-4
https://education.asfai.org/frameworks/uk-nc-2013/versions/september-2013/items/Eng_App1_Sp_Y34_10,uk-nc-2013,Eng_App1_Sp_Y34_10,uk-nc-2013:Eng_App1_Sp_Y34_10,September 2013,1,false,https://www.gov.uk/government/publications/national-curriculum-in-england-framework-for-key-stages-1-to-4
https://education.asfai.org/frameworks/uk-nc-2013/versions/september-2013/items/Eng_App1_Sp_Y34_11,uk-nc-2013,Eng_App1_Sp_Y34_11,uk-nc-2013:Eng_App1_Sp_Y34_11,September 2013,0,false,https://www.gov.uk/government/publications/national-curriculum-in-england-framework-for-key-stages-1-to-4
https://education.asfai.org/frameworks/uk-nc-2013/versions/september-2013/items/Eng_App1_Sp_Y34_12,uk-nc-2013,Eng_App1_Sp_Y34_12,uk-nc-2013:Eng_App1_Sp_Y34_12,September 2013,0,false,https://www.gov.uk/government/publications/national-curriculum-in-england-framework-for-key-stages-1-to-4
https://education.asfai.org/frameworks/uk-nc-2013/versions/september-2013/items/Eng_App1_Sp_Y34_13,uk-nc-2013,Eng_App1_Sp_Y34_13,uk-nc-2013:Eng_App1_Sp_Y34_13,September 2013,0,false,https://www.gov.uk/government/publications/national-curriculum-in-england-framework-for-key-stages-1-to-4
https://education.asfai.org/frameworks/uk-nc-2013/versions/september-2013/items/Eng_App1_Sp_Y34_14,uk-nc-2013,Eng_App1_Sp_Y34_14,uk-nc-2013:Eng_App1_Sp_Y34_14,September 2013,0,false,https://www.gov.uk/government/publications/national-curriculum-in-england-framework-for-key-stages-1-to-4
https://education.asfai.org/frameworks/uk-nc-2013/versions/september-2013/items/Eng_App1_Sp_Y34_15,uk-nc-2013,Eng_App1_Sp_Y34_15,uk-nc-2013:Eng_App1_Sp_Y34_15,September 2013,1,false,https://www.gov.uk/government/publications/national-curriculum-in-england-framework-for-key-stages-1-to-4
https://education.asfai.org/frameworks/uk-nc-2013/versions/september-2013/items/Eng_App1_Sp_Y34_16,uk-nc-2013,Eng_App1_Sp_Y34_16,uk-nc-2013:Eng_App1_Sp_Y34_16,September 2013,1,false,https://www.gov.uk/government/publications/national-curriculum-in-england-framework-for-key-stages-1-to-4
https://education.asfai.org/frameworks/uk-nc-2013/versions/september-2013/items/Eng_App1_Sp_Y34_17,uk-nc-2013,Eng_App1_Sp_Y34_17,uk-nc-2013:Eng_App1_Sp_Y34_17,September 2013,1,false,https://www.gov.uk/government/publications/national-curriculum-in-england-framework-for-key-stages-1-to-4
https://education.asfai.org/frameworks/uk-nc-2013/versions/september-2013/items/Eng_App1_Sp_Y34_18,uk-nc-2013,Eng_App1_Sp_Y34_18,uk-nc-2013:Eng_App1_Sp_Y34_18,September 2013,1,false,https://www.gov.uk/government/publications/national-curriculum-in-england-framework-for-key-stages-1-to-4
https://education.asfai.org/frameworks/uk-nc-2013/versions/september-2013/items/Eng_App1_Sp_Y56_01,uk-nc-2013,Eng_App1_Sp_Y56_01,uk-nc-2013:Eng_App1_Sp_Y56_01,September 2013,1,false,https://www.gov.uk/government/publications/national-curriculum-in-england-framework-for-key-stages-1-to-4
https://education.asfai.org/frameworks/uk-nc-2013/versions/september-2013/items/Eng_App1_Sp_Y56_02,uk-nc-2013,Eng_App1_Sp_Y56_02,uk-nc-2013:Eng_App1_Sp_Y56_02,September 2013,1,false,https://www.gov.uk/government/publications/national-curriculum-in-england-framework-for-key-stages-1-to-4
https://education.asfai.org/frameworks/uk-nc-2013/versions/september-2013/items/Eng_App1_Sp_Y56_03,uk-nc-2013,Eng_App1_Sp_Y56_03,uk-nc-2013:Eng_App1_Sp_Y56_03,September 2013,1,false,https://www.gov.uk/government/publications/national-curriculum-in-england-framework-for-key-stages-1-to-4
https://education.asfai.org/frameworks/uk-nc-2013/versions/september-2013/items/Eng_App1_Sp_Y56_04,uk-nc-2013,Eng_App1_Sp_Y56_04,uk-nc-2013:Eng_App1_Sp_Y56_04,September 2013,1,false,https://www.gov.uk/government/publications/national-curriculum-in-england-framework-for-key-stages-1-to-4
https://education.asfai.org/frameworks/uk-nc-2013/versions/september-2013/items/Eng_App1_Sp_Y56_05,uk-nc-2013,Eng_App1_Sp_Y56_05,uk-nc-2013:Eng_App1_Sp_Y56_05,September 2013,1,false,https://www.gov.uk/government/publications/national-curriculum-in-england-framework-for-key-stages-1-to-4
https://education.asfai.org/frameworks/uk-nc-2013/versions/september-2013/items/Eng_App1_Sp_Y56_06,uk-nc-2013,Eng_App1_Sp_Y56_06,uk-nc-2013:Eng_App1_Sp_Y56_06,September 2013,1,false,https://www.gov.uk/government/publications/national-curriculum-in-england-framework-for-key-stages-1-to-4
https://education.asfai.org/frameworks/uk-nc-2013/versions/september-2013/items/Eng_App1_Sp_Y56_07,uk-nc-2013,Eng_App1_Sp_Y56_07,uk-nc-2013:Eng_App1_Sp_Y56_07,September 2013,1,false,https://www.gov.uk/government/publications/national-curriculum-in-england-framework-for-key-stages-1-to-4
https://education.asfai.org/frameworks/uk-nc-2013/versions/september-2013/items/Eng_App1_Sp_Y56_08,uk-nc-2013,Eng_App1_Sp_Y56_08,uk-nc-2013:Eng_App1_Sp_Y56_08,September 2013,1,false,https://www.gov.uk/government/publications/national-curriculum-in-england-framework-for-key-stages-1-to-4
https://education.asfai.org/frameworks/uk-nc-2013/versions/september-2013/items/Eng_App1_Sp_Y56_09,uk-nc-2013,Eng_App1_Sp_Y56_09,uk-nc-2013:Eng_App1_Sp_Y56_09,September 2013,1,false,https://www.gov.uk/government/publications/national-curriculum-in-england-framework-for-key-stages-1-to-4
https://education.asfai.org/frameworks/uk-nc-2013/versions/september-2013/items/Eng_App1_Sp_Y56_10,uk-nc-2013,Eng_App1_Sp_Y56_10,uk-nc-2013:Eng_App1_Sp_Y56_10,September 2013,1,false,https://www.gov.uk/government/publications/national-curriculum-in-england-framework-for-key-stages-1-to-4
https://education.asfai.org/frameworks/uk-nc-2013/versions/september-2013/items/Eng_App1_Sp_Y56_11,uk-nc-2013,Eng_App1_Sp_Y56_11,uk-nc-2013:Eng_App1_Sp_Y56_11,September 2013,1,false,https://www.gov.uk/government/publications/national-curriculum-in-england-framework-for-key-stages-1-to-4
https://education.asfai.org/frameworks/uk-nc-2013/versions/september-2013/items/Eng_App1_Sp_Y56_12,uk-nc-2013,Eng_App1_Sp_Y56_12,uk-nc-2013:Eng_App1_Sp_Y56_12,September 2013,1,false,https://www.gov.uk/government/publications/national-curriculum-in-england-framework-for-key-stages-1-to-4
https://education.asfai.org/frameworks/uk-nc-2013/versions/september-2013/items/Eng_App1_Y1_01,uk-nc-2013,Eng_App1_Y1_01,uk-nc-2013:Eng_App1_Y1_01,September 2013,2,false,https://www.gov.uk/government/publications/national-curriculum-in-england-framework-for-key-stages-1-to-4
https://education.asfai.org/frameworks/uk-nc-2013/versions/september-2013/items/Eng_App1_Y1_02,uk-nc-2013,Eng_App1_Y1_02,uk-nc-2013:Eng_App1_Y1_02,September 2013,1,false,https://www.gov.uk/government/publications/national-curriculum-in-england-framework-for-key-stages-1-to-4
https://education.asfai.org/frameworks/uk-nc-2013/versions/september-2013/items/Eng_App1_Y1_03,uk-nc-2013,Eng_App1_Y1_03,uk-nc-2013:Eng_App1_Y1_03,September 2013,1,false,https://www.gov.uk/government/publications/national-curriculum-in-england-framework-for-key-stages-1-to-4
https://education.asfai.org/frameworks/uk-nc-2013/versions/september-2013/items/Eng_App1_Y1_04,uk-nc-2013,Eng_App1_Y1_04,uk-nc-2013:Eng_App1_Y1_04,September 2013,2,false,https://www.gov.uk/government/publications/national-curriculum-in-england-framework-for-key-stages-1-to-4
https://education.asfai.org/frameworks/uk-nc-2013/versions/september-2013/items/Eng_App1_Y1_05,uk-nc-2013,Eng_App1_Y1_05,uk-nc-2013:Eng_App1_Y1_05,September 2013,1,false,https://www.gov.uk/government/publications/national-curriculum-in-england-framework-for-key-stages-1-to-4
https://education.asfai.org/frameworks/uk-nc-2013/versions/september-2013/items/Eng_App1_Y1_06,uk-nc-2013,Eng_App1_Y1_06,uk-nc-2013:Eng_App1_Y1_06,September 2013,1,false,https://www.gov.uk/government/publications/national-curriculum-in-england-framework-for-key-stages-1-to-4
https://education.asfai.org/frameworks/uk-nc-2013/versions/september-2013/items/Eng_App1_Y1_07,uk-nc-2013,Eng_App1_Y1_07,uk-nc-2013:Eng_App1_Y1_07,September 2013,1,false,https://www.gov.uk/government/publications/national-curriculum-in-england-framework-for-key-stages-1-to-4
https://education.asfai.org/frameworks/uk-nc-2013/versions/september-2013/items/Eng_App1_Y1_08,uk-nc-2013,Eng_App1_Y1_08,uk-nc-2013:Eng_App1_Y1_08,September 2013,1,false,https://www.gov.uk/government/publications/national-curriculum-in-england-framework-for-key-stages-1-to-4
https://education.asfai.org/frameworks/uk-nc-2013/versions/september-2013/items/Eng_App1_Y1_09,uk-nc-2013,Eng_App1_Y1_09,uk-nc-2013:Eng_App1_Y1_09,September 2013,1,false,https://www.gov.uk/government/publications/national-curriculum-in-england-framework-for-key-stages-1-to-4
https://education.asfai.org/frameworks/uk-nc-2013/versions/september-2013/items/Eng_App1_Y1_10,uk-nc-2013,Eng_App1_Y1_10,uk-nc-2013:Eng_App1_Y1_10,September 2013,1,false,https://www.gov.uk/government/publications/national-curriculum-in-england-framework-for-key-stages-1-to-4
https://education.asfai.org/frameworks/uk-nc-2013/versions/september-2013/items/Eng_App1_Y1_11,uk-nc-2013,Eng_App1_Y1_11,uk-nc-2013:Eng_App1_Y1_11,September 2013,1,false,https://www.gov.uk/government/publications/national-curriculum-in-england-framework-for-key-stages-1-to-4
https://education.asfai.org/frameworks/uk-nc-2013/versions/september-2013/items/Eng_App1_Y1_12,uk-nc-2013,Eng_App1_Y1_12,uk-nc-2013:Eng_App1_Y1_12,September 2013,1,false,https://www.gov.uk/government/publications/national-curriculum-in-england-framework-for-key-stages-1-to-4
https://education.asfai.org/frameworks/uk-nc-2013/versions/september-2013/items/Eng_App1_Y1_13,uk-nc-2013,Eng_App1_Y1_13,uk-nc-2013:Eng_App1_Y1_13,September 2013,1,false,https://www.gov.uk/government/publications/national-curriculum-in-england-framework-for-key-stages-1-to-4
https://education.asfai.org/frameworks/uk-nc-2013/versions/september-2013/items/Eng_App1_Y1_14,uk-nc-2013,Eng_App1_Y1_14,uk-nc-2013:Eng_App1_Y1_14,September 2013,1,false,https://www.gov.uk/government/publications/national-curriculum-in-england-framework-for-key-stages-1-to-4
https://education.asfai.org/frameworks/uk-nc-2013/versions/september-2013/items/Eng_App1_Y1_15,uk-nc-2013,Eng_App1_Y1_15,uk-nc-2013:Eng_App1_Y1_15,September 2013,1,false,https://www.gov.uk/government/publications/national-curriculum-in-england-framework-for-key-stages-1-to-4
https://education.asfai.org/frameworks/uk-nc-2013/versions/september-2013/items/Eng_App1_Y1_16,uk-nc-2013,Eng_App1_Y1_16,uk-nc-2013:Eng_App1_Y1_16,September 2013,1,false,https://www.gov.uk/government/publications/national-curriculum-in-england-framework-for-key-stages-1-to-4
https://education.asfai.org/frameworks/uk-nc-2013/versions/september-2013/items/Eng_App1_Y1_17,uk-nc-2013,Eng_App1_Y1_17,uk-nc-2013:Eng_App1_Y1_17,September 2013,1,false,https://www.gov.uk/government/publications/national-curriculum-in-england-framework-for-key-stages-1-to-4
https://education.asfai.org/frameworks/uk-nc-2013/versions/september-2013/items/Eng_App1_Y1_18,uk-nc-2013,Eng_App1_Y1_18,uk-nc-2013:Eng_App1_Y1_18,September 2013,1,false,https://www.gov.uk/government/publications/national-curriculum-in-england-framework-for-key-stages-1-to-4
https://education.asfai.org/frameworks/uk-nc-2013/versions/september-2013/items/Eng_App1_Y1_19,uk-nc-2013,Eng_App1_Y1_19,uk-nc-2013:Eng_App1_Y1_19,September 2013,1,false,https://www.gov.uk/government/publications/national-curriculum-in-england-framework-for-key-stages-1-to-4
https://education.asfai.org/frameworks/uk-nc-2013/versions/september-2013/items/Eng_App1_Y1_20,uk-nc-2013,Eng_App1_Y1_20,uk-nc-2013:Eng_App1_Y1_20,September 2013,1,false,https://www.gov.uk/government/publications/national-curriculum-in-england-framework-for-key-stages-1-to-4
https://education.asfai.org/frameworks/uk-nc-2013/versions/september-2013/items/Eng_App1_Y1_21,uk-nc-2013,Eng_App1_Y1_21,uk-nc-2013:Eng_App1_Y1_21,September 2013,1,false,https://www.gov.uk/government/publications/national-curriculum-in-england-framework-for-key-stages-1-to-4
https://education.asfai.org/frameworks/uk-nc-2013/versions/september-2013/items/Eng_App1_Y1_22,uk-nc-2013,Eng_App1_Y1_22,uk-nc-2013:Eng_App1_Y1_22,September 2013,1,false,https://www.gov.uk/government/publications/national-curriculum-in-england-framework-for-key-stages-1-to-4
https://education.asfai.org/frameworks/uk-nc-2013/versions/september-2013/items/Eng_App1_Y1_23,uk-nc-2013,Eng_App1_Y1_23,uk-nc-2013:Eng_App1_Y1_23,September 2013,1,false,https://www.gov.uk/government/publications/national-curriculum-in-england-framework-for-key-stages-1-to-4
https://education.asfai.org/frameworks/uk-nc-2013/versions/september-2013/items/Eng_App1_Y1_24,uk-nc-2013,Eng_App1_Y1_24,uk-nc-2013:Eng_App1_Y1_24,September 2013,1,false,https://www.gov.uk/government/publications/national-curriculum-in-england-framework-for-key-stages-1-to-4
https://education.asfai.org/frameworks/uk-nc-2013/versions/september-2013/items/Eng_App1_Y1_25,uk-nc-2013,Eng_App1_Y1_25,uk-nc-2013:Eng_App1_Y1_25,September 2013,1,false,https://www.gov.uk/government/publications/national-curriculum-in-england-framework-for-key-stages-1-to-4
https://education.asfai.org/frameworks/uk-nc-2013/versions/september-2013/items/Eng_App1_Y1_26,uk-nc-2013,Eng_App1_Y1_26,uk-nc-2013:Eng_App1_Y1_26,September 2013,1,false,https://www.gov.uk/government/publications/national-curriculum-in-england-framework-for-key-stages-1-to-4
https://education.asfai.org/frameworks/uk-nc-2013/versions/september-2013/items/Eng_App1_Y1_27,uk-nc-2013,Eng_App1_Y1_27,uk-nc-2013:Eng_App1_Y1_27,September 2013,1,false,https://www.gov.uk/government/publications/national-curriculum-in-england-framework-for-key-stages-1-to-4
https://education.asfai.org/frameworks/uk-nc-2013/versions/september-2013/items/Eng_App1_Y1_28,uk-nc-2013,Eng_App1_Y1_28,uk-nc-2013:Eng_App1_Y1_28,September 2013,1,false,https://www.gov.uk/government/publications/national-curriculum-in-england-framework-for-key-stages-1-to-4
https://education.asfai.org/frameworks/uk-nc-2013/versions/september-2013/items/Eng_App1_Y1_29,uk-nc-2013,Eng_App1_Y1_29,uk-nc-2013:Eng_App1_Y1_29,September 2013,1,false,https://www.gov.uk/government/publications/national-curriculum-in-england-framework-for-key-stages-1-to-4
https://education.asfai.org/frameworks/uk-nc-2013/versions/september-2013/items/Eng_App1_Y1_30,uk-nc-2013,Eng_App1_Y1_30,uk-nc-2013:Eng_App1_Y1_30,September 2013,1,false,https://www.gov.uk/government/publications/national-curriculum-in-england-framework-for-key-stages-1-to-4
https://education.asfai.org/frameworks/uk-nc-2013/versions/september-2013/items/Eng_App1_Y1_31,uk-nc-2013,Eng_App1_Y1_31,uk-nc-2013:Eng_App1_Y1_31,September 2013,1,false,https://www.gov.uk/government/publications/national-curriculum-in-england-framework-for-key-stages-1-to-4
https://education.asfai.org/frameworks/uk-nc-2013/versions/september-2013/items/Eng_App1_Y1_32,uk-nc-2013,Eng_App1_Y1_32,uk-nc-2013:Eng_App1_Y1_32,September 2013,1,false,https://www.gov.uk/government/publications/national-curriculum-in-england-framework-for-key-stages-1-to-4
https://education.asfai.org/frameworks/uk-nc-2013/versions/september-2013/items/Eng_App1_Y1_33,uk-nc-2013,Eng_App1_Y1_33,uk-nc-2013:Eng_App1_Y1_33,September 2013,1,false,https://www.gov.uk/government/publications/national-curriculum-in-england-framework-for-key-stages-1-to-4
https://education.asfai.org/frameworks/uk-nc-2013/versions/september-2013/items/Eng_App1_Y1_34,uk-nc-2013,Eng_App1_Y1_34,uk-nc-2013:Eng_App1_Y1_34,September 2013,1,false,https://www.gov.uk/government/publications/national-curriculum-in-england-framework-for-key-stages-1-to-4
https://education.asfai.org/frameworks/uk-nc-2013/versions/september-2013/items/Eng_App1_Y1_35,uk-nc-2013,Eng_App1_Y1_35,uk-nc-2013:Eng_App1_Y1_35,September 2013,1,false,https://www.gov.uk/government/publications/national-curriculum-in-england-framework-for-key-stages-1-to-4
https://education.asfai.org/frameworks/uk-nc-2013/versions/september-2013/items/Eng_App1_Y1_36,uk-nc-2013,Eng_App1_Y1_36,uk-nc-2013:Eng_App1_Y1_36,September 2013,1,false,https://www.gov.uk/government/publications/national-curriculum-in-england-framework-for-key-stages-1-to-4
https://education.asfai.org/frameworks/uk-nc-2013/versions/september-2013/items/Eng_App1_Y1_37,uk-nc-2013,Eng_App1_Y1_37,uk-nc-2013:Eng_App1_Y1_37,September 2013,1,false,https://www.gov.uk/government/publications/national-curriculum-in-england-framework-for-key-stages-1-to-4
https://education.asfai.org/frameworks/uk-nc-2013/versions/september-2013/items/Eng_App1_Y1_38,uk-nc-2013,Eng_App1_Y1_38,uk-nc-2013:Eng_App1_Y1_38,September 2013,1,false,https://www.gov.uk/government/publications/national-curriculum-in-england-framework-for-key-stages-1-to-4
https://education.asfai.org/frameworks/uk-nc-2013/versions/september-2013/items/Eng_App1_Y1_39,uk-nc-2013,Eng_App1_Y1_39,uk-nc-2013:Eng_App1_Y1_39,September 2013,1,false,https://www.gov.uk/government/publications/national-curriculum-in-england-framework-for-key-stages-1-to-4
https://education.asfai.org/frameworks/uk-nc-2013/versions/september-2013/items/Eng_App1_Y1_40,uk-nc-2013,Eng_App1_Y1_40,uk-nc-2013:Eng_App1_Y1_40,September 2013,1,false,https://www.gov.uk/government/publications/national-curriculum-in-england-framework-for-key-stages-1-to-4
https://education.asfai.org/frameworks/uk-nc-2013/versions/september-2013/items/Eng_App1_Y1_41,uk-nc-2013,Eng_App1_Y1_41,uk-nc-2013:Eng_App1_Y1_41,September 2013,1,false,https://www.gov.uk/government/publications/national-curriculum-in-england-framework-for-key-stages-1-to-4
https://education.asfai.org/frameworks/uk-nc-2013/versions/september-2013/items/Eng_App1_Y1_42,uk-nc-2013,Eng_App1_Y1_42,uk-nc-2013:Eng_App1_Y1_42,September 2013,1,false,https://www.gov.uk/government/publications/national-curriculum-in-england-framework-for-key-stages-1-to-4
https://education.asfai.org/frameworks/uk-nc-2013/versions/september-2013/items/Eng_App1_Y1_43,uk-nc-2013,Eng_App1_Y1_43,uk-nc-2013:Eng_App1_Y1_43,September 2013,1,false,https://www.gov.uk/government/publications/national-curriculum-in-england-framework-for-key-stages-1-to-4
https://education.asfai.org/frameworks/uk-nc-2013/versions/september-2013/items/Eng_App1_Y1_44,uk-nc-2013,Eng_App1_Y1_44,uk-nc-2013:Eng_App1_Y1_44,September 2013,1,false,https://www.gov.uk/government/publications/national-curriculum-in-england-framework-for-key-stages-1-to-4
https://education.asfai.org/frameworks/uk-nc-2013/versions/september-2013/items/Eng_App1_Y1_45,uk-nc-2013,Eng_App1_Y1_45,uk-nc-2013:Eng_App1_Y1_45,September 2013,1,false,https://www.gov.uk/government/publications/national-curriculum-in-england-framework-for-key-stages-1-to-4
https://education.asfai.org/frameworks/uk-nc-2013/versions/september-2013/items/Eng_App1_Y1_46,uk-nc-2013,Eng_App1_Y1_46,uk-nc-2013:Eng_App1_Y1_46,September 2013,1,false,https://www.gov.uk/government/publications/national-curriculum-in-england-framework-for-key-stages-1-to-4
https://education.asfai.org/frameworks/uk-nc-2013/versions/september-2013/items/Eng_App1_Y1_47,uk-nc-2013,Eng_App1_Y1_47,uk-nc-2013:Eng_App1_Y1_47,September 2013,1,false,https://www.gov.uk/government/publications/national-curriculum-in-england-framework-for-key-stages-1-to-4
https://education.asfai.org/frameworks/uk-nc-2013/versions/september-2013/items/Eng_App1_Y1_48,uk-nc-2013,Eng_App1_Y1_48,uk-nc-2013:Eng_App1_Y1_48,September 2013,1,false,https://www.gov.uk/government/publications/national-curriculum-in-england-framework-for-key-stages-1-to-4
https://education.asfai.org/frameworks/uk-nc-2013/versions/september-2013/items/Eng_App1_Y1_49,uk-nc-2013,Eng_App1_Y1_49,uk-nc-2013:Eng_App1_Y1_49,September 2013,1,false,https://www.gov.uk/government/publications/national-curriculum-in-england-framework-for-key-stages-1-to-4
https://education.asfai.org/frameworks/uk-nc-2013/versions/september-2013/items/Eng_App1_Y1_50,uk-nc-2013,Eng_App1_Y1_50,uk-nc-2013:Eng_App1_Y1_50,September 2013,1,false,https://www.gov.uk/government/publications/national-curriculum-in-england-framework-for-key-stages-1-to-4
https://education.asfai.org/frameworks/uk-nc-2013/versions/september-2013/items/Eng_App1_Y1_51,uk-nc-2013,Eng_App1_Y1_51,uk-nc-2013:Eng_App1_Y1_51,September 2013,1,false,https://www.gov.uk/government/publications/national-curriculum-in-england-framework-for-key-stages-1-to-4
https://education.asfai.org/frameworks/uk-nc-2013/versions/september-2013/items/Eng_App1_Y1_52,uk-nc-2013,Eng_App1_Y1_52,uk-nc-2013:Eng_App1_Y1_52,September 2013,1,false,https://www.gov.uk/government/publications/national-curriculum-in-england-framework-for-key-stages-1-to-4
https://education.asfai.org/frameworks/uk-nc-2013/versions/september-2013/items/Eng_App1_Y1_53,uk-nc-2013,Eng_App1_Y1_53,uk-nc-2013:Eng_App1_Y1_53,September 2013,1,false,https://www.gov.uk/government/publications/national-curriculum-in-england-framework-for-key-stages-1-to-4
https://education.asfai.org/frameworks/uk-nc-2013/versions/september-2013/items/Eng_App1_Y1_54,uk-nc-2013,Eng_App1_Y1_54,uk-nc-2013:Eng_App1_Y1_54,September 2013,1,false,https://www.gov.uk/government/publications/national-curriculum-in-england-framework-for-key-stages-1-to-4
https://education.asfai.org/frameworks/uk-nc-2013/versions/september-2013/items/Eng_App1_Y1_55,uk-nc-2013,Eng_App1_Y1_55,uk-nc-2013:Eng_App1_Y1_55,September 2013,0,false,https://www.gov.uk/government/publications/national-curriculum-in-england-framework-for-key-stages-1-to-4
https://education.asfai.org/frameworks/uk-nc-2013/versions/september-2013/items/Eng_App1_Y2_01,uk-nc-2013,Eng_App1_Y2_01,uk-nc-2013:Eng_App1_Y2_01,September 2013,2,false,https://www.gov.uk/government/publications/national-curriculum-in-england-framework-for-key-stages-1-to-4
https://education.asfai.org/frameworks/uk-nc-2013/versions/september-2013/items/Eng_App1_Y2_02,uk-nc-2013,Eng_App1_Y2_02,uk-nc-2013:Eng_App1_Y2_02,September 2013,1,false,https://www.gov.uk/government/publications/national-curriculum-in-england-framework-for-key-stages-1-to-4
https://education.asfai.org/frameworks/uk-nc-2013/versions/september-2013/items/Eng_App1_Y2_03,uk-nc-2013,Eng_App1_Y2_03,uk-nc-2013:Eng_App1_Y2_03,September 2013,1,false,https://www.gov.uk/government/publications/national-curriculum-in-england-framework-for-key-stages-1-to-4
https://education.asfai.org/frameworks/uk-nc-2013/versions/september-2013/items/Eng_App1_Y2_04,uk-nc-2013,Eng_App1_Y2_04,uk-nc-2013:Eng_App1_Y2_04,September 2013,1,false,https://www.gov.uk/government/publications/national-curriculum-in-england-framework-for-key-stages-1-to-4
https://education.asfai.org/frameworks/uk-nc-2013/versions/september-2013/items/Eng_App1_Y2_05,uk-nc-2013,Eng_App1_Y2_05,uk-nc-2013:Eng_App1_Y2_05,September 2013,1,false,https://www.gov.uk/government/publications/national-curriculum-in-england-framework-for-key-stages-1-to-4
https://education.asfai.org/frameworks/uk-nc-2013/versions/september-2013/items/Eng_App1_Y2_06,uk-nc-2013,Eng_App1_Y2_06,uk-nc-2013:Eng_App1_Y2_06,September 2013,1,false,https://www.gov.uk/government/publications/national-curriculum-in-england-framework-for-key-stages-1-to-4
https://education.asfai.org/frameworks/uk-nc-2013/versions/september-2013/items/Eng_App1_Y2_07,uk-nc-2013,Eng_App1_Y2_07,uk-nc-2013:Eng_App1_Y2_07,September 2013,1,false,https://www.gov.uk/government/publications/national-curriculum-in-england-framework-for-key-stages-1-to-4
https://education.asfai.org/frameworks/uk-nc-2013/versions/september-2013/items/Eng_App1_Y2_08,uk-nc-2013,Eng_App1_Y2_08,uk-nc-2013:Eng_App1_Y2_08,September 2013,1,false,https://www.gov.uk/government/publications/national-curriculum-in-england-framework-for-key-stages-1-to-4
https://education.asfai.org/frameworks/uk-nc-2013/versions/september-2013/items/Eng_App1_Y2_09,uk-nc-2013,Eng_App1_Y2_09,uk-nc-2013:Eng_App1_Y2_09,September 2013,1,false,https://www.gov.uk/government/publications/national-curriculum-in-england-framework-for-key-stages-1-to-4
https://education.asfai.org/frameworks/uk-nc-2013/versions/september-2013/items/Eng_App1_Y2_10,uk-nc-2013,Eng_App1_Y2_10,uk-nc-2013:Eng_App1_Y2_10,September 2013,1,false,https://www.gov.uk/government/publications/national-curriculum-in-england-framework-for-key-stages-1-to-4
https://education.asfai.org/frameworks/uk-nc-2013/versions/september-2013/items/Eng_App1_Y2_11,uk-nc-2013,Eng_App1_Y2_11,uk-nc-2013:Eng_App1_Y2_11,September 2013,1,false,https://www.gov.uk/government/publications/national-curriculum-in-england-framework-for-key-stages-1-to-4
https://education.asfai.org/frameworks/uk-nc-2013/versions/september-2013/items/Eng_App1_Y2_12,uk-nc-2013,Eng_App1_Y2_12,uk-nc-2013:Eng_App1_Y2_12,September 2013,1,false,https://www.gov.uk/government/publications/national-curriculum-in-england-framework-for-key-stages-1-to-4
https://education.asfai.org/frameworks/uk-nc-2013/versions/september-2013/items/Eng_App1_Y2_13,uk-nc-2013,Eng_App1_Y2_13,uk-nc-2013:Eng_App1_Y2_13,September 2013,1,false,https://www.gov.uk/government/publications/national-curriculum-in-england-framework-for-key-stages-1-to-4
https://education.asfai.org/frameworks/uk-nc-2013/versions/september-2013/items/Eng_App1_Y2_14,uk-nc-2013,Eng_App1_Y2_14,uk-nc-2013:Eng_App1_Y2_14,September 2013,2,false,https://www.gov.uk/government/publications/national-curriculum-in-england-framework-for-key-stages-1-to-4
https://education.asfai.org/frameworks/uk-nc-2013/versions/september-2013/items/Eng_App1_Y2_15,uk-nc-2013,Eng_App1_Y2_15,uk-nc-2013:Eng_App1_Y2_15,September 2013,2,false,https://www.gov.uk/government/publications/national-curriculum-in-england-framework-for-key-stages-1-to-4
https://education.asfai.org/frameworks/uk-nc-2013/versions/september-2013/items/Eng_App1_Y2_16,uk-nc-2013,Eng_App1_Y2_16,uk-nc-2013:Eng_App1_Y2_16,September 2013,2,false,https://www.gov.uk/government/publications/national-curriculum-in-england-framework-for-key-stages-1-to-4
https://education.asfai.org/frameworks/uk-nc-2013/versions/september-2013/items/Eng_App1_Y2_17,uk-nc-2013,Eng_App1_Y2_17,uk-nc-2013:Eng_App1_Y2_17,September 2013,2,false,https://www.gov.uk/government/publications/national-curriculum-in-england-framework-for-key-stages-1-to-4
https://education.asfai.org/frameworks/uk-nc-2013/versions/september-2013/items/Eng_App1_Y2_18,uk-nc-2013,Eng_App1_Y2_18,uk-nc-2013:Eng_App1_Y2_18,September 2013,2,false,https://www.gov.uk/government/publications/national-curriculum-in-england-framework-for-key-stages-1-to-4
https://education.asfai.org/frameworks/uk-nc-2013/versions/september-2013/items/Eng_App1_Y2_19,uk-nc-2013,Eng_App1_Y2_19,uk-nc-2013:Eng_App1_Y2_19,September 2013,2,false,https://www.gov.uk/government/publications/national-curriculum-in-england-framework-for-key-stages-1-to-4
https://education.asfai.org/frameworks/uk-nc-2013/versions/september-2013/items/Eng_App1_Y2_20,uk-nc-2013,Eng_App1_Y2_20,uk-nc-2013:Eng_App1_Y2_20,September 2013,1,false,https://www.gov.uk/government/publications/national-curriculum-in-england-framework-for-key-stages-1-to-4
https://education.asfai.org/frameworks/uk-nc-2013/versions/september-2013/items/Eng_App1_Y2_21,uk-nc-2013,Eng_App1_Y2_21,uk-nc-2013:Eng_App1_Y2_21,September 2013,1,false,https://www.gov.uk/government/publications/national-curriculum-in-england-framework-for-key-stages-1-to-4
https://education.asfai.org/frameworks/uk-nc-2013/versions/september-2013/items/Eng_App1_Y2_22,uk-nc-2013,Eng_App1_Y2_22,uk-nc-2013:Eng_App1_Y2_22,September 2013,1,false,https://www.gov.uk/government/publications/national-curriculum-in-england-framework-for-key-stages-1-to-4
https://education.asfai.org/frameworks/uk-nc-2013/versions/september-2013/items/Eng_App1_Y2_23,uk-nc-2013,Eng_App1_Y2_23,uk-nc-2013:Eng_App1_Y2_23,September 2013,0,false,https://www.gov.uk/government/publications/national-curriculum-in-england-framework-for-key-stages-1-to-4
https://education.asfai.org/frameworks/uk-nc-2013/versions/september-2013/items/Eng_App1_Y2_24,uk-nc-2013,Eng_App1_Y2_24,uk-nc-2013:Eng_App1_Y2_24,September 2013,1,false,https://www.gov.uk/government/publications/national-curriculum-in-england-framework-for-key-stages-1-to-4
https://education.asfai.org/frameworks/uk-nc-2013/versions/september-2013/items/Eng_App1_Y2_25,uk-nc-2013,Eng_App1_Y2_25,uk-nc-2013:Eng_App1_Y2_25,September 2013,1,false,https://www.gov.uk/government/publications/national-curriculum-in-england-framework-for-key-stages-1-to-4
https://education.asfai.org/frameworks/uk-nc-2013/versions/september-2013/items/Eng_App1_Y2_26,uk-nc-2013,Eng_App1_Y2_26,uk-nc-2013:Eng_App1_Y2_26,September 2013,1,false,https://www.gov.uk/government/publications/national-curriculum-in-england-framework-for-key-stages-1-to-4
https://education.asfai.org/frameworks/uk-nc-2013/versions/september-2013/items/Eng_LKS2_Read_Comp_1,uk-nc-2013,Eng_LKS2_Read_Comp_1,uk-nc-2013:Eng_LKS2_Read_Comp_1,September 2013,1,false,https://www.gov.uk/government/publications/national-curriculum-in-england-framework-for-key-stages-1-to-4
https://education.asfai.org/frameworks/uk-nc-2013/versions/september-2013/items/Eng_LKS2_Read_Comp_10,uk-nc-2013,Eng_LKS2_Read_Comp_10,uk-nc-2013:Eng_LKS2_Read_Comp_10,September 2013,2,false,https://www.gov.uk/government/publications/national-curriculum-in-england-framework-for-key-stages-1-to-4
https://education.asfai.org/frameworks/uk-nc-2013/versions/september-2013/items/Eng_LKS2_Read_Comp_11,uk-nc-2013,Eng_LKS2_Read_Comp_11,uk-nc-2013:Eng_LKS2_Read_Comp_11,September 2013,1,false,https://www.gov.uk/government/publications/national-curriculum-in-england-framework-for-key-stages-1-to-4
https://education.asfai.org/frameworks/uk-nc-2013/versions/september-2013/items/Eng_LKS2_Read_Comp_12,uk-nc-2013,Eng_LKS2_Read_Comp_12,uk-nc-2013:Eng_LKS2_Read_Comp_12,September 2013,0,false,https://www.gov.uk/government/publications/national-curriculum-in-england-framework-for-key-stages-1-to-4
https://education.asfai.org/frameworks/uk-nc-2013/versions/september-2013/items/Eng_LKS2_Read_Comp_13,uk-nc-2013,Eng_LKS2_Read_Comp_13,uk-nc-2013:Eng_LKS2_Read_Comp_13,September 2013,1,false,https://www.gov.uk/government/publications/national-curriculum-in-england-framework-for-key-stages-1-to-4
https://education.asfai.org/frameworks/uk-nc-2013/versions/september-2013/items/Eng_LKS2_Read_Comp_14,uk-nc-2013,Eng_LKS2_Read_Comp_14,uk-nc-2013:Eng_LKS2_Read_Comp_14,September 2013,1,false,https://www.gov.uk/government/publications/national-curriculum-in-england-framework-for-key-stages-1-to-4
https://education.asfai.org/frameworks/uk-nc-2013/versions/september-2013/items/Eng_LKS2_Read_Comp_15,uk-nc-2013,Eng_LKS2_Read_Comp_15,uk-nc-2013:Eng_LKS2_Read_Comp_15,September 2013,1,false,https://www.gov.uk/government/publications/national-curriculum-in-england-framework-for-key-stages-1-to-4
https://education.asfai.org/frameworks/uk-nc-2013/versions/september-2013/items/Eng_LKS2_Read_Comp_16,uk-nc-2013,Eng_LKS2_Read_Comp_16,uk-nc-2013:Eng_LKS2_Read_Comp_16,September 2013,1,false,https://www.gov.uk/government/publications/national-curriculum-in-england-framework-for-key-stages-1-to-4
https://education.asfai.org/frameworks/uk-nc-2013/versions/september-2013/items/Eng_LKS2_Read_Comp_2,uk-nc-2013,Eng_LKS2_Read_Comp_2,uk-nc-2013:Eng_LKS2_Read_Comp_2,September 2013,1,false,https://www.gov.uk/government/publications/national-curriculum-in-england-framework-for-key-stages-1-to-4
https://education.asfai.org/frameworks/uk-nc-2013/versions/september-2013/items/Eng_LKS2_Read_Comp_3,uk-nc-2013,Eng_LKS2_Read_Comp_3,uk-nc-2013:Eng_LKS2_Read_Comp_3,September 2013,2,false,https://www.gov.uk/government/publications/national-curriculum-in-england-framework-for-key-stages-1-to-4
https://education.asfai.org/frameworks/uk-nc-2013/versions/september-2013/items/Eng_LKS2_Read_Comp_4,uk-nc-2013,Eng_LKS2_Read_Comp_4,uk-nc-2013:Eng_LKS2_Read_Comp_4,September 2013,1,false,https://www.gov.uk/government/publications/national-curriculum-in-england-framework-for-key-stages-1-to-4
https://education.asfai.org/frameworks/uk-nc-2013/versions/september-2013/items/Eng_LKS2_Read_Comp_5,uk-nc-2013,Eng_LKS2_Read_Comp_5,uk-nc-2013:Eng_LKS2_Read_Comp_5,September 2013,1,false,https://www.gov.uk/government/publications/national-curriculum-in-england-framework-for-key-stages-1-to-4
https://education.asfai.org/frameworks/uk-nc-2013/versions/september-2013/items/Eng_LKS2_Read_Comp_6,uk-nc-2013,Eng_LKS2_Read_Comp_6,uk-nc-2013:Eng_LKS2_Read_Comp_6,September 2013,2,false,https://www.gov.uk/government/publications/national-curriculum-in-england-framework-for-key-stages-1-to-4
https://education.asfai.org/frameworks/uk-nc-2013/versions/september-2013/items/Eng_LKS2_Read_Comp_7,uk-nc-2013,Eng_LKS2_Read_Comp_7,uk-nc-2013:Eng_LKS2_Read_Comp_7,September 2013,2,false,https://www.gov.uk/government/publications/national-curriculum-in-england-framework-for-key-stages-1-to-4
https://education.asfai.org/frameworks/uk-nc-2013/versions/september-2013/items/Eng_LKS2_Read_Comp_8,uk-nc-2013,Eng_LKS2_Read_Comp_8,uk-nc-2013:Eng_LKS2_Read_Comp_8,September 2013,1,false,https://www.gov.uk/government/publications/national-curriculum-in-england-framework-for-key-stages-1-to-4
https://education.asfai.org/frameworks/uk-nc-2013/versions/september-2013/items/Eng_LKS2_Read_Comp_9,uk-nc-2013,Eng_LKS2_Read_Comp_9,uk-nc-2013:Eng_LKS2_Read_Comp_9,September 2013,2,false,https://www.gov.uk/government/publications/national-curriculum-in-england-framework-for-key-stages-1-to-4
https://education.asfai.org/frameworks/uk-nc-2013/versions/september-2013/items/Eng_LKS2_Read_Word_1,uk-nc-2013,Eng_LKS2_Read_Word_1,uk-nc-2013:Eng_LKS2_Read_Word_1,September 2013,1,false,https://www.gov.uk/government/publications/national-curriculum-in-england-framework-for-key-stages-1-to-4
https://education.asfai.org/frameworks/uk-nc-2013/versions/september-2013/items/Eng_LKS2_Read_Word_2,uk-nc-2013,Eng_LKS2_Read_Word_2,uk-nc-2013:Eng_LKS2_Read_Word_2,September 2013,0,false,https://www.gov.uk/government/publications/national-curriculum-in-england-framework-for-key-stages-1-to-4
https://education.asfai.org/frameworks/uk-nc-2013/versions/september-2013/items/Eng_LKS2_Write_Comp_1,uk-nc-2013,Eng_LKS2_Write_Comp_1,uk-nc-2013:Eng_LKS2_Write_Comp_1,September 2013,1,false,https://www.gov.uk/government/publications/national-curriculum-in-england-framework-for-key-stages-1-to-4
https://education.asfai.org/frameworks/uk-nc-2013/versions/september-2013/items/Eng_LKS2_Write_Comp_10,uk-nc-2013,Eng_LKS2_Write_Comp_10,uk-nc-2013:Eng_LKS2_Write_Comp_10,September 2013,1,false,https://www.gov.uk/government/publications/national-curriculum-in-england-framework-for-key-stages-1-to-4
https://education.asfai.org/frameworks/uk-nc-2013/versions/september-2013/items/Eng_LKS2_Write_Comp_2,uk-nc-2013,Eng_LKS2_Write_Comp_2,uk-nc-2013:Eng_LKS2_Write_Comp_2,September 2013,1,false,https://www.gov.uk/government/publications/national-curriculum-in-england-framework-for-key-stages-1-to-4
https://education.asfai.org/frameworks/uk-nc-2013/versions/september-2013/items/Eng_LKS2_Write_Comp_3,uk-nc-2013,Eng_LKS2_Write_Comp_3,uk-nc-2013:Eng_LKS2_Write_Comp_3,September 2013,0,false,https://www.gov.uk/government/publications/national-curriculum-in-england-framework-for-key-stages-1-to-4
https://education.asfai.org/frameworks/uk-nc-2013/versions/september-2013/items/Eng_LKS2_Write_Comp_4,uk-nc-2013,Eng_LKS2_Write_Comp_4,uk-nc-2013:Eng_LKS2_Write_Comp_4,September 2013,1,false,https://www.gov.uk/government/publications/national-curriculum-in-england-framework-for-key-stages-1-to-4
https://education.asfai.org/frameworks/uk-nc-2013/versions/september-2013/items/Eng_LKS2_Write_Comp_5,uk-nc-2013,Eng_LKS2_Write_Comp_5,uk-nc-2013:Eng_LKS2_Write_Comp_5,September 2013,0,false,https://www.gov.uk/government/publications/national-curriculum-in-england-framework-for-key-stages-1-to-4
https://education.asfai.org/frameworks/uk-nc-2013/versions/september-2013/items/Eng_LKS2_Write_Comp_6,uk-nc-2013,Eng_LKS2_Write_Comp_6,uk-nc-2013:Eng_LKS2_Write_Comp_6,September 2013,1,false,https://www.gov.uk/government/publications/national-curriculum-in-england-framework-for-key-stages-1-to-4
https://education.asfai.org/frameworks/uk-nc-2013/versions/september-2013/items/Eng_LKS2_Write_Comp_7,uk-nc-2013,Eng_LKS2_Write_Comp_7,uk-nc-2013:Eng_LKS2_Write_Comp_7,September 2013,0,false,https://www.gov.uk/government/publications/national-curriculum-in-england-framework-for-key-stages-1-to-4
https://education.asfai.org/frameworks/uk-nc-2013/versions/september-2013/items/Eng_LKS2_Write_Comp_8,uk-nc-2013,Eng_LKS2_Write_Comp_8,uk-nc-2013:Eng_LKS2_Write_Comp_8,September 2013,0,false,https://www.gov.uk/government/publications/national-curriculum-in-england-framework-for-key-stages-1-to-4
https://education.asfai.org/frameworks/uk-nc-2013/versions/september-2013/items/Eng_LKS2_Write_Comp_9,uk-nc-2013,Eng_LKS2_Write_Comp_9,uk-nc-2013:Eng_LKS2_Write_Comp_9,September 2013,0,false,https://www.gov.uk/government/publications/national-curriculum-in-england-framework-for-key-stages-1-to-4
https://education.asfai.org/frameworks/uk-nc-2013/versions/september-2013/items/Eng_LKS2_Write_Trans_Hand_1,uk-nc-2013,Eng_LKS2_Write_Trans_Hand_1,uk-nc-2013:Eng_LKS2_Write_Trans_Hand_1,September 2013,1,false,https://www.gov.uk/government/publications/national-curriculum-in-england-framework-for-key-stages-1-to-4
https://education.asfai.org/frameworks/uk-nc-2013/versions/september-2013/items/Eng_LKS2_Write_Trans_Hand_2,uk-nc-2013,Eng_LKS2_Write_Trans_Hand_2,uk-nc-2013:Eng_LKS2_Write_Trans_Hand_2,September 2013,1,false,https://www.gov.uk/government/publications/national-curriculum-in-england-framework-for-key-stages-1-to-4
https://education.asfai.org/frameworks/uk-nc-2013/versions/september-2013/items/Eng_LKS2_Write_Trans_Spell_1,uk-nc-2013,Eng_LKS2_Write_Trans_Spell_1,uk-nc-2013:Eng_LKS2_Write_Trans_Spell_1,September 2013,2,false,https://www.gov.uk/government/publications/national-curriculum-in-england-framework-for-key-stages-1-to-4
https://education.asfai.org/frameworks/uk-nc-2013/versions/september-2013/items/Eng_LKS2_Write_Trans_Spell_2,uk-nc-2013,Eng_LKS2_Write_Trans_Spell_2,uk-nc-2013:Eng_LKS2_Write_Trans_Spell_2,September 2013,2,false,https://www.gov.uk/government/publications/national-curriculum-in-england-framework-for-key-stages-1-to-4
https://education.asfai.org/frameworks/uk-nc-2013/versions/september-2013/items/Eng_LKS2_Write_Trans_Spell_3,uk-nc-2013,Eng_LKS2_Write_Trans_Spell_3,uk-nc-2013:Eng_LKS2_Write_Trans_Spell_3,September 2013,2,false,https://www.gov.uk/government/publications/national-curriculum-in-england-framework-for-key-stages-1-to-4
https://education.asfai.org/frameworks/uk-nc-2013/versions/september-2013/items/Eng_LKS2_Write_Trans_Spell_4,uk-nc-2013,Eng_LKS2_Write_Trans_Spell_4,uk-nc-2013:Eng_LKS2_Write_Trans_Spell_4,September 2013,1,false,https://www.gov.uk/government/publications/national-curriculum-in-england-framework-for-key-stages-1-to-4
https://education.asfai.org/frameworks/uk-nc-2013/versions/september-2013/items/Eng_LKS2_Write_Trans_Spell_5,uk-nc-2013,Eng_LKS2_Write_Trans_Spell_5,uk-nc-2013:Eng_LKS2_Write_Trans_Spell_5,September 2013,1,false,https://www.gov.uk/government/publications/national-curriculum-in-england-framework-for-key-stages-1-to-4
https://education.asfai.org/frameworks/uk-nc-2013/versions/september-2013/items/Eng_LKS2_Write_Trans_Spell_6,uk-nc-2013,Eng_LKS2_Write_Trans_Spell_6,uk-nc-2013:Eng_LKS2_Write_Trans_Spell_6,September 2013,1,false,https://www.gov.uk/government/publications/national-curriculum-in-england-framework-for-key-stages-1-to-4
https://education.asfai.org/frameworks/uk-nc-2013/versions/september-2013/items/Eng_LKS2_Write_VGP_1,uk-nc-2013,Eng_LKS2_Write_VGP_1,uk-nc-2013:Eng_LKS2_Write_VGP_1,September 2013,1,false,https://www.gov.uk/government/publications/national-curriculum-in-england-framework-for-key-stages-1-to-4
https://education.asfai.org/frameworks/uk-nc-2013/versions/september-2013/items/Eng_LKS2_Write_VGP_10,uk-nc-2013,Eng_LKS2_Write_VGP_10,uk-nc-2013:Eng_LKS2_Write_VGP_10,September 2013,1,false,https://www.gov.uk/government/publications/national-curriculum-in-england-framework-for-key-stages-1-to-4
https://education.asfai.org/frameworks/uk-nc-2013/versions/september-2013/items/Eng_LKS2_Write_VGP_2,uk-nc-2013,Eng_LKS2_Write_VGP_2,uk-nc-2013:Eng_LKS2_Write_VGP_2,September 2013,1,false,https://www.gov.uk/government/publications/national-curriculum-in-england-framework-for-key-stages-1-to-4
https://education.asfai.org/frameworks/uk-nc-2013/versions/september-2013/items/Eng_LKS2_Write_VGP_3,uk-nc-2013,Eng_LKS2_Write_VGP_3,uk-nc-2013:Eng_LKS2_Write_VGP_3,September 2013,1,false,https://www.gov.uk/government/publications/national-curriculum-in-england-framework-for-key-stages-1-to-4
https://education.asfai.org/frameworks/uk-nc-2013/versions/september-2013/items/Eng_LKS2_Write_VGP_4,uk-nc-2013,Eng_LKS2_Write_VGP_4,uk-nc-2013:Eng_LKS2_Write_VGP_4,September 2013,1,false,https://www.gov.uk/government/publications/national-curriculum-in-england-framework-for-key-stages-1-to-4
https://education.asfai.org/frameworks/uk-nc-2013/versions/september-2013/items/Eng_LKS2_Write_VGP_5,uk-nc-2013,Eng_LKS2_Write_VGP_5,uk-nc-2013:Eng_LKS2_Write_VGP_5,September 2013,0,false,https://www.gov.uk/government/publications/national-curriculum-in-england-framework-for-key-stages-1-to-4
https://education.asfai.org/frameworks/uk-nc-2013/versions/september-2013/items/Eng_LKS2_Write_VGP_6,uk-nc-2013,Eng_LKS2_Write_VGP_6,uk-nc-2013:Eng_LKS2_Write_VGP_6,September 2013,1,false,https://www.gov.uk/government/publications/national-curriculum-in-england-framework-for-key-stages-1-to-4
https://education.asfai.org/frameworks/uk-nc-2013/versions/september-2013/items/Eng_LKS2_Write_VGP_7,uk-nc-2013,Eng_LKS2_Write_VGP_7,uk-nc-2013:Eng_LKS2_Write_VGP_7,September 2013,0,false,https://www.gov.uk/government/publications/national-curriculum-in-england-framework-for-key-stages-1-to-4
https://education.asfai.org/frameworks/uk-nc-2013/versions/september-2013/items/Eng_LKS2_Write_VGP_8,uk-nc-2013,Eng_LKS2_Write_VGP_8,uk-nc-2013:Eng_LKS2_Write_VGP_8,September 2013,1,false,https://www.gov.uk/government/publications/national-curriculum-in-england-framework-for-key-stages-1-to-4
https://education.asfai.org/frameworks/uk-nc-2013/versions/september-2013/items/Eng_LKS2_Write_VGP_9,uk-nc-2013,Eng_LKS2_Write_VGP_9,uk-nc-2013:Eng_LKS2_Write_VGP_9,September 2013,1,false,https://www.gov.uk/government/publications/national-curriculum-in-england-framework-for-key-stages-1-to-4
https://education.asfai.org/frameworks/uk-nc-2013/versions/september-2013/items/Eng_Y1_RC_01,uk-nc-2013,Eng_Y1_RC_01,uk-nc-2013:Eng_Y1_RC_01,September 2013,1,false,https://www.gov.uk/government/publications/national-curriculum-in-england-framework-for-key-stages-1-to-4
https://education.asfai.org/frameworks/uk-nc-2013/versions/september-2013/items/Eng_Y1_RC_02,uk-nc-2013,Eng_Y1_RC_02,uk-nc-2013:Eng_Y1_RC_02,September 2013,1,false,https://www.gov.uk/government/publications/national-curriculum-in-england-framework-for-key-stages-1-to-4
https://education.asfai.org/frameworks/uk-nc-2013/versions/september-2013/items/Eng_Y1_RC_03,uk-nc-2013,Eng_Y1_RC_03,uk-nc-2013:Eng_Y1_RC_03,September 2013,1,false,https://www.gov.uk/government/publications/national-curriculum-in-england-framework-for-key-stages-1-to-4
https://education.asfai.org/frameworks/uk-nc-2013/versions/september-2013/items/Eng_Y1_RC_04,uk-nc-2013,Eng_Y1_RC_04,uk-nc-2013:Eng_Y1_RC_04,September 2013,1,false,https://www.gov.uk/government/publications/national-curriculum-in-england-framework-for-key-stages-1-to-4
https://education.asfai.org/frameworks/uk-nc-2013/versions/september-2013/items/Eng_Y1_RC_05,uk-nc-2013,Eng_Y1_RC_05,uk-nc-2013:Eng_Y1_RC_05,September 2013,1,false,https://www.gov.uk/government/publications/national-curriculum-in-england-framework-for-key-stages-1-to-4
https://education.asfai.org/frameworks/uk-nc-2013/versions/september-2013/items/Eng_Y1_RC_06,uk-nc-2013,Eng_Y1_RC_06,uk-nc-2013:Eng_Y1_RC_06,September 2013,1,false,https://www.gov.uk/government/publications/national-curriculum-in-england-framework-for-key-stages-1-to-4
https://education.asfai.org/frameworks/uk-nc-2013/versions/september-2013/items/Eng_Y1_RC_07,uk-nc-2013,Eng_Y1_RC_07,uk-nc-2013:Eng_Y1_RC_07,September 2013,1,false,https://www.gov.uk/government/publications/national-curriculum-in-england-framework-for-key-stages-1-to-4
https://education.asfai.org/frameworks/uk-nc-2013/versions/september-2013/items/Eng_Y1_RC_08,uk-nc-2013,Eng_Y1_RC_08,uk-nc-2013:Eng_Y1_RC_08,September 2013,1,false,https://www.gov.uk/government/publications/national-curriculum-in-england-framework-for-key-stages-1-to-4
https://education.asfai.org/frameworks/uk-nc-2013/versions/september-2013/items/Eng_Y1_RC_09,uk-nc-2013,Eng_Y1_RC_09,uk-nc-2013:Eng_Y1_RC_09,September 2013,1,false,https://www.gov.uk/government/publications/national-curriculum-in-england-framework-for-key-stages-1-to-4
https://education.asfai.org/frameworks/uk-nc-2013/versions/september-2013/items/Eng_Y1_RC_10,uk-nc-2013,Eng_Y1_RC_10,uk-nc-2013:Eng_Y1_RC_10,September 2013,0,false,https://www.gov.uk/government/publications/national-curriculum-in-england-framework-for-key-stages-1-to-4
https://education.asfai.org/frameworks/uk-nc-2013/versions/september-2013/items/Eng_Y1_RC_11,uk-nc-2013,Eng_Y1_RC_11,uk-nc-2013:Eng_Y1_RC_11,September 2013,1,false,https://www.gov.uk/government/publications/national-curriculum-in-england-framework-for-key-stages-1-to-4
https://education.asfai.org/frameworks/uk-nc-2013/versions/september-2013/items/Eng_Y1_RC_12,uk-nc-2013,Eng_Y1_RC_12,uk-nc-2013:Eng_Y1_RC_12,September 2013,1,false,https://www.gov.uk/government/publications/national-curriculum-in-england-framework-for-key-stages-1-to-4
https://education.asfai.org/frameworks/uk-nc-2013/versions/september-2013/items/Eng_Y1_RC_13,uk-nc-2013,Eng_Y1_RC_13,uk-nc-2013:Eng_Y1_RC_13,September 2013,1,false,https://www.gov.uk/government/publications/national-curriculum-in-england-framework-for-key-stages-1-to-4
https://education.asfai.org/frameworks/uk-nc-2013/versions/september-2013/items/Eng_Y1_RWR_01,uk-nc-2013,Eng_Y1_RWR_01,uk-nc-2013:Eng_Y1_RWR_01,September 2013,1,false,https://www.gov.uk/government/publications/national-curriculum-in-england-framework-for-key-stages-1-to-4
https://education.asfai.org/frameworks/uk-nc-2013/versions/september-2013/items/Eng_Y1_RWR_02,uk-nc-2013,Eng_Y1_RWR_02,uk-nc-2013:Eng_Y1_RWR_02,September 2013,1,false,https://www.gov.uk/government/publications/national-curriculum-in-england-framework-for-key-stages-1-to-4
https://education.asfai.org/frameworks/uk-nc-2013/versions/september-2013/items/Eng_Y1_RWR_03,uk-nc-2013,Eng_Y1_RWR_03,uk-nc-2013:Eng_Y1_RWR_03,September 2013,1,false,https://www.gov.uk/government/publications/national-curriculum-in-england-framework-for-key-stages-1-to-4
https://education.asfai.org/frameworks/uk-nc-2013/versions/september-2013/items/Eng_Y1_RWR_04,uk-nc-2013,Eng_Y1_RWR_04,uk-nc-2013:Eng_Y1_RWR_04,September 2013,0,false,https://www.gov.uk/government/publications/national-curriculum-in-england-framework-for-key-stages-1-to-4
https://education.asfai.org/frameworks/uk-nc-2013/versions/september-2013/items/Eng_Y1_RWR_05,uk-nc-2013,Eng_Y1_RWR_05,uk-nc-2013:Eng_Y1_RWR_05,September 2013,0,false,https://www.gov.uk/government/publications/national-curriculum-in-england-framework-for-key-stages-1-to-4
https://education.asfai.org/frameworks/uk-nc-2013/versions/september-2013/items/Eng_Y1_RWR_06,uk-nc-2013,Eng_Y1_RWR_06,uk-nc-2013:Eng_Y1_RWR_06,September 2013,0,false,https://www.gov.uk/government/publications/national-curriculum-in-england-framework-for-key-stages-1-to-4
https://education.asfai.org/frameworks/uk-nc-2013/versions/september-2013/items/Eng_Y1_RWR_07,uk-nc-2013,Eng_Y1_RWR_07,uk-nc-2013:Eng_Y1_RWR_07,September 2013,1,false,https://www.gov.uk/government/publications/national-curriculum-in-england-framework-for-key-stages-1-to-4
https://education.asfai.org/frameworks/uk-nc-2013/versions/september-2013/items/Eng_Y1_RWR_08,uk-nc-2013,Eng_Y1_RWR_08,uk-nc-2013:Eng_Y1_RWR_08,September 2013,1,false,https://www.gov.uk/government/publications/national-curriculum-in-england-framework-for-key-stages-1-to-4
https://education.asfai.org/frameworks/uk-nc-2013/versions/september-2013/items/Eng_Y1_RWR_09,uk-nc-2013,Eng_Y1_RWR_09,uk-nc-2013:Eng_Y1_RWR_09,September 2013,1,false,https://www.gov.uk/government/publications/national-curriculum-in-england-framework-for-key-stages-1-to-4
https://education.asfai.org/frameworks/uk-nc-2013/versions/september-2013/items/Eng_Y1_WC_01,uk-nc-2013,Eng_Y1_WC_01,uk-nc-2013:Eng_Y1_WC_01,September 2013,0,false,https://www.gov.uk/government/publications/national-curriculum-in-england-framework-for-key-stages-1-to-4
https://education.asfai.org/frameworks/uk-nc-2013/versions/september-2013/items/Eng_Y1_WC_02,uk-nc-2013,Eng_Y1_WC_02,uk-nc-2013:Eng_Y1_WC_02,September 2013,0,false,https://www.gov.uk/government/publications/national-curriculum-in-england-framework-for-key-stages-1-to-4
https://education.asfai.org/frameworks/uk-nc-2013/versions/september-2013/items/Eng_Y1_WC_03,uk-nc-2013,Eng_Y1_WC_03,uk-nc-2013:Eng_Y1_WC_03,September 2013,0,false,https://www.gov.uk/government/publications/national-curriculum-in-england-framework-for-key-stages-1-to-4
https://education.asfai.org/frameworks/uk-nc-2013/versions/september-2013/items/Eng_Y1_WC_04,uk-nc-2013,Eng_Y1_WC_04,uk-nc-2013:Eng_Y1_WC_04,September 2013,1,false,https://www.gov.uk/government/publications/national-curriculum-in-england-framework-for-key-stages-1-to-4
https://education.asfai.org/frameworks/uk-nc-2013/versions/september-2013/items/Eng_Y1_WC_05,uk-nc-2013,Eng_Y1_WC_05,uk-nc-2013:Eng_Y1_WC_05,September 2013,1,false,https://www.gov.uk/government/publications/national-curriculum-in-england-framework-for-key-stages-1-to-4
https://education.asfai.org/frameworks/uk-nc-2013/versions/september-2013/items/Eng_Y1_WC_06,uk-nc-2013,Eng_Y1_WC_06,uk-nc-2013:Eng_Y1_WC_06,September 2013,1,false,https://www.gov.uk/government/publications/national-curriculum-in-england-framework-for-key-stages-1-to-4
https://education.asfai.org/frameworks/uk-nc-2013/versions/september-2013/items/Eng_Y1_WH_01,uk-nc-2013,Eng_Y1_WH_01,uk-nc-2013:Eng_Y1_WH_01,September 2013,1,false,https://www.gov.uk/government/publications/national-curriculum-in-england-framework-for-key-stages-1-to-4
https://education.asfai.org/frameworks/uk-nc-2013/versions/september-2013/items/Eng_Y1_WH_02,uk-nc-2013,Eng_Y1_WH_02,uk-nc-2013:Eng_Y1_WH_02,September 2013,1,false,https://www.gov.uk/government/publications/national-curriculum-in-england-framework-for-key-stages-1-to-4
https://education.asfai.org/frameworks/uk-nc-2013/versions/september-2013/items/Eng_Y1_WH_03,uk-nc-2013,Eng_Y1_WH_03,uk-nc-2013:Eng_Y1_WH_03,September 2013,1,false,https://www.gov.uk/government/publications/national-curriculum-in-england-framework-for-key-stages-1-to-4
https://education.asfai.org/frameworks/uk-nc-2013/versions/september-2013/items/Eng_Y1_WH_04,uk-nc-2013,Eng_Y1_WH_04,uk-nc-2013:Eng_Y1_WH_04,September 2013,1,false,https://www.gov.uk/government/publications/national-curriculum-in-england-framework-for-key-stages-1-to-4
https://education.asfai.org/frameworks/uk-nc-2013/versions/september-2013/items/Eng_Y1_WH_05,uk-nc-2013,Eng_Y1_WH_05,uk-nc-2013:Eng_Y1_WH_05,September 2013,1,false,https://www.gov.uk/government/publications/national-curriculum-in-england-framework-for-key-stages-1-to-4
https://education.asfai.org/frameworks/uk-nc-2013/versions/september-2013/items/Eng_Y1_WT_01,uk-nc-2013,Eng_Y1_WT_01,uk-nc-2013:Eng_Y1_WT_01,September 2013,1,false,https://www.gov.uk/government/publications/national-curriculum-in-england-framework-for-key-stages-1-to-4
https://education.asfai.org/frameworks/uk-nc-2013/versions/september-2013/items/Eng_Y1_WT_02,uk-nc-2013,Eng_Y1_WT_02,uk-nc-2013:Eng_Y1_WT_02,September 2013,1,false,https://www.gov.uk/government/publications/national-curriculum-in-england-framework-for-key-stages-1-to-4
https://education.asfai.org/frameworks/uk-nc-2013/versions/september-2013/items/Eng_Y1_WT_03,uk-nc-2013,Eng_Y1_WT_03,uk-nc-2013:Eng_Y1_WT_03,September 2013,1,false,https://www.gov.uk/government/publications/national-curriculum-in-england-framework-for-key-stages-1-to-4
https://education.asfai.org/frameworks/uk-nc-2013/versions/september-2013/items/Eng_Y1_WT_04,uk-nc-2013,Eng_Y1_WT_04,uk-nc-2013:Eng_Y1_WT_04,September 2013,1,false,https://www.gov.uk/government/publications/national-curriculum-in-england-framework-for-key-stages-1-to-4
https://education.asfai.org/frameworks/uk-nc-2013/versions/september-2013/items/Eng_Y1_WT_05,uk-nc-2013,Eng_Y1_WT_05,uk-nc-2013:Eng_Y1_WT_05,September 2013,1,false,https://www.gov.uk/government/publications/national-curriculum-in-england-framework-for-key-stages-1-to-4
https://education.asfai.org/frameworks/uk-nc-2013/versions/september-2013/items/Eng_Y1_WT_06,uk-nc-2013,Eng_Y1_WT_06,uk-nc-2013:Eng_Y1_WT_06,September 2013,1,false,https://www.gov.uk/government/publications/national-curriculum-in-england-framework-for-key-stages-1-to-4
https://education.asfai.org/frameworks/uk-nc-2013/versions/september-2013/items/Eng_Y1_WT_07,uk-nc-2013,Eng_Y1_WT_07,uk-nc-2013:Eng_Y1_WT_07,September 2013,1,false,https://www.gov.uk/government/publications/national-curriculum-in-england-framework-for-key-stages-1-to-4
https://education.asfai.org/frameworks/uk-nc-2013/versions/september-2013/items/Eng_Y1_WT_08,uk-nc-2013,Eng_Y1_WT_08,uk-nc-2013:Eng_Y1_WT_08,September 2013,1,false,https://www.gov.uk/government/publications/national-curriculum-in-england-framework-for-key-stages-1-to-4
https://education.asfai.org/frameworks/uk-nc-2013/versions/september-2013/items/Eng_Y1_WT_09,uk-nc-2013,Eng_Y1_WT_09,uk-nc-2013:Eng_Y1_WT_09,September 2013,0,false,https://www.gov.uk/government/publications/national-curriculum-in-england-framework-for-key-stages-1-to-4
https://education.asfai.org/frameworks/uk-nc-2013/versions/september-2013/items/Eng_Y1_WT_10,uk-nc-2013,Eng_Y1_WT_10,uk-nc-2013:Eng_Y1_WT_10,September 2013,1,false,https://www.gov.uk/government/publications/national-curriculum-in-england-framework-for-key-stages-1-to-4
https://education.asfai.org/frameworks/uk-nc-2013/versions/september-2013/items/Eng_Y1_WVGP_01,uk-nc-2013,Eng_Y1_WVGP_01,uk-nc-2013:Eng_Y1_WVGP_01,September 2013,1,false,https://www.gov.uk/government/publications/national-curriculum-in-england-framework-for-key-stages-1-to-4
https://education.asfai.org/frameworks/uk-nc-2013/versions/september-2013/items/Eng_Y1_WVGP_02,uk-nc-2013,Eng_Y1_WVGP_02,uk-nc-2013:Eng_Y1_WVGP_02,September 2013,1,false,https://www.gov.uk/government/publications/national-curriculum-in-england-framework-for-key-stages-1-to-4
https://education.asfai.org/frameworks/uk-nc-2013/versions/september-2013/items/Eng_Y1_WVGP_03,uk-nc-2013,Eng_Y1_WVGP_03,uk-nc-2013:Eng_Y1_WVGP_03,September 2013,1,false,https://www.gov.uk/government/publications/national-curriculum-in-england-framework-for-key-stages-1-to-4
https://education.asfai.org/frameworks/uk-nc-2013/versions/september-2013/items/Eng_Y1_WVGP_04,uk-nc-2013,Eng_Y1_WVGP_04,uk-nc-2013:Eng_Y1_WVGP_04,September 2013,1,false,https://www.gov.uk/government/publications/national-curriculum-in-england-framework-for-key-stages-1-to-4
https://education.asfai.org/frameworks/uk-nc-2013/versions/september-2013/items/Eng_Y1_WVGP_05,uk-nc-2013,Eng_Y1_WVGP_05,uk-nc-2013:Eng_Y1_WVGP_05,September 2013,1,false,https://www.gov.uk/government/publications/national-curriculum-in-england-framework-for-key-stages-1-to-4
https://education.asfai.org/frameworks/uk-nc-2013/versions/september-2013/items/Eng_Y1_WVGP_06,uk-nc-2013,Eng_Y1_WVGP_06,uk-nc-2013:Eng_Y1_WVGP_06,September 2013,1,false,https://www.gov.uk/government/publications/national-curriculum-in-england-framework-for-key-stages-1-to-4
https://education.asfai.org/frameworks/uk-nc-2013/versions/september-2013/items/Eng.App2.Y1.Punc.1,uk-nc-2013,Eng.App2.Y1.Punc.1,uk-nc-2013:Eng.App2.Y1.Punc.1,September 2013,1,false,https://www.gov.uk/government/publications/national-curriculum-in-england-framework-for-key-stages-1-to-4
https://education.asfai.org/frameworks/uk-nc-2013/versions/september-2013/items/Eng.App2.Y1.Punc.2,uk-nc-2013,Eng.App2.Y1.Punc.2,uk-nc-2013:Eng.App2.Y1.Punc.2,September 2013,1,false,https://www.gov.uk/government/publications/national-curriculum-in-england-framework-for-key-stages-1-to-4
https://education.asfai.org/frameworks/uk-nc-2013/versions/september-2013/items/Eng.App2.Y1.Punc.3,uk-nc-2013,Eng.App2.Y1.Punc.3,uk-nc-2013:Eng.App2.Y1.Punc.3,September 2013,1,false,https://www.gov.uk/government/publications/national-curriculum-in-england-framework-for-key-stages-1-to-4
https://education.asfai.org/frameworks/uk-nc-2013/versions/september-2013/items/Eng.App2.Y1.Sent.1,uk-nc-2013,Eng.App2.Y1.Sent.1,uk-nc-2013:Eng.App2.Y1.Sent.1,September 2013,1,false,https://www.gov.uk/government/publications/national-curriculum-in-england-framework-for-key-stages-1-to-4
https://education.asfai.org/frameworks/uk-nc-2013/versions/september-2013/items/Eng.App2.Y1.Sent.2,uk-nc-2013,Eng.App2.Y1.Sent.2,uk-nc-2013:Eng.App2.Y1.Sent.2,September 2013,1,false,https://www.gov.uk/government/publications/national-curriculum-in-england-framework-for-key-stages-1-to-4
https://education.asfai.org/frameworks/uk-nc-2013/versions/september-2013/items/Eng.App2.Y1.Term.1,uk-nc-2013,Eng.App2.Y1.Term.1,uk-nc-2013:Eng.App2.Y1.Term.1,September 2013,1,false,https://www.gov.uk/government/publications/national-curriculum-in-england-framework-for-key-stages-1-to-4
https://education.asfai.org/frameworks/uk-nc-2013/versions/september-2013/items/Eng.App2.Y1.Text.1,uk-nc-2013,Eng.App2.Y1.Text.1,uk-nc-2013:Eng.App2.Y1.Text.1,September 2013,0,false,https://www.gov.uk/government/publications/national-curriculum-in-england-framework-for-key-stages-1-to-4
https://education.asfai.org/frameworks/uk-nc-2013/versions/september-2013/items/Eng.App2.Y1.Word.1,uk-nc-2013,Eng.App2.Y1.Word.1,uk-nc-2013:Eng.App2.Y1.Word.1,September 2013,1,false,https://www.gov.uk/government/publications/national-curriculum-in-england-framework-for-key-stages-1-to-4
https://education.asfai.org/frameworks/uk-nc-2013/versions/september-2013/items/Eng.App2.Y1.Word.2,uk-nc-2013,Eng.App2.Y1.Word.2,uk-nc-2013:Eng.App2.Y1.Word.2,September 2013,1,false,https://www.gov.uk/government/publications/national-curriculum-in-england-framework-for-key-stages-1-to-4
https://education.asfai.org/frameworks/uk-nc-2013/versions/september-2013/items/Eng.App2.Y1.Word.3,uk-nc-2013,Eng.App2.Y1.Word.3,uk-nc-2013:Eng.App2.Y1.Word.3,September 2013,1,false,https://www.gov.uk/government/publications/national-curriculum-in-england-framework-for-key-stages-1-to-4
https://education.asfai.org/frameworks/uk-nc-2013/versions/september-2013/items/Eng.App2.Y2.Punc.1,uk-nc-2013,Eng.App2.Y2.Punc.1,uk-nc-2013:Eng.App2.Y2.Punc.1,September 2013,1,false,https://www.gov.uk/government/publications/national-curriculum-in-england-framework-for-key-stages-1-to-4
https://education.asfai.org/frameworks/uk-nc-2013/versions/september-2013/items/Eng.App2.Y2.Punc.2,uk-nc-2013,Eng.App2.Y2.Punc.2,uk-nc-2013:Eng.App2.Y2.Punc.2,September 2013,1,false,https://www.gov.uk/government/publications/national-curriculum-in-england-framework-for-key-stages-1-to-4
https://education.asfai.org/frameworks/uk-nc-2013/versions/september-2013/items/Eng.App2.Y2.Punc.3,uk-nc-2013,Eng.App2.Y2.Punc.3,uk-nc-2013:Eng.App2.Y2.Punc.3,September 2013,0,false,https://www.gov.uk/government/publications/national-curriculum-in-england-framework-for-key-stages-1-to-4
https://education.asfai.org/frameworks/uk-nc-2013/versions/september-2013/items/Eng.App2.Y2.Sent.1,uk-nc-2013,Eng.App2.Y2.Sent.1,uk-nc-2013:Eng.App2.Y2.Sent.1,September 2013,1,false,https://www.gov.uk/government/publications/national-curriculum-in-england-framework-for-key-stages-1-to-4
https://education.asfai.org/frameworks/uk-nc-2013/versions/september-2013/items/Eng.App2.Y2.Sent.2,uk-nc-2013,Eng.App2.Y2.Sent.2,uk-nc-2013:Eng.App2.Y2.Sent.2,September 2013,0,false,https://www.gov.uk/government/publications/national-curriculum-in-england-framework-for-key-stages-1-to-4
https://education.asfai.org/frameworks/uk-nc-2013/versions/september-2013/items/Eng.App2.Y2.Sent.3,uk-nc-2013,Eng.App2.Y2.Sent.3,uk-nc-2013:Eng.App2.Y2.Sent.3,September 2013,1,false,https://www.gov.uk/government/publications/national-curriculum-in-england-framework-for-key-stages-1-to-4
https://education.asfai.org/frameworks/uk-nc-2013/versions/september-2013/items/Eng.App2.Y2.Term.1,uk-nc-2013,Eng.App2.Y2.Term.1,uk-nc-2013:Eng.App2.Y2.Term.1,September 2013,1,false,https://www.gov.uk/government/publications/national-curriculum-in-england-framework-for-key-stages-1-to-4
https://education.asfai.org/frameworks/uk-nc-2013/versions/september-2013/items/Eng.App2.Y2.Text.1,uk-nc-2013,Eng.App2.Y2.Text.1,uk-nc-2013:Eng.App2.Y2.Text.1,September 2013,0,false,https://www.gov.uk/government/publications/national-curriculum-in-england-framework-for-key-stages-1-to-4
https://education.asfai.org/frameworks/uk-nc-2013/versions/september-2013/items/Eng.App2.Y2.Text.2,uk-nc-2013,Eng.App2.Y2.Text.2,uk-nc-2013:Eng.App2.Y2.Text.2,September 2013,0,false,https://www.gov.uk/government/publications/national-curriculum-in-england-framework-for-key-stages-1-to-4
https://education.asfai.org/frameworks/uk-nc-2013/versions/september-2013/items/Eng.App2.Y2.Word.1,uk-nc-2013,Eng.App2.Y2.Word.1,uk-nc-2013:Eng.App2.Y2.Word.1,September 2013,1,false,https://www.gov.uk/government/publications/national-curriculum-in-england-framework-for-key-stages-1-to-4
https://education.asfai.org/frameworks/uk-nc-2013/versions/september-2013/items/Eng.App2.Y2.Word.2,uk-nc-2013,Eng.App2.Y2.Word.2,uk-nc-2013:Eng.App2.Y2.Word.2,September 2013,1,false,https://www.gov.uk/government/publications/national-curriculum-in-england-framework-for-key-stages-1-to-4
https://education.asfai.org/frameworks/uk-nc-2013/versions/september-2013/items/Eng.App2.Y2.Word.3,uk-nc-2013,Eng.App2.Y2.Word.3,uk-nc-2013:Eng.App2.Y2.Word.3,September 2013,1,false,https://www.gov.uk/government/publications/national-curriculum-in-england-framework-for-key-stages-1-to-4
https://education.asfai.org/frameworks/uk-nc-2013/versions/september-2013/items/Eng.App2.Y3.Punc.1,uk-nc-2013,Eng.App2.Y3.Punc.1,uk-nc-2013:Eng.App2.Y3.Punc.1,September 2013,1,false,https://www.gov.uk/government/publications/national-curriculum-in-england-framework-for-key-stages-1-to-4
https://education.asfai.org/frameworks/uk-nc-2013/versions/september-2013/items/Eng.App2.Y3.Sent.1,uk-nc-2013,Eng.App2.Y3.Sent.1,uk-nc-2013:Eng.App2.Y3.Sent.1,September 2013,1,false,https://www.gov.uk/government/publications/national-curriculum-in-england-framework-for-key-stages-1-to-4
https://education.asfai.org/frameworks/uk-nc-2013/versions/september-2013/items/Eng.App2.Y3.Term.1,uk-nc-2013,Eng.App2.Y3.Term.1,uk-nc-2013:Eng.App2.Y3.Term.1,September 2013,1,false,https://www.gov.uk/government/publications/national-curriculum-in-england-framework-for-key-stages-1-to-4
https://education.asfai.org/frameworks/uk-nc-2013/versions/september-2013/items/Eng.App2.Y3.Text.1,uk-nc-2013,Eng.App2.Y3.Text.1,uk-nc-2013:Eng.App2.Y3.Text.1,September 2013,1,false,https://www.gov.uk/government/publications/national-curriculum-in-england-framework-for-key-stages-1-to-4
https://education.asfai.org/frameworks/uk-nc-2013/versions/september-2013/items/Eng.App2.Y3.Text.2,uk-nc-2013,Eng.App2.Y3.Text.2,uk-nc-2013:Eng.App2.Y3.Text.2,September 2013,1,false,https://www.gov.uk/government/publications/national-curriculum-in-england-framework-for-key-stages-1-to-4
https://education.asfai.org/frameworks/uk-nc-2013/versions/september-2013/items/Eng.App2.Y3.Text.3,uk-nc-2013,Eng.App2.Y3.Text.3,uk-nc-2013:Eng.App2.Y3.Text.3,September 2013,1,false,https://www.gov.uk/government/publications/national-curriculum-in-england-framework-for-key-stages-1-to-4
https://education.asfai.org/frameworks/uk-nc-2013/versions/september-2013/items/Eng.App2.Y3.Word.1,uk-nc-2013,Eng.App2.Y3.Word.1,uk-nc-2013:Eng.App2.Y3.Word.1,September 2013,1,false,https://www.gov.uk/government/publications/national-curriculum-in-england-framework-for-key-stages-1-to-4
https://education.asfai.org/frameworks/uk-nc-2013/versions/september-2013/items/Eng.App2.Y3.Word.2,uk-nc-2013,Eng.App2.Y3.Word.2,uk-nc-2013:Eng.App2.Y3.Word.2,September 2013,1,false,https://www.gov.uk/government/publications/national-curriculum-in-england-framework-for-key-stages-1-to-4
https://education.asfai.org/frameworks/uk-nc-2013/versions/september-2013/items/Eng.App2.Y3.Word.3,uk-nc-2013,Eng.App2.Y3.Word.3,uk-nc-2013:Eng.App2.Y3.Word.3,September 2013,1,false,https://www.gov.uk/government/publications/national-curriculum-in-england-framework-for-key-stages-1-to-4
https://education.asfai.org/frameworks/uk-nc-2013/versions/september-2013/items/Eng.App2.Y4.Punc.1,uk-nc-2013,Eng.App2.Y4.Punc.1,uk-nc-2013:Eng.App2.Y4.Punc.1,September 2013,1,false,https://www.gov.uk/government/publications/national-curriculum-in-england-framework-for-key-stages-1-to-4
https://education.asfai.org/frameworks/uk-nc-2013/versions/september-2013/items/Eng.App2.Y4.Punc.2,uk-nc-2013,Eng.App2.Y4.Punc.2,uk-nc-2013:Eng.App2.Y4.Punc.2,September 2013,1,false,https://www.gov.uk/government/publications/national-curriculum-in-england-framework-for-key-stages-1-to-4
https://education.asfai.org/frameworks/uk-nc-2013/versions/september-2013/items/Eng.App2.Y4.Punc.3,uk-nc-2013,Eng.App2.Y4.Punc.3,uk-nc-2013:Eng.App2.Y4.Punc.3,September 2013,0,false,https://www.gov.uk/government/publications/national-curriculum-in-england-framework-for-key-stages-1-to-4
https://education.asfai.org/frameworks/uk-nc-2013/versions/september-2013/items/Eng.App2.Y4.Sent.1,uk-nc-2013,Eng.App2.Y4.Sent.1,uk-nc-2013:Eng.App2.Y4.Sent.1,September 2013,0,false,https://www.gov.uk/government/publications/national-curriculum-in-england-framework-for-key-stages-1-to-4
https://education.asfai.org/frameworks/uk-nc-2013/versions/september-2013/items/Eng.App2.Y4.Sent.2,uk-nc-2013,Eng.App2.Y4.Sent.2,uk-nc-2013:Eng.App2.Y4.Sent.2,September 2013,0,false,https://www.gov.uk/government/publications/national-curriculum-in-england-framework-for-key-stages-1-to-4
https://education.asfai.org/frameworks/uk-nc-2013/versions/september-2013/items/Eng.App2.Y4.Term.1,uk-nc-2013,Eng.App2.Y4.Term.1,uk-nc-2013:Eng.App2.Y4.Term.1,September 2013,0,false,https://www.gov.uk/government/publications/national-curriculum-in-england-framework-for-key-stages-1-to-4
https://education.asfai.org/frameworks/uk-nc-2013/versions/september-2013/items/Eng.App2.Y4.Text.1,uk-nc-2013,Eng.App2.Y4.Text.1,uk-nc-2013:Eng.App2.Y4.Text.1,September 2013,1,false,https://www.gov.uk/government/publications/national-curriculum-in-england-framework-for-key-stages-1-to-4
https://education.asfai.org/frameworks/uk-nc-2013/versions/september-2013/items/Eng.App2.Y4.Text.2,uk-nc-2013,Eng.App2.Y4.Text.2,uk-nc-2013:Eng.App2.Y4.Text.2,September 2013,1,false,https://www.gov.uk/government/publications/national-curriculum-in-england-framework-for-key-stages-1-to-4
https://education.asfai.org/frameworks/uk-nc-2013/versions/september-2013/items/Eng.App2.Y4.Word.1,uk-nc-2013,Eng.App2.Y4.Word.1,uk-nc-2013:Eng.App2.Y4.Word.1,September 2013,0,false,https://www.gov.uk/government/publications/national-curriculum-in-england-framework-for-key-stages-1-to-4
https://education.asfai.org/frameworks/uk-nc-2013/versions/september-2013/items/Eng.App2.Y4.Word.2,uk-nc-2013,Eng.App2.Y4.Word.2,uk-nc-2013:Eng.App2.Y4.Word.2,September 2013,0,false,https://www.gov.uk/government/publications/national-curriculum-in-england-framework-for-key-stages-1-to-4
https://education.asfai.org/frameworks/uk-nc-2013/versions/september-2013/items/Eng.App2.Y5.Punc.1,uk-nc-2013,Eng.App2.Y5.Punc.1,uk-nc-2013:Eng.App2.Y5.Punc.1,September 2013,1,false,https://www.gov.uk/government/publications/national-curriculum-in-england-framework-for-key-stages-1-to-4
https://education.asfai.org/frameworks/uk-nc-2013/versions/september-2013/items/Eng.App2.Y5.Punc.2,uk-nc-2013,Eng.App2.Y5.Punc.2,uk-nc-2013:Eng.App2.Y5.Punc.2,September 2013,1,false,https://www.gov.uk/government/publications/national-curriculum-in-england-framework-for-key-stages-1-to-4
https://education.asfai.org/frameworks/uk-nc-2013/versions/september-2013/items/Eng.App2.Y5.Sent.1,uk-nc-2013,Eng.App2.Y5.Sent.1,uk-nc-2013:Eng.App2.Y5.Sent.1,September 2013,1,false,https://www.gov.uk/government/publications/national-curriculum-in-england-framework-for-key-stages-1-to-4
https://education.asfai.org/frameworks/uk-nc-2013/versions/september-2013/items/Eng.App2.Y5.Sent.2,uk-nc-2013,Eng.App2.Y5.Sent.2,uk-nc-2013:Eng.App2.Y5.Sent.2,September 2013,1,false,https://www.gov.uk/government/publications/national-curriculum-in-england-framework-for-key-stages-1-to-4
https://education.asfai.org/frameworks/uk-nc-2013/versions/september-2013/items/Eng.App2.Y5.Term.1,uk-nc-2013,Eng.App2.Y5.Term.1,uk-nc-2013:Eng.App2.Y5.Term.1,September 2013,1,false,https://www.gov.uk/government/publications/national-curriculum-in-england-framework-for-key-stages-1-to-4
https://education.asfai.org/frameworks/uk-nc-2013/versions/september-2013/items/Eng.App2.Y5.Text.1,uk-nc-2013,Eng.App2.Y5.Text.1,uk-nc-2013:Eng.App2.Y5.Text.1,September 2013,1,false,https://www.gov.uk/government/publications/national-curriculum-in-england-framework-for-key-stages-1-to-4
https://education.asfai.org/frameworks/uk-nc-2013/versions/september-2013/items/Eng.App2.Y5.Text.2,uk-nc-2013,Eng.App2.Y5.Text.2,uk-nc-2013:Eng.App2.Y5.Text.2,September 2013,1,false,https://www.gov.uk/government/publications/national-curriculum-in-england-framework-for-key-stages-1-to-4
https://education.asfai.org/frameworks/uk-nc-2013/versions/september-2013/items/Eng.App2.Y5.Word.1,uk-nc-2013,Eng.App2.Y5.Word.1,uk-nc-2013:Eng.App2.Y5.Word.1,September 2013,1,false,https://www.gov.uk/government/publications/national-curriculum-in-england-framework-for-key-stages-1-to-4
https://education.asfai.org/frameworks/uk-nc-2013/versions/september-2013/items/Eng.App2.Y5.Word.2,uk-nc-2013,Eng.App2.Y5.Word.2,uk-nc-2013:Eng.App2.Y5.Word.2,September 2013,1,false,https://www.gov.uk/government/publications/national-curriculum-in-england-framework-for-key-stages-1-to-4
https://education.asfai.org/frameworks/uk-nc-2013/versions/september-2013/items/Eng.App2.Y6.Punc.1,uk-nc-2013,Eng.App2.Y6.Punc.1,uk-nc-2013:Eng.App2.Y6.Punc.1,September 2013,1,false,https://www.gov.uk/government/publications/national-curriculum-in-england-framework-for-key-stages-1-to-4
https://education.asfai.org/frameworks/uk-nc-2013/versions/september-2013/items/Eng.App2.Y6.Punc.2,uk-nc-2013,Eng.App2.Y6.Punc.2,uk-nc-2013:Eng.App2.Y6.Punc.2,September 2013,1,false,https://www.gov.uk/government/publications/national-curriculum-in-england-framework-for-key-stages-1-to-4
https://education.asfai.org/frameworks/uk-nc-2013/versions/september-2013/items/Eng.App2.Y6.Punc.3,uk-nc-2013,Eng.App2.Y6.Punc.3,uk-nc-2013:Eng.App2.Y6.Punc.3,September 2013,1,false,https://www.gov.uk/government/publications/national-curriculum-in-england-framework-for-key-stages-1-to-4
https://education.asfai.org/frameworks/uk-nc-2013/versions/september-2013/items/Eng.App2.Y6.Punc.4,uk-nc-2013,Eng.App2.Y6.Punc.4,uk-nc-2013:Eng.App2.Y6.Punc.4,September 2013,1,false,https://www.gov.uk/government/publications/national-curriculum-in-england-framework-for-key-stages-1-to-4
https://education.asfai.org/frameworks/uk-nc-2013/versions/september-2013/items/Eng.App2.Y6.Sent.1,uk-nc-2013,Eng.App2.Y6.Sent.1,uk-nc-2013:Eng.App2.Y6.Sent.1,September 2013,1,false,https://www.gov.uk/government/publications/national-curriculum-in-england-framework-for-key-stages-1-to-4
https://education.asfai.org/frameworks/uk-nc-2013/versions/september-2013/items/Eng.App2.Y6.Sent.2,uk-nc-2013,Eng.App2.Y6.Sent.2,uk-nc-2013:Eng.App2.Y6.Sent.2,September 2013,1,false,https://www.gov.uk/government/publications/national-curriculum-in-england-framework-for-key-stages-1-to-4
https://education.asfai.org/frameworks/uk-nc-2013/versions/september-2013/items/Eng.App2.Y6.Term.1,uk-nc-2013,Eng.App2.Y6.Term.1,uk-nc-2013:Eng.App2.Y6.Term.1,September 2013,1,false,https://www.gov.uk/government/publications/national-curriculum-in-england-framework-for-key-stages-1-to-4
https://education.asfai.org/frameworks/uk-nc-2013/versions/september-2013/items/Eng.App2.Y6.Text.1,uk-nc-2013,Eng.App2.Y6.Text.1,uk-nc-2013:Eng.App2.Y6.Text.1,September 2013,1,false,https://www.gov.uk/government/publications/national-curriculum-in-england-framework-for-key-stages-1-to-4
https://education.asfai.org/frameworks/uk-nc-2013/versions/september-2013/items/Eng.App2.Y6.Text.2,uk-nc-2013,Eng.App2.Y6.Text.2,uk-nc-2013:Eng.App2.Y6.Text.2,September 2013,1,false,https://www.gov.uk/government/publications/national-curriculum-in-england-framework-for-key-stages-1-to-4
https://education.asfai.org/frameworks/uk-nc-2013/versions/september-2013/items/Eng.App2.Y6.Word.1,uk-nc-2013,Eng.App2.Y6.Word.1,uk-nc-2013:Eng.App2.Y6.Word.1,September 2013,1,false,https://www.gov.uk/government/publications/national-curriculum-in-england-framework-for-key-stages-1-to-4
https://education.asfai.org/frameworks/uk-nc-2013/versions/september-2013/items/Eng.App2.Y6.Word.2,uk-nc-2013,Eng.App2.Y6.Word.2,uk-nc-2013:Eng.App2.Y6.Word.2,September 2013,1,false,https://www.gov.uk/government/publications/national-curriculum-in-england-framework-for-key-stages-1-to-4
https://education.asfai.org/frameworks/uk-nc-2013/versions/september-2013/items/Eng.SL.1,uk-nc-2013,Eng.SL.1,uk-nc-2013:Eng.SL.1,September 2013,1,false,https://www.gov.uk/government/publications/national-curriculum-in-england-framework-for-key-stages-1-to-4
https://education.asfai.org/frameworks/uk-nc-2013/versions/september-2013/items/Eng.SL.10,uk-nc-2013,Eng.SL.10,uk-nc-2013:Eng.SL.10,September 2013,2,false,https://www.gov.uk/government/publications/national-curriculum-in-england-framework-for-key-stages-1-to-4
https://education.asfai.org/frameworks/uk-nc-2013/versions/september-2013/items/Eng.SL.11,uk-nc-2013,Eng.SL.11,uk-nc-2013:Eng.SL.11,September 2013,1,false,https://www.gov.uk/government/publications/national-curriculum-in-england-framework-for-key-stages-1-to-4
https://education.asfai.org/frameworks/uk-nc-2013/versions/september-2013/items/Eng.SL.12,uk-nc-2013,Eng.SL.12,uk-nc-2013:Eng.SL.12,September 2013,1,false,https://www.gov.uk/government/publications/national-curriculum-in-england-framework-for-key-stages-1-to-4
https://education.asfai.org/frameworks/uk-nc-2013/versions/september-2013/items/Eng.SL.2,uk-nc-2013,Eng.SL.2,uk-nc-2013:Eng.SL.2,September 2013,1,false,https://www.gov.uk/government/publications/national-curriculum-in-england-framework-for-key-stages-1-to-4
https://education.asfai.org/frameworks/uk-nc-2013/versions/september-2013/items/Eng.SL.3,uk-nc-2013,Eng.SL.3,uk-nc-2013:Eng.SL.3,September 2013,1,false,https://www.gov.uk/government/publications/national-curriculum-in-england-framework-for-key-stages-1-to-4
https://education.asfai.org/frameworks/uk-nc-2013/versions/september-2013/items/Eng.SL.4,uk-nc-2013,Eng.SL.4,uk-nc-2013:Eng.SL.4,September 2013,1,false,https://www.gov.uk/government/publications/national-curriculum-in-england-framework-for-key-stages-1-to-4
https://education.asfai.org/frameworks/uk-nc-2013/versions/september-2013/items/Eng.SL.5,uk-nc-2013,Eng.SL.5,uk-nc-2013:Eng.SL.5,September 2013,1,false,https://www.gov.uk/government/publications/national-curriculum-in-england-framework-for-key-stages-1-to-4
https://education.asfai.org/frameworks/uk-nc-2013/versions/september-2013/items/Eng.SL.6,uk-nc-2013,Eng.SL.6,uk-nc-2013:Eng.SL.6,September 2013,1,false,https://www.gov.uk/government/publications/national-curriculum-in-england-framework-for-key-stages-1-to-4
https://education.asfai.org/frameworks/uk-nc-2013/versions/september-2013/items/Eng.SL.7,uk-nc-2013,Eng.SL.7,uk-nc-2013:Eng.SL.7,September 2013,1,false,https://www.gov.uk/government/publications/national-curriculum-in-england-framework-for-key-stages-1-to-4
https://education.asfai.org/frameworks/uk-nc-2013/versions/september-2013/items/Eng.SL.8,uk-nc-2013,Eng.SL.8,uk-nc-2013:Eng.SL.8,September 2013,1,false,https://www.gov.uk/government/publications/national-curriculum-in-england-framework-for-key-stages-1-to-4
https://education.asfai.org/frameworks/uk-nc-2013/versions/september-2013/items/Eng.SL.9,uk-nc-2013,Eng.SL.9,uk-nc-2013:Eng.SL.9,September 2013,2,false,https://www.gov.uk/government/publications/national-curriculum-in-england-framework-for-key-stages-1-to-4
https://education.asfai.org/frameworks/uk-nc-2013/versions/september-2013/items/Eng.UKS2.Read.Comp.1a,uk-nc-2013,Eng.UKS2.Read.Comp.1a,uk-nc-2013:Eng.UKS2.Read.Comp.1a,September 2013,1,false,https://www.gov.uk/government/publications/national-curriculum-in-england-framework-for-key-stages-1-to-4
https://education.asfai.org/frameworks/uk-nc-2013/versions/september-2013/items/Eng.UKS2.Read.Comp.1b,uk-nc-2013,Eng.UKS2.Read.Comp.1b,uk-nc-2013:Eng.UKS2.Read.Comp.1b,September 2013,1,false,https://www.gov.uk/government/publications/national-curriculum-in-england-framework-for-key-stages-1-to-4
https://education.asfai.org/frameworks/uk-nc-2013/versions/september-2013/items/Eng.UKS2.Read.Comp.1c,uk-nc-2013,Eng.UKS2.Read.Comp.1c,uk-nc-2013:Eng.UKS2.Read.Comp.1c,September 2013,1,false,https://www.gov.uk/government/publications/national-curriculum-in-england-framework-for-key-stages-1-to-4
https://education.asfai.org/frameworks/uk-nc-2013/versions/september-2013/items/Eng.UKS2.Read.Comp.1d,uk-nc-2013,Eng.UKS2.Read.Comp.1d,uk-nc-2013:Eng.UKS2.Read.Comp.1d,September 2013,1,false,https://www.gov.uk/government/publications/national-curriculum-in-england-framework-for-key-stages-1-to-4
https://education.asfai.org/frameworks/uk-nc-2013/versions/september-2013/items/Eng.UKS2.Read.Comp.1e,uk-nc-2013,Eng.UKS2.Read.Comp.1e,uk-nc-2013:Eng.UKS2.Read.Comp.1e,September 2013,1,false,https://www.gov.uk/government/publications/national-curriculum-in-england-framework-for-key-stages-1-to-4
https://education.asfai.org/frameworks/uk-nc-2013/versions/september-2013/items/Eng.UKS2.Read.Comp.1f,uk-nc-2013,Eng.UKS2.Read.Comp.1f,uk-nc-2013:Eng.UKS2.Read.Comp.1f,September 2013,1,false,https://www.gov.uk/government/publications/national-curriculum-in-england-framework-for-key-stages-1-to-4
https://education.asfai.org/frameworks/uk-nc-2013/versions/september-2013/items/Eng.UKS2.Read.Comp.1g,uk-nc-2013,Eng.UKS2.Read.Comp.1g,uk-nc-2013:Eng.UKS2.Read.Comp.1g,September 2013,1,false,https://www.gov.uk/government/publications/national-curriculum-in-england-framework-for-key-stages-1-to-4
https://education.asfai.org/frameworks/uk-nc-2013/versions/september-2013/items/Eng.UKS2.Read.Comp.1h,uk-nc-2013,Eng.UKS2.Read.Comp.1h,uk-nc-2013:Eng.UKS2.Read.Comp.1h,September 2013,1,false,https://www.gov.uk/government/publications/national-curriculum-in-england-framework-for-key-stages-1-to-4
https://education.asfai.org/frameworks/uk-nc-2013/versions/september-2013/items/Eng.UKS2.Read.Comp.2a,uk-nc-2013,Eng.UKS2.Read.Comp.2a,uk-nc-2013:Eng.UKS2.Read.Comp.2a,September 2013,1,false,https://www.gov.uk/government/publications/national-curriculum-in-england-framework-for-key-stages-1-to-4
https://education.asfai.org/frameworks/uk-nc-2013/versions/september-2013/items/Eng.UKS2.Read.Comp.2b,uk-nc-2013,Eng.UKS2.Read.Comp.2b,uk-nc-2013:Eng.UKS2.Read.Comp.2b,September 2013,1,false,https://www.gov.uk/government/publications/national-curriculum-in-england-framework-for-key-stages-1-to-4
https://education.asfai.org/frameworks/uk-nc-2013/versions/september-2013/items/Eng.UKS2.Read.Comp.2c,uk-nc-2013,Eng.UKS2.Read.Comp.2c,uk-nc-2013:Eng.UKS2.Read.Comp.2c,September 2013,1,false,https://www.gov.uk/government/publications/national-curriculum-in-england-framework-for-key-stages-1-to-4
https://education.asfai.org/frameworks/uk-nc-2013/versions/september-2013/items/Eng.UKS2.Read.Comp.2d,uk-nc-2013,Eng.UKS2.Read.Comp.2d,uk-nc-2013:Eng.UKS2.Read.Comp.2d,September 2013,0,false,https://www.gov.uk/government/publications/national-curriculum-in-england-framework-for-key-stages-1-to-4
https://education.asfai.org/frameworks/uk-nc-2013/versions/september-2013/items/Eng.UKS2.Read.Comp.2e,uk-nc-2013,Eng.UKS2.Read.Comp.2e,uk-nc-2013:Eng.UKS2.Read.Comp.2e,September 2013,1,false,https://www.gov.uk/government/publications/national-curriculum-in-england-framework-for-key-stages-1-to-4
https://education.asfai.org/frameworks/uk-nc-2013/versions/september-2013/items/Eng.UKS2.Read.Comp.2f,uk-nc-2013,Eng.UKS2.Read.Comp.2f,uk-nc-2013:Eng.UKS2.Read.Comp.2f,September 2013,1,false,https://www.gov.uk/government/publications/national-curriculum-in-england-framework-for-key-stages-1-to-4
https://education.asfai.org/frameworks/uk-nc-2013/versions/september-2013/items/Eng.UKS2.Read.Comp.3,uk-nc-2013,Eng.UKS2.Read.Comp.3,uk-nc-2013:Eng.UKS2.Read.Comp.3,September 2013,1,false,https://www.gov.uk/government/publications/national-curriculum-in-england-framework-for-key-stages-1-to-4
https://education.asfai.org/frameworks/uk-nc-2013/versions/september-2013/items/Eng.UKS2.Read.Comp.4,uk-nc-2013,Eng.UKS2.Read.Comp.4,uk-nc-2013:Eng.UKS2.Read.Comp.4,September 2013,1,false,https://www.gov.uk/government/publications/national-curriculum-in-england-framework-for-key-stages-1-to-4
https://education.asfai.org/frameworks/uk-nc-2013/versions/september-2013/items/Eng.UKS2.Read.Comp.5,uk-nc-2013,Eng.UKS2.Read.Comp.5,uk-nc-2013:Eng.UKS2.Read.Comp.5,September 2013,1,false,https://www.gov.uk/government/publications/national-curriculum-in-england-framework-for-key-stages-1-to-4
https://education.asfai.org/frameworks/uk-nc-2013/versions/september-2013/items/Eng.UKS2.Read.Comp.6,uk-nc-2013,Eng.UKS2.Read.Comp.6,uk-nc-2013:Eng.UKS2.Read.Comp.6,September 2013,1,false,https://www.gov.uk/government/publications/national-curriculum-in-england-framework-for-key-stages-1-to-4
https://education.asfai.org/frameworks/uk-nc-2013/versions/september-2013/items/Eng.UKS2.Read.Comp.7,uk-nc-2013,Eng.UKS2.Read.Comp.7,uk-nc-2013:Eng.UKS2.Read.Comp.7,September 2013,1,false,https://www.gov.uk/government/publications/national-curriculum-in-england-framework-for-key-stages-1-to-4
https://education.asfai.org/frameworks/uk-nc-2013/versions/september-2013/items/Eng.UKS2.Read.Comp.8,uk-nc-2013,Eng.UKS2.Read.Comp.8,uk-nc-2013:Eng.UKS2.Read.Comp.8,September 2013,1,false,https://www.gov.uk/government/publications/national-curriculum-in-england-framework-for-key-stages-1-to-4
https://education.asfai.org/frameworks/uk-nc-2013/versions/september-2013/items/Eng.UKS2.Read.Word.1,uk-nc-2013,Eng.UKS2.Read.Word.1,uk-nc-2013:Eng.UKS2.Read.Word.1,September 2013,1,false,https://www.gov.uk/government/publications/national-curriculum-in-england-framework-for-key-stages-1-to-4
https://education.asfai.org/frameworks/uk-nc-2013/versions/september-2013/items/Eng.UKS2.Write.Comp.1a,uk-nc-2013,Eng.UKS2.Write.Comp.1a,uk-nc-2013:Eng.UKS2.Write.Comp.1a,September 2013,1,false,https://www.gov.uk/government/publications/national-curriculum-in-england-framework-for-key-stages-1-to-4
https://education.asfai.org/frameworks/uk-nc-2013/versions/september-2013/items/Eng.UKS2.Write.Comp.1b,uk-nc-2013,Eng.UKS2.Write.Comp.1b,uk-nc-2013:Eng.UKS2.Write.Comp.1b,September 2013,1,false,https://www.gov.uk/government/publications/national-curriculum-in-england-framework-for-key-stages-1-to-4
https://education.asfai.org/frameworks/uk-nc-2013/versions/september-2013/items/Eng.UKS2.Write.Comp.1c,uk-nc-2013,Eng.UKS2.Write.Comp.1c,uk-nc-2013:Eng.UKS2.Write.Comp.1c,September 2013,1,false,https://www.gov.uk/government/publications/national-curriculum-in-england-framework-for-key-stages-1-to-4
https://education.asfai.org/frameworks/uk-nc-2013/versions/september-2013/items/Eng.UKS2.Write.Comp.2a,uk-nc-2013,Eng.UKS2.Write.Comp.2a,uk-nc-2013:Eng.UKS2.Write.Comp.2a,September 2013,1,false,https://www.gov.uk/government/publications/national-curriculum-in-england-framework-for-key-stages-1-to-4
https://education.asfai.org/frameworks/uk-nc-2013/versions/september-2013/items/Eng.UKS2.Write.Comp.2b,uk-nc-2013,Eng.UKS2.Write.Comp.2b,uk-nc-2013:Eng.UKS2.Write.Comp.2b,September 2013,1,false,https://www.gov.uk/government/publications/national-curriculum-in-england-framework-for-key-stages-1-to-4
https://education.asfai.org/frameworks/uk-nc-2013/versions/september-2013/items/Eng.UKS2.Write.Comp.2c,uk-nc-2013,Eng.UKS2.Write.Comp.2c,uk-nc-2013:Eng.UKS2.Write.Comp.2c,September 2013,1,false,https://www.gov.uk/government/publications/national-curriculum-in-england-framework-for-key-stages-1-to-4
https://education.asfai.org/frameworks/uk-nc-2013/versions/september-2013/items/Eng.UKS2.Write.Comp.2d,uk-nc-2013,Eng.UKS2.Write.Comp.2d,uk-nc-2013:Eng.UKS2.Write.Comp.2d,September 2013,3,false,https://www.gov.uk/government/publications/national-curriculum-in-england-framework-for-key-stages-1-to-4
https://education.asfai.org/frameworks/uk-nc-2013/versions/september-2013/items/Eng.UKS2.Write.Comp.2e,uk-nc-2013,Eng.UKS2.Write.Comp.2e,uk-nc-2013:Eng.UKS2.Write.Comp.2e,September 2013,1,false,https://www.gov.uk/government/publications/national-curriculum-in-england-framework-for-key-stages-1-to-4
https://education.asfai.org/frameworks/uk-nc-2013/versions/september-2013/items/Eng.UKS2.Write.Comp.3a,uk-nc-2013,Eng.UKS2.Write.Comp.3a,uk-nc-2013:Eng.UKS2.Write.Comp.3a,September 2013,1,false,https://www.gov.uk/government/publications/national-curriculum-in-england-framework-for-key-stages-1-to-4
https://education.asfai.org/frameworks/uk-nc-2013/versions/september-2013/items/Eng.UKS2.Write.Comp.3b,uk-nc-2013,Eng.UKS2.Write.Comp.3b,uk-nc-2013:Eng.UKS2.Write.Comp.3b,September 2013,1,false,https://www.gov.uk/government/publications/national-curriculum-in-england-framework-for-key-stages-1-to-4
https://education.asfai.org/frameworks/uk-nc-2013/versions/september-2013/items/Eng.UKS2.Write.Comp.3c,uk-nc-2013,Eng.UKS2.Write.Comp.3c,uk-nc-2013:Eng.UKS2.Write.Comp.3c,September 2013,1,false,https://www.gov.uk/government/publications/national-curriculum-in-england-framework-for-key-stages-1-to-4
https://education.asfai.org/frameworks/uk-nc-2013/versions/september-2013/items/Eng.UKS2.Write.Comp.3d,uk-nc-2013,Eng.UKS2.Write.Comp.3d,uk-nc-2013:Eng.UKS2.Write.Comp.3d,September 2013,1,false,https://www.gov.uk/government/publications/national-curriculum-in-england-framework-for-key-stages-1-to-4
https://education.asfai.org/frameworks/uk-nc-2013/versions/september-2013/items/Eng.UKS2.Write.Comp.3e,uk-nc-2013,Eng.UKS2.Write.Comp.3e,uk-nc-2013:Eng.UKS2.Write.Comp.3e,September 2013,1,false,https://www.gov.uk/government/publications/national-curriculum-in-england-framework-for-key-stages-1-to-4
https://education.asfai.org/frameworks/uk-nc-2013/versions/september-2013/items/Eng.UKS2.Write.Comp.4,uk-nc-2013,Eng.UKS2.Write.Comp.4,uk-nc-2013:Eng.UKS2.Write.Comp.4,September 2013,1,false,https://www.gov.uk/government/publications/national-curriculum-in-england-framework-for-key-stages-1-to-4
https://education.asfai.org/frameworks/uk-nc-2013/versions/september-2013/items/Eng.UKS2.Write.Trans.Hand.1a,uk-nc-2013,Eng.UKS2.Write.Trans.Hand.1a,uk-nc-2013:Eng.UKS2.Write.Trans.Hand.1a,September 2013,1,false,https://www.gov.uk/government/publications/national-curriculum-in-england-framework-for-key-stages-1-to-4
https://education.asfai.org/frameworks/uk-nc-2013/versions/september-2013/items/Eng.UKS2.Write.Trans.Hand.1b,uk-nc-2013,Eng.UKS2.Write.Trans.Hand.1b,uk-nc-2013:Eng.UKS2.Write.Trans.Hand.1b,September 2013,1,false,https://www.gov.uk/government/publications/national-curriculum-in-england-framework-for-key-stages-1-to-4
https://education.asfai.org/frameworks/uk-nc-2013/versions/september-2013/items/Eng.UKS2.Write.Trans.Spell.1,uk-nc-2013,Eng.UKS2.Write.Trans.Spell.1,uk-nc-2013:Eng.UKS2.Write.Trans.Spell.1,September 2013,1,false,https://www.gov.uk/government/publications/national-curriculum-in-england-framework-for-key-stages-1-to-4
https://education.asfai.org/frameworks/uk-nc-2013/versions/september-2013/items/Eng.UKS2.Write.Trans.Spell.2,uk-nc-2013,Eng.UKS2.Write.Trans.Spell.2,uk-nc-2013:Eng.UKS2.Write.Trans.Spell.2,September 2013,1,false,https://www.gov.uk/government/publications/national-curriculum-in-england-framework-for-key-stages-1-to-4
https://education.asfai.org/frameworks/uk-nc-2013/versions/september-2013/items/Eng.UKS2.Write.Trans.Spell.3,uk-nc-2013,Eng.UKS2.Write.Trans.Spell.3,uk-nc-2013:Eng.UKS2.Write.Trans.Spell.3,September 2013,1,false,https://www.gov.uk/government/publications/national-curriculum-in-england-framework-for-key-stages-1-to-4
https://education.asfai.org/frameworks/uk-nc-2013/versions/september-2013/items/Eng.UKS2.Write.Trans.Spell.4,uk-nc-2013,Eng.UKS2.Write.Trans.Spell.4,uk-nc-2013:Eng.UKS2.Write.Trans.Spell.4,September 2013,1,false,https://www.gov.uk/government/publications/national-curriculum-in-england-framework-for-key-stages-1-to-4
https://education.asfai.org/frameworks/uk-nc-2013/versions/september-2013/items/Eng.UKS2.Write.Trans.Spell.5,uk-nc-2013,Eng.UKS2.Write.Trans.Spell.5,uk-nc-2013:Eng.UKS2.Write.Trans.Spell.5,September 2013,1,false,https://www.gov.uk/government/publications/national-curriculum-in-england-framework-for-key-stages-1-to-4
https://education.asfai.org/frameworks/uk-nc-2013/versions/september-2013/items/Eng.UKS2.Write.Trans.Spell.6,uk-nc-2013,Eng.UKS2.Write.Trans.Spell.6,uk-nc-2013:Eng.UKS2.Write.Trans.Spell.6,September 2013,1,false,https://www.gov.uk/government/publications/national-curriculum-in-england-framework-for-key-stages-1-to-4
https://education.asfai.org/frameworks/uk-nc-2013/versions/september-2013/items/Eng.UKS2.Write.Trans.Spell.7,uk-nc-2013,Eng.UKS2.Write.Trans.Spell.7,uk-nc-2013:Eng.UKS2.Write.Trans.Spell.7,September 2013,1,false,https://www.gov.uk/government/publications/national-curriculum-in-england-framework-for-key-stages-1-to-4
https://education.asfai.org/frameworks/uk-nc-2013/versions/september-2013/items/Eng.UKS2.Write.VGP.1a,uk-nc-2013,Eng.UKS2.Write.VGP.1a,uk-nc-2013:Eng.UKS2.Write.VGP.1a,September 2013,1,false,https://www.gov.uk/government/publications/national-curriculum-in-england-framework-for-key-stages-1-to-4
https://education.asfai.org/frameworks/uk-nc-2013/versions/september-2013/items/Eng.UKS2.Write.VGP.1b,uk-nc-2013,Eng.UKS2.Write.VGP.1b,uk-nc-2013:Eng.UKS2.Write.VGP.1b,September 2013,1,false,https://www.gov.uk/government/publications/national-curriculum-in-england-framework-for-key-stages-1-to-4
https://education.asfai.org/frameworks/uk-nc-2013/versions/september-2013/items/Eng.UKS2.Write.VGP.1c,uk-nc-2013,Eng.UKS2.Write.VGP.1c,uk-nc-2013:Eng.UKS2.Write.VGP.1c,September 2013,1,false,https://www.gov.uk/government/publications/national-curriculum-in-england-framework-for-key-stages-1-to-4
https://education.asfai.org/frameworks/uk-nc-2013/versions/september-2013/items/Eng.UKS2.Write.VGP.1d,uk-nc-2013,Eng.UKS2.Write.VGP.1d,uk-nc-2013:Eng.UKS2.Write.VGP.1d,September 2013,1,false,https://www.gov.uk/government/publications/national-curriculum-in-england-framework-for-key-stages-1-to-4
https://education.asfai.org/frameworks/uk-nc-2013/versions/september-2013/items/Eng.UKS2.Write.VGP.1e,uk-nc-2013,Eng.UKS2.Write.VGP.1e,uk-nc-2013:Eng.UKS2.Write.VGP.1e,September 2013,1,false,https://www.gov.uk/government/publications/national-curriculum-in-england-framework-for-key-stages-1-to-4
https://education.asfai.org/frameworks/uk-nc-2013/versions/september-2013/items/Eng.UKS2.Write.VGP.1f,uk-nc-2013,Eng.UKS2.Write.VGP.1f,uk-nc-2013:Eng.UKS2.Write.VGP.1f,September 2013,1,false,https://www.gov.uk/government/publications/national-curriculum-in-england-framework-for-key-stages-1-to-4
https://education.asfai.org/frameworks/uk-nc-2013/versions/september-2013/items/Eng.UKS2.Write.VGP.1g,uk-nc-2013,Eng.UKS2.Write.VGP.1g,uk-nc-2013:Eng.UKS2.Write.VGP.1g,September 2013,1,false,https://www.gov.uk/government/publications/national-curriculum-in-england-framework-for-key-stages-1-to-4
https://education.asfai.org/frameworks/uk-nc-2013/versions/september-2013/items/Eng.UKS2.Write.VGP.2a,uk-nc-2013,Eng.UKS2.Write.VGP.2a,uk-nc-2013:Eng.UKS2.Write.VGP.2a,September 2013,1,false,https://www.gov.uk/government/publications/national-curriculum-in-england-framework-for-key-stages-1-to-4
https://education.asfai.org/frameworks/uk-nc-2013/versions/september-2013/items/Eng.UKS2.Write.VGP.2b,uk-nc-2013,Eng.UKS2.Write.VGP.2b,uk-nc-2013:Eng.UKS2.Write.VGP.2b,September 2013,2,false,https://www.gov.uk/government/publications/national-curriculum-in-england-framework-for-key-stages-1-to-4
https://education.asfai.org/frameworks/uk-nc-2013/versions/september-2013/items/Eng.UKS2.Write.VGP.2c,uk-nc-2013,Eng.UKS2.Write.VGP.2c,uk-nc-2013:Eng.UKS2.Write.VGP.2c,September 2013,1,false,https://www.gov.uk/government/publications/national-curriculum-in-england-framework-for-key-stages-1-to-4
https://education.asfai.org/frameworks/uk-nc-2013/versions/september-2013/items/Eng.UKS2.Write.VGP.2d,uk-nc-2013,Eng.UKS2.Write.VGP.2d,uk-nc-2013:Eng.UKS2.Write.VGP.2d,September 2013,1,false,https://www.gov.uk/government/publications/national-curriculum-in-england-framework-for-key-stages-1-to-4
https://education.asfai.org/frameworks/uk-nc-2013/versions/september-2013/items/Eng.UKS2.Write.VGP.2e,uk-nc-2013,Eng.UKS2.Write.VGP.2e,uk-nc-2013:Eng.UKS2.Write.VGP.2e,September 2013,1,false,https://www.gov.uk/government/publications/national-curriculum-in-england-framework-for-key-stages-1-to-4
https://education.asfai.org/frameworks/uk-nc-2013/versions/september-2013/items/Eng.UKS2.Write.VGP.2f,uk-nc-2013,Eng.UKS2.Write.VGP.2f,uk-nc-2013:Eng.UKS2.Write.VGP.2f,September 2013,1,false,https://www.gov.uk/government/publications/national-curriculum-in-england-framework-for-key-stages-1-to-4
https://education.asfai.org/frameworks/uk-nc-2013/versions/september-2013/items/Eng.UKS2.Write.VGP.3,uk-nc-2013,Eng.UKS2.Write.VGP.3,uk-nc-2013:Eng.UKS2.Write.VGP.3,September 2013,2,false,https://www.gov.uk/government/publications/national-curriculum-in-england-framework-for-key-stages-1-to-4
https://education.asfai.org/frameworks/uk-nc-2013/versions/september-2013/items/Eng%2FKS1%2FY2%2FC%2F1a,uk-nc-2013,Eng/KS1/Y2/C/1a,uk-nc-2013:Eng/KS1/Y2/C/1a,September 2013,1,false,https://www.gov.uk/government/publications/national-curriculum-in-england-framework-for-key-stages-1-to-4
https://education.asfai.org/frameworks/uk-nc-2013/versions/september-2013/items/Eng%2FKS1%2FY2%2FC%2F1b,uk-nc-2013,Eng/KS1/Y2/C/1b,uk-nc-2013:Eng/KS1/Y2/C/1b,September 2013,1,false,https://www.gov.uk/government/publications/national-curriculum-in-england-framework-for-key-stages-1-to-4
https://education.asfai.org/frameworks/uk-nc-2013/versions/september-2013/items/Eng%2FKS1%2FY2%2FC%2F1c,uk-nc-2013,Eng/KS1/Y2/C/1c,uk-nc-2013:Eng/KS1/Y2/C/1c,September 2013,3,false,https://www.gov.uk/government/publications/national-curriculum-in-england-framework-for-key-stages-1-to-4
https://education.asfai.org/frameworks/uk-nc-2013/versions/september-2013/items/Eng%2FKS1%2FY2%2FC%2F1d,uk-nc-2013,Eng/KS1/Y2/C/1d,uk-nc-2013:Eng/KS1/Y2/C/1d,September 2013,1,false,https://www.gov.uk/government/publications/national-curriculum-in-england-framework-for-key-stages-1-to-4
https://education.asfai.org/frameworks/uk-nc-2013/versions/september-2013/items/Eng%2FKS1%2FY2%2FC%2F1e,uk-nc-2013,Eng/KS1/Y2/C/1e,uk-nc-2013:Eng/KS1/Y2/C/1e,September 2013,1,false,https://www.gov.uk/government/publications/national-curriculum-in-england-framework-for-key-stages-1-to-4
https://education.asfai.org/frameworks/uk-nc-2013/versions/september-2013/items/Eng%2FKS1%2FY2%2FC%2F1f,uk-nc-2013,Eng/KS1/Y2/C/1f,uk-nc-2013:Eng/KS1/Y2/C/1f,September 2013,2,false,https://www.gov.uk/government/publications/national-curriculum-in-england-framework-for-key-stages-1-to-4
https://education.asfai.org/frameworks/uk-nc-2013/versions/september-2013/items/Eng%2FKS1%2FY2%2FC%2F1g,uk-nc-2013,Eng/KS1/Y2/C/1g,uk-nc-2013:Eng/KS1/Y2/C/1g,September 2013,1,false,https://www.gov.uk/government/publications/national-curriculum-in-england-framework-for-key-stages-1-to-4
https://education.asfai.org/frameworks/uk-nc-2013/versions/september-2013/items/Eng%2FKS1%2FY2%2FC%2F1h,uk-nc-2013,Eng/KS1/Y2/C/1h,uk-nc-2013:Eng/KS1/Y2/C/1h,September 2013,2,false,https://www.gov.uk/government/publications/national-curriculum-in-england-framework-for-key-stages-1-to-4
https://education.asfai.org/frameworks/uk-nc-2013/versions/september-2013/items/Eng%2FKS1%2FY2%2FC%2F2a,uk-nc-2013,Eng/KS1/Y2/C/2a,uk-nc-2013:Eng/KS1/Y2/C/2a,September 2013,1,false,https://www.gov.uk/government/publications/national-curriculum-in-england-framework-for-key-stages-1-to-4
https://education.asfai.org/frameworks/uk-nc-2013/versions/september-2013/items/Eng%2FKS1%2FY2%2FC%2F2b,uk-nc-2013,Eng/KS1/Y2/C/2b,uk-nc-2013:Eng/KS1/Y2/C/2b,September 2013,1,false,https://www.gov.uk/government/publications/national-curriculum-in-england-framework-for-key-stages-1-to-4
https://education.asfai.org/frameworks/uk-nc-2013/versions/september-2013/items/Eng%2FKS1%2FY2%2FC%2F2c,uk-nc-2013,Eng/KS1/Y2/C/2c,uk-nc-2013:Eng/KS1/Y2/C/2c,September 2013,1,false,https://www.gov.uk/government/publications/national-curriculum-in-england-framework-for-key-stages-1-to-4
https://education.asfai.org/frameworks/uk-nc-2013/versions/september-2013/items/Eng%2FKS1%2FY2%2FC%2F2d,uk-nc-2013,Eng/KS1/Y2/C/2d,uk-nc-2013:Eng/KS1/Y2/C/2d,September 2013,1,false,https://www.gov.uk/government/publications/national-curriculum-in-england-framework-for-key-stages-1-to-4
https://education.asfai.org/frameworks/uk-nc-2013/versions/september-2013/items/Eng%2FKS1%2FY2%2FC%2F2e,uk-nc-2013,Eng/KS1/Y2/C/2e,uk-nc-2013:Eng/KS1/Y2/C/2e,September 2013,0,false,https://www.gov.uk/government/publications/national-curriculum-in-england-framework-for-key-stages-1-to-4
https://education.asfai.org/frameworks/uk-nc-2013/versions/september-2013/items/Eng%2FKS1%2FY2%2FC%2F3,uk-nc-2013,Eng/KS1/Y2/C/3,uk-nc-2013:Eng/KS1/Y2/C/3,September 2013,1,false,https://www.gov.uk/government/publications/national-curriculum-in-england-framework-for-key-stages-1-to-4
https://education.asfai.org/frameworks/uk-nc-2013/versions/september-2013/items/Eng%2FKS1%2FY2%2FC%2F4,uk-nc-2013,Eng/KS1/Y2/C/4,uk-nc-2013:Eng/KS1/Y2/C/4,September 2013,1,false,https://www.gov.uk/government/publications/national-curriculum-in-england-framework-for-key-stages-1-to-4
https://education.asfai.org/frameworks/uk-nc-2013/versions/september-2013/items/Eng%2FKS1%2FY2%2FH%2F1,uk-nc-2013,Eng/KS1/Y2/H/1,uk-nc-2013:Eng/KS1/Y2/H/1,September 2013,1,false,https://www.gov.uk/government/publications/national-curriculum-in-england-framework-for-key-stages-1-to-4
https://education.asfai.org/frameworks/uk-nc-2013/versions/september-2013/items/Eng%2FKS1%2FY2%2FH%2F2,uk-nc-2013,Eng/KS1/Y2/H/2,uk-nc-2013:Eng/KS1/Y2/H/2,September 2013,1,false,https://www.gov.uk/government/publications/national-curriculum-in-england-framework-for-key-stages-1-to-4
https://education.asfai.org/frameworks/uk-nc-2013/versions/september-2013/items/Eng%2FKS1%2FY2%2FH%2F3,uk-nc-2013,Eng/KS1/Y2/H/3,uk-nc-2013:Eng/KS1/Y2/H/3,September 2013,1,false,https://www.gov.uk/government/publications/national-curriculum-in-england-framework-for-key-stages-1-to-4
https://education.asfai.org/frameworks/uk-nc-2013/versions/september-2013/items/Eng%2FKS1%2FY2%2FH%2F4,uk-nc-2013,Eng/KS1/Y2/H/4,uk-nc-2013:Eng/KS1/Y2/H/4,September 2013,1,false,https://www.gov.uk/government/publications/national-curriculum-in-england-framework-for-key-stages-1-to-4
https://education.asfai.org/frameworks/uk-nc-2013/versions/september-2013/items/Eng%2FKS1%2FY2%2FS%2F1a,uk-nc-2013,Eng/KS1/Y2/S/1a,uk-nc-2013:Eng/KS1/Y2/S/1a,September 2013,1,false,https://www.gov.uk/government/publications/national-curriculum-in-england-framework-for-key-stages-1-to-4
https://education.asfai.org/frameworks/uk-nc-2013/versions/september-2013/items/Eng%2FKS1%2FY2%2FS%2F1b,uk-nc-2013,Eng/KS1/Y2/S/1b,uk-nc-2013:Eng/KS1/Y2/S/1b,September 2013,1,false,https://www.gov.uk/government/publications/national-curriculum-in-england-framework-for-key-stages-1-to-4
https://education.asfai.org/frameworks/uk-nc-2013/versions/september-2013/items/Eng%2FKS1%2FY2%2FS%2F1c,uk-nc-2013,Eng/KS1/Y2/S/1c,uk-nc-2013:Eng/KS1/Y2/S/1c,September 2013,1,false,https://www.gov.uk/government/publications/national-curriculum-in-england-framework-for-key-stages-1-to-4
https://education.asfai.org/frameworks/uk-nc-2013/versions/september-2013/items/Eng%2FKS1%2FY2%2FS%2F1d,uk-nc-2013,Eng/KS1/Y2/S/1d,uk-nc-2013:Eng/KS1/Y2/S/1d,September 2013,1,false,https://www.gov.uk/government/publications/national-curriculum-in-england-framework-for-key-stages-1-to-4
https://education.asfai.org/frameworks/uk-nc-2013/versions/september-2013/items/Eng%2FKS1%2FY2%2FS%2F1e,uk-nc-2013,Eng/KS1/Y2/S/1e,uk-nc-2013:Eng/KS1/Y2/S/1e,September 2013,0,false,https://www.gov.uk/government/publications/national-curriculum-in-england-framework-for-key-stages-1-to-4
https://education.asfai.org/frameworks/uk-nc-2013/versions/september-2013/items/Eng%2FKS1%2FY2%2FS%2F1f,uk-nc-2013,Eng/KS1/Y2/S/1f,uk-nc-2013:Eng/KS1/Y2/S/1f,September 2013,1,false,https://www.gov.uk/government/publications/national-curriculum-in-england-framework-for-key-stages-1-to-4
https://education.asfai.org/frameworks/uk-nc-2013/versions/september-2013/items/Eng%2FKS1%2FY2%2FS%2F2,uk-nc-2013,Eng/KS1/Y2/S/2,uk-nc-2013:Eng/KS1/Y2/S/2,September 2013,1,false,https://www.gov.uk/government/publications/national-curriculum-in-england-framework-for-key-stages-1-to-4
https://education.asfai.org/frameworks/uk-nc-2013/versions/september-2013/items/Eng%2FKS1%2FY2%2FS%2F3,uk-nc-2013,Eng/KS1/Y2/S/3,uk-nc-2013:Eng/KS1/Y2/S/3,September 2013,1,false,https://www.gov.uk/government/publications/national-curriculum-in-england-framework-for-key-stages-1-to-4
https://education.asfai.org/frameworks/uk-nc-2013/versions/september-2013/items/Eng%2FKS1%2FY2%2FS%2F4,uk-nc-2013,Eng/KS1/Y2/S/4,uk-nc-2013:Eng/KS1/Y2/S/4,September 2013,1,false,https://www.gov.uk/government/publications/national-curriculum-in-england-framework-for-key-stages-1-to-4
https://education.asfai.org/frameworks/uk-nc-2013/versions/september-2013/items/Eng%2FKS1%2FY2%2FVGP%2F1,uk-nc-2013,Eng/KS1/Y2/VGP/1,uk-nc-2013:Eng/KS1/Y2/VGP/1,September 2013,1,false,https://www.gov.uk/government/publications/national-curriculum-in-england-framework-for-key-stages-1-to-4
https://education.asfai.org/frameworks/uk-nc-2013/versions/september-2013/items/Eng%2FKS1%2FY2%2FVGP%2F2a,uk-nc-2013,Eng/KS1/Y2/VGP/2a,uk-nc-2013:Eng/KS1/Y2/VGP/2a,September 2013,1,false,https://www.gov.uk/government/publications/national-curriculum-in-england-framework-for-key-stages-1-to-4
https://education.asfai.org/frameworks/uk-nc-2013/versions/september-2013/items/Eng%2FKS1%2FY2%2FVGP%2F2b,uk-nc-2013,Eng/KS1/Y2/VGP/2b,uk-nc-2013:Eng/KS1/Y2/VGP/2b,September 2013,0,false,https://www.gov.uk/government/publications/national-curriculum-in-england-framework-for-key-stages-1-to-4
https://education.asfai.org/frameworks/uk-nc-2013/versions/september-2013/items/Eng%2FKS1%2FY2%2FVGP%2F2c,uk-nc-2013,Eng/KS1/Y2/VGP/2c,uk-nc-2013:Eng/KS1/Y2/VGP/2c,September 2013,0,false,https://www.gov.uk/government/publications/national-curriculum-in-england-framework-for-key-stages-1-to-4
https://education.asfai.org/frameworks/uk-nc-2013/versions/september-2013/items/Eng%2FKS1%2FY2%2FVGP%2F2d,uk-nc-2013,Eng/KS1/Y2/VGP/2d,uk-nc-2013:Eng/KS1/Y2/VGP/2d,September 2013,1,false,https://www.gov.uk/government/publications/national-curriculum-in-england-framework-for-key-stages-1-to-4
https://education.asfai.org/frameworks/uk-nc-2013/versions/september-2013/items/Eng%2FKS1%2FY2%2FVGP%2F2e,uk-nc-2013,Eng/KS1/Y2/VGP/2e,uk-nc-2013:Eng/KS1/Y2/VGP/2e,September 2013,1,false,https://www.gov.uk/government/publications/national-curriculum-in-england-framework-for-key-stages-1-to-4
https://education.asfai.org/frameworks/uk-nc-2013/versions/september-2013/items/Eng%2FKS1%2FY2%2FVGP%2F2f,uk-nc-2013,Eng/KS1/Y2/VGP/2f,uk-nc-2013:Eng/KS1/Y2/VGP/2f,September 2013,1,false,https://www.gov.uk/government/publications/national-curriculum-in-england-framework-for-key-stages-1-to-4
https://education.asfai.org/frameworks/uk-nc-2013/versions/september-2013/items/Eng%2FKS1%2FY2%2FVGP%2F3,uk-nc-2013,Eng/KS1/Y2/VGP/3,uk-nc-2013:Eng/KS1/Y2/VGP/3,September 2013,1,false,https://www.gov.uk/government/publications/national-curriculum-in-england-framework-for-key-stages-1-to-4
https://education.asfai.org/frameworks/uk-nc-2013/versions/september-2013/items/Eng%2FKS1%2FY2%2FWC%2F1a,uk-nc-2013,Eng/KS1/Y2/WC/1a,uk-nc-2013:Eng/KS1/Y2/WC/1a,September 2013,0,false,https://www.gov.uk/government/publications/national-curriculum-in-england-framework-for-key-stages-1-to-4
https://education.asfai.org/frameworks/uk-nc-2013/versions/september-2013/items/Eng%2FKS1%2FY2%2FWC%2F1b,uk-nc-2013,Eng/KS1/Y2/WC/1b,uk-nc-2013:Eng/KS1/Y2/WC/1b,September 2013,1,false,https://www.gov.uk/government/publications/national-curriculum-in-england-framework-for-key-stages-1-to-4
https://education.asfai.org/frameworks/uk-nc-2013/versions/september-2013/items/Eng%2FKS1%2FY2%2FWC%2F1c,uk-nc-2013,Eng/KS1/Y2/WC/1c,uk-nc-2013:Eng/KS1/Y2/WC/1c,September 2013,1,false,https://www.gov.uk/government/publications/national-curriculum-in-england-framework-for-key-stages-1-to-4
https://education.asfai.org/frameworks/uk-nc-2013/versions/september-2013/items/Eng%2FKS1%2FY2%2FWC%2F1d,uk-nc-2013,Eng/KS1/Y2/WC/1d,uk-nc-2013:Eng/KS1/Y2/WC/1d,September 2013,1,false,https://www.gov.uk/government/publications/national-curriculum-in-england-framework-for-key-stages-1-to-4
https://education.asfai.org/frameworks/uk-nc-2013/versions/september-2013/items/Eng%2FKS1%2FY2%2FWC%2F2a,uk-nc-2013,Eng/KS1/Y2/WC/2a,uk-nc-2013:Eng/KS1/Y2/WC/2a,September 2013,1,false,https://www.gov.uk/government/publications/national-curriculum-in-england-framework-for-key-stages-1-to-4
https://education.asfai.org/frameworks/uk-nc-2013/versions/september-2013/items/Eng%2FKS1%2FY2%2FWC%2F2b,uk-nc-2013,Eng/KS1/Y2/WC/2b,uk-nc-2013:Eng/KS1/Y2/WC/2b,September 2013,1,false,https://www.gov.uk/government/publications/national-curriculum-in-england-framework-for-key-stages-1-to-4
https://education.asfai.org/frameworks/uk-nc-2013/versions/september-2013/items/Eng%2FKS1%2FY2%2FWC%2F2c,uk-nc-2013,Eng/KS1/Y2/WC/2c,uk-nc-2013:Eng/KS1/Y2/WC/2c,September 2013,1,false,https://www.gov.uk/government/publications/national-curriculum-in-england-framework-for-key-stages-1-to-4
https://education.asfai.org/frameworks/uk-nc-2013/versions/september-2013/items/Eng%2FKS1%2FY2%2FWC%2F3a,uk-nc-2013,Eng/KS1/Y2/WC/3a,uk-nc-2013:Eng/KS1/Y2/WC/3a,September 2013,1,false,https://www.gov.uk/government/publications/national-curriculum-in-england-framework-for-key-stages-1-to-4
https://education.asfai.org/frameworks/uk-nc-2013/versions/september-2013/items/Eng%2FKS1%2FY2%2FWC%2F3b,uk-nc-2013,Eng/KS1/Y2/WC/3b,uk-nc-2013:Eng/KS1/Y2/WC/3b,September 2013,0,false,https://www.gov.uk/government/publications/national-curriculum-in-england-framework-for-key-stages-1-to-4
https://education.asfai.org/frameworks/uk-nc-2013/versions/september-2013/items/Eng%2FKS1%2FY2%2FWC%2F3c,uk-nc-2013,Eng/KS1/Y2/WC/3c,uk-nc-2013:Eng/KS1/Y2/WC/3c,September 2013,0,false,https://www.gov.uk/government/publications/national-curriculum-in-england-framework-for-key-stages-1-to-4
https://education.asfai.org/frameworks/uk-nc-2013/versions/september-2013/items/Eng%2FKS1%2FY2%2FWC%2F4,uk-nc-2013,Eng/KS1/Y2/WC/4,uk-nc-2013:Eng/KS1/Y2/WC/4,September 2013,1,false,https://www.gov.uk/government/publications/national-curriculum-in-england-framework-for-key-stages-1-to-4
https://education.asfai.org/frameworks/uk-nc-2013/versions/september-2013/items/Eng%2FKS1%2FY2%2FWR%2F1,uk-nc-2013,Eng/KS1/Y2/WR/1,uk-nc-2013:Eng/KS1/Y2/WR/1,September 2013,2,false,https://www.gov.uk/government/publications/national-curriculum-in-england-framework-for-key-stages-1-to-4
https://education.asfai.org/frameworks/uk-nc-2013/versions/september-2013/items/Eng%2FKS1%2FY2%2FWR%2F2,uk-nc-2013,Eng/KS1/Y2/WR/2,uk-nc-2013:Eng/KS1/Y2/WR/2,September 2013,1,false,https://www.gov.uk/government/publications/national-curriculum-in-england-framework-for-key-stages-1-to-4
https://education.asfai.org/frameworks/uk-nc-2013/versions/september-2013/items/Eng%2FKS1%2FY2%2FWR%2F3,uk-nc-2013,Eng/KS1/Y2/WR/3,uk-nc-2013:Eng/KS1/Y2/WR/3,September 2013,1,false,https://www.gov.uk/government/publications/national-curriculum-in-england-framework-for-key-stages-1-to-4
https://education.asfai.org/frameworks/uk-nc-2013/versions/september-2013/items/Eng%2FKS1%2FY2%2FWR%2F4,uk-nc-2013,Eng/KS1/Y2/WR/4,uk-nc-2013:Eng/KS1/Y2/WR/4,September 2013,0,false,https://www.gov.uk/government/publications/national-curriculum-in-england-framework-for-key-stages-1-to-4
https://education.asfai.org/frameworks/uk-nc-2013/versions/september-2013/items/Eng%2FKS1%2FY2%2FWR%2F5,uk-nc-2013,Eng/KS1/Y2/WR/5,uk-nc-2013:Eng/KS1/Y2/WR/5,September 2013,0,false,https://www.gov.uk/government/publications/national-curriculum-in-england-framework-for-key-stages-1-to-4
https://education.asfai.org/frameworks/uk-nc-2013/versions/september-2013/items/Eng%2FKS1%2FY2%2FWR%2F6,uk-nc-2013,Eng/KS1/Y2/WR/6,uk-nc-2013:Eng/KS1/Y2/WR/6,September 2013,1,false,https://www.gov.uk/government/publications/national-curriculum-in-england-framework-for-key-stages-1-to-4
https://education.asfai.org/frameworks/uk-nc-2013/versions/september-2013/items/Eng%2FKS1%2FY2%2FWR%2F7,uk-nc-2013,Eng/KS1/Y2/WR/7,uk-nc-2013:Eng/KS1/Y2/WR/7,September 2013,2,false,https://www.gov.uk/government/publications/national-curriculum-in-england-framework-for-key-stages-1-to-4
https://education.asfai.org/frameworks/uk-nc-2013/versions/september-2013/items/Eng%2FKS1%2FY2%2FWR%2F8,uk-nc-2013,Eng/KS1/Y2/WR/8,uk-nc-2013:Eng/KS1/Y2/WR/8,September 2013,2,false,https://www.gov.uk/government/publications/national-curriculum-in-england-framework-for-key-stages-1-to-4
https://education.asfai.org/frameworks/uk-nc-2013/versions/september-2013/items/Geo-KS1-HumPhys-1,uk-nc-2013,Geo-KS1-HumPhys-1,uk-nc-2013:Geo-KS1-HumPhys-1,September 2013,0,false,https://www.gov.uk/government/publications/national-curriculum-in-england-framework-for-key-stages-1-to-4
https://education.asfai.org/frameworks/uk-nc-2013/versions/september-2013/items/Geo-KS1-HumPhys-2,uk-nc-2013,Geo-KS1-HumPhys-2,uk-nc-2013:Geo-KS1-HumPhys-2,September 2013,0,false,https://www.gov.uk/government/publications/national-curriculum-in-england-framework-for-key-stages-1-to-4
https://education.asfai.org/frameworks/uk-nc-2013/versions/september-2013/items/Geo-KS1-HumPhys-3,uk-nc-2013,Geo-KS1-HumPhys-3,uk-nc-2013:Geo-KS1-HumPhys-3,September 2013,0,false,https://www.gov.uk/government/publications/national-curriculum-in-england-framework-for-key-stages-1-to-4
https://education.asfai.org/frameworks/uk-nc-2013/versions/september-2013/items/Geo-KS1-Loc-1,uk-nc-2013,Geo-KS1-Loc-1,uk-nc-2013:Geo-KS1-Loc-1,September 2013,0,false,https://www.gov.uk/government/publications/national-curriculum-in-england-framework-for-key-stages-1-to-4
https://education.asfai.org/frameworks/uk-nc-2013/versions/september-2013/items/Geo-KS1-Loc-2,uk-nc-2013,Geo-KS1-Loc-2,uk-nc-2013:Geo-KS1-Loc-2,September 2013,0,false,https://www.gov.uk/government/publications/national-curriculum-in-england-framework-for-key-stages-1-to-4
https://education.asfai.org/frameworks/uk-nc-2013/versions/september-2013/items/Geo-KS1-Place-1,uk-nc-2013,Geo-KS1-Place-1,uk-nc-2013:Geo-KS1-Place-1,September 2013,0,false,https://www.gov.uk/government/publications/national-curriculum-in-england-framework-for-key-stages-1-to-4
https://education.asfai.org/frameworks/uk-nc-2013/versions/september-2013/items/Geo-KS1-Skills-1,uk-nc-2013,Geo-KS1-Skills-1,uk-nc-2013:Geo-KS1-Skills-1,September 2013,0,false,https://www.gov.uk/government/publications/national-curriculum-in-england-framework-for-key-stages-1-to-4
https://education.asfai.org/frameworks/uk-nc-2013/versions/september-2013/items/Geo-KS1-Skills-2,uk-nc-2013,Geo-KS1-Skills-2,uk-nc-2013:Geo-KS1-Skills-2,September 2013,0,false,https://www.gov.uk/government/publications/national-curriculum-in-england-framework-for-key-stages-1-to-4
https://education.asfai.org/frameworks/uk-nc-2013/versions/september-2013/items/Geo-KS1-Skills-3,uk-nc-2013,Geo-KS1-Skills-3,uk-nc-2013:Geo-KS1-Skills-3,September 2013,0,false,https://www.gov.uk/government/publications/national-curriculum-in-england-framework-for-key-stages-1-to-4
https://education.asfai.org/frameworks/uk-nc-2013/versions/september-2013/items/Geo-KS1-Skills-4,uk-nc-2013,Geo-KS1-Skills-4,uk-nc-2013:Geo-KS1-Skills-4,September 2013,0,false,https://www.gov.uk/government/publications/national-curriculum-in-england-framework-for-key-stages-1-to-4
https://education.asfai.org/frameworks/uk-nc-2013/versions/september-2013/items/Geo-KS2-HumPhys-1,uk-nc-2013,Geo-KS2-HumPhys-1,uk-nc-2013:Geo-KS2-HumPhys-1,September 2013,0,false,https://www.gov.uk/government/publications/national-curriculum-in-england-framework-for-key-stages-1-to-4
https://education.asfai.org/frameworks/uk-nc-2013/versions/september-2013/items/Geo-KS2-HumPhys-2,uk-nc-2013,Geo-KS2-HumPhys-2,uk-nc-2013:Geo-KS2-HumPhys-2,September 2013,0,false,https://www.gov.uk/government/publications/national-curriculum-in-england-framework-for-key-stages-1-to-4
https://education.asfai.org/frameworks/uk-nc-2013/versions/september-2013/items/Geo-KS2-Loc-1,uk-nc-2013,Geo-KS2-Loc-1,uk-nc-2013:Geo-KS2-Loc-1,September 2013,0,false,https://www.gov.uk/government/publications/national-curriculum-in-england-framework-for-key-stages-1-to-4
https://education.asfai.org/frameworks/uk-nc-2013/versions/september-2013/items/Geo-KS2-Loc-2,uk-nc-2013,Geo-KS2-Loc-2,uk-nc-2013:Geo-KS2-Loc-2,September 2013,0,false,https://www.gov.uk/government/publications/national-curriculum-in-england-framework-for-key-stages-1-to-4
https://education.asfai.org/frameworks/uk-nc-2013/versions/september-2013/items/Geo-KS2-Loc-3,uk-nc-2013,Geo-KS2-Loc-3,uk-nc-2013:Geo-KS2-Loc-3,September 2013,0,false,https://www.gov.uk/government/publications/national-curriculum-in-england-framework-for-key-stages-1-to-4
https://education.asfai.org/frameworks/uk-nc-2013/versions/september-2013/items/Geo-KS2-Place-1,uk-nc-2013,Geo-KS2-Place-1,uk-nc-2013:Geo-KS2-Place-1,September 2013,0,false,https://www.gov.uk/government/publications/national-curriculum-in-england-framework-for-key-stages-1-to-4
https://education.asfai.org/frameworks/uk-nc-2013/versions/september-2013/items/Geo-KS2-Skills-1,uk-nc-2013,Geo-KS2-Skills-1,uk-nc-2013:Geo-KS2-Skills-1,September 2013,0,false,https://www.gov.uk/government/publications/national-curriculum-in-england-framework-for-key-stages-1-to-4
https://education.asfai.org/frameworks/uk-nc-2013/versions/september-2013/items/Geo-KS2-Skills-2,uk-nc-2013,Geo-KS2-Skills-2,uk-nc-2013:Geo-KS2-Skills-2,September 2013,0,false,https://www.gov.uk/government/publications/national-curriculum-in-england-framework-for-key-stages-1-to-4
https://education.asfai.org/frameworks/uk-nc-2013/versions/september-2013/items/Geo-KS2-Skills-3,uk-nc-2013,Geo-KS2-Skills-3,uk-nc-2013:Geo-KS2-Skills-3,September 2013,0,false,https://www.gov.uk/government/publications/national-curriculum-in-england-framework-for-key-stages-1-to-4
https://education.asfai.org/frameworks/uk-nc-2013/versions/september-2013/items/Hist-KS1-1,uk-nc-2013,Hist-KS1-1,uk-nc-2013:Hist-KS1-1,September 2013,0,false,https://www.gov.uk/government/publications/national-curriculum-in-england-framework-for-key-stages-1-to-4
https://education.asfai.org/frameworks/uk-nc-2013/versions/september-2013/items/Hist-KS1-2,uk-nc-2013,Hist-KS1-2,uk-nc-2013:Hist-KS1-2,September 2013,0,false,https://www.gov.uk/government/publications/national-curriculum-in-england-framework-for-key-stages-1-to-4
https://education.asfai.org/frameworks/uk-nc-2013/versions/september-2013/items/Hist-KS1-3,uk-nc-2013,Hist-KS1-3,uk-nc-2013:Hist-KS1-3,September 2013,0,false,https://www.gov.uk/government/publications/national-curriculum-in-england-framework-for-key-stages-1-to-4
https://education.asfai.org/frameworks/uk-nc-2013/versions/september-2013/items/Hist-KS1-4,uk-nc-2013,Hist-KS1-4,uk-nc-2013:Hist-KS1-4,September 2013,0,false,https://www.gov.uk/government/publications/national-curriculum-in-england-framework-for-key-stages-1-to-4
https://education.asfai.org/frameworks/uk-nc-2013/versions/september-2013/items/Hist-KS2-1,uk-nc-2013,Hist-KS2-1,uk-nc-2013:Hist-KS2-1,September 2013,0,false,https://www.gov.uk/government/publications/national-curriculum-in-england-framework-for-key-stages-1-to-4
https://education.asfai.org/frameworks/uk-nc-2013/versions/september-2013/items/Hist-KS2-2,uk-nc-2013,Hist-KS2-2,uk-nc-2013:Hist-KS2-2,September 2013,0,false,https://www.gov.uk/government/publications/national-curriculum-in-england-framework-for-key-stages-1-to-4
https://education.asfai.org/frameworks/uk-nc-2013/versions/september-2013/items/Hist-KS2-3,uk-nc-2013,Hist-KS2-3,uk-nc-2013:Hist-KS2-3,September 2013,0,false,https://www.gov.uk/government/publications/national-curriculum-in-england-framework-for-key-stages-1-to-4
https://education.asfai.org/frameworks/uk-nc-2013/versions/september-2013/items/Hist-KS2-4,uk-nc-2013,Hist-KS2-4,uk-nc-2013:Hist-KS2-4,September 2013,0,false,https://www.gov.uk/government/publications/national-curriculum-in-england-framework-for-key-stages-1-to-4
https://education.asfai.org/frameworks/uk-nc-2013/versions/september-2013/items/Hist-KS2-5,uk-nc-2013,Hist-KS2-5,uk-nc-2013:Hist-KS2-5,September 2013,0,false,https://www.gov.uk/government/publications/national-curriculum-in-england-framework-for-key-stages-1-to-4
https://education.asfai.org/frameworks/uk-nc-2013/versions/september-2013/items/Hist-KS2-6,uk-nc-2013,Hist-KS2-6,uk-nc-2013:Hist-KS2-6,September 2013,0,false,https://www.gov.uk/government/publications/national-curriculum-in-england-framework-for-key-stages-1-to-4
https://education.asfai.org/frameworks/uk-nc-2013/versions/september-2013/items/Hist-KS2-7,uk-nc-2013,Hist-KS2-7,uk-nc-2013:Hist-KS2-7,September 2013,0,false,https://www.gov.uk/government/publications/national-curriculum-in-england-framework-for-key-stages-1-to-4
https://education.asfai.org/frameworks/uk-nc-2013/versions/september-2013/items/Hist-KS2-8,uk-nc-2013,Hist-KS2-8,uk-nc-2013:Hist-KS2-8,September 2013,0,false,https://www.gov.uk/government/publications/national-curriculum-in-england-framework-for-key-stages-1-to-4
https://education.asfai.org/frameworks/uk-nc-2013/versions/september-2013/items/Hist-KS2-9,uk-nc-2013,Hist-KS2-9,uk-nc-2013:Hist-KS2-9,September 2013,0,false,https://www.gov.uk/government/publications/national-curriculum-in-england-framework-for-key-stages-1-to-4
https://education.asfai.org/frameworks/uk-nc-2013/versions/september-2013/items/KS1.Sci.WS.1,uk-nc-2013,KS1.Sci.WS.1,uk-nc-2013:KS1.Sci.WS.1,September 2013,1,false,https://www.gov.uk/government/publications/national-curriculum-in-england-framework-for-key-stages-1-to-4
https://education.asfai.org/frameworks/uk-nc-2013/versions/september-2013/items/KS1.Sci.WS.2,uk-nc-2013,KS1.Sci.WS.2,uk-nc-2013:KS1.Sci.WS.2,September 2013,1,false,https://www.gov.uk/government/publications/national-curriculum-in-england-framework-for-key-stages-1-to-4
https://education.asfai.org/frameworks/uk-nc-2013/versions/september-2013/items/KS1.Sci.WS.3,uk-nc-2013,KS1.Sci.WS.3,uk-nc-2013:KS1.Sci.WS.3,September 2013,1,false,https://www.gov.uk/government/publications/national-curriculum-in-england-framework-for-key-stages-1-to-4
https://education.asfai.org/frameworks/uk-nc-2013/versions/september-2013/items/KS1.Sci.WS.4,uk-nc-2013,KS1.Sci.WS.4,uk-nc-2013:KS1.Sci.WS.4,September 2013,1,false,https://www.gov.uk/government/publications/national-curriculum-in-england-framework-for-key-stages-1-to-4
https://education.asfai.org/frameworks/uk-nc-2013/versions/september-2013/items/KS1.Sci.WS.5,uk-nc-2013,KS1.Sci.WS.5,uk-nc-2013:KS1.Sci.WS.5,September 2013,1,false,https://www.gov.uk/government/publications/national-curriculum-in-england-framework-for-key-stages-1-to-4
https://education.asfai.org/frameworks/uk-nc-2013/versions/september-2013/items/KS1.Sci.WS.6,uk-nc-2013,KS1.Sci.WS.6,uk-nc-2013:KS1.Sci.WS.6,September 2013,1,false,https://www.gov.uk/government/publications/national-curriculum-in-england-framework-for-key-stages-1-to-4
https://education.asfai.org/frameworks/uk-nc-2013/versions/september-2013/items/KS2L.Sci.WS.1,uk-nc-2013,KS2L.Sci.WS.1,uk-nc-2013:KS2L.Sci.WS.1,September 2013,1,false,https://www.gov.uk/government/publications/national-curriculum-in-england-framework-for-key-stages-1-to-4
https://education.asfai.org/frameworks/uk-nc-2013/versions/september-2013/items/KS2L.Sci.WS.2,uk-nc-2013,KS2L.Sci.WS.2,uk-nc-2013:KS2L.Sci.WS.2,September 2013,1,false,https://www.gov.uk/government/publications/national-curriculum-in-england-framework-for-key-stages-1-to-4
https://education.asfai.org/frameworks/uk-nc-2013/versions/september-2013/items/KS2L.Sci.WS.3,uk-nc-2013,KS2L.Sci.WS.3,uk-nc-2013:KS2L.Sci.WS.3,September 2013,1,false,https://www.gov.uk/government/publications/national-curriculum-in-england-framework-for-key-stages-1-to-4
https://education.asfai.org/frameworks/uk-nc-2013/versions/september-2013/items/KS2L.Sci.WS.4,uk-nc-2013,KS2L.Sci.WS.4,uk-nc-2013:KS2L.Sci.WS.4,September 2013,1,false,https://www.gov.uk/government/publications/national-curriculum-in-england-framework-for-key-stages-1-to-4
https://education.asfai.org/frameworks/uk-nc-2013/versions/september-2013/items/KS2L.Sci.WS.5,uk-nc-2013,KS2L.Sci.WS.5,uk-nc-2013:KS2L.Sci.WS.5,September 2013,1,false,https://www.gov.uk/government/publications/national-curriculum-in-england-framework-for-key-stages-1-to-4
https://education.asfai.org/frameworks/uk-nc-2013/versions/september-2013/items/KS2L.Sci.WS.6,uk-nc-2013,KS2L.Sci.WS.6,uk-nc-2013:KS2L.Sci.WS.6,September 2013,1,false,https://www.gov.uk/government/publications/national-curriculum-in-england-framework-for-key-stages-1-to-4
https://education.asfai.org/frameworks/uk-nc-2013/versions/september-2013/items/KS2L.Sci.WS.7,uk-nc-2013,KS2L.Sci.WS.7,uk-nc-2013:KS2L.Sci.WS.7,September 2013,1,false,https://www.gov.uk/government/publications/national-curriculum-in-england-framework-for-key-stages-1-to-4
https://education.asfai.org/frameworks/uk-nc-2013/versions/september-2013/items/KS2L.Sci.WS.8,uk-nc-2013,KS2L.Sci.WS.8,uk-nc-2013:KS2L.Sci.WS.8,September 2013,1,false,https://www.gov.uk/government/publications/national-curriculum-in-england-framework-for-key-stages-1-to-4
https://education.asfai.org/frameworks/uk-nc-2013/versions/september-2013/items/KS2L.Sci.WS.9,uk-nc-2013,KS2L.Sci.WS.9,uk-nc-2013:KS2L.Sci.WS.9,September 2013,1,false,https://www.gov.uk/government/publications/national-curriculum-in-england-framework-for-key-stages-1-to-4
https://education.asfai.org/frameworks/uk-nc-2013/versions/september-2013/items/KS2U.Sci.WS.1,uk-nc-2013,KS2U.Sci.WS.1,uk-nc-2013:KS2U.Sci.WS.1,September 2013,1,false,https://www.gov.uk/government/publications/national-curriculum-in-england-framework-for-key-stages-1-to-4
https://education.asfai.org/frameworks/uk-nc-2013/versions/september-2013/items/KS2U.Sci.WS.2,uk-nc-2013,KS2U.Sci.WS.2,uk-nc-2013:KS2U.Sci.WS.2,September 2013,1,false,https://www.gov.uk/government/publications/national-curriculum-in-england-framework-for-key-stages-1-to-4
https://education.asfai.org/frameworks/uk-nc-2013/versions/september-2013/items/KS2U.Sci.WS.3,uk-nc-2013,KS2U.Sci.WS.3,uk-nc-2013:KS2U.Sci.WS.3,September 2013,1,false,https://www.gov.uk/government/publications/national-curriculum-in-england-framework-for-key-stages-1-to-4
https://education.asfai.org/frameworks/uk-nc-2013/versions/september-2013/items/KS2U.Sci.WS.4,uk-nc-2013,KS2U.Sci.WS.4,uk-nc-2013:KS2U.Sci.WS.4,September 2013,1,false,https://www.gov.uk/government/publications/national-curriculum-in-england-framework-for-key-stages-1-to-4
https://education.asfai.org/frameworks/uk-nc-2013/versions/september-2013/items/KS2U.Sci.WS.5,uk-nc-2013,KS2U.Sci.WS.5,uk-nc-2013:KS2U.Sci.WS.5,September 2013,1,false,https://www.gov.uk/government/publications/national-curriculum-in-england-framework-for-key-stages-1-to-4
https://education.asfai.org/frameworks/uk-nc-2013/versions/september-2013/items/KS2U.Sci.WS.6,uk-nc-2013,KS2U.Sci.WS.6,uk-nc-2013:KS2U.Sci.WS.6,September 2013,1,false,https://www.gov.uk/government/publications/national-curriculum-in-england-framework-for-key-stages-1-to-4
https://education.asfai.org/frameworks/uk-nc-2013/versions/september-2013/items/KS3-ENG-GV-1a,uk-nc-2013,KS3-ENG-GV-1a,uk-nc-2013:KS3-ENG-GV-1a,September 2013,4,false,https://www.gov.uk/government/publications/national-curriculum-in-england-framework-for-key-stages-1-to-4
https://education.asfai.org/frameworks/uk-nc-2013/versions/september-2013/items/KS3-ENG-GV-1b,uk-nc-2013,KS3-ENG-GV-1b,uk-nc-2013:KS3-ENG-GV-1b,September 2013,3,false,https://www.gov.uk/government/publications/national-curriculum-in-england-framework-for-key-stages-1-to-4
https://education.asfai.org/frameworks/uk-nc-2013/versions/september-2013/items/KS3-ENG-GV-1c,uk-nc-2013,KS3-ENG-GV-1c,uk-nc-2013:KS3-ENG-GV-1c,September 2013,2,false,https://www.gov.uk/government/publications/national-curriculum-in-england-framework-for-key-stages-1-to-4
https://education.asfai.org/frameworks/uk-nc-2013/versions/september-2013/items/KS3-ENG-GV-1d,uk-nc-2013,KS3-ENG-GV-1d,uk-nc-2013:KS3-ENG-GV-1d,September 2013,1,false,https://www.gov.uk/government/publications/national-curriculum-in-england-framework-for-key-stages-1-to-4
https://education.asfai.org/frameworks/uk-nc-2013/versions/september-2013/items/KS3-ENG-GV-1e,uk-nc-2013,KS3-ENG-GV-1e,uk-nc-2013:KS3-ENG-GV-1e,September 2013,1,false,https://www.gov.uk/government/publications/national-curriculum-in-england-framework-for-key-stages-1-to-4
https://education.asfai.org/frameworks/uk-nc-2013/versions/september-2013/items/KS3-ENG-GV-1f,uk-nc-2013,KS3-ENG-GV-1f,uk-nc-2013:KS3-ENG-GV-1f,September 2013,1,false,https://www.gov.uk/government/publications/national-curriculum-in-england-framework-for-key-stages-1-to-4
https://education.asfai.org/frameworks/uk-nc-2013/versions/september-2013/items/KS3-ENG-R-1a,uk-nc-2013,KS3-ENG-R-1a,uk-nc-2013:KS3-ENG-R-1a,September 2013,1,false,https://www.gov.uk/government/publications/national-curriculum-in-england-framework-for-key-stages-1-to-4
https://education.asfai.org/frameworks/uk-nc-2013/versions/september-2013/items/KS3-ENG-R-1b,uk-nc-2013,KS3-ENG-R-1b,uk-nc-2013:KS3-ENG-R-1b,September 2013,1,false,https://www.gov.uk/government/publications/national-curriculum-in-england-framework-for-key-stages-1-to-4
https://education.asfai.org/frameworks/uk-nc-2013/versions/september-2013/items/KS3-ENG-R-1c,uk-nc-2013,KS3-ENG-R-1c,uk-nc-2013:KS3-ENG-R-1c,September 2013,1,false,https://www.gov.uk/government/publications/national-curriculum-in-england-framework-for-key-stages-1-to-4
https://education.asfai.org/frameworks/uk-nc-2013/versions/september-2013/items/KS3-ENG-R-2a,uk-nc-2013,KS3-ENG-R-2a,uk-nc-2013:KS3-ENG-R-2a,September 2013,1,false,https://www.gov.uk/government/publications/national-curriculum-in-england-framework-for-key-stages-1-to-4
https://education.asfai.org/frameworks/uk-nc-2013/versions/september-2013/items/KS3-ENG-R-2b,uk-nc-2013,KS3-ENG-R-2b,uk-nc-2013:KS3-ENG-R-2b,September 2013,2,false,https://www.gov.uk/government/publications/national-curriculum-in-england-framework-for-key-stages-1-to-4
https://education.asfai.org/frameworks/uk-nc-2013/versions/september-2013/items/KS3-ENG-R-2c,uk-nc-2013,KS3-ENG-R-2c,uk-nc-2013:KS3-ENG-R-2c,September 2013,1,false,https://www.gov.uk/government/publications/national-curriculum-in-england-framework-for-key-stages-1-to-4
https://education.asfai.org/frameworks/uk-nc-2013/versions/september-2013/items/KS3-ENG-R-2d,uk-nc-2013,KS3-ENG-R-2d,uk-nc-2013:KS3-ENG-R-2d,September 2013,1,false,https://www.gov.uk/government/publications/national-curriculum-in-england-framework-for-key-stages-1-to-4
https://education.asfai.org/frameworks/uk-nc-2013/versions/september-2013/items/KS3-ENG-R-3a,uk-nc-2013,KS3-ENG-R-3a,uk-nc-2013:KS3-ENG-R-3a,September 2013,3,false,https://www.gov.uk/government/publications/national-curriculum-in-england-framework-for-key-stages-1-to-4
https://education.asfai.org/frameworks/uk-nc-2013/versions/september-2013/items/KS3-ENG-R-3b,uk-nc-2013,KS3-ENG-R-3b,uk-nc-2013:KS3-ENG-R-3b,September 2013,1,false,https://www.gov.uk/government/publications/national-curriculum-in-england-framework-for-key-stages-1-to-4
https://education.asfai.org/frameworks/uk-nc-2013/versions/september-2013/items/KS3-ENG-R-3c,uk-nc-2013,KS3-ENG-R-3c,uk-nc-2013:KS3-ENG-R-3c,September 2013,2,false,https://www.gov.uk/government/publications/national-curriculum-in-england-framework-for-key-stages-1-to-4
https://education.asfai.org/frameworks/uk-nc-2013/versions/september-2013/items/KS3-ENG-R-3d,uk-nc-2013,KS3-ENG-R-3d,uk-nc-2013:KS3-ENG-R-3d,September 2013,1,false,https://www.gov.uk/government/publications/national-curriculum-in-england-framework-for-key-stages-1-to-4
https://education.asfai.org/frameworks/uk-nc-2013/versions/september-2013/items/KS3-ENG-R-3e,uk-nc-2013,KS3-ENG-R-3e,uk-nc-2013:KS3-ENG-R-3e,September 2013,2,false,https://www.gov.uk/government/publications/national-curriculum-in-england-framework-for-key-stages-1-to-4
https://education.asfai.org/frameworks/uk-nc-2013/versions/september-2013/items/KS3-ENG-R-3f,uk-nc-2013,KS3-ENG-R-3f,uk-nc-2013:KS3-ENG-R-3f,September 2013,0,false,https://www.gov.uk/government/publications/national-curriculum-in-england-framework-for-key-stages-1-to-4
https://education.asfai.org/frameworks/uk-nc-2013/versions/september-2013/items/KS3-ENG-SE-1a,uk-nc-2013,KS3-ENG-SE-1a,uk-nc-2013:KS3-ENG-SE-1a,September 2013,1,false,https://www.gov.uk/government/publications/national-curriculum-in-england-framework-for-key-stages-1-to-4
https://education.asfai.org/frameworks/uk-nc-2013/versions/september-2013/items/KS3-ENG-SE-1b,uk-nc-2013,KS3-ENG-SE-1b,uk-nc-2013:KS3-ENG-SE-1b,September 2013,1,false,https://www.gov.uk/government/publications/national-curriculum-in-england-framework-for-key-stages-1-to-4
https://education.asfai.org/frameworks/uk-nc-2013/versions/september-2013/items/KS3-ENG-SE-1c,uk-nc-2013,KS3-ENG-SE-1c,uk-nc-2013:KS3-ENG-SE-1c,September 2013,1,false,https://www.gov.uk/government/publications/national-curriculum-in-england-framework-for-key-stages-1-to-4
https://education.asfai.org/frameworks/uk-nc-2013/versions/september-2013/items/KS3-ENG-SE-1d,uk-nc-2013,KS3-ENG-SE-1d,uk-nc-2013:KS3-ENG-SE-1d,September 2013,1,false,https://www.gov.uk/government/publications/national-curriculum-in-england-framework-for-key-stages-1-to-4
https://education.asfai.org/frameworks/uk-nc-2013/versions/september-2013/items/KS3-ENG-W-1a,uk-nc-2013,KS3-ENG-W-1a,uk-nc-2013:KS3-ENG-W-1a,September 2013,4,false,https://www.gov.uk/government/publications/national-curriculum-in-england-framework-for-key-stages-1-to-4
https://education.asfai.org/frameworks/uk-nc-2013/versions/september-2013/items/KS3-ENG-W-1b,uk-nc-2013,KS3-ENG-W-1b,uk-nc-2013:KS3-ENG-W-1b,September 2013,2,false,https://www.gov.uk/government/publications/national-curriculum-in-england-framework-for-key-stages-1-to-4
https://education.asfai.org/frameworks/uk-nc-2013/versions/september-2013/items/KS3-ENG-W-1c,uk-nc-2013,KS3-ENG-W-1c,uk-nc-2013:KS3-ENG-W-1c,September 2013,2,false,https://www.gov.uk/government/publications/national-curriculum-in-england-framework-for-key-stages-1-to-4
https://education.asfai.org/frameworks/uk-nc-2013/versions/september-2013/items/KS3-ENG-W-1d,uk-nc-2013,KS3-ENG-W-1d,uk-nc-2013:KS3-ENG-W-1d,September 2013,1,false,https://www.gov.uk/government/publications/national-curriculum-in-england-framework-for-key-stages-1-to-4
https://education.asfai.org/frameworks/uk-nc-2013/versions/september-2013/items/KS3-ENG-W-2a,uk-nc-2013,KS3-ENG-W-2a,uk-nc-2013:KS3-ENG-W-2a,September 2013,1,false,https://www.gov.uk/government/publications/national-curriculum-in-england-framework-for-key-stages-1-to-4
https://education.asfai.org/frameworks/uk-nc-2013/versions/september-2013/items/KS3-ENG-W-2b,uk-nc-2013,KS3-ENG-W-2b,uk-nc-2013:KS3-ENG-W-2b,September 2013,1,false,https://www.gov.uk/government/publications/national-curriculum-in-england-framework-for-key-stages-1-to-4
https://education.asfai.org/frameworks/uk-nc-2013/versions/september-2013/items/KS3-ENG-W-2c,uk-nc-2013,KS3-ENG-W-2c,uk-nc-2013:KS3-ENG-W-2c,September 2013,2,false,https://www.gov.uk/government/publications/national-curriculum-in-england-framework-for-key-stages-1-to-4
https://education.asfai.org/frameworks/uk-nc-2013/versions/september-2013/items/KS3.Maths.Alg.10,uk-nc-2013,KS3.Maths.Alg.10,uk-nc-2013:KS3.Maths.Alg.10,September 2013,2,false,https://www.gov.uk/government/publications/national-curriculum-in-england-framework-for-key-stages-1-to-4
https://education.asfai.org/frameworks/uk-nc-2013/versions/september-2013/items/KS3.Maths.Alg.11,uk-nc-2013,KS3.Maths.Alg.11,uk-nc-2013:KS3.Maths.Alg.11,September 2013,2,false,https://www.gov.uk/government/publications/national-curriculum-in-england-framework-for-key-stages-1-to-4
https://education.asfai.org/frameworks/uk-nc-2013/versions/september-2013/items/KS3.Maths.Alg.12,uk-nc-2013,KS3.Maths.Alg.12,uk-nc-2013:KS3.Maths.Alg.12,September 2013,2,false,https://www.gov.uk/government/publications/national-curriculum-in-england-framework-for-key-stages-1-to-4
https://education.asfai.org/frameworks/uk-nc-2013/versions/september-2013/items/KS3.Maths.Alg.13,uk-nc-2013,KS3.Maths.Alg.13,uk-nc-2013:KS3.Maths.Alg.13,September 2013,1,false,https://www.gov.uk/government/publications/national-curriculum-in-england-framework-for-key-stages-1-to-4
https://education.asfai.org/frameworks/uk-nc-2013/versions/september-2013/items/KS3.Maths.Alg.14,uk-nc-2013,KS3.Maths.Alg.14,uk-nc-2013:KS3.Maths.Alg.14,September 2013,1,false,https://www.gov.uk/government/publications/national-curriculum-in-england-framework-for-key-stages-1-to-4
https://education.asfai.org/frameworks/uk-nc-2013/versions/september-2013/items/KS3.Maths.Alg.15,uk-nc-2013,KS3.Maths.Alg.15,uk-nc-2013:KS3.Maths.Alg.15,September 2013,1,false,https://www.gov.uk/government/publications/national-curriculum-in-england-framework-for-key-stages-1-to-4
https://education.asfai.org/frameworks/uk-nc-2013/versions/september-2013/items/KS3.Maths.Alg.16,uk-nc-2013,KS3.Maths.Alg.16,uk-nc-2013:KS3.Maths.Alg.16,September 2013,1,false,https://www.gov.uk/government/publications/national-curriculum-in-england-framework-for-key-stages-1-to-4
https://education.asfai.org/frameworks/uk-nc-2013/versions/september-2013/items/KS3.Maths.Alg.1a,uk-nc-2013,KS3.Maths.Alg.1a,uk-nc-2013:KS3.Maths.Alg.1a,September 2013,1,false,https://www.gov.uk/government/publications/national-curriculum-in-england-framework-for-key-stages-1-to-4
https://education.asfai.org/frameworks/uk-nc-2013/versions/september-2013/items/KS3.Maths.Alg.1b,uk-nc-2013,KS3.Maths.Alg.1b,uk-nc-2013:KS3.Maths.Alg.1b,September 2013,1,false,https://www.gov.uk/government/publications/national-curriculum-in-england-framework-for-key-stages-1-to-4
https://education.asfai.org/frameworks/uk-nc-2013/versions/september-2013/items/KS3.Maths.Alg.1c,uk-nc-2013,KS3.Maths.Alg.1c,uk-nc-2013:KS3.Maths.Alg.1c,September 2013,1,false,https://www.gov.uk/government/publications/national-curriculum-in-england-framework-for-key-stages-1-to-4
https://education.asfai.org/frameworks/uk-nc-2013/versions/september-2013/items/KS3.Maths.Alg.1d,uk-nc-2013,KS3.Maths.Alg.1d,uk-nc-2013:KS3.Maths.Alg.1d,September 2013,1,false,https://www.gov.uk/government/publications/national-curriculum-in-england-framework-for-key-stages-1-to-4
https://education.asfai.org/frameworks/uk-nc-2013/versions/september-2013/items/KS3.Maths.Alg.1e,uk-nc-2013,KS3.Maths.Alg.1e,uk-nc-2013:KS3.Maths.Alg.1e,September 2013,1,false,https://www.gov.uk/government/publications/national-curriculum-in-england-framework-for-key-stages-1-to-4
https://education.asfai.org/frameworks/uk-nc-2013/versions/september-2013/items/KS3.Maths.Alg.1f,uk-nc-2013,KS3.Maths.Alg.1f,uk-nc-2013:KS3.Maths.Alg.1f,September 2013,1,false,https://www.gov.uk/government/publications/national-curriculum-in-england-framework-for-key-stages-1-to-4
https://education.asfai.org/frameworks/uk-nc-2013/versions/september-2013/items/KS3.Maths.Alg.2,uk-nc-2013,KS3.Maths.Alg.2,uk-nc-2013:KS3.Maths.Alg.2,September 2013,1,false,https://www.gov.uk/government/publications/national-curriculum-in-england-framework-for-key-stages-1-to-4
https://education.asfai.org/frameworks/uk-nc-2013/versions/september-2013/items/KS3.Maths.Alg.3,uk-nc-2013,KS3.Maths.Alg.3,uk-nc-2013:KS3.Maths.Alg.3,September 2013,1,false,https://www.gov.uk/government/publications/national-curriculum-in-england-framework-for-key-stages-1-to-4
https://education.asfai.org/frameworks/uk-nc-2013/versions/september-2013/items/KS3.Maths.Alg.4a,uk-nc-2013,KS3.Maths.Alg.4a,uk-nc-2013:KS3.Maths.Alg.4a,September 2013,1,false,https://www.gov.uk/government/publications/national-curriculum-in-england-framework-for-key-stages-1-to-4
https://education.asfai.org/frameworks/uk-nc-2013/versions/september-2013/items/KS3.Maths.Alg.4b,uk-nc-2013,KS3.Maths.Alg.4b,uk-nc-2013:KS3.Maths.Alg.4b,September 2013,1,false,https://www.gov.uk/government/publications/national-curriculum-in-england-framework-for-key-stages-1-to-4
https://education.asfai.org/frameworks/uk-nc-2013/versions/september-2013/items/KS3.Maths.Alg.4c,uk-nc-2013,KS3.Maths.Alg.4c,uk-nc-2013:KS3.Maths.Alg.4c,September 2013,1,false,https://www.gov.uk/government/publications/national-curriculum-in-england-framework-for-key-stages-1-to-4
https://education.asfai.org/frameworks/uk-nc-2013/versions/september-2013/items/KS3.Maths.Alg.4d,uk-nc-2013,KS3.Maths.Alg.4d,uk-nc-2013:KS3.Maths.Alg.4d,September 2013,1,false,https://www.gov.uk/government/publications/national-curriculum-in-england-framework-for-key-stages-1-to-4
https://education.asfai.org/frameworks/uk-nc-2013/versions/september-2013/items/KS3.Maths.Alg.5,uk-nc-2013,KS3.Maths.Alg.5,uk-nc-2013:KS3.Maths.Alg.5,September 2013,1,false,https://www.gov.uk/government/publications/national-curriculum-in-england-framework-for-key-stages-1-to-4
https://education.asfai.org/frameworks/uk-nc-2013/versions/september-2013/items/KS3.Maths.Alg.6,uk-nc-2013,KS3.Maths.Alg.6,uk-nc-2013:KS3.Maths.Alg.6,September 2013,1,false,https://www.gov.uk/government/publications/national-curriculum-in-england-framework-for-key-stages-1-to-4
https://education.asfai.org/frameworks/uk-nc-2013/versions/september-2013/items/KS3.Maths.Alg.7,uk-nc-2013,KS3.Maths.Alg.7,uk-nc-2013:KS3.Maths.Alg.7,September 2013,2,false,https://www.gov.uk/government/publications/national-curriculum-in-england-framework-for-key-stages-1-to-4
https://education.asfai.org/frameworks/uk-nc-2013/versions/september-2013/items/KS3.Maths.Alg.8,uk-nc-2013,KS3.Maths.Alg.8,uk-nc-2013:KS3.Maths.Alg.8,September 2013,1,false,https://www.gov.uk/government/publications/national-curriculum-in-england-framework-for-key-stages-1-to-4
https://education.asfai.org/frameworks/uk-nc-2013/versions/september-2013/items/KS3.Maths.Alg.9,uk-nc-2013,KS3.Maths.Alg.9,uk-nc-2013:KS3.Maths.Alg.9,September 2013,3,false,https://www.gov.uk/government/publications/national-curriculum-in-england-framework-for-key-stages-1-to-4
https://education.asfai.org/frameworks/uk-nc-2013/versions/september-2013/items/KS3.Maths.Geo.1,uk-nc-2013,KS3.Maths.Geo.1,uk-nc-2013:KS3.Maths.Geo.1,September 2013,1,false,https://www.gov.uk/government/publications/national-curriculum-in-england-framework-for-key-stages-1-to-4
https://education.asfai.org/frameworks/uk-nc-2013/versions/september-2013/items/KS3.Maths.Geo.10,uk-nc-2013,KS3.Maths.Geo.10,uk-nc-2013:KS3.Maths.Geo.10,September 2013,1,false,https://www.gov.uk/government/publications/national-curriculum-in-england-framework-for-key-stages-1-to-4
https://education.asfai.org/frameworks/uk-nc-2013/versions/september-2013/items/KS3.Maths.Geo.11,uk-nc-2013,KS3.Maths.Geo.11,uk-nc-2013:KS3.Maths.Geo.11,September 2013,1,false,https://www.gov.uk/government/publications/national-curriculum-in-england-framework-for-key-stages-1-to-4
https://education.asfai.org/frameworks/uk-nc-2013/versions/september-2013/items/KS3.Maths.Geo.12,uk-nc-2013,KS3.Maths.Geo.12,uk-nc-2013:KS3.Maths.Geo.12,September 2013,1,false,https://www.gov.uk/government/publications/national-curriculum-in-england-framework-for-key-stages-1-to-4
https://education.asfai.org/frameworks/uk-nc-2013/versions/september-2013/items/KS3.Maths.Geo.13,uk-nc-2013,KS3.Maths.Geo.13,uk-nc-2013:KS3.Maths.Geo.13,September 2013,1,false,https://www.gov.uk/government/publications/national-curriculum-in-england-framework-for-key-stages-1-to-4
https://education.asfai.org/frameworks/uk-nc-2013/versions/september-2013/items/KS3.Maths.Geo.14,uk-nc-2013,KS3.Maths.Geo.14,uk-nc-2013:KS3.Maths.Geo.14,September 2013,2,false,https://www.gov.uk/government/publications/national-curriculum-in-england-framework-for-key-stages-1-to-4
https://education.asfai.org/frameworks/uk-nc-2013/versions/september-2013/items/KS3.Maths.Geo.15,uk-nc-2013,KS3.Maths.Geo.15,uk-nc-2013:KS3.Maths.Geo.15,September 2013,1,false,https://www.gov.uk/government/publications/national-curriculum-in-england-framework-for-key-stages-1-to-4
https://education.asfai.org/frameworks/uk-nc-2013/versions/september-2013/items/KS3.Maths.Geo.16,uk-nc-2013,KS3.Maths.Geo.16,uk-nc-2013:KS3.Maths.Geo.16,September 2013,0,false,https://www.gov.uk/government/publications/national-curriculum-in-england-framework-for-key-stages-1-to-4
https://education.asfai.org/frameworks/uk-nc-2013/versions/september-2013/items/KS3.Maths.Geo.2,uk-nc-2013,KS3.Maths.Geo.2,uk-nc-2013:KS3.Maths.Geo.2,September 2013,1,false,https://www.gov.uk/government/publications/national-curriculum-in-england-framework-for-key-stages-1-to-4
https://education.asfai.org/frameworks/uk-nc-2013/versions/september-2013/items/KS3.Maths.Geo.3,uk-nc-2013,KS3.Maths.Geo.3,uk-nc-2013:KS3.Maths.Geo.3,September 2013,1,false,https://www.gov.uk/government/publications/national-curriculum-in-england-framework-for-key-stages-1-to-4
https://education.asfai.org/frameworks/uk-nc-2013/versions/september-2013/items/KS3.Maths.Geo.4,uk-nc-2013,KS3.Maths.Geo.4,uk-nc-2013:KS3.Maths.Geo.4,September 2013,1,false,https://www.gov.uk/government/publications/national-curriculum-in-england-framework-for-key-stages-1-to-4
https://education.asfai.org/frameworks/uk-nc-2013/versions/september-2013/items/KS3.Maths.Geo.5,uk-nc-2013,KS3.Maths.Geo.5,uk-nc-2013:KS3.Maths.Geo.5,September 2013,1,false,https://www.gov.uk/government/publications/national-curriculum-in-england-framework-for-key-stages-1-to-4
https://education.asfai.org/frameworks/uk-nc-2013/versions/september-2013/items/KS3.Maths.Geo.6,uk-nc-2013,KS3.Maths.Geo.6,uk-nc-2013:KS3.Maths.Geo.6,September 2013,1,false,https://www.gov.uk/government/publications/national-curriculum-in-england-framework-for-key-stages-1-to-4
https://education.asfai.org/frameworks/uk-nc-2013/versions/september-2013/items/KS3.Maths.Geo.7,uk-nc-2013,KS3.Maths.Geo.7,uk-nc-2013:KS3.Maths.Geo.7,September 2013,1,false,https://www.gov.uk/government/publications/national-curriculum-in-england-framework-for-key-stages-1-to-4
https://education.asfai.org/frameworks/uk-nc-2013/versions/september-2013/items/KS3.Maths.Geo.8,uk-nc-2013,KS3.Maths.Geo.8,uk-nc-2013:KS3.Maths.Geo.8,September 2013,1,false,https://www.gov.uk/government/publications/national-curriculum-in-england-framework-for-key-stages-1-to-4
https://education.asfai.org/frameworks/uk-nc-2013/versions/september-2013/items/KS3.Maths.Geo.9,uk-nc-2013,KS3.Maths.Geo.9,uk-nc-2013:KS3.Maths.Geo.9,September 2013,1,false,https://www.gov.uk/government/publications/national-curriculum-in-england-framework-for-key-stages-1-to-4
https://education.asfai.org/frameworks/uk-nc-2013/versions/september-2013/items/KS3.Maths.Num.1,uk-nc-2013,KS3.Maths.Num.1,uk-nc-2013:KS3.Maths.Num.1,September 2013,1,false,https://www.gov.uk/government/publications/national-curriculum-in-england-framework-for-key-stages-1-to-4
https://education.asfai.org/frameworks/uk-nc-2013/versions/september-2013/items/KS3.Maths.Num.10,uk-nc-2013,KS3.Maths.Num.10,uk-nc-2013:KS3.Maths.Num.10,September 2013,1,false,https://www.gov.uk/government/publications/national-curriculum-in-england-framework-for-key-stages-1-to-4
https://education.asfai.org/frameworks/uk-nc-2013/versions/september-2013/items/KS3.Maths.Num.11,uk-nc-2013,KS3.Maths.Num.11,uk-nc-2013:KS3.Maths.Num.11,September 2013,1,false,https://www.gov.uk/government/publications/national-curriculum-in-england-framework-for-key-stages-1-to-4
https://education.asfai.org/frameworks/uk-nc-2013/versions/september-2013/items/KS3.Maths.Num.12,uk-nc-2013,KS3.Maths.Num.12,uk-nc-2013:KS3.Maths.Num.12,September 2013,0,false,https://www.gov.uk/government/publications/national-curriculum-in-england-framework-for-key-stages-1-to-4
https://education.asfai.org/frameworks/uk-nc-2013/versions/september-2013/items/KS3.Maths.Num.13,uk-nc-2013,KS3.Maths.Num.13,uk-nc-2013:KS3.Maths.Num.13,September 2013,1,false,https://www.gov.uk/government/publications/national-curriculum-in-england-framework-for-key-stages-1-to-4
https://education.asfai.org/frameworks/uk-nc-2013/versions/september-2013/items/KS3.Maths.Num.14,uk-nc-2013,KS3.Maths.Num.14,uk-nc-2013:KS3.Maths.Num.14,September 2013,1,false,https://www.gov.uk/government/publications/national-curriculum-in-england-framework-for-key-stages-1-to-4
https://education.asfai.org/frameworks/uk-nc-2013/versions/september-2013/items/KS3.Maths.Num.15,uk-nc-2013,KS3.Maths.Num.15,uk-nc-2013:KS3.Maths.Num.15,September 2013,0,false,https://www.gov.uk/government/publications/national-curriculum-in-england-framework-for-key-stages-1-to-4
https://education.asfai.org/frameworks/uk-nc-2013/versions/september-2013/items/KS3.Maths.Num.16,uk-nc-2013,KS3.Maths.Num.16,uk-nc-2013:KS3.Maths.Num.16,September 2013,1,false,https://www.gov.uk/government/publications/national-curriculum-in-england-framework-for-key-stages-1-to-4
https://education.asfai.org/frameworks/uk-nc-2013/versions/september-2013/items/KS3.Maths.Num.2,uk-nc-2013,KS3.Maths.Num.2,uk-nc-2013:KS3.Maths.Num.2,September 2013,2,false,https://www.gov.uk/government/publications/national-curriculum-in-england-framework-for-key-stages-1-to-4
https://education.asfai.org/frameworks/uk-nc-2013/versions/september-2013/items/KS3.Maths.Num.3,uk-nc-2013,KS3.Maths.Num.3,uk-nc-2013:KS3.Maths.Num.3,September 2013,1,false,https://www.gov.uk/government/publications/national-curriculum-in-england-framework-for-key-stages-1-to-4
https://education.asfai.org/frameworks/uk-nc-2013/versions/september-2013/items/KS3.Maths.Num.4,uk-nc-2013,KS3.Maths.Num.4,uk-nc-2013:KS3.Maths.Num.4,September 2013,3,false,https://www.gov.uk/government/publications/national-curriculum-in-england-framework-for-key-stages-1-to-4
https://education.asfai.org/frameworks/uk-nc-2013/versions/september-2013/items/KS3.Maths.Num.5,uk-nc-2013,KS3.Maths.Num.5,uk-nc-2013:KS3.Maths.Num.5,September 2013,1,false,https://www.gov.uk/government/publications/national-curriculum-in-england-framework-for-key-stages-1-to-4
https://education.asfai.org/frameworks/uk-nc-2013/versions/september-2013/items/KS3.Maths.Num.6,uk-nc-2013,KS3.Maths.Num.6,uk-nc-2013:KS3.Maths.Num.6,September 2013,1,false,https://www.gov.uk/government/publications/national-curriculum-in-england-framework-for-key-stages-1-to-4
https://education.asfai.org/frameworks/uk-nc-2013/versions/september-2013/items/KS3.Maths.Num.7,uk-nc-2013,KS3.Maths.Num.7,uk-nc-2013:KS3.Maths.Num.7,September 2013,1,false,https://www.gov.uk/government/publications/national-curriculum-in-england-framework-for-key-stages-1-to-4
https://education.asfai.org/frameworks/uk-nc-2013/versions/september-2013/items/KS3.Maths.Num.8,uk-nc-2013,KS3.Maths.Num.8,uk-nc-2013:KS3.Maths.Num.8,September 2013,1,false,https://www.gov.uk/government/publications/national-curriculum-in-england-framework-for-key-stages-1-to-4
https://education.asfai.org/frameworks/uk-nc-2013/versions/september-2013/items/KS3.Maths.Num.9,uk-nc-2013,KS3.Maths.Num.9,uk-nc-2013:KS3.Maths.Num.9,September 2013,1,false,https://www.gov.uk/government/publications/national-curriculum-in-england-framework-for-key-stages-1-to-4
https://education.asfai.org/frameworks/uk-nc-2013/versions/september-2013/items/KS3.Maths.Prob.1,uk-nc-2013,KS3.Maths.Prob.1,uk-nc-2013:KS3.Maths.Prob.1,September 2013,2,false,https://www.gov.uk/government/publications/national-curriculum-in-england-framework-for-key-stages-1-to-4
https://education.asfai.org/frameworks/uk-nc-2013/versions/september-2013/items/KS3.Maths.Prob.2,uk-nc-2013,KS3.Maths.Prob.2,uk-nc-2013:KS3.Maths.Prob.2,September 2013,1,false,https://www.gov.uk/government/publications/national-curriculum-in-england-framework-for-key-stages-1-to-4
https://education.asfai.org/frameworks/uk-nc-2013/versions/september-2013/items/KS3.Maths.Prob.3,uk-nc-2013,KS3.Maths.Prob.3,uk-nc-2013:KS3.Maths.Prob.3,September 2013,2,false,https://www.gov.uk/government/publications/national-curriculum-in-england-framework-for-key-stages-1-to-4
https://education.asfai.org/frameworks/uk-nc-2013/versions/september-2013/items/KS3.Maths.Prob.4,uk-nc-2013,KS3.Maths.Prob.4,uk-nc-2013:KS3.Maths.Prob.4,September 2013,1,false,https://www.gov.uk/government/publications/national-curriculum-in-england-framework-for-key-stages-1-to-4
https://education.asfai.org/frameworks/uk-nc-2013/versions/september-2013/items/KS3.Maths.Ratio.1,uk-nc-2013,KS3.Maths.Ratio.1,uk-nc-2013:KS3.Maths.Ratio.1,September 2013,1,false,https://www.gov.uk/government/publications/national-curriculum-in-england-framework-for-key-stages-1-to-4
https://education.asfai.org/frameworks/uk-nc-2013/versions/september-2013/items/KS3.Maths.Ratio.10,uk-nc-2013,KS3.Maths.Ratio.10,uk-nc-2013:KS3.Maths.Ratio.10,September 2013,1,false,https://www.gov.uk/government/publications/national-curriculum-in-england-framework-for-key-stages-1-to-4
https://education.asfai.org/frameworks/uk-nc-2013/versions/september-2013/items/KS3.Maths.Ratio.2,uk-nc-2013,KS3.Maths.Ratio.2,uk-nc-2013:KS3.Maths.Ratio.2,September 2013,1,false,https://www.gov.uk/government/publications/national-curriculum-in-england-framework-for-key-stages-1-to-4
https://education.asfai.org/frameworks/uk-nc-2013/versions/september-2013/items/KS3.Maths.Ratio.3,uk-nc-2013,KS3.Maths.Ratio.3,uk-nc-2013:KS3.Maths.Ratio.3,September 2013,1,false,https://www.gov.uk/government/publications/national-curriculum-in-england-framework-for-key-stages-1-to-4
https://education.asfai.org/frameworks/uk-nc-2013/versions/september-2013/items/KS3.Maths.Ratio.4,uk-nc-2013,KS3.Maths.Ratio.4,uk-nc-2013:KS3.Maths.Ratio.4,September 2013,1,false,https://www.gov.uk/government/publications/national-curriculum-in-england-framework-for-key-stages-1-to-4
https://education.asfai.org/frameworks/uk-nc-2013/versions/september-2013/items/KS3.Maths.Ratio.5,uk-nc-2013,KS3.Maths.Ratio.5,uk-nc-2013:KS3.Maths.Ratio.5,September 2013,1,false,https://www.gov.uk/government/publications/national-curriculum-in-england-framework-for-key-stages-1-to-4
https://education.asfai.org/frameworks/uk-nc-2013/versions/september-2013/items/KS3.Maths.Ratio.6,uk-nc-2013,KS3.Maths.Ratio.6,uk-nc-2013:KS3.Maths.Ratio.6,September 2013,1,false,https://www.gov.uk/government/publications/national-curriculum-in-england-framework-for-key-stages-1-to-4
https://education.asfai.org/frameworks/uk-nc-2013/versions/september-2013/items/KS3.Maths.Ratio.7,uk-nc-2013,KS3.Maths.Ratio.7,uk-nc-2013:KS3.Maths.Ratio.7,September 2013,1,false,https://www.gov.uk/government/publications/national-curriculum-in-england-framework-for-key-stages-1-to-4
https://education.asfai.org/frameworks/uk-nc-2013/versions/september-2013/items/KS3.Maths.Ratio.8,uk-nc-2013,KS3.Maths.Ratio.8,uk-nc-2013:KS3.Maths.Ratio.8,September 2013,1,false,https://www.gov.uk/government/publications/national-curriculum-in-england-framework-for-key-stages-1-to-4
https://education.asfai.org/frameworks/uk-nc-2013/versions/september-2013/items/KS3.Maths.Ratio.9,uk-nc-2013,KS3.Maths.Ratio.9,uk-nc-2013:KS3.Maths.Ratio.9,September 2013,1,false,https://www.gov.uk/government/publications/national-curriculum-in-england-framework-for-key-stages-1-to-4
https://education.asfai.org/frameworks/uk-nc-2013/versions/september-2013/items/KS3.Maths.Stat.1,uk-nc-2013,KS3.Maths.Stat.1,uk-nc-2013:KS3.Maths.Stat.1,September 2013,1,false,https://www.gov.uk/government/publications/national-curriculum-in-england-framework-for-key-stages-1-to-4
https://education.asfai.org/frameworks/uk-nc-2013/versions/september-2013/items/KS3.Maths.Stat.2,uk-nc-2013,KS3.Maths.Stat.2,uk-nc-2013:KS3.Maths.Stat.2,September 2013,1,false,https://www.gov.uk/government/publications/national-curriculum-in-england-framework-for-key-stages-1-to-4
https://education.asfai.org/frameworks/uk-nc-2013/versions/september-2013/items/KS3.Maths.Stat.3,uk-nc-2013,KS3.Maths.Stat.3,uk-nc-2013:KS3.Maths.Stat.3,September 2013,2,false,https://www.gov.uk/government/publications/national-curriculum-in-england-framework-for-key-stages-1-to-4
https://education.asfai.org/frameworks/uk-nc-2013/versions/september-2013/items/KS3.Maths.WM.DF.1,uk-nc-2013,KS3.Maths.WM.DF.1,uk-nc-2013:KS3.Maths.WM.DF.1,September 2013,0,false,https://www.gov.uk/government/publications/national-curriculum-in-england-framework-for-key-stages-1-to-4
https://education.asfai.org/frameworks/uk-nc-2013/versions/september-2013/items/KS3.Maths.WM.DF.2,uk-nc-2013,KS3.Maths.WM.DF.2,uk-nc-2013:KS3.Maths.WM.DF.2,September 2013,0,false,https://www.gov.uk/government/publications/national-curriculum-in-england-framework-for-key-stages-1-to-4
https://education.asfai.org/frameworks/uk-nc-2013/versions/september-2013/items/KS3.Maths.WM.DF.3,uk-nc-2013,KS3.Maths.WM.DF.3,uk-nc-2013:KS3.Maths.WM.DF.3,September 2013,0,false,https://www.gov.uk/government/publications/national-curriculum-in-england-framework-for-key-stages-1-to-4
https://education.asfai.org/frameworks/uk-nc-2013/versions/september-2013/items/KS3.Maths.WM.DF.4,uk-nc-2013,KS3.Maths.WM.DF.4,uk-nc-2013:KS3.Maths.WM.DF.4,September 2013,0,false,https://www.gov.uk/government/publications/national-curriculum-in-england-framework-for-key-stages-1-to-4
https://education.asfai.org/frameworks/uk-nc-2013/versions/september-2013/items/KS3.Maths.WM.DF.5,uk-nc-2013,KS3.Maths.WM.DF.5,uk-nc-2013:KS3.Maths.WM.DF.5,September 2013,0,false,https://www.gov.uk/government/publications/national-curriculum-in-england-framework-for-key-stages-1-to-4
https://education.asfai.org/frameworks/uk-nc-2013/versions/september-2013/items/KS3.Maths.WM.DF.6,uk-nc-2013,KS3.Maths.WM.DF.6,uk-nc-2013:KS3.Maths.WM.DF.6,September 2013,0,false,https://www.gov.uk/government/publications/national-curriculum-in-england-framework-for-key-stages-1-to-4
https://education.asfai.org/frameworks/uk-nc-2013/versions/september-2013/items/KS3.Maths.WM.DF.7,uk-nc-2013,KS3.Maths.WM.DF.7,uk-nc-2013:KS3.Maths.WM.DF.7,September 2013,0,false,https://www.gov.uk/government/publications/national-curriculum-in-england-framework-for-key-stages-1-to-4
https://education.asfai.org/frameworks/uk-nc-2013/versions/september-2013/items/KS3.Maths.WM.RM.1,uk-nc-2013,KS3.Maths.WM.RM.1,uk-nc-2013:KS3.Maths.WM.RM.1,September 2013,0,false,https://www.gov.uk/government/publications/national-curriculum-in-england-framework-for-key-stages-1-to-4
https://education.asfai.org/frameworks/uk-nc-2013/versions/september-2013/items/KS3.Maths.WM.RM.2,uk-nc-2013,KS3.Maths.WM.RM.2,uk-nc-2013:KS3.Maths.WM.RM.2,September 2013,0,false,https://www.gov.uk/government/publications/national-curriculum-in-england-framework-for-key-stages-1-to-4
https://education.asfai.org/frameworks/uk-nc-2013/versions/september-2013/items/KS3.Maths.WM.RM.3,uk-nc-2013,KS3.Maths.WM.RM.3,uk-nc-2013:KS3.Maths.WM.RM.3,September 2013,0,false,https://www.gov.uk/government/publications/national-curriculum-in-england-framework-for-key-stages-1-to-4
https://education.asfai.org/frameworks/uk-nc-2013/versions/september-2013/items/KS3.Maths.WM.RM.4,uk-nc-2013,KS3.Maths.WM.RM.4,uk-nc-2013:KS3.Maths.WM.RM.4,September 2013,0,false,https://www.gov.uk/government/publications/national-curriculum-in-england-framework-for-key-stages-1-to-4
https://education.asfai.org/frameworks/uk-nc-2013/versions/september-2013/items/KS3.Maths.WM.RM.5,uk-nc-2013,KS3.Maths.WM.RM.5,uk-nc-2013:KS3.Maths.WM.RM.5,September 2013,0,false,https://www.gov.uk/government/publications/national-curriculum-in-england-framework-for-key-stages-1-to-4
https://education.asfai.org/frameworks/uk-nc-2013/versions/september-2013/items/KS3.Maths.WM.RM.6,uk-nc-2013,KS3.Maths.WM.RM.6,uk-nc-2013:KS3.Maths.WM.RM.6,September 2013,0,false,https://www.gov.uk/government/publications/national-curriculum-in-england-framework-for-key-stages-1-to-4
https://education.asfai.org/frameworks/uk-nc-2013/versions/september-2013/items/KS3.Maths.WM.RM.7,uk-nc-2013,KS3.Maths.WM.RM.7,uk-nc-2013:KS3.Maths.WM.RM.7,September 2013,0,false,https://www.gov.uk/government/publications/national-curriculum-in-england-framework-for-key-stages-1-to-4
https://education.asfai.org/frameworks/uk-nc-2013/versions/september-2013/items/KS3.Maths.WM.SP.1,uk-nc-2013,KS3.Maths.WM.SP.1,uk-nc-2013:KS3.Maths.WM.SP.1,September 2013,0,false,https://www.gov.uk/government/publications/national-curriculum-in-england-framework-for-key-stages-1-to-4
https://education.asfai.org/frameworks/uk-nc-2013/versions/september-2013/items/KS3.Maths.WM.SP.2,uk-nc-2013,KS3.Maths.WM.SP.2,uk-nc-2013:KS3.Maths.WM.SP.2,September 2013,0,false,https://www.gov.uk/government/publications/national-curriculum-in-england-framework-for-key-stages-1-to-4
https://education.asfai.org/frameworks/uk-nc-2013/versions/september-2013/items/KS3.Maths.WM.SP.3,uk-nc-2013,KS3.Maths.WM.SP.3,uk-nc-2013:KS3.Maths.WM.SP.3,September 2013,0,false,https://www.gov.uk/government/publications/national-curriculum-in-england-framework-for-key-stages-1-to-4
https://education.asfai.org/frameworks/uk-nc-2013/versions/september-2013/items/KS3.Maths.WM.SP.4,uk-nc-2013,KS3.Maths.WM.SP.4,uk-nc-2013:KS3.Maths.WM.SP.4,September 2013,0,false,https://www.gov.uk/government/publications/national-curriculum-in-england-framework-for-key-stages-1-to-4
https://education.asfai.org/frameworks/uk-nc-2013/versions/september-2013/items/KS3.Sci.Bio.Adaptation.1,uk-nc-2013,KS3.Sci.Bio.Adaptation.1,uk-nc-2013:KS3.Sci.Bio.Adaptation.1,September 2013,3,false,https://www.gov.uk/government/publications/national-curriculum-in-england-framework-for-key-stages-1-to-4
https://education.asfai.org/frameworks/uk-nc-2013/versions/september-2013/items/KS3.Sci.Bio.Adaptation.2,uk-nc-2013,KS3.Sci.Bio.Adaptation.2,uk-nc-2013:KS3.Sci.Bio.Adaptation.2,September 2013,1,false,https://www.gov.uk/government/publications/national-curriculum-in-england-framework-for-key-stages-1-to-4
https://education.asfai.org/frameworks/uk-nc-2013/versions/september-2013/items/KS3.Sci.Bio.Adaptation.3,uk-nc-2013,KS3.Sci.Bio.Adaptation.3,uk-nc-2013:KS3.Sci.Bio.Adaptation.3,September 2013,1,false,https://www.gov.uk/government/publications/national-curriculum-in-england-framework-for-key-stages-1-to-4
https://education.asfai.org/frameworks/uk-nc-2013/versions/september-2013/items/KS3.Sci.Bio.Adaptation.4,uk-nc-2013,KS3.Sci.Bio.Adaptation.4,uk-nc-2013:KS3.Sci.Bio.Adaptation.4,September 2013,3,false,https://www.gov.uk/government/publications/national-curriculum-in-england-framework-for-key-stages-1-to-4
https://education.asfai.org/frameworks/uk-nc-2013/versions/september-2013/items/KS3.Sci.Bio.Adaptation.5,uk-nc-2013,KS3.Sci.Bio.Adaptation.5,uk-nc-2013:KS3.Sci.Bio.Adaptation.5,September 2013,1,false,https://www.gov.uk/government/publications/national-curriculum-in-england-framework-for-key-stages-1-to-4
https://education.asfai.org/frameworks/uk-nc-2013/versions/september-2013/items/KS3.Sci.Bio.Adaptation.6,uk-nc-2013,KS3.Sci.Bio.Adaptation.6,uk-nc-2013:KS3.Sci.Bio.Adaptation.6,September 2013,1,false,https://www.gov.uk/government/publications/national-curriculum-in-england-framework-for-key-stages-1-to-4
https://education.asfai.org/frameworks/uk-nc-2013/versions/september-2013/items/KS3.Sci.Bio.Cells.1,uk-nc-2013,KS3.Sci.Bio.Cells.1,uk-nc-2013:KS3.Sci.Bio.Cells.1,September 2013,2,false,https://www.gov.uk/government/publications/national-curriculum-in-england-framework-for-key-stages-1-to-4
https://education.asfai.org/frameworks/uk-nc-2013/versions/september-2013/items/KS3.Sci.Bio.Cells.2,uk-nc-2013,KS3.Sci.Bio.Cells.2,uk-nc-2013:KS3.Sci.Bio.Cells.2,September 2013,1,false,https://www.gov.uk/government/publications/national-curriculum-in-england-framework-for-key-stages-1-to-4
https://education.asfai.org/frameworks/uk-nc-2013/versions/september-2013/items/KS3.Sci.Bio.Cells.3,uk-nc-2013,KS3.Sci.Bio.Cells.3,uk-nc-2013:KS3.Sci.Bio.Cells.3,September 2013,1,false,https://www.gov.uk/government/publications/national-curriculum-in-england-framework-for-key-stages-1-to-4
https://education.asfai.org/frameworks/uk-nc-2013/versions/september-2013/items/KS3.Sci.Bio.Cells.4,uk-nc-2013,KS3.Sci.Bio.Cells.4,uk-nc-2013:KS3.Sci.Bio.Cells.4,September 2013,1,false,https://www.gov.uk/government/publications/national-curriculum-in-england-framework-for-key-stages-1-to-4
https://education.asfai.org/frameworks/uk-nc-2013/versions/september-2013/items/KS3.Sci.Bio.Cells.5,uk-nc-2013,KS3.Sci.Bio.Cells.5,uk-nc-2013:KS3.Sci.Bio.Cells.5,September 2013,1,false,https://www.gov.uk/government/publications/national-curriculum-in-england-framework-for-key-stages-1-to-4
https://education.asfai.org/frameworks/uk-nc-2013/versions/september-2013/items/KS3.Sci.Bio.Cells.6,uk-nc-2013,KS3.Sci.Bio.Cells.6,uk-nc-2013:KS3.Sci.Bio.Cells.6,September 2013,1,false,https://www.gov.uk/government/publications/national-curriculum-in-england-framework-for-key-stages-1-to-4
https://education.asfai.org/frameworks/uk-nc-2013/versions/september-2013/items/KS3.Sci.Bio.Cells.7,uk-nc-2013,KS3.Sci.Bio.Cells.7,uk-nc-2013:KS3.Sci.Bio.Cells.7,September 2013,1,false,https://www.gov.uk/government/publications/national-curriculum-in-england-framework-for-key-stages-1-to-4
https://education.asfai.org/frameworks/uk-nc-2013/versions/september-2013/items/KS3.Sci.Bio.Ecosystem.1,uk-nc-2013,KS3.Sci.Bio.Ecosystem.1,uk-nc-2013:KS3.Sci.Bio.Ecosystem.1,September 2013,2,false,https://www.gov.uk/government/publications/national-curriculum-in-england-framework-for-key-stages-1-to-4
https://education.asfai.org/frameworks/uk-nc-2013/versions/september-2013/items/KS3.Sci.Bio.Ecosystem.2,uk-nc-2013,KS3.Sci.Bio.Ecosystem.2,uk-nc-2013:KS3.Sci.Bio.Ecosystem.2,September 2013,1,false,https://www.gov.uk/government/publications/national-curriculum-in-england-framework-for-key-stages-1-to-4
https://education.asfai.org/frameworks/uk-nc-2013/versions/september-2013/items/KS3.Sci.Bio.Ecosystem.3,uk-nc-2013,KS3.Sci.Bio.Ecosystem.3,uk-nc-2013:KS3.Sci.Bio.Ecosystem.3,September 2013,1,false,https://www.gov.uk/government/publications/national-curriculum-in-england-framework-for-key-stages-1-to-4
https://education.asfai.org/frameworks/uk-nc-2013/versions/september-2013/items/KS3.Sci.Bio.Ecosystem.4,uk-nc-2013,KS3.Sci.Bio.Ecosystem.4,uk-nc-2013:KS3.Sci.Bio.Ecosystem.4,September 2013,1,false,https://www.gov.uk/government/publications/national-curriculum-in-england-framework-for-key-stages-1-to-4
https://education.asfai.org/frameworks/uk-nc-2013/versions/september-2013/items/KS3.Sci.Bio.Ecosystem.5,uk-nc-2013,KS3.Sci.Bio.Ecosystem.5,uk-nc-2013:KS3.Sci.Bio.Ecosystem.5,September 2013,1,false,https://www.gov.uk/government/publications/national-curriculum-in-england-framework-for-key-stages-1-to-4
https://education.asfai.org/frameworks/uk-nc-2013/versions/september-2013/items/KS3.Sci.Bio.Ecosystem.6,uk-nc-2013,KS3.Sci.Bio.Ecosystem.6,uk-nc-2013:KS3.Sci.Bio.Ecosystem.6,September 2013,1,false,https://www.gov.uk/government/publications/national-curriculum-in-england-framework-for-key-stages-1-to-4
https://education.asfai.org/frameworks/uk-nc-2013/versions/september-2013/items/KS3.Sci.Bio.GasExchange.1,uk-nc-2013,KS3.Sci.Bio.GasExchange.1,uk-nc-2013:KS3.Sci.Bio.GasExchange.1,September 2013,1,false,https://www.gov.uk/government/publications/national-curriculum-in-england-framework-for-key-stages-1-to-4
https://education.asfai.org/frameworks/uk-nc-2013/versions/september-2013/items/KS3.Sci.Bio.GasExchange.2,uk-nc-2013,KS3.Sci.Bio.GasExchange.2,uk-nc-2013:KS3.Sci.Bio.GasExchange.2,September 2013,1,false,https://www.gov.uk/government/publications/national-curriculum-in-england-framework-for-key-stages-1-to-4
https://education.asfai.org/frameworks/uk-nc-2013/versions/september-2013/items/KS3.Sci.Bio.GasExchange.3,uk-nc-2013,KS3.Sci.Bio.GasExchange.3,uk-nc-2013:KS3.Sci.Bio.GasExchange.3,September 2013,1,false,https://www.gov.uk/government/publications/national-curriculum-in-england-framework-for-key-stages-1-to-4
https://education.asfai.org/frameworks/uk-nc-2013/versions/september-2013/items/KS3.Sci.Bio.GasExchange.4,uk-nc-2013,KS3.Sci.Bio.GasExchange.4,uk-nc-2013:KS3.Sci.Bio.GasExchange.4,September 2013,1,false,https://www.gov.uk/government/publications/national-curriculum-in-england-framework-for-key-stages-1-to-4
https://education.asfai.org/frameworks/uk-nc-2013/versions/september-2013/items/KS3.Sci.Bio.GasExchange.5,uk-nc-2013,KS3.Sci.Bio.GasExchange.5,uk-nc-2013:KS3.Sci.Bio.GasExchange.5,September 2013,1,false,https://www.gov.uk/government/publications/national-curriculum-in-england-framework-for-key-stages-1-to-4
https://education.asfai.org/frameworks/uk-nc-2013/versions/september-2013/items/KS3.Sci.Bio.GasExchange.6,uk-nc-2013,KS3.Sci.Bio.GasExchange.6,uk-nc-2013:KS3.Sci.Bio.GasExchange.6,September 2013,2,false,https://www.gov.uk/government/publications/national-curriculum-in-england-framework-for-key-stages-1-to-4
https://education.asfai.org/frameworks/uk-nc-2013/versions/september-2013/items/KS3.Sci.Bio.GasExchange.7,uk-nc-2013,KS3.Sci.Bio.GasExchange.7,uk-nc-2013:KS3.Sci.Bio.GasExchange.7,September 2013,1,false,https://www.gov.uk/government/publications/national-curriculum-in-england-framework-for-key-stages-1-to-4
https://education.asfai.org/frameworks/uk-nc-2013/versions/september-2013/items/KS3.Sci.Bio.Health.1,uk-nc-2013,KS3.Sci.Bio.Health.1,uk-nc-2013:KS3.Sci.Bio.Health.1,September 2013,1,false,https://www.gov.uk/government/publications/national-curriculum-in-england-framework-for-key-stages-1-to-4
https://education.asfai.org/frameworks/uk-nc-2013/versions/september-2013/items/KS3.Sci.Bio.Health.2,uk-nc-2013,KS3.Sci.Bio.Health.2,uk-nc-2013:KS3.Sci.Bio.Health.2,September 2013,1,false,https://www.gov.uk/government/publications/national-curriculum-in-england-framework-for-key-stages-1-to-4
https://education.asfai.org/frameworks/uk-nc-2013/versions/september-2013/items/KS3.Sci.Bio.Health.3,uk-nc-2013,KS3.Sci.Bio.Health.3,uk-nc-2013:KS3.Sci.Bio.Health.3,September 2013,1,false,https://www.gov.uk/government/publications/national-curriculum-in-england-framework-for-key-stages-1-to-4
https://education.asfai.org/frameworks/uk-nc-2013/versions/september-2013/items/KS3.Sci.Bio.Health.4,uk-nc-2013,KS3.Sci.Bio.Health.4,uk-nc-2013:KS3.Sci.Bio.Health.4,September 2013,1,false,https://www.gov.uk/government/publications/national-curriculum-in-england-framework-for-key-stages-1-to-4
https://education.asfai.org/frameworks/uk-nc-2013/versions/september-2013/items/KS3.Sci.Bio.Nutrition.1,uk-nc-2013,KS3.Sci.Bio.Nutrition.1,uk-nc-2013:KS3.Sci.Bio.Nutrition.1,September 2013,1,false,https://www.gov.uk/government/publications/national-curriculum-in-england-framework-for-key-stages-1-to-4
https://education.asfai.org/frameworks/uk-nc-2013/versions/september-2013/items/KS3.Sci.Bio.Nutrition.2,uk-nc-2013,KS3.Sci.Bio.Nutrition.2,uk-nc-2013:KS3.Sci.Bio.Nutrition.2,September 2013,1,false,https://www.gov.uk/government/publications/national-curriculum-in-england-framework-for-key-stages-1-to-4
https://education.asfai.org/frameworks/uk-nc-2013/versions/september-2013/items/KS3.Sci.Bio.Nutrition.3,uk-nc-2013,KS3.Sci.Bio.Nutrition.3,uk-nc-2013:KS3.Sci.Bio.Nutrition.3,September 2013,1,false,https://www.gov.uk/government/publications/national-curriculum-in-england-framework-for-key-stages-1-to-4
https://education.asfai.org/frameworks/uk-nc-2013/versions/september-2013/items/KS3.Sci.Bio.Nutrition.4,uk-nc-2013,KS3.Sci.Bio.Nutrition.4,uk-nc-2013:KS3.Sci.Bio.Nutrition.4,September 2013,1,false,https://www.gov.uk/government/publications/national-curriculum-in-england-framework-for-key-stages-1-to-4
https://education.asfai.org/frameworks/uk-nc-2013/versions/september-2013/items/KS3.Sci.Bio.Nutrition.5,uk-nc-2013,KS3.Sci.Bio.Nutrition.5,uk-nc-2013:KS3.Sci.Bio.Nutrition.5,September 2013,1,false,https://www.gov.uk/government/publications/national-curriculum-in-england-framework-for-key-stages-1-to-4
https://education.asfai.org/frameworks/uk-nc-2013/versions/september-2013/items/KS3.Sci.Bio.Nutrition.6,uk-nc-2013,KS3.Sci.Bio.Nutrition.6,uk-nc-2013:KS3.Sci.Bio.Nutrition.6,September 2013,1,false,https://www.gov.uk/government/publications/national-curriculum-in-england-framework-for-key-stages-1-to-4
https://education.asfai.org/frameworks/uk-nc-2013/versions/september-2013/items/KS3.Sci.Bio.Reproduction.1,uk-nc-2013,KS3.Sci.Bio.Reproduction.1,uk-nc-2013:KS3.Sci.Bio.Reproduction.1,September 2013,1,false,https://www.gov.uk/government/publications/national-curriculum-in-england-framework-for-key-stages-1-to-4
https://education.asfai.org/frameworks/uk-nc-2013/versions/september-2013/items/KS3.Sci.Bio.Reproduction.2,uk-nc-2013,KS3.Sci.Bio.Reproduction.2,uk-nc-2013:KS3.Sci.Bio.Reproduction.2,September 2013,1,false,https://www.gov.uk/government/publications/national-curriculum-in-england-framework-for-key-stages-1-to-4
https://education.asfai.org/frameworks/uk-nc-2013/versions/september-2013/items/KS3.Sci.Bio.SkeletalMuscular.1,uk-nc-2013,KS3.Sci.Bio.SkeletalMuscular.1,uk-nc-2013:KS3.Sci.Bio.SkeletalMuscular.1,September 2013,1,false,https://www.gov.uk/government/publications/national-curriculum-in-england-framework-for-key-stages-1-to-4
https://education.asfai.org/frameworks/uk-nc-2013/versions/september-2013/items/KS3.Sci.Bio.SkeletalMuscular.2,uk-nc-2013,KS3.Sci.Bio.SkeletalMuscular.2,uk-nc-2013:KS3.Sci.Bio.SkeletalMuscular.2,September 2013,1,false,https://www.gov.uk/government/publications/national-curriculum-in-england-framework-for-key-stages-1-to-4
https://education.asfai.org/frameworks/uk-nc-2013/versions/september-2013/items/KS3.Sci.Bio.SkeletalMuscular.3,uk-nc-2013,KS3.Sci.Bio.SkeletalMuscular.3,uk-nc-2013:KS3.Sci.Bio.SkeletalMuscular.3,September 2013,1,false,https://www.gov.uk/government/publications/national-curriculum-in-england-framework-for-key-stages-1-to-4
https://education.asfai.org/frameworks/uk-nc-2013/versions/september-2013/items/KS3.Sci.Chem.AEC.1,uk-nc-2013,KS3.Sci.Chem.AEC.1,uk-nc-2013:KS3.Sci.Chem.AEC.1,September 2013,1,false,https://www.gov.uk/government/publications/national-curriculum-in-england-framework-for-key-stages-1-to-4
https://education.asfai.org/frameworks/uk-nc-2013/versions/september-2013/items/KS3.Sci.Chem.AEC.2,uk-nc-2013,KS3.Sci.Chem.AEC.2,uk-nc-2013:KS3.Sci.Chem.AEC.2,September 2013,1,false,https://www.gov.uk/government/publications/national-curriculum-in-england-framework-for-key-stages-1-to-4
https://education.asfai.org/frameworks/uk-nc-2013/versions/september-2013/items/KS3.Sci.Chem.AEC.3,uk-nc-2013,KS3.Sci.Chem.AEC.3,uk-nc-2013:KS3.Sci.Chem.AEC.3,September 2013,1,false,https://www.gov.uk/government/publications/national-curriculum-in-england-framework-for-key-stages-1-to-4
https://education.asfai.org/frameworks/uk-nc-2013/versions/september-2013/items/KS3.Sci.Chem.AEC.4,uk-nc-2013,KS3.Sci.Chem.AEC.4,uk-nc-2013:KS3.Sci.Chem.AEC.4,September 2013,1,false,https://www.gov.uk/government/publications/national-curriculum-in-england-framework-for-key-stages-1-to-4
https://education.asfai.org/frameworks/uk-nc-2013/versions/september-2013/items/KS3.Sci.Chem.AEC.5,uk-nc-2013,KS3.Sci.Chem.AEC.5,uk-nc-2013:KS3.Sci.Chem.AEC.5,September 2013,0,false,https://www.gov.uk/government/publications/national-curriculum-in-england-framework-for-key-stages-1-to-4
https://education.asfai.org/frameworks/uk-nc-2013/versions/september-2013/items/KS3.Sci.Chem.AEC.6,uk-nc-2013,KS3.Sci.Chem.AEC.6,uk-nc-2013:KS3.Sci.Chem.AEC.6,September 2013,1,false,https://www.gov.uk/government/publications/national-curriculum-in-england-framework-for-key-stages-1-to-4
https://education.asfai.org/frameworks/uk-nc-2013/versions/september-2013/items/KS3.Sci.Chem.AEC.7,uk-nc-2013,KS3.Sci.Chem.AEC.7,uk-nc-2013:KS3.Sci.Chem.AEC.7,September 2013,1,false,https://www.gov.uk/government/publications/national-curriculum-in-england-framework-for-key-stages-1-to-4
https://education.asfai.org/frameworks/uk-nc-2013/versions/september-2013/items/KS3.Sci.Chem.AEC.8,uk-nc-2013,KS3.Sci.Chem.AEC.8,uk-nc-2013:KS3.Sci.Chem.AEC.8,September 2013,0,false,https://www.gov.uk/government/publications/national-curriculum-in-england-framework-for-key-stages-1-to-4
https://education.asfai.org/frameworks/uk-nc-2013/versions/september-2013/items/KS3.Sci.Chem.AEC.9,uk-nc-2013,KS3.Sci.Chem.AEC.9,uk-nc-2013:KS3.Sci.Chem.AEC.9,September 2013,1,false,https://www.gov.uk/government/publications/national-curriculum-in-england-framework-for-key-stages-1-to-4
https://education.asfai.org/frameworks/uk-nc-2013/versions/september-2013/items/KS3.Sci.Chem.CR.1,uk-nc-2013,KS3.Sci.Chem.CR.1,uk-nc-2013:KS3.Sci.Chem.CR.1,September 2013,1,false,https://www.gov.uk/government/publications/national-curriculum-in-england-framework-for-key-stages-1-to-4
https://education.asfai.org/frameworks/uk-nc-2013/versions/september-2013/items/KS3.Sci.Chem.CR.2,uk-nc-2013,KS3.Sci.Chem.CR.2,uk-nc-2013:KS3.Sci.Chem.CR.2,September 2013,1,false,https://www.gov.uk/government/publications/national-curriculum-in-england-framework-for-key-stages-1-to-4
https://education.asfai.org/frameworks/uk-nc-2013/versions/september-2013/items/KS3.Sci.Chem.CR.3,uk-nc-2013,KS3.Sci.Chem.CR.3,uk-nc-2013:KS3.Sci.Chem.CR.3,September 2013,1,false,https://www.gov.uk/government/publications/national-curriculum-in-england-framework-for-key-stages-1-to-4
https://education.asfai.org/frameworks/uk-nc-2013/versions/september-2013/items/KS3.Sci.Chem.CR.4,uk-nc-2013,KS3.Sci.Chem.CR.4,uk-nc-2013:KS3.Sci.Chem.CR.4,September 2013,1,false,https://www.gov.uk/government/publications/national-curriculum-in-england-framework-for-key-stages-1-to-4
https://education.asfai.org/frameworks/uk-nc-2013/versions/september-2013/items/KS3.Sci.Chem.CR.5,uk-nc-2013,KS3.Sci.Chem.CR.5,uk-nc-2013:KS3.Sci.Chem.CR.5,September 2013,1,false,https://www.gov.uk/government/publications/national-curriculum-in-england-framework-for-key-stages-1-to-4
https://education.asfai.org/frameworks/uk-nc-2013/versions/september-2013/items/KS3.Sci.Chem.CR.6,uk-nc-2013,KS3.Sci.Chem.CR.6,uk-nc-2013:KS3.Sci.Chem.CR.6,September 2013,1,false,https://www.gov.uk/government/publications/national-curriculum-in-england-framework-for-key-stages-1-to-4
https://education.asfai.org/frameworks/uk-nc-2013/versions/september-2013/items/KS3.Sci.Chem.EA.1,uk-nc-2013,KS3.Sci.Chem.EA.1,uk-nc-2013:KS3.Sci.Chem.EA.1,September 2013,1,false,https://www.gov.uk/government/publications/national-curriculum-in-england-framework-for-key-stages-1-to-4
https://education.asfai.org/frameworks/uk-nc-2013/versions/september-2013/items/KS3.Sci.Chem.EA.2,uk-nc-2013,KS3.Sci.Chem.EA.2,uk-nc-2013:KS3.Sci.Chem.EA.2,September 2013,1,false,https://www.gov.uk/government/publications/national-curriculum-in-england-framework-for-key-stages-1-to-4
https://education.asfai.org/frameworks/uk-nc-2013/versions/september-2013/items/KS3.Sci.Chem.EA.3,uk-nc-2013,KS3.Sci.Chem.EA.3,uk-nc-2013:KS3.Sci.Chem.EA.3,September 2013,1,false,https://www.gov.uk/government/publications/national-curriculum-in-england-framework-for-key-stages-1-to-4
https://education.asfai.org/frameworks/uk-nc-2013/versions/september-2013/items/KS3.Sci.Chem.EA.4,uk-nc-2013,KS3.Sci.Chem.EA.4,uk-nc-2013:KS3.Sci.Chem.EA.4,September 2013,1,false,https://www.gov.uk/government/publications/national-curriculum-in-england-framework-for-key-stages-1-to-4
https://education.asfai.org/frameworks/uk-nc-2013/versions/september-2013/items/KS3.Sci.Chem.EA.5,uk-nc-2013,KS3.Sci.Chem.EA.5,uk-nc-2013:KS3.Sci.Chem.EA.5,September 2013,1,false,https://www.gov.uk/government/publications/national-curriculum-in-england-framework-for-key-stages-1-to-4
https://education.asfai.org/frameworks/uk-nc-2013/versions/september-2013/items/KS3.Sci.Chem.ENG.1,uk-nc-2013,KS3.Sci.Chem.ENG.1,uk-nc-2013:KS3.Sci.Chem.ENG.1,September 2013,1,false,https://www.gov.uk/government/publications/national-curriculum-in-england-framework-for-key-stages-1-to-4
https://education.asfai.org/frameworks/uk-nc-2013/versions/september-2013/items/KS3.Sci.Chem.ENG.2,uk-nc-2013,KS3.Sci.Chem.ENG.2,uk-nc-2013:KS3.Sci.Chem.ENG.2,September 2013,1,false,https://www.gov.uk/government/publications/national-curriculum-in-england-framework-for-key-stages-1-to-4
https://education.asfai.org/frameworks/uk-nc-2013/versions/september-2013/items/KS3.Sci.Chem.MAT.1,uk-nc-2013,KS3.Sci.Chem.MAT.1,uk-nc-2013:KS3.Sci.Chem.MAT.1,September 2013,1,false,https://www.gov.uk/government/publications/national-curriculum-in-england-framework-for-key-stages-1-to-4
https://education.asfai.org/frameworks/uk-nc-2013/versions/september-2013/items/KS3.Sci.Chem.MAT.2,uk-nc-2013,KS3.Sci.Chem.MAT.2,uk-nc-2013:KS3.Sci.Chem.MAT.2,September 2013,1,false,https://www.gov.uk/government/publications/national-curriculum-in-england-framework-for-key-stages-1-to-4
https://education.asfai.org/frameworks/uk-nc-2013/versions/september-2013/items/KS3.Sci.Chem.MAT.3,uk-nc-2013,KS3.Sci.Chem.MAT.3,uk-nc-2013:KS3.Sci.Chem.MAT.3,September 2013,1,false,https://www.gov.uk/government/publications/national-curriculum-in-england-framework-for-key-stages-1-to-4
https://education.asfai.org/frameworks/uk-nc-2013/versions/september-2013/items/KS3.Sci.Chem.PIS.1,uk-nc-2013,KS3.Sci.Chem.PIS.1,uk-nc-2013:KS3.Sci.Chem.PIS.1,September 2013,1,false,https://www.gov.uk/government/publications/national-curriculum-in-england-framework-for-key-stages-1-to-4
https://education.asfai.org/frameworks/uk-nc-2013/versions/september-2013/items/KS3.Sci.Chem.PIS.2,uk-nc-2013,KS3.Sci.Chem.PIS.2,uk-nc-2013:KS3.Sci.Chem.PIS.2,September 2013,1,false,https://www.gov.uk/government/publications/national-curriculum-in-england-framework-for-key-stages-1-to-4
https://education.asfai.org/frameworks/uk-nc-2013/versions/september-2013/items/KS3.Sci.Chem.PIS.3,uk-nc-2013,KS3.Sci.Chem.PIS.3,uk-nc-2013:KS3.Sci.Chem.PIS.3,September 2013,1,false,https://www.gov.uk/government/publications/national-curriculum-in-england-framework-for-key-stages-1-to-4
https://education.asfai.org/frameworks/uk-nc-2013/versions/september-2013/items/KS3.Sci.Chem.PIS.4,uk-nc-2013,KS3.Sci.Chem.PIS.4,uk-nc-2013:KS3.Sci.Chem.PIS.4,September 2013,1,false,https://www.gov.uk/government/publications/national-curriculum-in-england-framework-for-key-stages-1-to-4
https://education.asfai.org/frameworks/uk-nc-2013/versions/september-2013/items/KS3.Sci.Chem.PIS.5,uk-nc-2013,KS3.Sci.Chem.PIS.5,uk-nc-2013:KS3.Sci.Chem.PIS.5,September 2013,1,false,https://www.gov.uk/government/publications/national-curriculum-in-england-framework-for-key-stages-1-to-4
https://education.asfai.org/frameworks/uk-nc-2013/versions/september-2013/items/KS3.Sci.Chem.PNM.1,uk-nc-2013,KS3.Sci.Chem.PNM.1,uk-nc-2013:KS3.Sci.Chem.PNM.1,September 2013,1,false,https://www.gov.uk/government/publications/national-curriculum-in-england-framework-for-key-stages-1-to-4
https://education.asfai.org/frameworks/uk-nc-2013/versions/september-2013/items/KS3.Sci.Chem.PNM.2,uk-nc-2013,KS3.Sci.Chem.PNM.2,uk-nc-2013:KS3.Sci.Chem.PNM.2,September 2013,1,false,https://www.gov.uk/government/publications/national-curriculum-in-england-framework-for-key-stages-1-to-4
https://education.asfai.org/frameworks/uk-nc-2013/versions/september-2013/items/KS3.Sci.Chem.PNM.3,uk-nc-2013,KS3.Sci.Chem.PNM.3,uk-nc-2013:KS3.Sci.Chem.PNM.3,September 2013,1,false,https://www.gov.uk/government/publications/national-curriculum-in-england-framework-for-key-stages-1-to-4
https://education.asfai.org/frameworks/uk-nc-2013/versions/september-2013/items/KS3.Sci.Chem.PNM.4,uk-nc-2013,KS3.Sci.Chem.PNM.4,uk-nc-2013:KS3.Sci.Chem.PNM.4,September 2013,2,false,https://www.gov.uk/government/publications/national-curriculum-in-england-framework-for-key-stages-1-to-4
https://education.asfai.org/frameworks/uk-nc-2013/versions/september-2013/items/KS3.Sci.Chem.PT.1,uk-nc-2013,KS3.Sci.Chem.PT.1,uk-nc-2013:KS3.Sci.Chem.PT.1,September 2013,0,false,https://www.gov.uk/government/publications/national-curriculum-in-england-framework-for-key-stages-1-to-4
https://education.asfai.org/frameworks/uk-nc-2013/versions/september-2013/items/KS3.Sci.Chem.PT.2,uk-nc-2013,KS3.Sci.Chem.PT.2,uk-nc-2013:KS3.Sci.Chem.PT.2,September 2013,1,false,https://www.gov.uk/government/publications/national-curriculum-in-england-framework-for-key-stages-1-to-4
https://education.asfai.org/frameworks/uk-nc-2013/versions/september-2013/items/KS3.Sci.Chem.PT.3,uk-nc-2013,KS3.Sci.Chem.PT.3,uk-nc-2013:KS3.Sci.Chem.PT.3,September 2013,1,false,https://www.gov.uk/government/publications/national-curriculum-in-england-framework-for-key-stages-1-to-4
https://education.asfai.org/frameworks/uk-nc-2013/versions/september-2013/items/KS3.Sci.Chem.PT.4,uk-nc-2013,KS3.Sci.Chem.PT.4,uk-nc-2013:KS3.Sci.Chem.PT.4,September 2013,0,false,https://www.gov.uk/government/publications/national-curriculum-in-england-framework-for-key-stages-1-to-4
https://education.asfai.org/frameworks/uk-nc-2013/versions/september-2013/items/KS3.Sci.Chem.PT.5,uk-nc-2013,KS3.Sci.Chem.PT.5,uk-nc-2013:KS3.Sci.Chem.PT.5,September 2013,1,false,https://www.gov.uk/government/publications/national-curriculum-in-england-framework-for-key-stages-1-to-4
https://education.asfai.org/frameworks/uk-nc-2013/versions/september-2013/items/KS3.Sci.Chem.PT.6,uk-nc-2013,KS3.Sci.Chem.PT.6,uk-nc-2013:KS3.Sci.Chem.PT.6,September 2013,1,false,https://www.gov.uk/government/publications/national-curriculum-in-england-framework-for-key-stages-1-to-4
https://education.asfai.org/frameworks/uk-nc-2013/versions/september-2013/items/KS3.Sci.Phys.ElectricityAndElectromagnetism.1,uk-nc-2013,KS3.Sci.Phys.ElectricityAndElectromagnetism.1,uk-nc-2013:KS3.Sci.Phys.ElectricityAndElectromagnetism.1,September 2013,0,false,https://www.gov.uk/government/publications/national-curriculum-in-england-framework-for-key-stages-1-to-4
https://education.asfai.org/frameworks/uk-nc-2013/versions/september-2013/items/KS3.Sci.Phys.ElectricityAndElectromagnetism.2,uk-nc-2013,KS3.Sci.Phys.ElectricityAndElectromagnetism.2,uk-nc-2013:KS3.Sci.Phys.ElectricityAndElectromagnetism.2,September 2013,0,false,https://www.gov.uk/government/publications/national-curriculum-in-england-framework-for-key-stages-1-to-4
https://education.asfai.org/frameworks/uk-nc-2013/versions/september-2013/items/KS3.Sci.Phys.ElectricityAndElectromagnetism.3,uk-nc-2013,KS3.Sci.Phys.ElectricityAndElectromagnetism.3,uk-nc-2013:KS3.Sci.Phys.ElectricityAndElectromagnetism.3,September 2013,0,false,https://www.gov.uk/government/publications/national-curriculum-in-england-framework-for-key-stages-1-to-4
https://education.asfai.org/frameworks/uk-nc-2013/versions/september-2013/items/KS3.Sci.Phys.ElectricityAndElectromagnetism.4,uk-nc-2013,KS3.Sci.Phys.ElectricityAndElectromagnetism.4,uk-nc-2013:KS3.Sci.Phys.ElectricityAndElectromagnetism.4,September 2013,0,false,https://www.gov.uk/government/publications/national-curriculum-in-england-framework-for-key-stages-1-to-4
https://education.asfai.org/frameworks/uk-nc-2013/versions/september-2013/items/KS3.Sci.Phys.ElectricityAndElectromagnetism.5,uk-nc-2013,KS3.Sci.Phys.ElectricityAndElectromagnetism.5,uk-nc-2013:KS3.Sci.Phys.ElectricityAndElectromagnetism.5,September 2013,0,false,https://www.gov.uk/government/publications/national-curriculum-in-england-framework-for-key-stages-1-to-4
https://education.asfai.org/frameworks/uk-nc-2013/versions/september-2013/items/KS3.Sci.Phys.ElectricityAndElectromagnetism.6,uk-nc-2013,KS3.Sci.Phys.ElectricityAndElectromagnetism.6,uk-nc-2013:KS3.Sci.Phys.ElectricityAndElectromagnetism.6,September 2013,0,false,https://www.gov.uk/government/publications/national-curriculum-in-england-framework-for-key-stages-1-to-4
https://education.asfai.org/frameworks/uk-nc-2013/versions/september-2013/items/KS3.Sci.Phys.Energy.1,uk-nc-2013,KS3.Sci.Phys.Energy.1,uk-nc-2013:KS3.Sci.Phys.Energy.1,September 2013,2,false,https://www.gov.uk/government/publications/national-curriculum-in-england-framework-for-key-stages-1-to-4
https://education.asfai.org/frameworks/uk-nc-2013/versions/september-2013/items/KS3.Sci.Phys.Energy.2,uk-nc-2013,KS3.Sci.Phys.Energy.2,uk-nc-2013:KS3.Sci.Phys.Energy.2,September 2013,1,false,https://www.gov.uk/government/publications/national-curriculum-in-england-framework-for-key-stages-1-to-4
https://education.asfai.org/frameworks/uk-nc-2013/versions/september-2013/items/KS3.Sci.Phys.Energy.3,uk-nc-2013,KS3.Sci.Phys.Energy.3,uk-nc-2013:KS3.Sci.Phys.Energy.3,September 2013,1,false,https://www.gov.uk/government/publications/national-curriculum-in-england-framework-for-key-stages-1-to-4
https://education.asfai.org/frameworks/uk-nc-2013/versions/september-2013/items/KS3.Sci.Phys.Energy.4,uk-nc-2013,KS3.Sci.Phys.Energy.4,uk-nc-2013:KS3.Sci.Phys.Energy.4,September 2013,1,false,https://www.gov.uk/government/publications/national-curriculum-in-england-framework-for-key-stages-1-to-4
https://education.asfai.org/frameworks/uk-nc-2013/versions/september-2013/items/KS3.Sci.Phys.Energy.5,uk-nc-2013,KS3.Sci.Phys.Energy.5,uk-nc-2013:KS3.Sci.Phys.Energy.5,September 2013,1,false,https://www.gov.uk/government/publications/national-curriculum-in-england-framework-for-key-stages-1-to-4
https://education.asfai.org/frameworks/uk-nc-2013/versions/september-2013/items/KS3.Sci.Phys.Energy.6,uk-nc-2013,KS3.Sci.Phys.Energy.6,uk-nc-2013:KS3.Sci.Phys.Energy.6,September 2013,0,false,https://www.gov.uk/government/publications/national-curriculum-in-england-framework-for-key-stages-1-to-4
https://education.asfai.org/frameworks/uk-nc-2013/versions/september-2013/items/KS3.Sci.Phys.Energy.7,uk-nc-2013,KS3.Sci.Phys.Energy.7,uk-nc-2013:KS3.Sci.Phys.Energy.7,September 2013,1,false,https://www.gov.uk/government/publications/national-curriculum-in-england-framework-for-key-stages-1-to-4
https://education.asfai.org/frameworks/uk-nc-2013/versions/september-2013/items/KS3.Sci.Phys.MotionAndForces.1,uk-nc-2013,KS3.Sci.Phys.MotionAndForces.1,uk-nc-2013:KS3.Sci.Phys.MotionAndForces.1,September 2013,1,false,https://www.gov.uk/government/publications/national-curriculum-in-england-framework-for-key-stages-1-to-4
https://education.asfai.org/frameworks/uk-nc-2013/versions/september-2013/items/KS3.Sci.Phys.MotionAndForces.10,uk-nc-2013,KS3.Sci.Phys.MotionAndForces.10,uk-nc-2013:KS3.Sci.Phys.MotionAndForces.10,September 2013,1,false,https://www.gov.uk/government/publications/national-curriculum-in-england-framework-for-key-stages-1-to-4
https://education.asfai.org/frameworks/uk-nc-2013/versions/september-2013/items/KS3.Sci.Phys.MotionAndForces.2,uk-nc-2013,KS3.Sci.Phys.MotionAndForces.2,uk-nc-2013:KS3.Sci.Phys.MotionAndForces.2,September 2013,1,false,https://www.gov.uk/government/publications/national-curriculum-in-england-framework-for-key-stages-1-to-4
https://education.asfai.org/frameworks/uk-nc-2013/versions/september-2013/items/KS3.Sci.Phys.MotionAndForces.3,uk-nc-2013,KS3.Sci.Phys.MotionAndForces.3,uk-nc-2013:KS3.Sci.Phys.MotionAndForces.3,September 2013,1,false,https://www.gov.uk/government/publications/national-curriculum-in-england-framework-for-key-stages-1-to-4
https://education.asfai.org/frameworks/uk-nc-2013/versions/september-2013/items/KS3.Sci.Phys.MotionAndForces.4,uk-nc-2013,KS3.Sci.Phys.MotionAndForces.4,uk-nc-2013:KS3.Sci.Phys.MotionAndForces.4,September 2013,1,false,https://www.gov.uk/government/publications/national-curriculum-in-england-framework-for-key-stages-1-to-4
https://education.asfai.org/frameworks/uk-nc-2013/versions/september-2013/items/KS3.Sci.Phys.MotionAndForces.5,uk-nc-2013,KS3.Sci.Phys.MotionAndForces.5,uk-nc-2013:KS3.Sci.Phys.MotionAndForces.5,September 2013,1,false,https://www.gov.uk/government/publications/national-curriculum-in-england-framework-for-key-stages-1-to-4
https://education.asfai.org/frameworks/uk-nc-2013/versions/september-2013/items/KS3.Sci.Phys.MotionAndForces.6,uk-nc-2013,KS3.Sci.Phys.MotionAndForces.6,uk-nc-2013:KS3.Sci.Phys.MotionAndForces.6,September 2013,1,false,https://www.gov.uk/government/publications/national-curriculum-in-england-framework-for-key-stages-1-to-4
https://education.asfai.org/frameworks/uk-nc-2013/versions/september-2013/items/KS3.Sci.Phys.MotionAndForces.7,uk-nc-2013,KS3.Sci.Phys.MotionAndForces.7,uk-nc-2013:KS3.Sci.Phys.MotionAndForces.7,September 2013,2,false,https://www.gov.uk/government/publications/national-curriculum-in-england-framework-for-key-stages-1-to-4
https://education.asfai.org/frameworks/uk-nc-2013/versions/september-2013/items/KS3.Sci.Phys.MotionAndForces.8,uk-nc-2013,KS3.Sci.Phys.MotionAndForces.8,uk-nc-2013:KS3.Sci.Phys.MotionAndForces.8,September 2013,1,false,https://www.gov.uk/government/publications/national-curriculum-in-england-framework-for-key-stages-1-to-4
https://education.asfai.org/frameworks/uk-nc-2013/versions/september-2013/items/KS3.Sci.Phys.MotionAndForces.9,uk-nc-2013,KS3.Sci.Phys.MotionAndForces.9,uk-nc-2013:KS3.Sci.Phys.MotionAndForces.9,September 2013,2,false,https://www.gov.uk/government/publications/national-curriculum-in-england-framework-for-key-stages-1-to-4
https://education.asfai.org/frameworks/uk-nc-2013/versions/september-2013/items/KS3.Sci.Phys.SpacePhysics.1,uk-nc-2013,KS3.Sci.Phys.SpacePhysics.1,uk-nc-2013:KS3.Sci.Phys.SpacePhysics.1,September 2013,1,false,https://www.gov.uk/government/publications/national-curriculum-in-england-framework-for-key-stages-1-to-4
https://education.asfai.org/frameworks/uk-nc-2013/versions/september-2013/items/KS3.Sci.Phys.SpacePhysics.2,uk-nc-2013,KS3.Sci.Phys.SpacePhysics.2,uk-nc-2013:KS3.Sci.Phys.SpacePhysics.2,September 2013,1,false,https://www.gov.uk/government/publications/national-curriculum-in-england-framework-for-key-stages-1-to-4
https://education.asfai.org/frameworks/uk-nc-2013/versions/september-2013/items/KS3.Sci.Phys.SpacePhysics.3,uk-nc-2013,KS3.Sci.Phys.SpacePhysics.3,uk-nc-2013:KS3.Sci.Phys.SpacePhysics.3,September 2013,1,false,https://www.gov.uk/government/publications/national-curriculum-in-england-framework-for-key-stages-1-to-4
https://education.asfai.org/frameworks/uk-nc-2013/versions/september-2013/items/KS3.Sci.Phys.SpacePhysics.4,uk-nc-2013,KS3.Sci.Phys.SpacePhysics.4,uk-nc-2013:KS3.Sci.Phys.SpacePhysics.4,September 2013,1,false,https://www.gov.uk/government/publications/national-curriculum-in-england-framework-for-key-stages-1-to-4
https://education.asfai.org/frameworks/uk-nc-2013/versions/september-2013/items/KS3.Sci.Phys.SpacePhysics.5,uk-nc-2013,KS3.Sci.Phys.SpacePhysics.5,uk-nc-2013:KS3.Sci.Phys.SpacePhysics.5,September 2013,1,false,https://www.gov.uk/government/publications/national-curriculum-in-england-framework-for-key-stages-1-to-4
https://education.asfai.org/frameworks/uk-nc-2013/versions/september-2013/items/KS3.Sci.Phys.SpacePhysics.6,uk-nc-2013,KS3.Sci.Phys.SpacePhysics.6,uk-nc-2013:KS3.Sci.Phys.SpacePhysics.6,September 2013,1,false,https://www.gov.uk/government/publications/national-curriculum-in-england-framework-for-key-stages-1-to-4
https://education.asfai.org/frameworks/uk-nc-2013/versions/september-2013/items/KS3.Sci.Phys.Waves.1,uk-nc-2013,KS3.Sci.Phys.Waves.1,uk-nc-2013:KS3.Sci.Phys.Waves.1,September 2013,3,false,https://www.gov.uk/government/publications/national-curriculum-in-england-framework-for-key-stages-1-to-4
https://education.asfai.org/frameworks/uk-nc-2013/versions/september-2013/items/KS3.Sci.Phys.Waves.2,uk-nc-2013,KS3.Sci.Phys.Waves.2,uk-nc-2013:KS3.Sci.Phys.Waves.2,September 2013,1,false,https://www.gov.uk/government/publications/national-curriculum-in-england-framework-for-key-stages-1-to-4
https://education.asfai.org/frameworks/uk-nc-2013/versions/september-2013/items/KS3.Sci.Phys.Waves.3,uk-nc-2013,KS3.Sci.Phys.Waves.3,uk-nc-2013:KS3.Sci.Phys.Waves.3,September 2013,1,false,https://www.gov.uk/government/publications/national-curriculum-in-england-framework-for-key-stages-1-to-4
https://education.asfai.org/frameworks/uk-nc-2013/versions/september-2013/items/KS3.Sci.Phys.Waves.4,uk-nc-2013,KS3.Sci.Phys.Waves.4,uk-nc-2013:KS3.Sci.Phys.Waves.4,September 2013,3,false,https://www.gov.uk/government/publications/national-curriculum-in-england-framework-for-key-stages-1-to-4
https://education.asfai.org/frameworks/uk-nc-2013/versions/september-2013/items/KS3.Sci.Phys.Waves.5,uk-nc-2013,KS3.Sci.Phys.Waves.5,uk-nc-2013:KS3.Sci.Phys.Waves.5,September 2013,2,false,https://www.gov.uk/government/publications/national-curriculum-in-england-framework-for-key-stages-1-to-4
https://education.asfai.org/frameworks/uk-nc-2013/versions/september-2013/items/KS3.Sci.WS.AE.1,uk-nc-2013,KS3.Sci.WS.AE.1,uk-nc-2013:KS3.Sci.WS.AE.1,September 2013,1,false,https://www.gov.uk/government/publications/national-curriculum-in-england-framework-for-key-stages-1-to-4
https://education.asfai.org/frameworks/uk-nc-2013/versions/september-2013/items/KS3.Sci.WS.AE.2,uk-nc-2013,KS3.Sci.WS.AE.2,uk-nc-2013:KS3.Sci.WS.AE.2,September 2013,1,false,https://www.gov.uk/government/publications/national-curriculum-in-england-framework-for-key-stages-1-to-4
https://education.asfai.org/frameworks/uk-nc-2013/versions/september-2013/items/KS3.Sci.WS.AE.3,uk-nc-2013,KS3.Sci.WS.AE.3,uk-nc-2013:KS3.Sci.WS.AE.3,September 2013,1,false,https://www.gov.uk/government/publications/national-curriculum-in-england-framework-for-key-stages-1-to-4
https://education.asfai.org/frameworks/uk-nc-2013/versions/september-2013/items/KS3.Sci.WS.AE.4,uk-nc-2013,KS3.Sci.WS.AE.4,uk-nc-2013:KS3.Sci.WS.AE.4,September 2013,1,false,https://www.gov.uk/government/publications/national-curriculum-in-england-framework-for-key-stages-1-to-4
https://education.asfai.org/frameworks/uk-nc-2013/versions/september-2013/items/KS3.Sci.WS.AE.5,uk-nc-2013,KS3.Sci.WS.AE.5,uk-nc-2013:KS3.Sci.WS.AE.5,September 2013,0,false,https://www.gov.uk/government/publications/national-curriculum-in-england-framework-for-key-stages-1-to-4
https://education.asfai.org/frameworks/uk-nc-2013/versions/september-2013/items/KS3.Sci.WS.AE.6,uk-nc-2013,KS3.Sci.WS.AE.6,uk-nc-2013:KS3.Sci.WS.AE.6,September 2013,0,false,https://www.gov.uk/government/publications/national-curriculum-in-england-framework-for-key-stages-1-to-4
https://education.asfai.org/frameworks/uk-nc-2013/versions/september-2013/items/KS3.Sci.WS.ESI.1,uk-nc-2013,KS3.Sci.WS.ESI.1,uk-nc-2013:KS3.Sci.WS.ESI.1,September 2013,0,false,https://www.gov.uk/government/publications/national-curriculum-in-england-framework-for-key-stages-1-to-4
https://education.asfai.org/frameworks/uk-nc-2013/versions/september-2013/items/KS3.Sci.WS.ESI.2,uk-nc-2013,KS3.Sci.WS.ESI.2,uk-nc-2013:KS3.Sci.WS.ESI.2,September 2013,0,false,https://www.gov.uk/government/publications/national-curriculum-in-england-framework-for-key-stages-1-to-4
https://education.asfai.org/frameworks/uk-nc-2013/versions/september-2013/items/KS3.Sci.WS.ESI.3,uk-nc-2013,KS3.Sci.WS.ESI.3,uk-nc-2013:KS3.Sci.WS.ESI.3,September 2013,0,false,https://www.gov.uk/government/publications/national-curriculum-in-england-framework-for-key-stages-1-to-4
https://education.asfai.org/frameworks/uk-nc-2013/versions/september-2013/items/KS3.Sci.WS.ESI.4,uk-nc-2013,KS3.Sci.WS.ESI.4,uk-nc-2013:KS3.Sci.WS.ESI.4,September 2013,0,false,https://www.gov.uk/government/publications/national-curriculum-in-england-framework-for-key-stages-1-to-4
https://education.asfai.org/frameworks/uk-nc-2013/versions/september-2013/items/KS3.Sci.WS.SA.1,uk-nc-2013,KS3.Sci.WS.SA.1,uk-nc-2013:KS3.Sci.WS.SA.1,September 2013,1,false,https://www.gov.uk/government/publications/national-curriculum-in-england-framework-for-key-stages-1-to-4
https://education.asfai.org/frameworks/uk-nc-2013/versions/september-2013/items/KS3.Sci.WS.SA.2,uk-nc-2013,KS3.Sci.WS.SA.2,uk-nc-2013:KS3.Sci.WS.SA.2,September 2013,1,false,https://www.gov.uk/government/publications/national-curriculum-in-england-framework-for-key-stages-1-to-4
https://education.asfai.org/frameworks/uk-nc-2013/versions/september-2013/items/KS3.Sci.WS.SA.3,uk-nc-2013,KS3.Sci.WS.SA.3,uk-nc-2013:KS3.Sci.WS.SA.3,September 2013,1,false,https://www.gov.uk/government/publications/national-curriculum-in-england-framework-for-key-stages-1-to-4
https://education.asfai.org/frameworks/uk-nc-2013/versions/september-2013/items/KS3.Sci.WS.SA.4,uk-nc-2013,KS3.Sci.WS.SA.4,uk-nc-2013:KS3.Sci.WS.SA.4,September 2013,1,false,https://www.gov.uk/government/publications/national-curriculum-in-england-framework-for-key-stages-1-to-4
https://education.asfai.org/frameworks/uk-nc-2013/versions/september-2013/items/KS3.Sci.WS.SA.5,uk-nc-2013,KS3.Sci.WS.SA.5,uk-nc-2013:KS3.Sci.WS.SA.5,September 2013,1,false,https://www.gov.uk/government/publications/national-curriculum-in-england-framework-for-key-stages-1-to-4
https://education.asfai.org/frameworks/uk-nc-2013/versions/september-2013/items/KS3.Sci.WS.SA.6,uk-nc-2013,KS3.Sci.WS.SA.6,uk-nc-2013:KS3.Sci.WS.SA.6,September 2013,0,false,https://www.gov.uk/government/publications/national-curriculum-in-england-framework-for-key-stages-1-to-4
https://education.asfai.org/frameworks/uk-nc-2013/versions/september-2013/items/KS3.Sci.WS.SA.7,uk-nc-2013,KS3.Sci.WS.SA.7,uk-nc-2013:KS3.Sci.WS.SA.7,September 2013,0,false,https://www.gov.uk/government/publications/national-curriculum-in-england-framework-for-key-stages-1-to-4
https://education.asfai.org/frameworks/uk-nc-2013/versions/september-2013/items/KS3.Sci.WS.VUSN.1,uk-nc-2013,KS3.Sci.WS.VUSN.1,uk-nc-2013:KS3.Sci.WS.VUSN.1,September 2013,1,false,https://www.gov.uk/government/publications/national-curriculum-in-england-framework-for-key-stages-1-to-4
https://education.asfai.org/frameworks/uk-nc-2013/versions/september-2013/items/KS3.Sci.WS.VUSN.2,uk-nc-2013,KS3.Sci.WS.VUSN.2,uk-nc-2013:KS3.Sci.WS.VUSN.2,September 2013,1,false,https://www.gov.uk/government/publications/national-curriculum-in-england-framework-for-key-stages-1-to-4
https://education.asfai.org/frameworks/uk-nc-2013/versions/september-2013/items/KS3.Sci.WS.VUSN.3,uk-nc-2013,KS3.Sci.WS.VUSN.3,uk-nc-2013:KS3.Sci.WS.VUSN.3,September 2013,1,false,https://www.gov.uk/government/publications/national-curriculum-in-england-framework-for-key-stages-1-to-4
https://education.asfai.org/frameworks/uk-nc-2013/versions/september-2013/items/KS3.Sci.WS.VUSN.4,uk-nc-2013,KS3.Sci.WS.VUSN.4,uk-nc-2013:KS3.Sci.WS.VUSN.4,September 2013,1,false,https://www.gov.uk/government/publications/national-curriculum-in-england-framework-for-key-stages-1-to-4
https://education.asfai.org/frameworks/uk-nc-2013/versions/september-2013/items/KS3.Sci.WS.VUSN.5,uk-nc-2013,KS3.Sci.WS.VUSN.5,uk-nc-2013:KS3.Sci.WS.VUSN.5,September 2013,1,false,https://www.gov.uk/government/publications/national-curriculum-in-england-framework-for-key-stages-1-to-4
https://education.asfai.org/frameworks/uk-nc-2013/versions/september-2013/items/Lang-KS2-1,uk-nc-2013,Lang-KS2-1,uk-nc-2013:Lang-KS2-1,September 2013,0,false,https://www.gov.uk/government/publications/national-curriculum-in-england-framework-for-key-stages-1-to-4
https://education.asfai.org/frameworks/uk-nc-2013/versions/september-2013/items/Lang-KS2-10,uk-nc-2013,Lang-KS2-10,uk-nc-2013:Lang-KS2-10,September 2013,0,false,https://www.gov.uk/government/publications/national-curriculum-in-england-framework-for-key-stages-1-to-4
https://education.asfai.org/frameworks/uk-nc-2013/versions/september-2013/items/Lang-KS2-11,uk-nc-2013,Lang-KS2-11,uk-nc-2013:Lang-KS2-11,September 2013,0,false,https://www.gov.uk/government/publications/national-curriculum-in-england-framework-for-key-stages-1-to-4
https://education.asfai.org/frameworks/uk-nc-2013/versions/september-2013/items/Lang-KS2-12,uk-nc-2013,Lang-KS2-12,uk-nc-2013:Lang-KS2-12,September 2013,0,false,https://www.gov.uk/government/publications/national-curriculum-in-england-framework-for-key-stages-1-to-4
https://education.asfai.org/frameworks/uk-nc-2013/versions/september-2013/items/Lang-KS2-2,uk-nc-2013,Lang-KS2-2,uk-nc-2013:Lang-KS2-2,September 2013,0,false,https://www.gov.uk/government/publications/national-curriculum-in-england-framework-for-key-stages-1-to-4
https://education.asfai.org/frameworks/uk-nc-2013/versions/september-2013/items/Lang-KS2-3,uk-nc-2013,Lang-KS2-3,uk-nc-2013:Lang-KS2-3,September 2013,0,false,https://www.gov.uk/government/publications/national-curriculum-in-england-framework-for-key-stages-1-to-4
https://education.asfai.org/frameworks/uk-nc-2013/versions/september-2013/items/Lang-KS2-4,uk-nc-2013,Lang-KS2-4,uk-nc-2013:Lang-KS2-4,September 2013,0,false,https://www.gov.uk/government/publications/national-curriculum-in-england-framework-for-key-stages-1-to-4
https://education.asfai.org/frameworks/uk-nc-2013/versions/september-2013/items/Lang-KS2-5,uk-nc-2013,Lang-KS2-5,uk-nc-2013:Lang-KS2-5,September 2013,0,false,https://www.gov.uk/government/publications/national-curriculum-in-england-framework-for-key-stages-1-to-4
https://education.asfai.org/frameworks/uk-nc-2013/versions/september-2013/items/Lang-KS2-6,uk-nc-2013,Lang-KS2-6,uk-nc-2013:Lang-KS2-6,September 2013,0,false,https://www.gov.uk/government/publications/national-curriculum-in-england-framework-for-key-stages-1-to-4
https://education.asfai.org/frameworks/uk-nc-2013/versions/september-2013/items/Lang-KS2-7,uk-nc-2013,Lang-KS2-7,uk-nc-2013:Lang-KS2-7,September 2013,0,false,https://www.gov.uk/government/publications/national-curriculum-in-england-framework-for-key-stages-1-to-4
https://education.asfai.org/frameworks/uk-nc-2013/versions/september-2013/items/Lang-KS2-8,uk-nc-2013,Lang-KS2-8,uk-nc-2013:Lang-KS2-8,September 2013,0,false,https://www.gov.uk/government/publications/national-curriculum-in-england-framework-for-key-stages-1-to-4
https://education.asfai.org/frameworks/uk-nc-2013/versions/september-2013/items/Lang-KS2-9,uk-nc-2013,Lang-KS2-9,uk-nc-2013:Lang-KS2-9,September 2013,0,false,https://www.gov.uk/government/publications/national-curriculum-in-england-framework-for-key-stages-1-to-4
https://education.asfai.org/frameworks/uk-nc-2013/versions/september-2013/items/Ma%2FKS2%2FY3%2FAS%2F1a,uk-nc-2013,Ma/KS2/Y3/AS/1a,uk-nc-2013:Ma/KS2/Y3/AS/1a,September 2013,1,false,https://www.gov.uk/government/publications/national-curriculum-in-england-framework-for-key-stages-1-to-4
https://education.asfai.org/frameworks/uk-nc-2013/versions/september-2013/items/Ma%2FKS2%2FY3%2FAS%2F1b,uk-nc-2013,Ma/KS2/Y3/AS/1b,uk-nc-2013:Ma/KS2/Y3/AS/1b,September 2013,1,false,https://www.gov.uk/government/publications/national-curriculum-in-england-framework-for-key-stages-1-to-4
https://education.asfai.org/frameworks/uk-nc-2013/versions/september-2013/items/Ma%2FKS2%2FY3%2FAS%2F1c,uk-nc-2013,Ma/KS2/Y3/AS/1c,uk-nc-2013:Ma/KS2/Y3/AS/1c,September 2013,1,false,https://www.gov.uk/government/publications/national-curriculum-in-england-framework-for-key-stages-1-to-4
https://education.asfai.org/frameworks/uk-nc-2013/versions/september-2013/items/Ma%2FKS2%2FY3%2FAS%2F2,uk-nc-2013,Ma/KS2/Y3/AS/2,uk-nc-2013:Ma/KS2/Y3/AS/2,September 2013,1,false,https://www.gov.uk/government/publications/national-curriculum-in-england-framework-for-key-stages-1-to-4
https://education.asfai.org/frameworks/uk-nc-2013/versions/september-2013/items/Ma%2FKS2%2FY3%2FAS%2F3,uk-nc-2013,Ma/KS2/Y3/AS/3,uk-nc-2013:Ma/KS2/Y3/AS/3,September 2013,1,false,https://www.gov.uk/government/publications/national-curriculum-in-england-framework-for-key-stages-1-to-4
https://education.asfai.org/frameworks/uk-nc-2013/versions/september-2013/items/Ma%2FKS2%2FY3%2FAS%2F4,uk-nc-2013,Ma/KS2/Y3/AS/4,uk-nc-2013:Ma/KS2/Y3/AS/4,September 2013,1,false,https://www.gov.uk/government/publications/national-curriculum-in-england-framework-for-key-stages-1-to-4
https://education.asfai.org/frameworks/uk-nc-2013/versions/september-2013/items/Ma%2FKS2%2FY3%2FF%2F1,uk-nc-2013,Ma/KS2/Y3/F/1,uk-nc-2013:Ma/KS2/Y3/F/1,September 2013,1,false,https://www.gov.uk/government/publications/national-curriculum-in-england-framework-for-key-stages-1-to-4
https://education.asfai.org/frameworks/uk-nc-2013/versions/september-2013/items/Ma%2FKS2%2FY3%2FF%2F2,uk-nc-2013,Ma/KS2/Y3/F/2,uk-nc-2013:Ma/KS2/Y3/F/2,September 2013,1,false,https://www.gov.uk/government/publications/national-curriculum-in-england-framework-for-key-stages-1-to-4
https://education.asfai.org/frameworks/uk-nc-2013/versions/september-2013/items/Ma%2FKS2%2FY3%2FF%2F3,uk-nc-2013,Ma/KS2/Y3/F/3,uk-nc-2013:Ma/KS2/Y3/F/3,September 2013,1,false,https://www.gov.uk/government/publications/national-curriculum-in-england-framework-for-key-stages-1-to-4
https://education.asfai.org/frameworks/uk-nc-2013/versions/september-2013/items/Ma%2FKS2%2FY3%2FF%2F4,uk-nc-2013,Ma/KS2/Y3/F/4,uk-nc-2013:Ma/KS2/Y3/F/4,September 2013,1,false,https://www.gov.uk/government/publications/national-curriculum-in-england-framework-for-key-stages-1-to-4
https://education.asfai.org/frameworks/uk-nc-2013/versions/september-2013/items/Ma%2FKS2%2FY3%2FF%2F5,uk-nc-2013,Ma/KS2/Y3/F/5,uk-nc-2013:Ma/KS2/Y3/F/5,September 2013,1,false,https://www.gov.uk/government/publications/national-curriculum-in-england-framework-for-key-stages-1-to-4
https://education.asfai.org/frameworks/uk-nc-2013/versions/september-2013/items/Ma%2FKS2%2FY3%2FF%2F6,uk-nc-2013,Ma/KS2/Y3/F/6,uk-nc-2013:Ma/KS2/Y3/F/6,September 2013,1,false,https://www.gov.uk/government/publications/national-curriculum-in-england-framework-for-key-stages-1-to-4
https://education.asfai.org/frameworks/uk-nc-2013/versions/september-2013/items/Ma%2FKS2%2FY3%2FF%2F7,uk-nc-2013,Ma/KS2/Y3/F/7,uk-nc-2013:Ma/KS2/Y3/F/7,September 2013,1,false,https://www.gov.uk/government/publications/national-curriculum-in-england-framework-for-key-stages-1-to-4
https://education.asfai.org/frameworks/uk-nc-2013/versions/september-2013/items/Ma%2FKS2%2FY3%2FGPS%2F1,uk-nc-2013,Ma/KS2/Y3/GPS/1,uk-nc-2013:Ma/KS2/Y3/GPS/1,September 2013,1,false,https://www.gov.uk/government/publications/national-curriculum-in-england-framework-for-key-stages-1-to-4
https://education.asfai.org/frameworks/uk-nc-2013/versions/september-2013/items/Ma%2FKS2%2FY3%2FGPS%2F2,uk-nc-2013,Ma/KS2/Y3/GPS/2,uk-nc-2013:Ma/KS2/Y3/GPS/2,September 2013,1,false,https://www.gov.uk/government/publications/national-curriculum-in-england-framework-for-key-stages-1-to-4
https://education.asfai.org/frameworks/uk-nc-2013/versions/september-2013/items/Ma%2FKS2%2FY3%2FGPS%2F3,uk-nc-2013,Ma/KS2/Y3/GPS/3,uk-nc-2013:Ma/KS2/Y3/GPS/3,September 2013,1,false,https://www.gov.uk/government/publications/national-curriculum-in-england-framework-for-key-stages-1-to-4
https://education.asfai.org/frameworks/uk-nc-2013/versions/september-2013/items/Ma%2FKS2%2FY3%2FGPS%2F4,uk-nc-2013,Ma/KS2/Y3/GPS/4,uk-nc-2013:Ma/KS2/Y3/GPS/4,September 2013,1,false,https://www.gov.uk/government/publications/national-curriculum-in-england-framework-for-key-stages-1-to-4
https://education.asfai.org/frameworks/uk-nc-2013/versions/september-2013/items/Ma%2FKS2%2FY3%2FM%2F1,uk-nc-2013,Ma/KS2/Y3/M/1,uk-nc-2013:Ma/KS2/Y3/M/1,September 2013,1,false,https://www.gov.uk/government/publications/national-curriculum-in-england-framework-for-key-stages-1-to-4
https://education.asfai.org/frameworks/uk-nc-2013/versions/september-2013/items/Ma%2FKS2%2FY3%2FM%2F2,uk-nc-2013,Ma/KS2/Y3/M/2,uk-nc-2013:Ma/KS2/Y3/M/2,September 2013,1,false,https://www.gov.uk/government/publications/national-curriculum-in-england-framework-for-key-stages-1-to-4
https://education.asfai.org/frameworks/uk-nc-2013/versions/september-2013/items/Ma%2FKS2%2FY3%2FM%2F3,uk-nc-2013,Ma/KS2/Y3/M/3,uk-nc-2013:Ma/KS2/Y3/M/3,September 2013,1,false,https://www.gov.uk/government/publications/national-curriculum-in-england-framework-for-key-stages-1-to-4
https://education.asfai.org/frameworks/uk-nc-2013/versions/september-2013/items/Ma%2FKS2%2FY3%2FM%2F4,uk-nc-2013,Ma/KS2/Y3/M/4,uk-nc-2013:Ma/KS2/Y3/M/4,September 2013,1,false,https://www.gov.uk/government/publications/national-curriculum-in-england-framework-for-key-stages-1-to-4
https://education.asfai.org/frameworks/uk-nc-2013/versions/september-2013/items/Ma%2FKS2%2FY3%2FM%2F5,uk-nc-2013,Ma/KS2/Y3/M/5,uk-nc-2013:Ma/KS2/Y3/M/5,September 2013,1,false,https://www.gov.uk/government/publications/national-curriculum-in-england-framework-for-key-stages-1-to-4
https://education.asfai.org/frameworks/uk-nc-2013/versions/september-2013/items/Ma%2FKS2%2FY3%2FM%2F6,uk-nc-2013,Ma/KS2/Y3/M/6,uk-nc-2013:Ma/KS2/Y3/M/6,September 2013,1,false,https://www.gov.uk/government/publications/national-curriculum-in-england-framework-for-key-stages-1-to-4
https://education.asfai.org/frameworks/uk-nc-2013/versions/september-2013/items/Ma%2FKS2%2FY3%2FM%2F7,uk-nc-2013,Ma/KS2/Y3/M/7,uk-nc-2013:Ma/KS2/Y3/M/7,September 2013,1,false,https://www.gov.uk/government/publications/national-curriculum-in-england-framework-for-key-stages-1-to-4
https://education.asfai.org/frameworks/uk-nc-2013/versions/september-2013/items/Ma%2FKS2%2FY3%2FMD%2F1,uk-nc-2013,Ma/KS2/Y3/MD/1,uk-nc-2013:Ma/KS2/Y3/MD/1,September 2013,1,false,https://www.gov.uk/government/publications/national-curriculum-in-england-framework-for-key-stages-1-to-4
https://education.asfai.org/frameworks/uk-nc-2013/versions/september-2013/items/Ma%2FKS2%2FY3%2FMD%2F2,uk-nc-2013,Ma/KS2/Y3/MD/2,uk-nc-2013:Ma/KS2/Y3/MD/2,September 2013,1,false,https://www.gov.uk/government/publications/national-curriculum-in-england-framework-for-key-stages-1-to-4
https://education.asfai.org/frameworks/uk-nc-2013/versions/september-2013/items/Ma%2FKS2%2FY3%2FMD%2F3,uk-nc-2013,Ma/KS2/Y3/MD/3,uk-nc-2013:Ma/KS2/Y3/MD/3,September 2013,1,false,https://www.gov.uk/government/publications/national-curriculum-in-england-framework-for-key-stages-1-to-4
https://education.asfai.org/frameworks/uk-nc-2013/versions/september-2013/items/Ma%2FKS2%2FY3%2FNPV%2F1,uk-nc-2013,Ma/KS2/Y3/NPV/1,uk-nc-2013:Ma/KS2/Y3/NPV/1,September 2013,2,false,https://www.gov.uk/government/publications/national-curriculum-in-england-framework-for-key-stages-1-to-4
https://education.asfai.org/frameworks/uk-nc-2013/versions/september-2013/items/Ma%2FKS2%2FY3%2FNPV%2F2,uk-nc-2013,Ma/KS2/Y3/NPV/2,uk-nc-2013:Ma/KS2/Y3/NPV/2,September 2013,1,false,https://www.gov.uk/government/publications/national-curriculum-in-england-framework-for-key-stages-1-to-4
https://education.asfai.org/frameworks/uk-nc-2013/versions/september-2013/items/Ma%2FKS2%2FY3%2FNPV%2F3,uk-nc-2013,Ma/KS2/Y3/NPV/3,uk-nc-2013:Ma/KS2/Y3/NPV/3,September 2013,1,false,https://www.gov.uk/government/publications/national-curriculum-in-england-framework-for-key-stages-1-to-4
https://education.asfai.org/frameworks/uk-nc-2013/versions/september-2013/items/Ma%2FKS2%2FY3%2FNPV%2F4,uk-nc-2013,Ma/KS2/Y3/NPV/4,uk-nc-2013:Ma/KS2/Y3/NPV/4,September 2013,1,false,https://www.gov.uk/government/publications/national-curriculum-in-england-framework-for-key-stages-1-to-4
https://education.asfai.org/frameworks/uk-nc-2013/versions/september-2013/items/Ma%2FKS2%2FY3%2FNPV%2F5,uk-nc-2013,Ma/KS2/Y3/NPV/5,uk-nc-2013:Ma/KS2/Y3/NPV/5,September 2013,1,false,https://www.gov.uk/government/publications/national-curriculum-in-england-framework-for-key-stages-1-to-4
https://education.asfai.org/frameworks/uk-nc-2013/versions/september-2013/items/Ma%2FKS2%2FY3%2FNPV%2F6,uk-nc-2013,Ma/KS2/Y3/NPV/6,uk-nc-2013:Ma/KS2/Y3/NPV/6,September 2013,1,false,https://www.gov.uk/government/publications/national-curriculum-in-england-framework-for-key-stages-1-to-4
https://education.asfai.org/frameworks/uk-nc-2013/versions/september-2013/items/Ma%2FKS2%2FY3%2FS%2F1,uk-nc-2013,Ma/KS2/Y3/S/1,uk-nc-2013:Ma/KS2/Y3/S/1,September 2013,1,false,https://www.gov.uk/government/publications/national-curriculum-in-england-framework-for-key-stages-1-to-4
https://education.asfai.org/frameworks/uk-nc-2013/versions/september-2013/items/Ma%2FKS2%2FY3%2FS%2F2,uk-nc-2013,Ma/KS2/Y3/S/2,uk-nc-2013:Ma/KS2/Y3/S/2,September 2013,1,false,https://www.gov.uk/government/publications/national-curriculum-in-england-framework-for-key-stages-1-to-4
https://education.asfai.org/frameworks/uk-nc-2013/versions/september-2013/items/Ma%2FKS2%2FY3%2FS%2F3,uk-nc-2013,Ma/KS2/Y3/S/3,uk-nc-2013:Ma/KS2/Y3/S/3,September 2013,1,false,https://www.gov.uk/government/publications/national-curriculum-in-england-framework-for-key-stages-1-to-4
https://education.asfai.org/frameworks/uk-nc-2013/versions/september-2013/items/Ma%2FKS2%2FY4%2FAS%2F1,uk-nc-2013,Ma/KS2/Y4/AS/1,uk-nc-2013:Ma/KS2/Y4/AS/1,September 2013,1,false,https://www.gov.uk/government/publications/national-curriculum-in-england-framework-for-key-stages-1-to-4
https://education.asfai.org/frameworks/uk-nc-2013/versions/september-2013/items/Ma%2FKS2%2FY4%2FAS%2F2,uk-nc-2013,Ma/KS2/Y4/AS/2,uk-nc-2013:Ma/KS2/Y4/AS/2,September 2013,1,false,https://www.gov.uk/government/publications/national-curriculum-in-england-framework-for-key-stages-1-to-4
https://education.asfai.org/frameworks/uk-nc-2013/versions/september-2013/items/Ma%2FKS2%2FY4%2FAS%2F3,uk-nc-2013,Ma/KS2/Y4/AS/3,uk-nc-2013:Ma/KS2/Y4/AS/3,September 2013,1,false,https://www.gov.uk/government/publications/national-curriculum-in-england-framework-for-key-stages-1-to-4
https://education.asfai.org/frameworks/uk-nc-2013/versions/september-2013/items/Ma%2FKS2%2FY4%2FF%2F1,uk-nc-2013,Ma/KS2/Y4/F/1,uk-nc-2013:Ma/KS2/Y4/F/1,September 2013,0,false,https://www.gov.uk/government/publications/national-curriculum-in-england-framework-for-key-stages-1-to-4
https://education.asfai.org/frameworks/uk-nc-2013/versions/september-2013/items/Ma%2FKS2%2FY4%2FF%2F10,uk-nc-2013,Ma/KS2/Y4/F/10,uk-nc-2013:Ma/KS2/Y4/F/10,September 2013,0,false,https://www.gov.uk/government/publications/national-curriculum-in-england-framework-for-key-stages-1-to-4
https://education.asfai.org/frameworks/uk-nc-2013/versions/september-2013/items/Ma%2FKS2%2FY4%2FF%2F2,uk-nc-2013,Ma/KS2/Y4/F/2,uk-nc-2013:Ma/KS2/Y4/F/2,September 2013,0,false,https://www.gov.uk/government/publications/national-curriculum-in-england-framework-for-key-stages-1-to-4
https://education.asfai.org/frameworks/uk-nc-2013/versions/september-2013/items/Ma%2FKS2%2FY4%2FF%2F3,uk-nc-2013,Ma/KS2/Y4/F/3,uk-nc-2013:Ma/KS2/Y4/F/3,September 2013,0,false,https://www.gov.uk/government/publications/national-curriculum-in-england-framework-for-key-stages-1-to-4
https://education.asfai.org/frameworks/uk-nc-2013/versions/september-2013/items/Ma%2FKS2%2FY4%2FF%2F4,uk-nc-2013,Ma/KS2/Y4/F/4,uk-nc-2013:Ma/KS2/Y4/F/4,September 2013,0,false,https://www.gov.uk/government/publications/national-curriculum-in-england-framework-for-key-stages-1-to-4
https://education.asfai.org/frameworks/uk-nc-2013/versions/september-2013/items/Ma%2FKS2%2FY4%2FF%2F5,uk-nc-2013,Ma/KS2/Y4/F/5,uk-nc-2013:Ma/KS2/Y4/F/5,September 2013,0,false,https://www.gov.uk/government/publications/national-curriculum-in-england-framework-for-key-stages-1-to-4
https://education.asfai.org/frameworks/uk-nc-2013/versions/september-2013/items/Ma%2FKS2%2FY4%2FF%2F6,uk-nc-2013,Ma/KS2/Y4/F/6,uk-nc-2013:Ma/KS2/Y4/F/6,September 2013,0,false,https://www.gov.uk/government/publications/national-curriculum-in-england-framework-for-key-stages-1-to-4
https://education.asfai.org/frameworks/uk-nc-2013/versions/september-2013/items/Ma%2FKS2%2FY4%2FF%2F7,uk-nc-2013,Ma/KS2/Y4/F/7,uk-nc-2013:Ma/KS2/Y4/F/7,September 2013,0,false,https://www.gov.uk/government/publications/national-curriculum-in-england-framework-for-key-stages-1-to-4
https://education.asfai.org/frameworks/uk-nc-2013/versions/september-2013/items/Ma%2FKS2%2FY4%2FF%2F8,uk-nc-2013,Ma/KS2/Y4/F/8,uk-nc-2013:Ma/KS2/Y4/F/8,September 2013,0,false,https://www.gov.uk/government/publications/national-curriculum-in-england-framework-for-key-stages-1-to-4
https://education.asfai.org/frameworks/uk-nc-2013/versions/september-2013/items/Ma%2FKS2%2FY4%2FF%2F9,uk-nc-2013,Ma/KS2/Y4/F/9,uk-nc-2013:Ma/KS2/Y4/F/9,September 2013,0,false,https://www.gov.uk/government/publications/national-curriculum-in-england-framework-for-key-stages-1-to-4
https://education.asfai.org/frameworks/uk-nc-2013/versions/september-2013/items/Ma%2FKS2%2FY4%2FGPD%2F1,uk-nc-2013,Ma/KS2/Y4/GPD/1,uk-nc-2013:Ma/KS2/Y4/GPD/1,September 2013,0,false,https://www.gov.uk/government/publications/national-curriculum-in-england-framework-for-key-stages-1-to-4
https://education.asfai.org/frameworks/uk-nc-2013/versions/september-2013/items/Ma%2FKS2%2FY4%2FGPD%2F2,uk-nc-2013,Ma/KS2/Y4/GPD/2,uk-nc-2013:Ma/KS2/Y4/GPD/2,September 2013,0,false,https://www.gov.uk/government/publications/national-curriculum-in-england-framework-for-key-stages-1-to-4
https://education.asfai.org/frameworks/uk-nc-2013/versions/september-2013/items/Ma%2FKS2%2FY4%2FGPD%2F3,uk-nc-2013,Ma/KS2/Y4/GPD/3,uk-nc-2013:Ma/KS2/Y4/GPD/3,September 2013,0,false,https://www.gov.uk/government/publications/national-curriculum-in-england-framework-for-key-stages-1-to-4
https://education.asfai.org/frameworks/uk-nc-2013/versions/september-2013/items/Ma%2FKS2%2FY4%2FGPS%2F1,uk-nc-2013,Ma/KS2/Y4/GPS/1,uk-nc-2013:Ma/KS2/Y4/GPS/1,September 2013,0,false,https://www.gov.uk/government/publications/national-curriculum-in-england-framework-for-key-stages-1-to-4
https://education.asfai.org/frameworks/uk-nc-2013/versions/september-2013/items/Ma%2FKS2%2FY4%2FGPS%2F2,uk-nc-2013,Ma/KS2/Y4/GPS/2,uk-nc-2013:Ma/KS2/Y4/GPS/2,September 2013,0,false,https://www.gov.uk/government/publications/national-curriculum-in-england-framework-for-key-stages-1-to-4
https://education.asfai.org/frameworks/uk-nc-2013/versions/september-2013/items/Ma%2FKS2%2FY4%2FGPS%2F3,uk-nc-2013,Ma/KS2/Y4/GPS/3,uk-nc-2013:Ma/KS2/Y4/GPS/3,September 2013,0,false,https://www.gov.uk/government/publications/national-curriculum-in-england-framework-for-key-stages-1-to-4
https://education.asfai.org/frameworks/uk-nc-2013/versions/september-2013/items/Ma%2FKS2%2FY4%2FGPS%2F4,uk-nc-2013,Ma/KS2/Y4/GPS/4,uk-nc-2013:Ma/KS2/Y4/GPS/4,September 2013,0,false,https://www.gov.uk/government/publications/national-curriculum-in-england-framework-for-key-stages-1-to-4
https://education.asfai.org/frameworks/uk-nc-2013/versions/september-2013/items/Ma%2FKS2%2FY4%2FM%2F1,uk-nc-2013,Ma/KS2/Y4/M/1,uk-nc-2013:Ma/KS2/Y4/M/1,September 2013,0,false,https://www.gov.uk/government/publications/national-curriculum-in-england-framework-for-key-stages-1-to-4
https://education.asfai.org/frameworks/uk-nc-2013/versions/september-2013/items/Ma%2FKS2%2FY4%2FM%2F2,uk-nc-2013,Ma/KS2/Y4/M/2,uk-nc-2013:Ma/KS2/Y4/M/2,September 2013,0,false,https://www.gov.uk/government/publications/national-curriculum-in-england-framework-for-key-stages-1-to-4
https://education.asfai.org/frameworks/uk-nc-2013/versions/september-2013/items/Ma%2FKS2%2FY4%2FM%2F3,uk-nc-2013,Ma/KS2/Y4/M/3,uk-nc-2013:Ma/KS2/Y4/M/3,September 2013,0,false,https://www.gov.uk/government/publications/national-curriculum-in-england-framework-for-key-stages-1-to-4
https://education.asfai.org/frameworks/uk-nc-2013/versions/september-2013/items/Ma%2FKS2%2FY4%2FM%2F4,uk-nc-2013,Ma/KS2/Y4/M/4,uk-nc-2013:Ma/KS2/Y4/M/4,September 2013,0,false,https://www.gov.uk/government/publications/national-curriculum-in-england-framework-for-key-stages-1-to-4
https://education.asfai.org/frameworks/uk-nc-2013/versions/september-2013/items/Ma%2FKS2%2FY4%2FM%2F5,uk-nc-2013,Ma/KS2/Y4/M/5,uk-nc-2013:Ma/KS2/Y4/M/5,September 2013,0,false,https://www.gov.uk/government/publications/national-curriculum-in-england-framework-for-key-stages-1-to-4
https://education.asfai.org/frameworks/uk-nc-2013/versions/september-2013/items/Ma%2FKS2%2FY4%2FM%2F6,uk-nc-2013,Ma/KS2/Y4/M/6,uk-nc-2013:Ma/KS2/Y4/M/6,September 2013,0,false,https://www.gov.uk/government/publications/national-curriculum-in-england-framework-for-key-stages-1-to-4
https://education.asfai.org/frameworks/uk-nc-2013/versions/september-2013/items/Ma%2FKS2%2FY4%2FMD%2F1,uk-nc-2013,Ma/KS2/Y4/MD/1,uk-nc-2013:Ma/KS2/Y4/MD/1,September 2013,1,false,https://www.gov.uk/government/publications/national-curriculum-in-england-framework-for-key-stages-1-to-4
https://education.asfai.org/frameworks/uk-nc-2013/versions/september-2013/items/Ma%2FKS2%2FY4%2FMD%2F2,uk-nc-2013,Ma/KS2/Y4/MD/2,uk-nc-2013:Ma/KS2/Y4/MD/2,September 2013,1,false,https://www.gov.uk/government/publications/national-curriculum-in-england-framework-for-key-stages-1-to-4
https://education.asfai.org/frameworks/uk-nc-2013/versions/september-2013/items/Ma%2FKS2%2FY4%2FMD%2F3,uk-nc-2013,Ma/KS2/Y4/MD/3,uk-nc-2013:Ma/KS2/Y4/MD/3,September 2013,1,false,https://www.gov.uk/government/publications/national-curriculum-in-england-framework-for-key-stages-1-to-4
https://education.asfai.org/frameworks/uk-nc-2013/versions/september-2013/items/Ma%2FKS2%2FY4%2FMD%2F4,uk-nc-2013,Ma/KS2/Y4/MD/4,uk-nc-2013:Ma/KS2/Y4/MD/4,September 2013,1,false,https://www.gov.uk/government/publications/national-curriculum-in-england-framework-for-key-stages-1-to-4
https://education.asfai.org/frameworks/uk-nc-2013/versions/september-2013/items/Ma%2FKS2%2FY4%2FMD%2F5,uk-nc-2013,Ma/KS2/Y4/MD/5,uk-nc-2013:Ma/KS2/Y4/MD/5,September 2013,1,false,https://www.gov.uk/government/publications/national-curriculum-in-england-framework-for-key-stages-1-to-4
https://education.asfai.org/frameworks/uk-nc-2013/versions/september-2013/items/Ma%2FKS2%2FY4%2FNPV%2F1,uk-nc-2013,Ma/KS2/Y4/NPV/1,uk-nc-2013:Ma/KS2/Y4/NPV/1,September 2013,1,false,https://www.gov.uk/government/publications/national-curriculum-in-england-framework-for-key-stages-1-to-4
https://education.asfai.org/frameworks/uk-nc-2013/versions/september-2013/items/Ma%2FKS2%2FY4%2FNPV%2F2,uk-nc-2013,Ma/KS2/Y4/NPV/2,uk-nc-2013:Ma/KS2/Y4/NPV/2,September 2013,1,false,https://www.gov.uk/government/publications/national-curriculum-in-england-framework-for-key-stages-1-to-4
https://education.asfai.org/frameworks/uk-nc-2013/versions/september-2013/items/Ma%2FKS2%2FY4%2FNPV%2F3,uk-nc-2013,Ma/KS2/Y4/NPV/3,uk-nc-2013:Ma/KS2/Y4/NPV/3,September 2013,1,false,https://www.gov.uk/government/publications/national-curriculum-in-england-framework-for-key-stages-1-to-4
https://education.asfai.org/frameworks/uk-nc-2013/versions/september-2013/items/Ma%2FKS2%2FY4%2FNPV%2F4,uk-nc-2013,Ma/KS2/Y4/NPV/4,uk-nc-2013:Ma/KS2/Y4/NPV/4,September 2013,1,false,https://www.gov.uk/government/publications/national-curriculum-in-england-framework-for-key-stages-1-to-4
https://education.asfai.org/frameworks/uk-nc-2013/versions/september-2013/items/Ma%2FKS2%2FY4%2FNPV%2F5,uk-nc-2013,Ma/KS2/Y4/NPV/5,uk-nc-2013:Ma/KS2/Y4/NPV/5,September 2013,1,false,https://www.gov.uk/government/publications/national-curriculum-in-england-framework-for-key-stages-1-to-4
https://education.asfai.org/frameworks/uk-nc-2013/versions/september-2013/items/Ma%2FKS2%2FY4%2FNPV%2F6,uk-nc-2013,Ma/KS2/Y4/NPV/6,uk-nc-2013:Ma/KS2/Y4/NPV/6,September 2013,1,false,https://www.gov.uk/government/publications/national-curriculum-in-england-framework-for-key-stages-1-to-4
https://education.asfai.org/frameworks/uk-nc-2013/versions/september-2013/items/Ma%2FKS2%2FY4%2FNPV%2F7,uk-nc-2013,Ma/KS2/Y4/NPV/7,uk-nc-2013:Ma/KS2/Y4/NPV/7,September 2013,1,false,https://www.gov.uk/government/publications/national-curriculum-in-england-framework-for-key-stages-1-to-4
https://education.asfai.org/frameworks/uk-nc-2013/versions/september-2013/items/Ma%2FKS2%2FY4%2FNPV%2F8,uk-nc-2013,Ma/KS2/Y4/NPV/8,uk-nc-2013:Ma/KS2/Y4/NPV/8,September 2013,1,false,https://www.gov.uk/government/publications/national-curriculum-in-england-framework-for-key-stages-1-to-4
https://education.asfai.org/frameworks/uk-nc-2013/versions/september-2013/items/Ma%2FKS2%2FY4%2FNPV%2F9,uk-nc-2013,Ma/KS2/Y4/NPV/9,uk-nc-2013:Ma/KS2/Y4/NPV/9,September 2013,1,false,https://www.gov.uk/government/publications/national-curriculum-in-england-framework-for-key-stages-1-to-4
https://education.asfai.org/frameworks/uk-nc-2013/versions/september-2013/items/Ma%2FKS2%2FY4%2FS%2F1,uk-nc-2013,Ma/KS2/Y4/S/1,uk-nc-2013:Ma/KS2/Y4/S/1,September 2013,0,false,https://www.gov.uk/government/publications/national-curriculum-in-england-framework-for-key-stages-1-to-4
https://education.asfai.org/frameworks/uk-nc-2013/versions/september-2013/items/Ma%2FKS2%2FY4%2FS%2F2,uk-nc-2013,Ma/KS2/Y4/S/2,uk-nc-2013:Ma/KS2/Y4/S/2,September 2013,0,false,https://www.gov.uk/government/publications/national-curriculum-in-england-framework-for-key-stages-1-to-4
https://education.asfai.org/frameworks/uk-nc-2013/versions/september-2013/items/Ma5%2F2.1a,uk-nc-2013,Ma5/2.1a,uk-nc-2013:Ma5/2.1a,September 2013,0,false,https://www.gov.uk/government/publications/national-curriculum-in-england-framework-for-key-stages-1-to-4
https://education.asfai.org/frameworks/uk-nc-2013/versions/september-2013/items/Ma5%2F2.1b,uk-nc-2013,Ma5/2.1b,uk-nc-2013:Ma5/2.1b,September 2013,0,false,https://www.gov.uk/government/publications/national-curriculum-in-england-framework-for-key-stages-1-to-4
https://education.asfai.org/frameworks/uk-nc-2013/versions/september-2013/items/Ma5%2F2.1c,uk-nc-2013,Ma5/2.1c,uk-nc-2013:Ma5/2.1c,September 2013,0,false,https://www.gov.uk/government/publications/national-curriculum-in-england-framework-for-key-stages-1-to-4
https://education.asfai.org/frameworks/uk-nc-2013/versions/september-2013/items/Ma5%2F2.1d,uk-nc-2013,Ma5/2.1d,uk-nc-2013:Ma5/2.1d,September 2013,0,false,https://www.gov.uk/government/publications/national-curriculum-in-england-framework-for-key-stages-1-to-4
https://education.asfai.org/frameworks/uk-nc-2013/versions/september-2013/items/Ma5%2F2.1e,uk-nc-2013,Ma5/2.1e,uk-nc-2013:Ma5/2.1e,September 2013,0,false,https://www.gov.uk/government/publications/national-curriculum-in-england-framework-for-key-stages-1-to-4
https://education.asfai.org/frameworks/uk-nc-2013/versions/september-2013/items/Ma5%2F2.1f,uk-nc-2013,Ma5/2.1f,uk-nc-2013:Ma5/2.1f,September 2013,0,false,https://www.gov.uk/government/publications/national-curriculum-in-england-framework-for-key-stages-1-to-4
https://education.asfai.org/frameworks/uk-nc-2013/versions/september-2013/items/Ma5%2F2.2a,uk-nc-2013,Ma5/2.2a,uk-nc-2013:Ma5/2.2a,September 2013,0,false,https://www.gov.uk/government/publications/national-curriculum-in-england-framework-for-key-stages-1-to-4
https://education.asfai.org/frameworks/uk-nc-2013/versions/september-2013/items/Ma5%2F2.2b,uk-nc-2013,Ma5/2.2b,uk-nc-2013:Ma5/2.2b,September 2013,0,false,https://www.gov.uk/government/publications/national-curriculum-in-england-framework-for-key-stages-1-to-4
https://education.asfai.org/frameworks/uk-nc-2013/versions/september-2013/items/Ma5%2F2.2c,uk-nc-2013,Ma5/2.2c,uk-nc-2013:Ma5/2.2c,September 2013,0,false,https://www.gov.uk/government/publications/national-curriculum-in-england-framework-for-key-stages-1-to-4
https://education.asfai.org/frameworks/uk-nc-2013/versions/september-2013/items/Ma5%2F2.2d,uk-nc-2013,Ma5/2.2d,uk-nc-2013:Ma5/2.2d,September 2013,0,false,https://www.gov.uk/government/publications/national-curriculum-in-england-framework-for-key-stages-1-to-4
https://education.asfai.org/frameworks/uk-nc-2013/versions/september-2013/items/Ma5%2F2.3a,uk-nc-2013,Ma5/2.3a,uk-nc-2013:Ma5/2.3a,September 2013,0,false,https://www.gov.uk/government/publications/national-curriculum-in-england-framework-for-key-stages-1-to-4
https://education.asfai.org/frameworks/uk-nc-2013/versions/september-2013/items/Ma5%2F2.3b,uk-nc-2013,Ma5/2.3b,uk-nc-2013:Ma5/2.3b,September 2013,0,false,https://www.gov.uk/government/publications/national-curriculum-in-england-framework-for-key-stages-1-to-4
https://education.asfai.org/frameworks/uk-nc-2013/versions/september-2013/items/Ma5%2F2.3c,uk-nc-2013,Ma5/2.3c,uk-nc-2013:Ma5/2.3c,September 2013,0,false,https://www.gov.uk/government/publications/national-curriculum-in-england-framework-for-key-stages-1-to-4
https://education.asfai.org/frameworks/uk-nc-2013/versions/september-2013/items/Ma5%2F2.3d,uk-nc-2013,Ma5/2.3d,uk-nc-2013:Ma5/2.3d,September 2013,0,false,https://www.gov.uk/government/publications/national-curriculum-in-england-framework-for-key-stages-1-to-4
https://education.asfai.org/frameworks/uk-nc-2013/versions/september-2013/items/Ma5%2F2.3e,uk-nc-2013,Ma5/2.3e,uk-nc-2013:Ma5/2.3e,September 2013,0,false,https://www.gov.uk/government/publications/national-curriculum-in-england-framework-for-key-stages-1-to-4
https://education.asfai.org/frameworks/uk-nc-2013/versions/september-2013/items/Ma5%2F2.3f,uk-nc-2013,Ma5/2.3f,uk-nc-2013:Ma5/2.3f,September 2013,0,false,https://www.gov.uk/government/publications/national-curriculum-in-england-framework-for-key-stages-1-to-4
https://education.asfai.org/frameworks/uk-nc-2013/versions/september-2013/items/Ma5%2F2.3g,uk-nc-2013,Ma5/2.3g,uk-nc-2013:Ma5/2.3g,September 2013,0,false,https://www.gov.uk/government/publications/national-curriculum-in-england-framework-for-key-stages-1-to-4
https://education.asfai.org/frameworks/uk-nc-2013/versions/september-2013/items/Ma5%2F2.3h,uk-nc-2013,Ma5/2.3h,uk-nc-2013:Ma5/2.3h,September 2013,0,false,https://www.gov.uk/government/publications/national-curriculum-in-england-framework-for-key-stages-1-to-4
https://education.asfai.org/frameworks/uk-nc-2013/versions/september-2013/items/Ma5%2F2.3i,uk-nc-2013,Ma5/2.3i,uk-nc-2013:Ma5/2.3i,September 2013,0,false,https://www.gov.uk/government/publications/national-curriculum-in-england-framework-for-key-stages-1-to-4
https://education.asfai.org/frameworks/uk-nc-2013/versions/september-2013/items/Ma5%2F2.3j,uk-nc-2013,Ma5/2.3j,uk-nc-2013:Ma5/2.3j,September 2013,0,false,https://www.gov.uk/government/publications/national-curriculum-in-england-framework-for-key-stages-1-to-4
https://education.asfai.org/frameworks/uk-nc-2013/versions/september-2013/items/Ma5%2F2.3k,uk-nc-2013,Ma5/2.3k,uk-nc-2013:Ma5/2.3k,September 2013,0,false,https://www.gov.uk/government/publications/national-curriculum-in-england-framework-for-key-stages-1-to-4
https://education.asfai.org/frameworks/uk-nc-2013/versions/september-2013/items/Ma5%2F2.4a,uk-nc-2013,Ma5/2.4a,uk-nc-2013:Ma5/2.4a,September 2013,0,false,https://www.gov.uk/government/publications/national-curriculum-in-england-framework-for-key-stages-1-to-4
https://education.asfai.org/frameworks/uk-nc-2013/versions/september-2013/items/Ma5%2F2.4b,uk-nc-2013,Ma5/2.4b,uk-nc-2013:Ma5/2.4b,September 2013,0,false,https://www.gov.uk/government/publications/national-curriculum-in-england-framework-for-key-stages-1-to-4
https://education.asfai.org/frameworks/uk-nc-2013/versions/september-2013/items/Ma5%2F2.4c,uk-nc-2013,Ma5/2.4c,uk-nc-2013:Ma5/2.4c,September 2013,0,false,https://www.gov.uk/government/publications/national-curriculum-in-england-framework-for-key-stages-1-to-4
https://education.asfai.org/frameworks/uk-nc-2013/versions/september-2013/items/Ma5%2F2.4d,uk-nc-2013,Ma5/2.4d,uk-nc-2013:Ma5/2.4d,September 2013,0,false,https://www.gov.uk/government/publications/national-curriculum-in-england-framework-for-key-stages-1-to-4
https://education.asfai.org/frameworks/uk-nc-2013/versions/september-2013/items/Ma5%2F2.4e,uk-nc-2013,Ma5/2.4e,uk-nc-2013:Ma5/2.4e,September 2013,0,false,https://www.gov.uk/government/publications/national-curriculum-in-england-framework-for-key-stages-1-to-4
https://education.asfai.org/frameworks/uk-nc-2013/versions/september-2013/items/Ma5%2F2.4f,uk-nc-2013,Ma5/2.4f,uk-nc-2013:Ma5/2.4f,September 2013,0,false,https://www.gov.uk/government/publications/national-curriculum-in-england-framework-for-key-stages-1-to-4
https://education.asfai.org/frameworks/uk-nc-2013/versions/september-2013/items/Ma5%2F2.4g,uk-nc-2013,Ma5/2.4g,uk-nc-2013:Ma5/2.4g,September 2013,0,false,https://www.gov.uk/government/publications/national-curriculum-in-england-framework-for-key-stages-1-to-4
https://education.asfai.org/frameworks/uk-nc-2013/versions/september-2013/items/Ma5%2F2.4h,uk-nc-2013,Ma5/2.4h,uk-nc-2013:Ma5/2.4h,September 2013,0,false,https://www.gov.uk/government/publications/national-curriculum-in-england-framework-for-key-stages-1-to-4
https://education.asfai.org/frameworks/uk-nc-2013/versions/september-2013/items/Ma5%2F2.4i,uk-nc-2013,Ma5/2.4i,uk-nc-2013:Ma5/2.4i,September 2013,0,false,https://www.gov.uk/government/publications/national-curriculum-in-england-framework-for-key-stages-1-to-4
https://education.asfai.org/frameworks/uk-nc-2013/versions/september-2013/items/Ma5%2F2.4j,uk-nc-2013,Ma5/2.4j,uk-nc-2013:Ma5/2.4j,September 2013,0,false,https://www.gov.uk/government/publications/national-curriculum-in-england-framework-for-key-stages-1-to-4
https://education.asfai.org/frameworks/uk-nc-2013/versions/september-2013/items/Ma5%2F2.4k,uk-nc-2013,Ma5/2.4k,uk-nc-2013:Ma5/2.4k,September 2013,0,false,https://www.gov.uk/government/publications/national-curriculum-in-england-framework-for-key-stages-1-to-4
https://education.asfai.org/frameworks/uk-nc-2013/versions/september-2013/items/Ma5%2F2.4l,uk-nc-2013,Ma5/2.4l,uk-nc-2013:Ma5/2.4l,September 2013,0,false,https://www.gov.uk/government/publications/national-curriculum-in-england-framework-for-key-stages-1-to-4
https://education.asfai.org/frameworks/uk-nc-2013/versions/september-2013/items/Ma5%2F3.1a,uk-nc-2013,Ma5/3.1a,uk-nc-2013:Ma5/3.1a,September 2013,0,false,https://www.gov.uk/government/publications/national-curriculum-in-england-framework-for-key-stages-1-to-4
https://education.asfai.org/frameworks/uk-nc-2013/versions/september-2013/items/Ma5%2F3.1b,uk-nc-2013,Ma5/3.1b,uk-nc-2013:Ma5/3.1b,September 2013,0,false,https://www.gov.uk/government/publications/national-curriculum-in-england-framework-for-key-stages-1-to-4
https://education.asfai.org/frameworks/uk-nc-2013/versions/september-2013/items/Ma5%2F3.1c,uk-nc-2013,Ma5/3.1c,uk-nc-2013:Ma5/3.1c,September 2013,0,false,https://www.gov.uk/government/publications/national-curriculum-in-england-framework-for-key-stages-1-to-4
https://education.asfai.org/frameworks/uk-nc-2013/versions/september-2013/items/Ma5%2F3.1d,uk-nc-2013,Ma5/3.1d,uk-nc-2013:Ma5/3.1d,September 2013,0,false,https://www.gov.uk/government/publications/national-curriculum-in-england-framework-for-key-stages-1-to-4
https://education.asfai.org/frameworks/uk-nc-2013/versions/september-2013/items/Ma5%2F3.1e,uk-nc-2013,Ma5/3.1e,uk-nc-2013:Ma5/3.1e,September 2013,0,false,https://www.gov.uk/government/publications/national-curriculum-in-england-framework-for-key-stages-1-to-4
https://education.asfai.org/frameworks/uk-nc-2013/versions/september-2013/items/Ma5%2F3.1f,uk-nc-2013,Ma5/3.1f,uk-nc-2013:Ma5/3.1f,September 2013,0,false,https://www.gov.uk/government/publications/national-curriculum-in-england-framework-for-key-stages-1-to-4
https://education.asfai.org/frameworks/uk-nc-2013/versions/september-2013/items/Ma5%2F3.1g,uk-nc-2013,Ma5/3.1g,uk-nc-2013:Ma5/3.1g,September 2013,0,false,https://www.gov.uk/government/publications/national-curriculum-in-england-framework-for-key-stages-1-to-4
https://education.asfai.org/frameworks/uk-nc-2013/versions/september-2013/items/Ma5%2F4.1a,uk-nc-2013,Ma5/4.1a,uk-nc-2013:Ma5/4.1a,September 2013,0,false,https://www.gov.uk/government/publications/national-curriculum-in-england-framework-for-key-stages-1-to-4
https://education.asfai.org/frameworks/uk-nc-2013/versions/september-2013/items/Ma5%2F4.1b,uk-nc-2013,Ma5/4.1b,uk-nc-2013:Ma5/4.1b,September 2013,0,false,https://www.gov.uk/government/publications/national-curriculum-in-england-framework-for-key-stages-1-to-4
https://education.asfai.org/frameworks/uk-nc-2013/versions/september-2013/items/Ma5%2F4.1c,uk-nc-2013,Ma5/4.1c,uk-nc-2013:Ma5/4.1c,September 2013,0,false,https://www.gov.uk/government/publications/national-curriculum-in-england-framework-for-key-stages-1-to-4
https://education.asfai.org/frameworks/uk-nc-2013/versions/september-2013/items/Ma5%2F4.1d,uk-nc-2013,Ma5/4.1d,uk-nc-2013:Ma5/4.1d,September 2013,0,false,https://www.gov.uk/government/publications/national-curriculum-in-england-framework-for-key-stages-1-to-4
https://education.asfai.org/frameworks/uk-nc-2013/versions/september-2013/items/Ma5%2F4.1e,uk-nc-2013,Ma5/4.1e,uk-nc-2013:Ma5/4.1e,September 2013,0,false,https://www.gov.uk/government/publications/national-curriculum-in-england-framework-for-key-stages-1-to-4
https://education.asfai.org/frameworks/uk-nc-2013/versions/september-2013/items/Ma5%2F4.1f,uk-nc-2013,Ma5/4.1f,uk-nc-2013:Ma5/4.1f,September 2013,0,false,https://www.gov.uk/government/publications/national-curriculum-in-england-framework-for-key-stages-1-to-4
https://education.asfai.org/frameworks/uk-nc-2013/versions/september-2013/items/Ma5%2F4.1g,uk-nc-2013,Ma5/4.1g,uk-nc-2013:Ma5/4.1g,September 2013,0,false,https://www.gov.uk/government/publications/national-curriculum-in-england-framework-for-key-stages-1-to-4
https://education.asfai.org/frameworks/uk-nc-2013/versions/september-2013/items/Ma5%2F4.1h,uk-nc-2013,Ma5/4.1h,uk-nc-2013:Ma5/4.1h,September 2013,0,false,https://www.gov.uk/government/publications/national-curriculum-in-england-framework-for-key-stages-1-to-4
https://education.asfai.org/frameworks/uk-nc-2013/versions/september-2013/items/Ma5%2F4.2a,uk-nc-2013,Ma5/4.2a,uk-nc-2013:Ma5/4.2a,September 2013,0,false,https://www.gov.uk/government/publications/national-curriculum-in-england-framework-for-key-stages-1-to-4
https://education.asfai.org/frameworks/uk-nc-2013/versions/september-2013/items/Ma5%2F5.1a,uk-nc-2013,Ma5/5.1a,uk-nc-2013:Ma5/5.1a,September 2013,0,false,https://www.gov.uk/government/publications/national-curriculum-in-england-framework-for-key-stages-1-to-4
https://education.asfai.org/frameworks/uk-nc-2013/versions/september-2013/items/Ma5%2F5.1b,uk-nc-2013,Ma5/5.1b,uk-nc-2013:Ma5/5.1b,September 2013,0,false,https://www.gov.uk/government/publications/national-curriculum-in-england-framework-for-key-stages-1-to-4
https://education.asfai.org/frameworks/uk-nc-2013/versions/september-2013/items/Ma6%2F2.1a,uk-nc-2013,Ma6/2.1a,uk-nc-2013:Ma6/2.1a,September 2013,0,false,https://www.gov.uk/government/publications/national-curriculum-in-england-framework-for-key-stages-1-to-4
https://education.asfai.org/frameworks/uk-nc-2013/versions/september-2013/items/Ma6%2F2.1b,uk-nc-2013,Ma6/2.1b,uk-nc-2013:Ma6/2.1b,September 2013,0,false,https://www.gov.uk/government/publications/national-curriculum-in-england-framework-for-key-stages-1-to-4
https://education.asfai.org/frameworks/uk-nc-2013/versions/september-2013/items/Ma6%2F2.1c,uk-nc-2013,Ma6/2.1c,uk-nc-2013:Ma6/2.1c,September 2013,0,false,https://www.gov.uk/government/publications/national-curriculum-in-england-framework-for-key-stages-1-to-4
https://education.asfai.org/frameworks/uk-nc-2013/versions/september-2013/items/Ma6%2F2.1d,uk-nc-2013,Ma6/2.1d,uk-nc-2013:Ma6/2.1d,September 2013,0,false,https://www.gov.uk/government/publications/national-curriculum-in-england-framework-for-key-stages-1-to-4
https://education.asfai.org/frameworks/uk-nc-2013/versions/september-2013/items/Ma6%2F2.2a,uk-nc-2013,Ma6/2.2a,uk-nc-2013:Ma6/2.2a,September 2013,0,false,https://www.gov.uk/government/publications/national-curriculum-in-england-framework-for-key-stages-1-to-4
https://education.asfai.org/frameworks/uk-nc-2013/versions/september-2013/items/Ma6%2F2.2b,uk-nc-2013,Ma6/2.2b,uk-nc-2013:Ma6/2.2b,September 2013,0,false,https://www.gov.uk/government/publications/national-curriculum-in-england-framework-for-key-stages-1-to-4
https://education.asfai.org/frameworks/uk-nc-2013/versions/september-2013/items/Ma6%2F2.2c,uk-nc-2013,Ma6/2.2c,uk-nc-2013:Ma6/2.2c,September 2013,0,false,https://www.gov.uk/government/publications/national-curriculum-in-england-framework-for-key-stages-1-to-4
https://education.asfai.org/frameworks/uk-nc-2013/versions/september-2013/items/Ma6%2F2.2d,uk-nc-2013,Ma6/2.2d,uk-nc-2013:Ma6/2.2d,September 2013,0,false,https://www.gov.uk/government/publications/national-curriculum-in-england-framework-for-key-stages-1-to-4
https://education.asfai.org/frameworks/uk-nc-2013/versions/september-2013/items/Ma6%2F2.2e,uk-nc-2013,Ma6/2.2e,uk-nc-2013:Ma6/2.2e,September 2013,0,false,https://www.gov.uk/government/publications/national-curriculum-in-england-framework-for-key-stages-1-to-4
https://education.asfai.org/frameworks/uk-nc-2013/versions/september-2013/items/Ma6%2F2.2f,uk-nc-2013,Ma6/2.2f,uk-nc-2013:Ma6/2.2f,September 2013,1,false,https://www.gov.uk/government/publications/national-curriculum-in-england-framework-for-key-stages-1-to-4
https://education.asfai.org/frameworks/uk-nc-2013/versions/september-2013/items/Ma6%2F2.2g,uk-nc-2013,Ma6/2.2g,uk-nc-2013:Ma6/2.2g,September 2013,0,false,https://www.gov.uk/government/publications/national-curriculum-in-england-framework-for-key-stages-1-to-4
https://education.asfai.org/frameworks/uk-nc-2013/versions/september-2013/items/Ma6%2F2.2h,uk-nc-2013,Ma6/2.2h,uk-nc-2013:Ma6/2.2h,September 2013,0,false,https://www.gov.uk/government/publications/national-curriculum-in-england-framework-for-key-stages-1-to-4
https://education.asfai.org/frameworks/uk-nc-2013/versions/september-2013/items/Ma6%2F2.2i,uk-nc-2013,Ma6/2.2i,uk-nc-2013:Ma6/2.2i,September 2013,0,false,https://www.gov.uk/government/publications/national-curriculum-in-england-framework-for-key-stages-1-to-4
https://education.asfai.org/frameworks/uk-nc-2013/versions/september-2013/items/Ma6%2F2.3a,uk-nc-2013,Ma6/2.3a,uk-nc-2013:Ma6/2.3a,September 2013,0,false,https://www.gov.uk/government/publications/national-curriculum-in-england-framework-for-key-stages-1-to-4
https://education.asfai.org/frameworks/uk-nc-2013/versions/september-2013/items/Ma6%2F2.3b,uk-nc-2013,Ma6/2.3b,uk-nc-2013:Ma6/2.3b,September 2013,0,false,https://www.gov.uk/government/publications/national-curriculum-in-england-framework-for-key-stages-1-to-4
https://education.asfai.org/frameworks/uk-nc-2013/versions/september-2013/items/Ma6%2F2.3c,uk-nc-2013,Ma6/2.3c,uk-nc-2013:Ma6/2.3c,September 2013,0,false,https://www.gov.uk/government/publications/national-curriculum-in-england-framework-for-key-stages-1-to-4
https://education.asfai.org/frameworks/uk-nc-2013/versions/september-2013/items/Ma6%2F2.3d,uk-nc-2013,Ma6/2.3d,uk-nc-2013:Ma6/2.3d,September 2013,0,false,https://www.gov.uk/government/publications/national-curriculum-in-england-framework-for-key-stages-1-to-4
https://education.asfai.org/frameworks/uk-nc-2013/versions/september-2013/items/Ma6%2F2.3e,uk-nc-2013,Ma6/2.3e,uk-nc-2013:Ma6/2.3e,September 2013,0,false,https://www.gov.uk/government/publications/national-curriculum-in-england-framework-for-key-stages-1-to-4
https://education.asfai.org/frameworks/uk-nc-2013/versions/september-2013/items/Ma6%2F2.3f,uk-nc-2013,Ma6/2.3f,uk-nc-2013:Ma6/2.3f,September 2013,0,false,https://www.gov.uk/government/publications/national-curriculum-in-england-framework-for-key-stages-1-to-4
https://education.asfai.org/frameworks/uk-nc-2013/versions/september-2013/items/Ma6%2F2.3g,uk-nc-2013,Ma6/2.3g,uk-nc-2013:Ma6/2.3g,September 2013,2,false,https://www.gov.uk/government/publications/national-curriculum-in-england-framework-for-key-stages-1-to-4
https://education.asfai.org/frameworks/uk-nc-2013/versions/september-2013/items/Ma6%2F2.3h,uk-nc-2013,Ma6/2.3h,uk-nc-2013:Ma6/2.3h,September 2013,0,false,https://www.gov.uk/government/publications/national-curriculum-in-england-framework-for-key-stages-1-to-4
https://education.asfai.org/frameworks/uk-nc-2013/versions/september-2013/items/Ma6%2F2.3i,uk-nc-2013,Ma6/2.3i,uk-nc-2013:Ma6/2.3i,September 2013,0,false,https://www.gov.uk/government/publications/national-curriculum-in-england-framework-for-key-stages-1-to-4
https://education.asfai.org/frameworks/uk-nc-2013/versions/september-2013/items/Ma6%2F2.3j,uk-nc-2013,Ma6/2.3j,uk-nc-2013:Ma6/2.3j,September 2013,0,false,https://www.gov.uk/government/publications/national-curriculum-in-england-framework-for-key-stages-1-to-4
https://education.asfai.org/frameworks/uk-nc-2013/versions/september-2013/items/Ma6%2F2.3k,uk-nc-2013,Ma6/2.3k,uk-nc-2013:Ma6/2.3k,September 2013,0,false,https://www.gov.uk/government/publications/national-curriculum-in-england-framework-for-key-stages-1-to-4
https://education.asfai.org/frameworks/uk-nc-2013/versions/september-2013/items/Ma6%2F2.4a,uk-nc-2013,Ma6/2.4a,uk-nc-2013:Ma6/2.4a,September 2013,0,false,https://www.gov.uk/government/publications/national-curriculum-in-england-framework-for-key-stages-1-to-4
https://education.asfai.org/frameworks/uk-nc-2013/versions/september-2013/items/Ma6%2F2.4b,uk-nc-2013,Ma6/2.4b,uk-nc-2013:Ma6/2.4b,September 2013,0,false,https://www.gov.uk/government/publications/national-curriculum-in-england-framework-for-key-stages-1-to-4
https://education.asfai.org/frameworks/uk-nc-2013/versions/september-2013/items/Ma6%2F2.4c,uk-nc-2013,Ma6/2.4c,uk-nc-2013:Ma6/2.4c,September 2013,0,false,https://www.gov.uk/government/publications/national-curriculum-in-england-framework-for-key-stages-1-to-4
https://education.asfai.org/frameworks/uk-nc-2013/versions/september-2013/items/Ma6%2F2.4d,uk-nc-2013,Ma6/2.4d,uk-nc-2013:Ma6/2.4d,September 2013,0,false,https://www.gov.uk/government/publications/national-curriculum-in-england-framework-for-key-stages-1-to-4
https://education.asfai.org/frameworks/uk-nc-2013/versions/september-2013/items/Ma6%2F2.5a,uk-nc-2013,Ma6/2.5a,uk-nc-2013:Ma6/2.5a,September 2013,0,false,https://www.gov.uk/government/publications/national-curriculum-in-england-framework-for-key-stages-1-to-4
https://education.asfai.org/frameworks/uk-nc-2013/versions/september-2013/items/Ma6%2F2.5b,uk-nc-2013,Ma6/2.5b,uk-nc-2013:Ma6/2.5b,September 2013,0,false,https://www.gov.uk/government/publications/national-curriculum-in-england-framework-for-key-stages-1-to-4
https://education.asfai.org/frameworks/uk-nc-2013/versions/september-2013/items/Ma6%2F2.5c,uk-nc-2013,Ma6/2.5c,uk-nc-2013:Ma6/2.5c,September 2013,0,false,https://www.gov.uk/government/publications/national-curriculum-in-england-framework-for-key-stages-1-to-4
https://education.asfai.org/frameworks/uk-nc-2013/versions/september-2013/items/Ma6%2F2.5d,uk-nc-2013,Ma6/2.5d,uk-nc-2013:Ma6/2.5d,September 2013,0,false,https://www.gov.uk/government/publications/national-curriculum-in-england-framework-for-key-stages-1-to-4
https://education.asfai.org/frameworks/uk-nc-2013/versions/september-2013/items/Ma6%2F2.5e,uk-nc-2013,Ma6/2.5e,uk-nc-2013:Ma6/2.5e,September 2013,0,false,https://www.gov.uk/government/publications/national-curriculum-in-england-framework-for-key-stages-1-to-4
https://education.asfai.org/frameworks/uk-nc-2013/versions/september-2013/items/Ma6%2F3.1a,uk-nc-2013,Ma6/3.1a,uk-nc-2013:Ma6/3.1a,September 2013,0,false,https://www.gov.uk/government/publications/national-curriculum-in-england-framework-for-key-stages-1-to-4
https://education.asfai.org/frameworks/uk-nc-2013/versions/september-2013/items/Ma6%2F3.1b,uk-nc-2013,Ma6/3.1b,uk-nc-2013:Ma6/3.1b,September 2013,0,false,https://www.gov.uk/government/publications/national-curriculum-in-england-framework-for-key-stages-1-to-4
https://education.asfai.org/frameworks/uk-nc-2013/versions/september-2013/items/Ma6%2F3.1c,uk-nc-2013,Ma6/3.1c,uk-nc-2013:Ma6/3.1c,September 2013,0,false,https://www.gov.uk/government/publications/national-curriculum-in-england-framework-for-key-stages-1-to-4
https://education.asfai.org/frameworks/uk-nc-2013/versions/september-2013/items/Ma6%2F3.1d,uk-nc-2013,Ma6/3.1d,uk-nc-2013:Ma6/3.1d,September 2013,0,false,https://www.gov.uk/government/publications/national-curriculum-in-england-framework-for-key-stages-1-to-4
https://education.asfai.org/frameworks/uk-nc-2013/versions/september-2013/items/Ma6%2F3.1e,uk-nc-2013,Ma6/3.1e,uk-nc-2013:Ma6/3.1e,September 2013,0,false,https://www.gov.uk/government/publications/national-curriculum-in-england-framework-for-key-stages-1-to-4
https://education.asfai.org/frameworks/uk-nc-2013/versions/september-2013/items/Ma6%2F3.1f,uk-nc-2013,Ma6/3.1f,uk-nc-2013:Ma6/3.1f,September 2013,0,false,https://www.gov.uk/government/publications/national-curriculum-in-england-framework-for-key-stages-1-to-4
https://education.asfai.org/frameworks/uk-nc-2013/versions/september-2013/items/Ma6%2F3.1g,uk-nc-2013,Ma6/3.1g,uk-nc-2013:Ma6/3.1g,September 2013,0,false,https://www.gov.uk/government/publications/national-curriculum-in-england-framework-for-key-stages-1-to-4
https://education.asfai.org/frameworks/uk-nc-2013/versions/september-2013/items/Ma6%2F4.1a,uk-nc-2013,Ma6/4.1a,uk-nc-2013:Ma6/4.1a,September 2013,0,false,https://www.gov.uk/government/publications/national-curriculum-in-england-framework-for-key-stages-1-to-4
https://education.asfai.org/frameworks/uk-nc-2013/versions/september-2013/items/Ma6%2F4.1b,uk-nc-2013,Ma6/4.1b,uk-nc-2013:Ma6/4.1b,September 2013,0,false,https://www.gov.uk/government/publications/national-curriculum-in-england-framework-for-key-stages-1-to-4
https://education.asfai.org/frameworks/uk-nc-2013/versions/september-2013/items/Ma6%2F4.1c,uk-nc-2013,Ma6/4.1c,uk-nc-2013:Ma6/4.1c,September 2013,0,false,https://www.gov.uk/government/publications/national-curriculum-in-england-framework-for-key-stages-1-to-4
https://education.asfai.org/frameworks/uk-nc-2013/versions/september-2013/items/Ma6%2F4.1d,uk-nc-2013,Ma6/4.1d,uk-nc-2013:Ma6/4.1d,September 2013,0,false,https://www.gov.uk/government/publications/national-curriculum-in-england-framework-for-key-stages-1-to-4
https://education.asfai.org/frameworks/uk-nc-2013/versions/september-2013/items/Ma6%2F4.1e,uk-nc-2013,Ma6/4.1e,uk-nc-2013:Ma6/4.1e,September 2013,0,false,https://www.gov.uk/government/publications/national-curriculum-in-england-framework-for-key-stages-1-to-4
https://education.asfai.org/frameworks/uk-nc-2013/versions/september-2013/items/Ma6%2F4.2a,uk-nc-2013,Ma6/4.2a,uk-nc-2013:Ma6/4.2a,September 2013,0,false,https://www.gov.uk/government/publications/national-curriculum-in-england-framework-for-key-stages-1-to-4
https://education.asfai.org/frameworks/uk-nc-2013/versions/september-2013/items/Ma6%2F4.2b,uk-nc-2013,Ma6/4.2b,uk-nc-2013:Ma6/4.2b,September 2013,0,false,https://www.gov.uk/government/publications/national-curriculum-in-england-framework-for-key-stages-1-to-4
https://education.asfai.org/frameworks/uk-nc-2013/versions/september-2013/items/Ma6%2F5.1a,uk-nc-2013,Ma6/5.1a,uk-nc-2013:Ma6/5.1a,September 2013,0,false,https://www.gov.uk/government/publications/national-curriculum-in-england-framework-for-key-stages-1-to-4
https://education.asfai.org/frameworks/uk-nc-2013/versions/september-2013/items/Ma6%2F5.1b,uk-nc-2013,Ma6/5.1b,uk-nc-2013:Ma6/5.1b,September 2013,0,false,https://www.gov.uk/government/publications/national-curriculum-in-england-framework-for-key-stages-1-to-4
https://education.asfai.org/frameworks/uk-nc-2013/versions/september-2013/items/Maths%2FY1%2FAS%2F1,uk-nc-2013,Maths/Y1/AS/1,uk-nc-2013:Maths/Y1/AS/1,September 2013,3,false,https://www.gov.uk/government/publications/national-curriculum-in-england-framework-for-key-stages-1-to-4
https://education.asfai.org/frameworks/uk-nc-2013/versions/september-2013/items/Maths%2FY1%2FAS%2F2,uk-nc-2013,Maths/Y1/AS/2,uk-nc-2013:Maths/Y1/AS/2,September 2013,3,false,https://www.gov.uk/government/publications/national-curriculum-in-england-framework-for-key-stages-1-to-4
https://education.asfai.org/frameworks/uk-nc-2013/versions/september-2013/items/Maths%2FY1%2FAS%2F3,uk-nc-2013,Maths/Y1/AS/3,uk-nc-2013:Maths/Y1/AS/3,September 2013,1,false,https://www.gov.uk/government/publications/national-curriculum-in-england-framework-for-key-stages-1-to-4
https://education.asfai.org/frameworks/uk-nc-2013/versions/september-2013/items/Maths%2FY1%2FAS%2F4,uk-nc-2013,Maths/Y1/AS/4,uk-nc-2013:Maths/Y1/AS/4,September 2013,3,false,https://www.gov.uk/government/publications/national-curriculum-in-england-framework-for-key-stages-1-to-4
https://education.asfai.org/frameworks/uk-nc-2013/versions/september-2013/items/Maths%2FY1%2FF%2F1,uk-nc-2013,Maths/Y1/F/1,uk-nc-2013:Maths/Y1/F/1,September 2013,1,false,https://www.gov.uk/government/publications/national-curriculum-in-england-framework-for-key-stages-1-to-4
https://education.asfai.org/frameworks/uk-nc-2013/versions/september-2013/items/Maths%2FY1%2FF%2F2,uk-nc-2013,Maths/Y1/F/2,uk-nc-2013:Maths/Y1/F/2,September 2013,1,false,https://www.gov.uk/government/publications/national-curriculum-in-england-framework-for-key-stages-1-to-4
https://education.asfai.org/frameworks/uk-nc-2013/versions/september-2013/items/Maths%2FY1%2FGPD%2F1,uk-nc-2013,Maths/Y1/GPD/1,uk-nc-2013:Maths/Y1/GPD/1,September 2013,2,false,https://www.gov.uk/government/publications/national-curriculum-in-england-framework-for-key-stages-1-to-4
https://education.asfai.org/frameworks/uk-nc-2013/versions/september-2013/items/Maths%2FY1%2FGPS%2F1,uk-nc-2013,Maths/Y1/GPS/1,uk-nc-2013:Maths/Y1/GPS/1,September 2013,1,false,https://www.gov.uk/government/publications/national-curriculum-in-england-framework-for-key-stages-1-to-4
https://education.asfai.org/frameworks/uk-nc-2013/versions/september-2013/items/Maths%2FY1%2FGPS%2F2,uk-nc-2013,Maths/Y1/GPS/2,uk-nc-2013:Maths/Y1/GPS/2,September 2013,1,false,https://www.gov.uk/government/publications/national-curriculum-in-england-framework-for-key-stages-1-to-4
https://education.asfai.org/frameworks/uk-nc-2013/versions/september-2013/items/Maths%2FY1%2FM%2F1,uk-nc-2013,Maths/Y1/M/1,uk-nc-2013:Maths/Y1/M/1,September 2013,1,false,https://www.gov.uk/government/publications/national-curriculum-in-england-framework-for-key-stages-1-to-4
https://education.asfai.org/frameworks/uk-nc-2013/versions/september-2013/items/Maths%2FY1%2FM%2F10,uk-nc-2013,Maths/Y1/M/10,uk-nc-2013:Maths/Y1/M/10,September 2013,1,false,https://www.gov.uk/government/publications/national-curriculum-in-england-framework-for-key-stages-1-to-4
https://education.asfai.org/frameworks/uk-nc-2013/versions/september-2013/items/Maths%2FY1%2FM%2F11,uk-nc-2013,Maths/Y1/M/11,uk-nc-2013:Maths/Y1/M/11,September 2013,1,false,https://www.gov.uk/government/publications/national-curriculum-in-england-framework-for-key-stages-1-to-4
https://education.asfai.org/frameworks/uk-nc-2013/versions/september-2013/items/Maths%2FY1%2FM%2F12,uk-nc-2013,Maths/Y1/M/12,uk-nc-2013:Maths/Y1/M/12,September 2013,1,false,https://www.gov.uk/government/publications/national-curriculum-in-england-framework-for-key-stages-1-to-4
https://education.asfai.org/frameworks/uk-nc-2013/versions/september-2013/items/Maths%2FY1%2FM%2F2,uk-nc-2013,Maths/Y1/M/2,uk-nc-2013:Maths/Y1/M/2,September 2013,1,false,https://www.gov.uk/government/publications/national-curriculum-in-england-framework-for-key-stages-1-to-4
https://education.asfai.org/frameworks/uk-nc-2013/versions/september-2013/items/Maths%2FY1%2FM%2F3,uk-nc-2013,Maths/Y1/M/3,uk-nc-2013:Maths/Y1/M/3,September 2013,1,false,https://www.gov.uk/government/publications/national-curriculum-in-england-framework-for-key-stages-1-to-4
https://education.asfai.org/frameworks/uk-nc-2013/versions/september-2013/items/Maths%2FY1%2FM%2F4,uk-nc-2013,Maths/Y1/M/4,uk-nc-2013:Maths/Y1/M/4,September 2013,1,false,https://www.gov.uk/government/publications/national-curriculum-in-england-framework-for-key-stages-1-to-4
https://education.asfai.org/frameworks/uk-nc-2013/versions/september-2013/items/Maths%2FY1%2FM%2F5,uk-nc-2013,Maths/Y1/M/5,uk-nc-2013:Maths/Y1/M/5,September 2013,1,false,https://www.gov.uk/government/publications/national-curriculum-in-england-framework-for-key-stages-1-to-4
https://education.asfai.org/frameworks/uk-nc-2013/versions/september-2013/items/Maths%2FY1%2FM%2F6,uk-nc-2013,Maths/Y1/M/6,uk-nc-2013:Maths/Y1/M/6,September 2013,1,false,https://www.gov.uk/government/publications/national-curriculum-in-england-framework-for-key-stages-1-to-4
https://education.asfai.org/frameworks/uk-nc-2013/versions/september-2013/items/Maths%2FY1%2FM%2F7,uk-nc-2013,Maths/Y1/M/7,uk-nc-2013:Maths/Y1/M/7,September 2013,1,false,https://www.gov.uk/government/publications/national-curriculum-in-england-framework-for-key-stages-1-to-4
https://education.asfai.org/frameworks/uk-nc-2013/versions/september-2013/items/Maths%2FY1%2FM%2F8,uk-nc-2013,Maths/Y1/M/8,uk-nc-2013:Maths/Y1/M/8,September 2013,1,false,https://www.gov.uk/government/publications/national-curriculum-in-england-framework-for-key-stages-1-to-4
https://education.asfai.org/frameworks/uk-nc-2013/versions/september-2013/items/Maths%2FY1%2FM%2F9,uk-nc-2013,Maths/Y1/M/9,uk-nc-2013:Maths/Y1/M/9,September 2013,1,false,https://www.gov.uk/government/publications/national-curriculum-in-england-framework-for-key-stages-1-to-4
https://education.asfai.org/frameworks/uk-nc-2013/versions/september-2013/items/Maths%2FY1%2FMD%2F1,uk-nc-2013,Maths/Y1/MD/1,uk-nc-2013:Maths/Y1/MD/1,September 2013,3,false,https://www.gov.uk/government/publications/national-curriculum-in-england-framework-for-key-stages-1-to-4
https://education.asfai.org/frameworks/uk-nc-2013/versions/september-2013/items/Maths%2FY1%2FNPV%2F1,uk-nc-2013,Maths/Y1/NPV/1,uk-nc-2013:Maths/Y1/NPV/1,September 2013,1,false,https://www.gov.uk/government/publications/national-curriculum-in-england-framework-for-key-stages-1-to-4
https://education.asfai.org/frameworks/uk-nc-2013/versions/september-2013/items/Maths%2FY1%2FNPV%2F2,uk-nc-2013,Maths/Y1/NPV/2,uk-nc-2013:Maths/Y1/NPV/2,September 2013,2,false,https://www.gov.uk/government/publications/national-curriculum-in-england-framework-for-key-stages-1-to-4
https://education.asfai.org/frameworks/uk-nc-2013/versions/september-2013/items/Maths%2FY1%2FNPV%2F3,uk-nc-2013,Maths/Y1/NPV/3,uk-nc-2013:Maths/Y1/NPV/3,September 2013,1,false,https://www.gov.uk/government/publications/national-curriculum-in-england-framework-for-key-stages-1-to-4
https://education.asfai.org/frameworks/uk-nc-2013/versions/september-2013/items/Maths%2FY1%2FNPV%2F4,uk-nc-2013,Maths/Y1/NPV/4,uk-nc-2013:Maths/Y1/NPV/4,September 2013,2,false,https://www.gov.uk/government/publications/national-curriculum-in-england-framework-for-key-stages-1-to-4
https://education.asfai.org/frameworks/uk-nc-2013/versions/september-2013/items/Maths%2FY1%2FNPV%2F5,uk-nc-2013,Maths/Y1/NPV/5,uk-nc-2013:Maths/Y1/NPV/5,September 2013,2,false,https://www.gov.uk/government/publications/national-curriculum-in-england-framework-for-key-stages-1-to-4
https://education.asfai.org/frameworks/uk-nc-2013/versions/september-2013/items/Maths%2FY2%2FAS%2F1,uk-nc-2013,Maths/Y2/AS/1,uk-nc-2013:Maths/Y2/AS/1,September 2013,1,false,https://www.gov.uk/government/publications/national-curriculum-in-england-framework-for-key-stages-1-to-4
https://education.asfai.org/frameworks/uk-nc-2013/versions/september-2013/items/Maths%2FY2%2FAS%2F2,uk-nc-2013,Maths/Y2/AS/2,uk-nc-2013:Maths/Y2/AS/2,September 2013,1,false,https://www.gov.uk/government/publications/national-curriculum-in-england-framework-for-key-stages-1-to-4
https://education.asfai.org/frameworks/uk-nc-2013/versions/september-2013/items/Maths%2FY2%2FAS%2F3,uk-nc-2013,Maths/Y2/AS/3,uk-nc-2013:Maths/Y2/AS/3,September 2013,1,false,https://www.gov.uk/government/publications/national-curriculum-in-england-framework-for-key-stages-1-to-4
https://education.asfai.org/frameworks/uk-nc-2013/versions/september-2013/items/Maths%2FY2%2FAS%2F4,uk-nc-2013,Maths/Y2/AS/4,uk-nc-2013:Maths/Y2/AS/4,September 2013,1,false,https://www.gov.uk/government/publications/national-curriculum-in-england-framework-for-key-stages-1-to-4
https://education.asfai.org/frameworks/uk-nc-2013/versions/september-2013/items/Maths%2FY2%2FAS%2F5,uk-nc-2013,Maths/Y2/AS/5,uk-nc-2013:Maths/Y2/AS/5,September 2013,1,false,https://www.gov.uk/government/publications/national-curriculum-in-england-framework-for-key-stages-1-to-4
https://education.asfai.org/frameworks/uk-nc-2013/versions/september-2013/items/Maths%2FY2%2FAS%2F6,uk-nc-2013,Maths/Y2/AS/6,uk-nc-2013:Maths/Y2/AS/6,September 2013,1,false,https://www.gov.uk/government/publications/national-curriculum-in-england-framework-for-key-stages-1-to-4
https://education.asfai.org/frameworks/uk-nc-2013/versions/september-2013/items/Maths%2FY2%2FAS%2F7,uk-nc-2013,Maths/Y2/AS/7,uk-nc-2013:Maths/Y2/AS/7,September 2013,1,false,https://www.gov.uk/government/publications/national-curriculum-in-england-framework-for-key-stages-1-to-4
https://education.asfai.org/frameworks/uk-nc-2013/versions/september-2013/items/Maths%2FY2%2FAS%2F8,uk-nc-2013,Maths/Y2/AS/8,uk-nc-2013:Maths/Y2/AS/8,September 2013,1,false,https://www.gov.uk/government/publications/national-curriculum-in-england-framework-for-key-stages-1-to-4
https://education.asfai.org/frameworks/uk-nc-2013/versions/september-2013/items/Maths%2FY2%2FAS%2F9,uk-nc-2013,Maths/Y2/AS/9,uk-nc-2013:Maths/Y2/AS/9,September 2013,1,false,https://www.gov.uk/government/publications/national-curriculum-in-england-framework-for-key-stages-1-to-4
https://education.asfai.org/frameworks/uk-nc-2013/versions/september-2013/items/Maths%2FY2%2FF%2F1,uk-nc-2013,Maths/Y2/F/1,uk-nc-2013:Maths/Y2/F/1,September 2013,1,false,https://www.gov.uk/government/publications/national-curriculum-in-england-framework-for-key-stages-1-to-4
https://education.asfai.org/frameworks/uk-nc-2013/versions/september-2013/items/Maths%2FY2%2FF%2F2,uk-nc-2013,Maths/Y2/F/2,uk-nc-2013:Maths/Y2/F/2,September 2013,1,false,https://www.gov.uk/government/publications/national-curriculum-in-england-framework-for-key-stages-1-to-4
https://education.asfai.org/frameworks/uk-nc-2013/versions/september-2013/items/Maths%2FY2%2FGPD%2F1,uk-nc-2013,Maths/Y2/GPD/1,uk-nc-2013:Maths/Y2/GPD/1,September 2013,1,false,https://www.gov.uk/government/publications/national-curriculum-in-england-framework-for-key-stages-1-to-4
https://education.asfai.org/frameworks/uk-nc-2013/versions/september-2013/items/Maths%2FY2%2FGPD%2F2,uk-nc-2013,Maths/Y2/GPD/2,uk-nc-2013:Maths/Y2/GPD/2,September 2013,1,false,https://www.gov.uk/government/publications/national-curriculum-in-england-framework-for-key-stages-1-to-4
https://education.asfai.org/frameworks/uk-nc-2013/versions/september-2013/items/Maths%2FY2%2FGPS%2F1,uk-nc-2013,Maths/Y2/GPS/1,uk-nc-2013:Maths/Y2/GPS/1,September 2013,1,false,https://www.gov.uk/government/publications/national-curriculum-in-england-framework-for-key-stages-1-to-4
https://education.asfai.org/frameworks/uk-nc-2013/versions/september-2013/items/Maths%2FY2%2FGPS%2F2,uk-nc-2013,Maths/Y2/GPS/2,uk-nc-2013:Maths/Y2/GPS/2,September 2013,1,false,https://www.gov.uk/government/publications/national-curriculum-in-england-framework-for-key-stages-1-to-4
https://education.asfai.org/frameworks/uk-nc-2013/versions/september-2013/items/Maths%2FY2%2FGPS%2F3,uk-nc-2013,Maths/Y2/GPS/3,uk-nc-2013:Maths/Y2/GPS/3,September 2013,1,false,https://www.gov.uk/government/publications/national-curriculum-in-england-framework-for-key-stages-1-to-4
https://education.asfai.org/frameworks/uk-nc-2013/versions/september-2013/items/Maths%2FY2%2FGPS%2F4,uk-nc-2013,Maths/Y2/GPS/4,uk-nc-2013:Maths/Y2/GPS/4,September 2013,1,false,https://www.gov.uk/government/publications/national-curriculum-in-england-framework-for-key-stages-1-to-4
https://education.asfai.org/frameworks/uk-nc-2013/versions/september-2013/items/Maths%2FY2%2FM%2F1,uk-nc-2013,Maths/Y2/M/1,uk-nc-2013:Maths/Y2/M/1,September 2013,1,false,https://www.gov.uk/government/publications/national-curriculum-in-england-framework-for-key-stages-1-to-4
https://education.asfai.org/frameworks/uk-nc-2013/versions/september-2013/items/Maths%2FY2%2FM%2F2,uk-nc-2013,Maths/Y2/M/2,uk-nc-2013:Maths/Y2/M/2,September 2013,1,false,https://www.gov.uk/government/publications/national-curriculum-in-england-framework-for-key-stages-1-to-4
https://education.asfai.org/frameworks/uk-nc-2013/versions/september-2013/items/Maths%2FY2%2FM%2F3,uk-nc-2013,Maths/Y2/M/3,uk-nc-2013:Maths/Y2/M/3,September 2013,1,false,https://www.gov.uk/government/publications/national-curriculum-in-england-framework-for-key-stages-1-to-4
https://education.asfai.org/frameworks/uk-nc-2013/versions/september-2013/items/Maths%2FY2%2FM%2F4,uk-nc-2013,Maths/Y2/M/4,uk-nc-2013:Maths/Y2/M/4,September 2013,1,false,https://www.gov.uk/government/publications/national-curriculum-in-england-framework-for-key-stages-1-to-4
https://education.asfai.org/frameworks/uk-nc-2013/versions/september-2013/items/Maths%2FY2%2FM%2F5,uk-nc-2013,Maths/Y2/M/5,uk-nc-2013:Maths/Y2/M/5,September 2013,1,false,https://www.gov.uk/government/publications/national-curriculum-in-england-framework-for-key-stages-1-to-4
https://education.asfai.org/frameworks/uk-nc-2013/versions/september-2013/items/Maths%2FY2%2FM%2F6,uk-nc-2013,Maths/Y2/M/6,uk-nc-2013:Maths/Y2/M/6,September 2013,1,false,https://www.gov.uk/government/publications/national-curriculum-in-england-framework-for-key-stages-1-to-4
https://education.asfai.org/frameworks/uk-nc-2013/versions/september-2013/items/Maths%2FY2%2FM%2F7,uk-nc-2013,Maths/Y2/M/7,uk-nc-2013:Maths/Y2/M/7,September 2013,1,false,https://www.gov.uk/government/publications/national-curriculum-in-england-framework-for-key-stages-1-to-4
https://education.asfai.org/frameworks/uk-nc-2013/versions/september-2013/items/Maths%2FY2%2FM%2F8,uk-nc-2013,Maths/Y2/M/8,uk-nc-2013:Maths/Y2/M/8,September 2013,1,false,https://www.gov.uk/government/publications/national-curriculum-in-england-framework-for-key-stages-1-to-4
https://education.asfai.org/frameworks/uk-nc-2013/versions/september-2013/items/Maths%2FY2%2FMD%2F1,uk-nc-2013,Maths/Y2/MD/1,uk-nc-2013:Maths/Y2/MD/1,September 2013,2,false,https://www.gov.uk/government/publications/national-curriculum-in-england-framework-for-key-stages-1-to-4
https://education.asfai.org/frameworks/uk-nc-2013/versions/september-2013/items/Maths%2FY2%2FMD%2F2,uk-nc-2013,Maths/Y2/MD/2,uk-nc-2013:Maths/Y2/MD/2,September 2013,1,false,https://www.gov.uk/government/publications/national-curriculum-in-england-framework-for-key-stages-1-to-4
https://education.asfai.org/frameworks/uk-nc-2013/versions/september-2013/items/Maths%2FY2%2FMD%2F3,uk-nc-2013,Maths/Y2/MD/3,uk-nc-2013:Maths/Y2/MD/3,September 2013,1,false,https://www.gov.uk/government/publications/national-curriculum-in-england-framework-for-key-stages-1-to-4
https://education.asfai.org/frameworks/uk-nc-2013/versions/september-2013/items/Maths%2FY2%2FMD%2F4,uk-nc-2013,Maths/Y2/MD/4,uk-nc-2013:Maths/Y2/MD/4,September 2013,1,false,https://www.gov.uk/government/publications/national-curriculum-in-england-framework-for-key-stages-1-to-4
https://education.asfai.org/frameworks/uk-nc-2013/versions/september-2013/items/Maths%2FY2%2FNPV%2F1,uk-nc-2013,Maths/Y2/NPV/1,uk-nc-2013:Maths/Y2/NPV/1,September 2013,3,false,https://www.gov.uk/government/publications/national-curriculum-in-england-framework-for-key-stages-1-to-4
https://education.asfai.org/frameworks/uk-nc-2013/versions/september-2013/items/Maths%2FY2%2FNPV%2F2,uk-nc-2013,Maths/Y2/NPV/2,uk-nc-2013:Maths/Y2/NPV/2,September 2013,1,false,https://www.gov.uk/government/publications/national-curriculum-in-england-framework-for-key-stages-1-to-4
https://education.asfai.org/frameworks/uk-nc-2013/versions/september-2013/items/Maths%2FY2%2FNPV%2F3,uk-nc-2013,Maths/Y2/NPV/3,uk-nc-2013:Maths/Y2/NPV/3,September 2013,1,false,https://www.gov.uk/government/publications/national-curriculum-in-england-framework-for-key-stages-1-to-4
https://education.asfai.org/frameworks/uk-nc-2013/versions/september-2013/items/Maths%2FY2%2FNPV%2F4,uk-nc-2013,Maths/Y2/NPV/4,uk-nc-2013:Maths/Y2/NPV/4,September 2013,1,false,https://www.gov.uk/government/publications/national-curriculum-in-england-framework-for-key-stages-1-to-4
https://education.asfai.org/frameworks/uk-nc-2013/versions/september-2013/items/Maths%2FY2%2FNPV%2F5,uk-nc-2013,Maths/Y2/NPV/5,uk-nc-2013:Maths/Y2/NPV/5,September 2013,1,false,https://www.gov.uk/government/publications/national-curriculum-in-england-framework-for-key-stages-1-to-4
https://education.asfai.org/frameworks/uk-nc-2013/versions/september-2013/items/Maths%2FY2%2FNPV%2F6,uk-nc-2013,Maths/Y2/NPV/6,uk-nc-2013:Maths/Y2/NPV/6,September 2013,1,false,https://www.gov.uk/government/publications/national-curriculum-in-england-framework-for-key-stages-1-to-4
https://education.asfai.org/frameworks/uk-nc-2013/versions/september-2013/items/Maths%2FY2%2FS%2F1,uk-nc-2013,Maths/Y2/S/1,uk-nc-2013:Maths/Y2/S/1,September 2013,1,false,https://www.gov.uk/government/publications/national-curriculum-in-england-framework-for-key-stages-1-to-4
https://education.asfai.org/frameworks/uk-nc-2013/versions/september-2013/items/Maths%2FY2%2FS%2F2,uk-nc-2013,Maths/Y2/S/2,uk-nc-2013:Maths/Y2/S/2,September 2013,1,false,https://www.gov.uk/government/publications/national-curriculum-in-england-framework-for-key-stages-1-to-4
https://education.asfai.org/frameworks/uk-nc-2013/versions/september-2013/items/Maths%2FY2%2FS%2F3,uk-nc-2013,Maths/Y2/S/3,uk-nc-2013:Maths/Y2/S/3,September 2013,1,false,https://www.gov.uk/government/publications/national-curriculum-in-england-framework-for-key-stages-1-to-4
https://education.asfai.org/frameworks/uk-nc-2013/versions/september-2013/items/Music.KS1.1,uk-nc-2013,Music.KS1.1,uk-nc-2013:Music.KS1.1,September 2013,0,false,https://www.gov.uk/government/publications/national-curriculum-in-england-framework-for-key-stages-1-to-4
https://education.asfai.org/frameworks/uk-nc-2013/versions/september-2013/items/Music.KS1.2,uk-nc-2013,Music.KS1.2,uk-nc-2013:Music.KS1.2,September 2013,0,false,https://www.gov.uk/government/publications/national-curriculum-in-england-framework-for-key-stages-1-to-4
https://education.asfai.org/frameworks/uk-nc-2013/versions/september-2013/items/Music.KS1.3,uk-nc-2013,Music.KS1.3,uk-nc-2013:Music.KS1.3,September 2013,0,false,https://www.gov.uk/government/publications/national-curriculum-in-england-framework-for-key-stages-1-to-4
https://education.asfai.org/frameworks/uk-nc-2013/versions/september-2013/items/Music.KS1.4,uk-nc-2013,Music.KS1.4,uk-nc-2013:Music.KS1.4,September 2013,0,false,https://www.gov.uk/government/publications/national-curriculum-in-england-framework-for-key-stages-1-to-4
https://education.asfai.org/frameworks/uk-nc-2013/versions/september-2013/items/Music.KS2.1,uk-nc-2013,Music.KS2.1,uk-nc-2013:Music.KS2.1,September 2013,0,false,https://www.gov.uk/government/publications/national-curriculum-in-england-framework-for-key-stages-1-to-4
https://education.asfai.org/frameworks/uk-nc-2013/versions/september-2013/items/Music.KS2.2,uk-nc-2013,Music.KS2.2,uk-nc-2013:Music.KS2.2,September 2013,0,false,https://www.gov.uk/government/publications/national-curriculum-in-england-framework-for-key-stages-1-to-4
https://education.asfai.org/frameworks/uk-nc-2013/versions/september-2013/items/Music.KS2.3,uk-nc-2013,Music.KS2.3,uk-nc-2013:Music.KS2.3,September 2013,0,false,https://www.gov.uk/government/publications/national-curriculum-in-england-framework-for-key-stages-1-to-4
https://education.asfai.org/frameworks/uk-nc-2013/versions/september-2013/items/Music.KS2.4,uk-nc-2013,Music.KS2.4,uk-nc-2013:Music.KS2.4,September 2013,0,false,https://www.gov.uk/government/publications/national-curriculum-in-england-framework-for-key-stages-1-to-4
https://education.asfai.org/frameworks/uk-nc-2013/versions/september-2013/items/Music.KS2.5,uk-nc-2013,Music.KS2.5,uk-nc-2013:Music.KS2.5,September 2013,0,false,https://www.gov.uk/government/publications/national-curriculum-in-england-framework-for-key-stages-1-to-4
https://education.asfai.org/frameworks/uk-nc-2013/versions/september-2013/items/Music.KS2.6,uk-nc-2013,Music.KS2.6,uk-nc-2013:Music.KS2.6,September 2013,0,false,https://www.gov.uk/government/publications/national-curriculum-in-england-framework-for-key-stages-1-to-4
https://education.asfai.org/frameworks/uk-nc-2013/versions/september-2013/items/PE.KS1.1,uk-nc-2013,PE.KS1.1,uk-nc-2013:PE.KS1.1,September 2013,0,false,https://www.gov.uk/government/publications/national-curriculum-in-england-framework-for-key-stages-1-to-4
https://education.asfai.org/frameworks/uk-nc-2013/versions/september-2013/items/PE.KS1.2,uk-nc-2013,PE.KS1.2,uk-nc-2013:PE.KS1.2,September 2013,0,false,https://www.gov.uk/government/publications/national-curriculum-in-england-framework-for-key-stages-1-to-4
https://education.asfai.org/frameworks/uk-nc-2013/versions/september-2013/items/PE.KS1.3,uk-nc-2013,PE.KS1.3,uk-nc-2013:PE.KS1.3,September 2013,0,false,https://www.gov.uk/government/publications/national-curriculum-in-england-framework-for-key-stages-1-to-4
https://education.asfai.org/frameworks/uk-nc-2013/versions/september-2013/items/PE.KS2.1,uk-nc-2013,PE.KS2.1,uk-nc-2013:PE.KS2.1,September 2013,0,false,https://www.gov.uk/government/publications/national-curriculum-in-england-framework-for-key-stages-1-to-4
https://education.asfai.org/frameworks/uk-nc-2013/versions/september-2013/items/PE.KS2.2,uk-nc-2013,PE.KS2.2,uk-nc-2013:PE.KS2.2,September 2013,0,false,https://www.gov.uk/government/publications/national-curriculum-in-england-framework-for-key-stages-1-to-4
https://education.asfai.org/frameworks/uk-nc-2013/versions/september-2013/items/PE.KS2.3,uk-nc-2013,PE.KS2.3,uk-nc-2013:PE.KS2.3,September 2013,0,false,https://www.gov.uk/government/publications/national-curriculum-in-england-framework-for-key-stages-1-to-4
https://education.asfai.org/frameworks/uk-nc-2013/versions/september-2013/items/PE.KS2.4,uk-nc-2013,PE.KS2.4,uk-nc-2013:PE.KS2.4,September 2013,0,false,https://www.gov.uk/government/publications/national-curriculum-in-england-framework-for-key-stages-1-to-4
https://education.asfai.org/frameworks/uk-nc-2013/versions/september-2013/items/PE.KS2.5,uk-nc-2013,PE.KS2.5,uk-nc-2013:PE.KS2.5,September 2013,0,false,https://www.gov.uk/government/publications/national-curriculum-in-england-framework-for-key-stages-1-to-4
https://education.asfai.org/frameworks/uk-nc-2013/versions/september-2013/items/PE.KS2.6,uk-nc-2013,PE.KS2.6,uk-nc-2013:PE.KS2.6,September 2013,0,false,https://www.gov.uk/government/publications/national-curriculum-in-england-framework-for-key-stages-1-to-4
https://education.asfai.org/frameworks/uk-nc-2013/versions/september-2013/items/PE.Swim.1,uk-nc-2013,PE.Swim.1,uk-nc-2013:PE.Swim.1,September 2013,0,false,https://www.gov.uk/government/publications/national-curriculum-in-england-framework-for-key-stages-1-to-4
https://education.asfai.org/frameworks/uk-nc-2013/versions/september-2013/items/PE.Swim.2,uk-nc-2013,PE.Swim.2,uk-nc-2013:PE.Swim.2,September 2013,0,false,https://www.gov.uk/government/publications/national-curriculum-in-england-framework-for-key-stages-1-to-4
https://education.asfai.org/frameworks/uk-nc-2013/versions/september-2013/items/PE.Swim.3,uk-nc-2013,PE.Swim.3,uk-nc-2013:PE.Swim.3,September 2013,0,false,https://www.gov.uk/government/publications/national-curriculum-in-england-framework-for-key-stages-1-to-4
https://education.asfai.org/frameworks/uk-nc-2013/versions/september-2013/items/Y1.Sci.A.1,uk-nc-2013,Y1.Sci.A.1,uk-nc-2013:Y1.Sci.A.1,September 2013,1,false,https://www.gov.uk/government/publications/national-curriculum-in-england-framework-for-key-stages-1-to-4
https://education.asfai.org/frameworks/uk-nc-2013/versions/september-2013/items/Y1.Sci.A.2,uk-nc-2013,Y1.Sci.A.2,uk-nc-2013:Y1.Sci.A.2,September 2013,1,false,https://www.gov.uk/government/publications/national-curriculum-in-england-framework-for-key-stages-1-to-4
https://education.asfai.org/frameworks/uk-nc-2013/versions/september-2013/items/Y1.Sci.A.3,uk-nc-2013,Y1.Sci.A.3,uk-nc-2013:Y1.Sci.A.3,September 2013,1,false,https://www.gov.uk/government/publications/national-curriculum-in-england-framework-for-key-stages-1-to-4
https://education.asfai.org/frameworks/uk-nc-2013/versions/september-2013/items/Y1.Sci.A.4,uk-nc-2013,Y1.Sci.A.4,uk-nc-2013:Y1.Sci.A.4,September 2013,1,false,https://www.gov.uk/government/publications/national-curriculum-in-england-framework-for-key-stages-1-to-4
https://education.asfai.org/frameworks/uk-nc-2013/versions/september-2013/items/Y1.Sci.EM.1,uk-nc-2013,Y1.Sci.EM.1,uk-nc-2013:Y1.Sci.EM.1,September 2013,1,false,https://www.gov.uk/government/publications/national-curriculum-in-england-framework-for-key-stages-1-to-4
https://education.asfai.org/frameworks/uk-nc-2013/versions/september-2013/items/Y1.Sci.EM.2,uk-nc-2013,Y1.Sci.EM.2,uk-nc-2013:Y1.Sci.EM.2,September 2013,1,false,https://www.gov.uk/government/publications/national-curriculum-in-england-framework-for-key-stages-1-to-4
https://education.asfai.org/frameworks/uk-nc-2013/versions/september-2013/items/Y1.Sci.EM.3,uk-nc-2013,Y1.Sci.EM.3,uk-nc-2013:Y1.Sci.EM.3,September 2013,1,false,https://www.gov.uk/government/publications/national-curriculum-in-england-framework-for-key-stages-1-to-4
https://education.asfai.org/frameworks/uk-nc-2013/versions/september-2013/items/Y1.Sci.EM.4,uk-nc-2013,Y1.Sci.EM.4,uk-nc-2013:Y1.Sci.EM.4,September 2013,1,false,https://www.gov.uk/government/publications/national-curriculum-in-england-framework-for-key-stages-1-to-4
https://education.asfai.org/frameworks/uk-nc-2013/versions/september-2013/items/Y1.Sci.P.1,uk-nc-2013,Y1.Sci.P.1,uk-nc-2013:Y1.Sci.P.1,September 2013,1,false,https://www.gov.uk/government/publications/national-curriculum-in-england-framework-for-key-stages-1-to-4
https://education.asfai.org/frameworks/uk-nc-2013/versions/september-2013/items/Y1.Sci.P.2,uk-nc-2013,Y1.Sci.P.2,uk-nc-2013:Y1.Sci.P.2,September 2013,1,false,https://www.gov.uk/government/publications/national-curriculum-in-england-framework-for-key-stages-1-to-4
https://education.asfai.org/frameworks/uk-nc-2013/versions/september-2013/items/Y1.Sci.SC.1,uk-nc-2013,Y1.Sci.SC.1,uk-nc-2013:Y1.Sci.SC.1,September 2013,1,false,https://www.gov.uk/government/publications/national-curriculum-in-england-framework-for-key-stages-1-to-4
https://education.asfai.org/frameworks/uk-nc-2013/versions/september-2013/items/Y1.Sci.SC.2,uk-nc-2013,Y1.Sci.SC.2,uk-nc-2013:Y1.Sci.SC.2,September 2013,2,false,https://www.gov.uk/government/publications/national-curriculum-in-england-framework-for-key-stages-1-to-4
https://education.asfai.org/frameworks/uk-nc-2013/versions/september-2013/items/Y2.Sci.A.1,uk-nc-2013,Y2.Sci.A.1,uk-nc-2013:Y2.Sci.A.1,September 2013,1,false,https://www.gov.uk/government/publications/national-curriculum-in-england-framework-for-key-stages-1-to-4
https://education.asfai.org/frameworks/uk-nc-2013/versions/september-2013/items/Y2.Sci.A.2,uk-nc-2013,Y2.Sci.A.2,uk-nc-2013:Y2.Sci.A.2,September 2013,1,false,https://www.gov.uk/government/publications/national-curriculum-in-england-framework-for-key-stages-1-to-4
https://education.asfai.org/frameworks/uk-nc-2013/versions/september-2013/items/Y2.Sci.A.3,uk-nc-2013,Y2.Sci.A.3,uk-nc-2013:Y2.Sci.A.3,September 2013,0,false,https://www.gov.uk/government/publications/national-curriculum-in-england-framework-for-key-stages-1-to-4
https://education.asfai.org/frameworks/uk-nc-2013/versions/september-2013/items/Y2.Sci.LTH.1,uk-nc-2013,Y2.Sci.LTH.1,uk-nc-2013:Y2.Sci.LTH.1,September 2013,1,false,https://www.gov.uk/government/publications/national-curriculum-in-england-framework-for-key-stages-1-to-4
https://education.asfai.org/frameworks/uk-nc-2013/versions/september-2013/items/Y2.Sci.LTH.2,uk-nc-2013,Y2.Sci.LTH.2,uk-nc-2013:Y2.Sci.LTH.2,September 2013,1,false,https://www.gov.uk/government/publications/national-curriculum-in-england-framework-for-key-stages-1-to-4
https://education.asfai.org/frameworks/uk-nc-2013/versions/september-2013/items/Y2.Sci.LTH.3,uk-nc-2013,Y2.Sci.LTH.3,uk-nc-2013:Y2.Sci.LTH.3,September 2013,1,false,https://www.gov.uk/government/publications/national-curriculum-in-england-framework-for-key-stages-1-to-4
https://education.asfai.org/frameworks/uk-nc-2013/versions/september-2013/items/Y2.Sci.LTH.4,uk-nc-2013,Y2.Sci.LTH.4,uk-nc-2013:Y2.Sci.LTH.4,September 2013,1,false,https://www.gov.uk/government/publications/national-curriculum-in-england-framework-for-key-stages-1-to-4
https://education.asfai.org/frameworks/uk-nc-2013/versions/september-2013/items/Y2.Sci.P.1,uk-nc-2013,Y2.Sci.P.1,uk-nc-2013:Y2.Sci.P.1,September 2013,1,false,https://www.gov.uk/government/publications/national-curriculum-in-england-framework-for-key-stages-1-to-4
https://education.asfai.org/frameworks/uk-nc-2013/versions/september-2013/items/Y2.Sci.P.2,uk-nc-2013,Y2.Sci.P.2,uk-nc-2013:Y2.Sci.P.2,September 2013,2,false,https://www.gov.uk/government/publications/national-curriculum-in-england-framework-for-key-stages-1-to-4
https://education.asfai.org/frameworks/uk-nc-2013/versions/september-2013/items/Y2.Sci.UEM.1,uk-nc-2013,Y2.Sci.UEM.1,uk-nc-2013:Y2.Sci.UEM.1,September 2013,1,false,https://www.gov.uk/government/publications/national-curriculum-in-england-framework-for-key-stages-1-to-4
https://education.asfai.org/frameworks/uk-nc-2013/versions/september-2013/items/Y2.Sci.UEM.2,uk-nc-2013,Y2.Sci.UEM.2,uk-nc-2013:Y2.Sci.UEM.2,September 2013,1,false,https://www.gov.uk/government/publications/national-curriculum-in-england-framework-for-key-stages-1-to-4
https://education.asfai.org/frameworks/uk-nc-2013/versions/september-2013/items/Y3.Sci.A.1,uk-nc-2013,Y3.Sci.A.1,uk-nc-2013:Y3.Sci.A.1,September 2013,1,false,https://www.gov.uk/government/publications/national-curriculum-in-england-framework-for-key-stages-1-to-4
https://education.asfai.org/frameworks/uk-nc-2013/versions/september-2013/items/Y3.Sci.A.2,uk-nc-2013,Y3.Sci.A.2,uk-nc-2013:Y3.Sci.A.2,September 2013,1,false,https://www.gov.uk/government/publications/national-curriculum-in-england-framework-for-key-stages-1-to-4
https://education.asfai.org/frameworks/uk-nc-2013/versions/september-2013/items/Y3.Sci.FM.1,uk-nc-2013,Y3.Sci.FM.1,uk-nc-2013:Y3.Sci.FM.1,September 2013,1,false,https://www.gov.uk/government/publications/national-curriculum-in-england-framework-for-key-stages-1-to-4
https://education.asfai.org/frameworks/uk-nc-2013/versions/september-2013/items/Y3.Sci.FM.2,uk-nc-2013,Y3.Sci.FM.2,uk-nc-2013:Y3.Sci.FM.2,September 2013,1,false,https://www.gov.uk/government/publications/national-curriculum-in-england-framework-for-key-stages-1-to-4
https://education.asfai.org/frameworks/uk-nc-2013/versions/september-2013/items/Y3.Sci.FM.3,uk-nc-2013,Y3.Sci.FM.3,uk-nc-2013:Y3.Sci.FM.3,September 2013,1,false,https://www.gov.uk/government/publications/national-curriculum-in-england-framework-for-key-stages-1-to-4
https://education.asfai.org/frameworks/uk-nc-2013/versions/september-2013/items/Y3.Sci.FM.4,uk-nc-2013,Y3.Sci.FM.4,uk-nc-2013:Y3.Sci.FM.4,September 2013,1,false,https://www.gov.uk/government/publications/national-curriculum-in-england-framework-for-key-stages-1-to-4
https://education.asfai.org/frameworks/uk-nc-2013/versions/september-2013/items/Y3.Sci.FM.5,uk-nc-2013,Y3.Sci.FM.5,uk-nc-2013:Y3.Sci.FM.5,September 2013,1,false,https://www.gov.uk/government/publications/national-curriculum-in-england-framework-for-key-stages-1-to-4
https://education.asfai.org/frameworks/uk-nc-2013/versions/september-2013/items/Y3.Sci.FM.6,uk-nc-2013,Y3.Sci.FM.6,uk-nc-2013:Y3.Sci.FM.6,September 2013,1,false,https://www.gov.uk/government/publications/national-curriculum-in-england-framework-for-key-stages-1-to-4
https://education.asfai.org/frameworks/uk-nc-2013/versions/september-2013/items/Y3.Sci.L.1,uk-nc-2013,Y3.Sci.L.1,uk-nc-2013:Y3.Sci.L.1,September 2013,1,false,https://www.gov.uk/government/publications/national-curriculum-in-england-framework-for-key-stages-1-to-4
https://education.asfai.org/frameworks/uk-nc-2013/versions/september-2013/items/Y3.Sci.L.2,uk-nc-2013,Y3.Sci.L.2,uk-nc-2013:Y3.Sci.L.2,September 2013,1,false,https://www.gov.uk/government/publications/national-curriculum-in-england-framework-for-key-stages-1-to-4
https://education.asfai.org/frameworks/uk-nc-2013/versions/september-2013/items/Y3.Sci.L.3,uk-nc-2013,Y3.Sci.L.3,uk-nc-2013:Y3.Sci.L.3,September 2013,1,false,https://www.gov.uk/government/publications/national-curriculum-in-england-framework-for-key-stages-1-to-4
https://education.asfai.org/frameworks/uk-nc-2013/versions/september-2013/items/Y3.Sci.L.4,uk-nc-2013,Y3.Sci.L.4,uk-nc-2013:Y3.Sci.L.4,September 2013,1,false,https://www.gov.uk/government/publications/national-curriculum-in-england-framework-for-key-stages-1-to-4
https://education.asfai.org/frameworks/uk-nc-2013/versions/september-2013/items/Y3.Sci.L.5,uk-nc-2013,Y3.Sci.L.5,uk-nc-2013:Y3.Sci.L.5,September 2013,1,false,https://www.gov.uk/government/publications/national-curriculum-in-england-framework-for-key-stages-1-to-4
https://education.asfai.org/frameworks/uk-nc-2013/versions/september-2013/items/Y3.Sci.P.1,uk-nc-2013,Y3.Sci.P.1,uk-nc-2013:Y3.Sci.P.1,September 2013,1,false,https://www.gov.uk/government/publications/national-curriculum-in-england-framework-for-key-stages-1-to-4
https://education.asfai.org/frameworks/uk-nc-2013/versions/september-2013/items/Y3.Sci.P.2,uk-nc-2013,Y3.Sci.P.2,uk-nc-2013:Y3.Sci.P.2,September 2013,1,false,https://www.gov.uk/government/publications/national-curriculum-in-england-framework-for-key-stages-1-to-4
https://education.asfai.org/frameworks/uk-nc-2013/versions/september-2013/items/Y3.Sci.P.3,uk-nc-2013,Y3.Sci.P.3,uk-nc-2013:Y3.Sci.P.3,September 2013,1,false,https://www.gov.uk/government/publications/national-curriculum-in-england-framework-for-key-stages-1-to-4
https://education.asfai.org/frameworks/uk-nc-2013/versions/september-2013/items/Y3.Sci.P.4,uk-nc-2013,Y3.Sci.P.4,uk-nc-2013:Y3.Sci.P.4,September 2013,2,false,https://www.gov.uk/government/publications/national-curriculum-in-england-framework-for-key-stages-1-to-4
https://education.asfai.org/frameworks/uk-nc-2013/versions/september-2013/items/Y3.Sci.R.1,uk-nc-2013,Y3.Sci.R.1,uk-nc-2013:Y3.Sci.R.1,September 2013,1,false,https://www.gov.uk/government/publications/national-curriculum-in-england-framework-for-key-stages-1-to-4
https://education.asfai.org/frameworks/uk-nc-2013/versions/september-2013/items/Y3.Sci.R.2,uk-nc-2013,Y3.Sci.R.2,uk-nc-2013:Y3.Sci.R.2,September 2013,1,false,https://www.gov.uk/government/publications/national-curriculum-in-england-framework-for-key-stages-1-to-4
https://education.asfai.org/frameworks/uk-nc-2013/versions/september-2013/items/Y3.Sci.R.3,uk-nc-2013,Y3.Sci.R.3,uk-nc-2013:Y3.Sci.R.3,September 2013,1,false,https://www.gov.uk/government/publications/national-curriculum-in-england-framework-for-key-stages-1-to-4
https://education.asfai.org/frameworks/uk-nc-2013/versions/september-2013/items/Y4.Sci.A.1,uk-nc-2013,Y4.Sci.A.1,uk-nc-2013:Y4.Sci.A.1,September 2013,1,false,https://www.gov.uk/government/publications/national-curriculum-in-england-framework-for-key-stages-1-to-4
https://education.asfai.org/frameworks/uk-nc-2013/versions/september-2013/items/Y4.Sci.A.2,uk-nc-2013,Y4.Sci.A.2,uk-nc-2013:Y4.Sci.A.2,September 2013,1,false,https://www.gov.uk/government/publications/national-curriculum-in-england-framework-for-key-stages-1-to-4
https://education.asfai.org/frameworks/uk-nc-2013/versions/september-2013/items/Y4.Sci.A.3,uk-nc-2013,Y4.Sci.A.3,uk-nc-2013:Y4.Sci.A.3,September 2013,1,false,https://www.gov.uk/government/publications/national-curriculum-in-england-framework-for-key-stages-1-to-4
https://education.asfai.org/frameworks/uk-nc-2013/versions/september-2013/items/Y4.Sci.E.1,uk-nc-2013,Y4.Sci.E.1,uk-nc-2013:Y4.Sci.E.1,September 2013,1,false,https://www.gov.uk/government/publications/national-curriculum-in-england-framework-for-key-stages-1-to-4
https://education.asfai.org/frameworks/uk-nc-2013/versions/september-2013/items/Y4.Sci.E.2,uk-nc-2013,Y4.Sci.E.2,uk-nc-2013:Y4.Sci.E.2,September 2013,1,false,https://www.gov.uk/government/publications/national-curriculum-in-england-framework-for-key-stages-1-to-4
https://education.asfai.org/frameworks/uk-nc-2013/versions/september-2013/items/Y4.Sci.E.3,uk-nc-2013,Y4.Sci.E.3,uk-nc-2013:Y4.Sci.E.3,September 2013,1,false,https://www.gov.uk/government/publications/national-curriculum-in-england-framework-for-key-stages-1-to-4
https://education.asfai.org/frameworks/uk-nc-2013/versions/september-2013/items/Y4.Sci.E.4,uk-nc-2013,Y4.Sci.E.4,uk-nc-2013:Y4.Sci.E.4,September 2013,1,false,https://www.gov.uk/government/publications/national-curriculum-in-england-framework-for-key-stages-1-to-4
https://education.asfai.org/frameworks/uk-nc-2013/versions/september-2013/items/Y4.Sci.E.5,uk-nc-2013,Y4.Sci.E.5,uk-nc-2013:Y4.Sci.E.5,September 2013,1,false,https://www.gov.uk/government/publications/national-curriculum-in-england-framework-for-key-stages-1-to-4
https://education.asfai.org/frameworks/uk-nc-2013/versions/september-2013/items/Y4.Sci.LTH.1,uk-nc-2013,Y4.Sci.LTH.1,uk-nc-2013:Y4.Sci.LTH.1,September 2013,1,false,https://www.gov.uk/government/publications/national-curriculum-in-england-framework-for-key-stages-1-to-4
https://education.asfai.org/frameworks/uk-nc-2013/versions/september-2013/items/Y4.Sci.LTH.2,uk-nc-2013,Y4.Sci.LTH.2,uk-nc-2013:Y4.Sci.LTH.2,September 2013,1,false,https://www.gov.uk/government/publications/national-curriculum-in-england-framework-for-key-stages-1-to-4
https://education.asfai.org/frameworks/uk-nc-2013/versions/september-2013/items/Y4.Sci.LTH.3,uk-nc-2013,Y4.Sci.LTH.3,uk-nc-2013:Y4.Sci.LTH.3,September 2013,1,false,https://www.gov.uk/government/publications/national-curriculum-in-england-framework-for-key-stages-1-to-4
https://education.asfai.org/frameworks/uk-nc-2013/versions/september-2013/items/Y4.Sci.SM.1,uk-nc-2013,Y4.Sci.SM.1,uk-nc-2013:Y4.Sci.SM.1,September 2013,1,false,https://www.gov.uk/government/publications/national-curriculum-in-england-framework-for-key-stages-1-to-4
https://education.asfai.org/frameworks/uk-nc-2013/versions/september-2013/items/Y4.Sci.SM.2,uk-nc-2013,Y4.Sci.SM.2,uk-nc-2013:Y4.Sci.SM.2,September 2013,1,false,https://www.gov.uk/government/publications/national-curriculum-in-england-framework-for-key-stages-1-to-4
https://education.asfai.org/frameworks/uk-nc-2013/versions/september-2013/items/Y4.Sci.SM.3,uk-nc-2013,Y4.Sci.SM.3,uk-nc-2013:Y4.Sci.SM.3,September 2013,1,false,https://www.gov.uk/government/publications/national-curriculum-in-england-framework-for-key-stages-1-to-4
https://education.asfai.org/frameworks/uk-nc-2013/versions/september-2013/items/Y4.Sci.Snd.1,uk-nc-2013,Y4.Sci.Snd.1,uk-nc-2013:Y4.Sci.Snd.1,September 2013,1,false,https://www.gov.uk/government/publications/national-curriculum-in-england-framework-for-key-stages-1-to-4
https://education.asfai.org/frameworks/uk-nc-2013/versions/september-2013/items/Y4.Sci.Snd.2,uk-nc-2013,Y4.Sci.Snd.2,uk-nc-2013:Y4.Sci.Snd.2,September 2013,1,false,https://www.gov.uk/government/publications/national-curriculum-in-england-framework-for-key-stages-1-to-4
https://education.asfai.org/frameworks/uk-nc-2013/versions/september-2013/items/Y4.Sci.Snd.3,uk-nc-2013,Y4.Sci.Snd.3,uk-nc-2013:Y4.Sci.Snd.3,September 2013,1,false,https://www.gov.uk/government/publications/national-curriculum-in-england-framework-for-key-stages-1-to-4
https://education.asfai.org/frameworks/uk-nc-2013/versions/september-2013/items/Y4.Sci.Snd.4,uk-nc-2013,Y4.Sci.Snd.4,uk-nc-2013:Y4.Sci.Snd.4,September 2013,1,false,https://www.gov.uk/government/publications/national-curriculum-in-england-framework-for-key-stages-1-to-4
https://education.asfai.org/frameworks/uk-nc-2013/versions/september-2013/items/Y4.Sci.Snd.5,uk-nc-2013,Y4.Sci.Snd.5,uk-nc-2013:Y4.Sci.Snd.5,September 2013,1,false,https://www.gov.uk/government/publications/national-curriculum-in-england-framework-for-key-stages-1-to-4
https://education.asfai.org/frameworks/uk-nc-2013/versions/september-2013/items/Y5.Sci.A.1,uk-nc-2013,Y5.Sci.A.1,uk-nc-2013:Y5.Sci.A.1,September 2013,1,false,https://www.gov.uk/government/publications/national-curriculum-in-england-framework-for-key-stages-1-to-4
https://education.asfai.org/frameworks/uk-nc-2013/versions/september-2013/items/Y5.Sci.ES.1,uk-nc-2013,Y5.Sci.ES.1,uk-nc-2013:Y5.Sci.ES.1,September 2013,1,false,https://www.gov.uk/government/publications/national-curriculum-in-england-framework-for-key-stages-1-to-4
https://education.asfai.org/frameworks/uk-nc-2013/versions/september-2013/items/Y5.Sci.ES.2,uk-nc-2013,Y5.Sci.ES.2,uk-nc-2013:Y5.Sci.ES.2,September 2013,1,false,https://www.gov.uk/government/publications/national-curriculum-in-england-framework-for-key-stages-1-to-4
https://education.asfai.org/frameworks/uk-nc-2013/versions/september-2013/items/Y5.Sci.ES.3,uk-nc-2013,Y5.Sci.ES.3,uk-nc-2013:Y5.Sci.ES.3,September 2013,1,false,https://www.gov.uk/government/publications/national-curriculum-in-england-framework-for-key-stages-1-to-4
https://education.asfai.org/frameworks/uk-nc-2013/versions/september-2013/items/Y5.Sci.ES.4,uk-nc-2013,Y5.Sci.ES.4,uk-nc-2013:Y5.Sci.ES.4,September 2013,1,false,https://www.gov.uk/government/publications/national-curriculum-in-england-framework-for-key-stages-1-to-4
https://education.asfai.org/frameworks/uk-nc-2013/versions/september-2013/items/Y5.Sci.F.1,uk-nc-2013,Y5.Sci.F.1,uk-nc-2013:Y5.Sci.F.1,September 2013,1,false,https://www.gov.uk/government/publications/national-curriculum-in-england-framework-for-key-stages-1-to-4
https://education.asfai.org/frameworks/uk-nc-2013/versions/september-2013/items/Y5.Sci.F.2,uk-nc-2013,Y5.Sci.F.2,uk-nc-2013:Y5.Sci.F.2,September 2013,1,false,https://www.gov.uk/government/publications/national-curriculum-in-england-framework-for-key-stages-1-to-4
https://education.asfai.org/frameworks/uk-nc-2013/versions/september-2013/items/Y5.Sci.F.3,uk-nc-2013,Y5.Sci.F.3,uk-nc-2013:Y5.Sci.F.3,September 2013,1,false,https://www.gov.uk/government/publications/national-curriculum-in-england-framework-for-key-stages-1-to-4
https://education.asfai.org/frameworks/uk-nc-2013/versions/september-2013/items/Y5.Sci.LTH.1,uk-nc-2013,Y5.Sci.LTH.1,uk-nc-2013:Y5.Sci.LTH.1,September 2013,1,false,https://www.gov.uk/government/publications/national-curriculum-in-england-framework-for-key-stages-1-to-4
https://education.asfai.org/frameworks/uk-nc-2013/versions/september-2013/items/Y5.Sci.LTH.2,uk-nc-2013,Y5.Sci.LTH.2,uk-nc-2013:Y5.Sci.LTH.2,September 2013,1,false,https://www.gov.uk/government/publications/national-curriculum-in-england-framework-for-key-stages-1-to-4
https://education.asfai.org/frameworks/uk-nc-2013/versions/september-2013/items/Y5.Sci.PCM.1,uk-nc-2013,Y5.Sci.PCM.1,uk-nc-2013:Y5.Sci.PCM.1,September 2013,1,false,https://www.gov.uk/government/publications/national-curriculum-in-england-framework-for-key-stages-1-to-4
https://education.asfai.org/frameworks/uk-nc-2013/versions/september-2013/items/Y5.Sci.PCM.2,uk-nc-2013,Y5.Sci.PCM.2,uk-nc-2013:Y5.Sci.PCM.2,September 2013,1,false,https://www.gov.uk/government/publications/national-curriculum-in-england-framework-for-key-stages-1-to-4
https://education.asfai.org/frameworks/uk-nc-2013/versions/september-2013/items/Y5.Sci.PCM.3,uk-nc-2013,Y5.Sci.PCM.3,uk-nc-2013:Y5.Sci.PCM.3,September 2013,1,false,https://www.gov.uk/government/publications/national-curriculum-in-england-framework-for-key-stages-1-to-4
https://education.asfai.org/frameworks/uk-nc-2013/versions/september-2013/items/Y5.Sci.PCM.4,uk-nc-2013,Y5.Sci.PCM.4,uk-nc-2013:Y5.Sci.PCM.4,September 2013,1,false,https://www.gov.uk/government/publications/national-curriculum-in-england-framework-for-key-stages-1-to-4
https://education.asfai.org/frameworks/uk-nc-2013/versions/september-2013/items/Y5.Sci.PCM.5,uk-nc-2013,Y5.Sci.PCM.5,uk-nc-2013:Y5.Sci.PCM.5,September 2013,1,false,https://www.gov.uk/government/publications/national-curriculum-in-england-framework-for-key-stages-1-to-4
https://education.asfai.org/frameworks/uk-nc-2013/versions/september-2013/items/Y5.Sci.PCM.6,uk-nc-2013,Y5.Sci.PCM.6,uk-nc-2013:Y5.Sci.PCM.6,September 2013,1,false,https://www.gov.uk/government/publications/national-curriculum-in-england-framework-for-key-stages-1-to-4
https://education.asfai.org/frameworks/uk-nc-2013/versions/september-2013/items/Y6.Sci.A.1,uk-nc-2013,Y6.Sci.A.1,uk-nc-2013:Y6.Sci.A.1,September 2013,1,false,https://www.gov.uk/government/publications/national-curriculum-in-england-framework-for-key-stages-1-to-4
https://education.asfai.org/frameworks/uk-nc-2013/versions/september-2013/items/Y6.Sci.A.2,uk-nc-2013,Y6.Sci.A.2,uk-nc-2013:Y6.Sci.A.2,September 2013,1,false,https://www.gov.uk/government/publications/national-curriculum-in-england-framework-for-key-stages-1-to-4
https://education.asfai.org/frameworks/uk-nc-2013/versions/september-2013/items/Y6.Sci.A.3,uk-nc-2013,Y6.Sci.A.3,uk-nc-2013:Y6.Sci.A.3,September 2013,1,false,https://www.gov.uk/government/publications/national-curriculum-in-england-framework-for-key-stages-1-to-4
https://education.asfai.org/frameworks/uk-nc-2013/versions/september-2013/items/Y6.Sci.E.1,uk-nc-2013,Y6.Sci.E.1,uk-nc-2013:Y6.Sci.E.1,September 2013,1,false,https://www.gov.uk/government/publications/national-curriculum-in-england-framework-for-key-stages-1-to-4
https://education.asfai.org/frameworks/uk-nc-2013/versions/september-2013/items/Y6.Sci.E.2,uk-nc-2013,Y6.Sci.E.2,uk-nc-2013:Y6.Sci.E.2,September 2013,1,false,https://www.gov.uk/government/publications/national-curriculum-in-england-framework-for-key-stages-1-to-4
https://education.asfai.org/frameworks/uk-nc-2013/versions/september-2013/items/Y6.Sci.E.3,uk-nc-2013,Y6.Sci.E.3,uk-nc-2013:Y6.Sci.E.3,September 2013,1,false,https://www.gov.uk/government/publications/national-curriculum-in-england-framework-for-key-stages-1-to-4
https://education.asfai.org/frameworks/uk-nc-2013/versions/september-2013/items/Y6.Sci.EI.1,uk-nc-2013,Y6.Sci.EI.1,uk-nc-2013:Y6.Sci.EI.1,September 2013,2,false,https://www.gov.uk/government/publications/national-curriculum-in-england-framework-for-key-stages-1-to-4
https://education.asfai.org/frameworks/uk-nc-2013/versions/september-2013/items/Y6.Sci.EI.2,uk-nc-2013,Y6.Sci.EI.2,uk-nc-2013:Y6.Sci.EI.2,September 2013,1,false,https://www.gov.uk/government/publications/national-curriculum-in-england-framework-for-key-stages-1-to-4
https://education.asfai.org/frameworks/uk-nc-2013/versions/september-2013/items/Y6.Sci.EI.3,uk-nc-2013,Y6.Sci.EI.3,uk-nc-2013:Y6.Sci.EI.3,September 2013,1,false,https://www.gov.uk/government/publications/national-curriculum-in-england-framework-for-key-stages-1-to-4
https://education.asfai.org/frameworks/uk-nc-2013/versions/september-2013/items/Y6.Sci.L.1,uk-nc-2013,Y6.Sci.L.1,uk-nc-2013:Y6.Sci.L.1,September 2013,1,false,https://www.gov.uk/government/publications/national-curriculum-in-england-framework-for-key-stages-1-to-4
https://education.asfai.org/frameworks/uk-nc-2013/versions/september-2013/items/Y6.Sci.L.2,uk-nc-2013,Y6.Sci.L.2,uk-nc-2013:Y6.Sci.L.2,September 2013,1,false,https://www.gov.uk/government/publications/national-curriculum-in-england-framework-for-key-stages-1-to-4
https://education.asfai.org/frameworks/uk-nc-2013/versions/september-2013/items/Y6.Sci.L.3,uk-nc-2013,Y6.Sci.L.3,uk-nc-2013:Y6.Sci.L.3,September 2013,1,false,https://www.gov.uk/government/publications/national-curriculum-in-england-framework-for-key-stages-1-to-4
https://education.asfai.org/frameworks/uk-nc-2013/versions/september-2013/items/Y6.Sci.L.4,uk-nc-2013,Y6.Sci.L.4,uk-nc-2013:Y6.Sci.L.4,September 2013,1,false,https://www.gov.uk/government/publications/national-curriculum-in-england-framework-for-key-stages-1-to-4
https://education.asfai.org/frameworks/uk-nc-2013/versions/september-2013/items/Y6.Sci.LTH.1,uk-nc-2013,Y6.Sci.LTH.1,uk-nc-2013:Y6.Sci.LTH.1,September 2013,1,false,https://www.gov.uk/government/publications/national-curriculum-in-england-framework-for-key-stages-1-to-4
https://education.asfai.org/frameworks/uk-nc-2013/versions/september-2013/items/Y6.Sci.LTH.2,uk-nc-2013,Y6.Sci.LTH.2,uk-nc-2013:Y6.Sci.LTH.2,September 2013,1,false,https://www.gov.uk/government/publications/national-curriculum-in-england-framework-for-key-stages-1-to-4
